ix,iy,count
-1408291,771280,1
-1408291,771436,1
-1408291,772656,1
-1408291,772663,1
-1408291,772667,1
-1408291,772668,1
-1408291,772914,1
-1408291,773817,1
-1408290,770592,1
-1408290,770597,1
-1408290,771293,1
-1408290,771318,1
-1408290,771365,1
-1408290,771446,1
-1408290,771456,1
-1408290,771752,1
-1408290,771776,1
-1408290,772660,1
-1408290,772661,2
-1408290,772662,1
-1408290,773090,1
-1408290,774302,1
-1408289,770128,1
-1408289,770554,1
-1408289,770904,1
-1408289,771284,1
-1408289,771287,1
-1408289,771360,4
-1408289,771371,1
-1408289,771383,1
-1408289,771434,1
-1408289,771463,1
-1408289,771476,1
-1408289,771854,1
-1408289,771895,1
-1408289,772524,1
-1408289,772649,1
-1408289,772658,4
-1408289,772660,1
-1408289,772661,1
-1408289,772662,1
-1408289,772663,1
-1408289,772664,1
-1408289,772667,1
-1408289,772668,1
-1408289,772673,1
-1408289,773022,1
-1408289,773103,1
-1408289,773266,1
-1408289,774445,1
-1408288,769996,1
-1408288,770129,1
-1408288,771079,1
-1408288,771089,1
-1408288,771327,1
-1408288,771376,1
-1408288,771378,1
-1408288,771435,1
-1408288,771439,1
-1408288,771441,4
-1408288,771467,1
-1408288,771938,1
-1408288,772661,1
-1408288,772662,2
-1408288,772663,1
-1408288,772664,1
-1408288,772665,1
-1408288,772667,1
-1408288,773084,1
-1408288,773086,1
-1408288,773092,1
-1408288,773316,1
-1408287,770596,1
-1408287,770897,1
-1408287,771260,1
-1408287,771292,1
-1408287,771337,21
-1408287,771341,1
-1408287,771343,1
-1408287,771346,1
-1408287,771350,1
-1408287,771377,1
-1408287,771378,1
-1408287,771439,1
-1408287,771457,1
-1408287,771874,1
-1408287,771937,20
-1408287,771938,4
-1408287,772510,1
-1408287,772518,1
-1408287,772637,1
-1408287,772651,1
-1408287,772661,2
-1408287,772663,2
-1408287,772929,1
-1408287,773096,1
-1408287,773103,1
-1408287,773140,1
-1408287,773171,1
-1408286,771079,1
-1408286,771289,2
-1408286,771291,1
-1408286,771329,1
-1408286,771333,4
-1408286,771338,2
-1408286,771900,1
-1408286,771934,1
-1408286,772660,1
-1408286,772662,2
-1408286,772663,3
-1408286,772666,1
-1408286,772667,1
-1408286,773317,1
-1408286,773819,1
-1408285,770425,1
-1408285,770585,1
-1408285,770592,1
-1408285,771290,1
-1408285,771292,1
-1408285,771327,1
-1408285,771337,18
-1408285,771339,1
-1408285,771346,1
-1408285,771348,1
-1408285,771369,1
-1408285,771389,1
-1408285,771434,1
-1408285,771441,1
-1408285,771444,1
-1408285,771745,1
-1408285,771932,1
-1408285,771936,1
-1408285,772302,1
-1408285,772656,1
-1408285,772659,1
-1408285,772660,1
-1408285,772662,1
-1408285,772663,1
-1408285,772668,1
-1408285,773177,1
-1408285,773819,1
-1408285,774444,15
-1408284,771025,1
-1408284,771291,1
-1408284,771297,1
-1408284,771332,1
-1408284,771333,1
-1408284,771337,1
-1408284,771341,1
-1408284,771353,1
-1408284,771368,1
-1408284,771435,1
-1408284,771442,1
-1408284,771452,1
-1408284,771457,12
-1408284,771469,7
-1408284,771781,1
-1408284,771932,1
-1408284,772122,1
-1408284,772659,1
-1408284,772660,1
-1408284,772662,2
-1408284,772944,1
-1408284,773097,1
-1408284,773099,1
-1408284,773102,1
-1408284,773135,1
-1408284,773322,1
-1408284,774444,2
-1408283,771279,1
-1408283,771289,1
-1408283,771293,1
-1408283,771328,1
-1408283,771329,2
-1408283,771330,1
-1408283,771331,1
-1408283,771352,1
-1408283,771368,1
-1408283,771379,1
-1408283,771382,1
-1408283,771385,1
-1408283,771473,1
-1408283,771933,1
-1408283,772149,1
-1408283,773129,1
-1408283,774249,1
-1408282,771058,1
-1408282,771285,1
-1408282,771326,1
-1408282,771327,1
-1408282,771328,1
-1408282,771337,1
-1408282,771355,1
-1408282,771385,1
-1408282,771391,1
-1408282,771425,1
-1408282,771428,1
-1408282,771438,1
-1408282,771441,1
-1408282,771801,1
-1408282,771871,1
-1408282,771932,1
-1408282,772110,1
-1408282,772662,1
-1408282,772669,1
-1408282,774243,1
-1408282,774247,1
-1408281,770002,1
-1408281,770196,3
-1408281,770205,2
-1408281,770927,1
-1408281,770928,1
-1408281,771293,2
-1408281,771294,1
-1408281,771309,1
-1408281,771334,1
-1408281,771371,1
-1408281,771372,1
-1408281,771396,1
-1408281,771447,1
-1408281,771464,1
-1408281,771466,1
-1408281,771742,1
-1408281,771785,1
-1408281,771812,1
-1408281,771932,1
-1408281,772121,1
-1408281,772660,1
-1408281,772663,1
-1408281,772665,1
-1408281,772694,1
-1408281,773151,1
-1408281,773335,1
-1408281,774202,1
-1408281,774246,1
-1408280,770535,1
-1408280,770587,1
-1408280,771290,1
-1408280,771292,1
-1408280,771301,1
-1408280,771304,1
-1408280,771378,1
-1408280,771383,2
-1408280,771384,1
-1408280,771428,1
-1408280,771562,1
-1408280,771797,1
-1408280,771809,1
-1408280,771813,1
-1408280,772124,1
-1408280,773098,1
-1408280,773826,1
-1408280,773829,1
-1408279,770569,1
-1408279,771309,1
-1408279,771333,1
-1408279,771357,1
-1408279,771381,1
-1408279,771463,1
-1408279,771466,1
-1408279,771810,1
-1408279,771812,2
-1408279,771814,1
-1408279,771816,2
-1408279,772339,1
-1408279,773006,1
-1408279,773046,1
-1408279,773336,1
-1408278,769737,1
-1408278,771243,1
-1408278,771279,1
-1408278,771291,1
-1408278,771294,9
-1408278,771300,2
-1408278,771303,1
-1408278,771305,1
-1408278,771326,1
-1408278,771347,1
-1408278,771369,1
-1408278,771446,1
-1408278,771462,1
-1408278,771465,1
-1408278,771484,1
-1408278,771813,63
-1408278,771816,1
-1408278,771818,1
-1408278,772338,1
-1408278,772665,1
-1408278,772666,4
-1408278,772667,2
-1408278,772668,2
-1408278,772997,1
-1408278,773094,1
-1408278,773095,1
-1408277,770604,1
-1408277,770890,1
-1408277,771285,1
-1408277,771298,11
-1408277,771302,1
-1408277,771307,1
-1408277,771325,1
-1408277,771339,1
-1408277,771373,2
-1408277,771481,1
-1408277,772474,1
-1408277,772663,1
-1408277,772970,1
-1408277,773000,1
-1408277,773067,1
-1408277,773095,1
-1408276,771297,1
-1408276,771298,6
-1408276,771302,1
-1408276,771307,1
-1408276,771308,1
-1408276,771313,1
-1408276,771330,1
-1408276,771340,1
-1408276,771360,3
-1408276,771378,1
-1408276,771382,1
-1408276,771386,1
-1408276,771813,1
-1408276,771814,1
-1408276,771817,1
-1408276,771826,1
-1408276,772183,1
-1408276,772338,1
-1408276,772464,1
-1408276,772913,1
-1408276,772935,1
-1408276,773084,1
-1408275,770201,1
-1408275,770593,1
-1408275,771058,1
-1408275,771278,2
-1408275,771288,1
-1408275,771294,1
-1408275,771302,1
-1408275,771303,2
-1408275,771311,1
-1408275,771320,1
-1408275,771337,1
-1408275,771389,1
-1408275,771443,1
-1408275,771485,1
-1408275,771775,1
-1408275,771786,1
-1408275,771821,1
-1408275,772348,1
-1408275,772370,1
-1408275,772524,1
-1408275,773003,1
-1408275,773151,1
-1408275,773225,1
-1408274,771254,1
-1408274,771283,1
-1408274,771289,1
-1408274,771297,9
-1408274,771302,3
-1408274,771312,1
-1408274,771314,5
-1408274,771325,1
-1408274,771327,1
-1408274,771363,1
-1408274,771441,1
-1408274,771461,1
-1408274,771814,1
-1408274,772356,1
-1408274,772665,1
-1408274,772906,1
-1408274,773085,1
-1408274,773181,1
-1408273,769989,1
-1408273,770608,1
-1408273,771059,1
-1408273,771269,1
-1408273,771283,1
-1408273,771319,1
-1408273,771324,1
-1408273,771328,1
-1408273,771357,1
-1408273,771358,1
-1408273,771362,1
-1408273,771363,1
-1408273,771373,1
-1408273,771438,1
-1408273,771473,1
-1408273,771474,1
-1408273,771490,1
-1408273,771813,4
-1408273,771818,1
-1408273,772163,1
-1408273,772362,1
-1408273,772541,1
-1408273,772662,1
-1408273,772665,7
-1408273,772667,1
-1408273,772672,1
-1408273,772978,1
-1408273,773000,1
-1408273,773002,1
-1408272,770186,1
-1408272,770216,6
-1408272,770220,1
-1408272,771297,1
-1408272,771301,9
-1408272,771325,1
-1408272,771335,1
-1408272,771337,1
-1408272,771360,1
-1408272,771373,1
-1408272,771467,1
-1408272,771484,2
-1408272,771485,1
-1408272,771823,1
-1408272,772664,2
-1408272,773086,1
-1408271,770915,1
-1408271,771285,1
-1408271,771287,1
-1408271,771291,1
-1408271,771315,1
-1408271,771316,1
-1408271,771337,1
-1408271,771345,1
-1408271,771387,1
-1408271,771495,1
-1408271,772354,1
-1408271,772466,1
-1408271,772670,1
-1408271,772674,1
-1408271,772676,1
-1408271,772882,1
-1408271,773084,1
-1408270,770188,1
-1408270,770195,1
-1408270,771080,1
-1408270,771285,2
-1408270,771299,1
-1408270,771319,17
-1408270,771322,1
-1408270,771325,1
-1408270,771326,12
-1408270,771345,1
-1408270,771377,1
-1408270,771424,3
-1408270,771461,1
-1408270,771480,1
-1408270,771487,1
-1408270,771846,3
-1408270,772356,1
-1408270,772359,1
-1408270,772665,1
-1408270,772671,1
-1408270,772679,1
-1408270,773043,1
-1408270,773067,1
-1408270,773788,1
-1408270,773791,1
-1408269,770187,1
-1408269,770275,1
-1408269,771294,1
-1408269,771309,1
-1408269,771323,1
-1408269,771327,1
-1408269,771328,1
-1408269,771339,1
-1408269,771345,1
-1408269,771348,1
-1408269,771367,1
-1408269,771401,1
-1408269,771448,1
-1408269,771470,1
-1408269,771480,1
-1408269,771485,1
-1408269,771848,1
-1408269,772130,23
-1408269,772350,1
-1408269,772358,1
-1408269,773077,1
-1408268,770193,1
-1408268,770281,1
-1408268,771076,1
-1408268,771288,1
-1408268,771302,1
-1408268,771341,1
-1408268,771365,1
-1408268,771377,1
-1408268,771394,1
-1408268,771479,1
-1408268,771482,1
-1408268,771817,1
-1408268,771922,1
-1408268,772354,2
-1408268,772360,1
-1408268,772664,1
-1408268,772672,1
-1408268,772963,1
-1408268,773074,1
-1408268,773078,1
-1408268,773164,1
-1408268,773341,1
-1408267,770007,1
-1408267,771286,1
-1408267,771316,2
-1408267,771318,1
-1408267,771325,7
-1408267,771363,1
-1408267,771472,1
-1408267,771478,12
-1408267,771479,1
-1408267,771485,2
-1408267,771577,1
-1408267,771793,1
-1408267,772313,1
-1408267,772353,1
-1408267,772357,1
-1408267,772360,1
-1408267,772366,2
-1408267,772670,1
-1408267,772979,1
-1408266,770007,1
-1408266,770276,1
-1408266,771288,1
-1408266,771302,8
-1408266,771312,1
-1408266,771317,1
-1408266,771319,1
-1408266,771328,1
-1408266,771340,23
-1408266,771352,1
-1408266,771353,1
-1408266,771355,1
-1408266,771812,2
-1408266,772669,4
-1408266,772671,1
-1408266,772689,1
-1408266,772890,1
-1408266,773078,1
-1408265,770056,1
-1408265,770860,1
-1408265,771310,1
-1408265,771315,1
-1408265,771318,1
-1408265,771320,1
-1408265,771328,1
-1408265,771338,1
-1408265,771351,1
-1408265,771353,1
-1408265,771467,1
-1408265,771498,1
-1408265,771782,1
-1408265,772119,1
-1408265,772349,1
-1408265,772712,1
-1408264,770007,1
-1408264,771087,1
-1408264,771278,1
-1408264,771285,1
-1408264,771299,1
-1408264,771309,1
-1408264,771310,1
-1408264,771311,1
-1408264,771341,1
-1408264,771370,1
-1408264,771793,1
-1408264,771801,1
-1408264,772116,1
-1408264,772119,1
-1408264,772120,1
-1408264,772122,1
-1408264,772362,1
-1408264,772679,2
-1408264,772681,1
-1408264,772881,1
-1408264,772887,1
-1408264,773060,1
-1408264,773751,1
-1408263,770281,1
-1408263,771300,1
-1408263,771305,1
-1408263,771307,1
-1408263,771315,1
-1408263,771323,1
-1408263,771325,1
-1408263,771335,1
-1408263,771476,1
-1408263,771503,6
-1408263,771785,1
-1408263,771793,1
-1408263,772360,1
-1408263,772879,1
-1408263,772994,1
-1408263,773066,1
-1408263,773081,1
-1408262,770287,1
-1408262,771303,1
-1408262,771313,1
-1408262,771334,1
-1408262,771349,1
-1408262,771374,1
-1408262,771455,1
-1408262,771459,1
-1408262,771471,1
-1408262,771483,10
-1408262,771504,1
-1408262,771819,1
-1408262,772666,1
-1408262,772670,1
-1408262,772679,2
-1408262,772983,1
-1408262,773793,1
-1408261,769998,1
-1408261,770058,1
-1408261,770202,1
-1408261,770895,1
-1408261,770903,1
-1408261,770972,1
-1408261,771322,1
-1408261,771334,1
-1408261,771335,1
-1408261,771356,1
-1408261,771362,1
-1408261,771461,1
-1408261,771484,1
-1408261,771488,1
-1408261,772716,1
-1408260,770009,1
-1408260,770381,1
-1408260,771298,1
-1408260,771300,1
-1408260,771309,1
-1408260,771320,1
-1408260,771357,1
-1408260,771469,1
-1408260,771481,1
-1408260,772168,2
-1408260,772388,1
-1408260,772672,1
-1408260,772676,1
-1408260,772948,1
-1408260,772973,1
-1408260,772975,1
-1408260,772978,1
-1408260,773048,1
-1408259,771281,1
-1408259,771294,1
-1408259,771307,1
-1408259,771309,1
-1408259,771315,1
-1408259,771322,1
-1408259,771341,1
-1408259,771343,1
-1408259,771344,1
-1408259,771352,1
-1408259,771354,1
-1408259,771463,1
-1408259,771548,1
-1408259,771783,1
-1408259,773087,1
-1408258,770216,1
-1408258,771286,1
-1408258,771294,1
-1408258,771302,1
-1408258,771334,1
-1408258,771340,8
-1408258,771345,1
-1408258,771354,1
-1408258,771483,1
-1408258,772359,1
-1408258,772362,1
-1408258,772545,1
-1408258,772678,1
-1408258,772681,1
-1408258,773073,2
-1408258,773074,1
-1408258,773083,1
-1408257,771320,9
-1408257,771345,1
-1408257,771356,1
-1408257,771483,1
-1408257,771514,2
-1408257,772676,1
-1408257,772686,1
-1408257,773057,1
-1408257,773061,1
-1408256,770004,1
-1408256,770010,1
-1408256,771295,1
-1408256,771302,1
-1408256,771323,1
-1408256,771330,1
-1408256,771459,1
-1408256,772301,1
-1408256,772672,1
-1408256,772678,2
-1408255,771302,1
-1408255,771310,1
-1408255,771316,1
-1408255,771321,1
-1408255,771332,1
-1408255,771339,1
-1408255,771359,1
-1408255,772391,1
-1408255,772680,1
-1408255,772683,1
-1408255,772693,1
-1408254,770201,1
-1408254,770394,1
-1408254,770657,1
-1408254,771059,1
-1408254,771320,1
-1408254,771331,1
-1408254,771335,1
-1408254,771361,1
-1408254,771488,2
-1408254,771497,1
-1408254,771591,1
-1408254,771621,1
-1408254,772363,1
-1408254,772364,1
-1408254,772688,1
-1408254,772693,1
-1408254,772707,1
-1408254,772921,1
-1408253,770015,2
-1408253,771305,1
-1408253,771313,1
-1408253,771315,1
-1408253,771322,2
-1408253,771331,1
-1408253,771333,1
-1408253,771334,1
-1408253,771336,1
-1408253,771338,1
-1408253,771355,1
-1408253,771357,1
-1408253,771368,1
-1408253,771490,1
-1408253,771491,1
-1408253,771503,3
-1408253,771820,1
-1408253,772682,1
-1408253,772688,1
-1408253,773187,1
-1408253,773374,3
-1408252,770015,2
-1408252,771334,1
-1408252,771337,1
-1408252,771472,1
-1408252,771487,1
-1408252,771499,1
-1408252,771501,1
-1408252,771506,1
-1408252,772682,1
-1408252,772684,1
-1408252,772968,1
-1408252,772977,1
-1408251,771318,1
-1408251,771326,1
-1408251,771342,1
-1408251,771353,1
-1408251,772253,1
-1408251,772254,1
-1408251,772366,1
-1408251,772426,1
-1408251,772688,1
-1408251,772690,1
-1408251,772696,1
-1408251,772709,8
-1408251,772893,1
-1408251,773012,1
-1408251,773054,1
-1408251,773286,1
-1408250,770024,1
-1408250,771322,1
-1408250,771324,1
-1408250,771329,1
-1408250,771330,1
-1408250,771462,1
-1408250,771483,1
-1408250,771485,2
-1408250,771489,1
-1408250,771503,1
-1408250,772250,1
-1408250,772254,1
-1408250,772256,1
-1408250,772693,1
-1408250,773007,1
-1408250,773189,1
-1408249,770017,1
-1408249,770205,1
-1408249,770212,1
-1408249,770602,1
-1408249,771312,1
-1408249,771326,1
-1408249,771333,1
-1408249,771336,1
-1408249,771339,1
-1408249,771494,9
-1408249,771499,1
-1408249,771507,1
-1408249,771554,1
-1408249,772253,2
-1408249,772255,1
-1408249,772361,1
-1408249,772691,1
-1408248,770018,1
-1408248,770148,1
-1408248,771296,23
-1408248,771329,1
-1408248,771331,1
-1408248,771461,1
-1408248,771485,1
-1408248,771494,1
-1408248,771500,1
-1408248,771522,1
-1408248,771593,1
-1408248,771713,3
-1408248,771815,1
-1408248,772247,17
-1408248,772558,1
-1408248,772687,1
-1408248,772691,1
-1408248,772695,1
-1408248,773054,1
-1408248,773078,1
-1408247,770023,1
-1408247,771290,1
-1408247,771294,1
-1408247,771320,1
-1408247,771427,1
-1408247,771431,43
-1408247,771498,1
-1408247,771503,21
-1408247,771521,1
-1408247,771790,1
-1408247,772256,1
-1408247,772698,1
-1408247,772977,4
-1408247,773030,1
-1408247,773302,1
-1408246,771321,1
-1408246,771326,1
-1408246,771331,1
-1408246,771338,1
-1408246,771341,1
-1408246,771487,1
-1408246,771497,1
-1408246,771514,1
-1408246,771524,1
-1408246,771543,2
-1408246,771547,1
-1408246,772070,1
-1408246,772373,2
-1408246,772386,1
-1408246,772686,1
-1408246,772693,1
-1408246,772911,1
-1408246,773030,1
-1408246,773060,1
-1408246,773272,1
-1408245,770015,1
-1408245,770071,1
-1408245,771310,1
-1408245,771327,1
-1408245,771492,1
-1408245,771496,1
-1408245,771497,1
-1408245,771505,1
-1408245,771507,4
-1408245,771510,1
-1408245,771518,1
-1408245,771546,1
-1408245,771565,1
-1408245,771783,1
-1408245,772687,1
-1408245,772688,1
-1408245,772701,1
-1408245,772948,1
-1408245,773062,1
-1408245,773249,1
-1408245,773335,1
-1408245,773689,1
-1408244,770010,1
-1408244,770017,1
-1408244,771312,1
-1408244,771323,1
-1408244,771334,1
-1408244,771504,3
-1408244,771507,1
-1408244,772224,1
-1408244,772377,1
-1408244,772378,1
-1408244,772402,1
-1408244,772690,1
-1408244,772709,12
-1408244,773026,1
-1408244,773281,1
-1408243,771319,1
-1408243,771332,1
-1408243,771427,1
-1408243,771433,1
-1408243,771467,1
-1408243,771507,2
-1408243,771510,2
-1408243,771515,1
-1408243,772377,2
-1408243,772378,2
-1408243,772690,1
-1408243,772692,1
-1408243,772693,1
-1408243,772695,1
-1408243,772707,1
-1408243,772800,1
-1408243,772982,1
-1408242,771306,6
-1408242,771321,1
-1408242,771325,3
-1408242,771429,1
-1408242,771433,1
-1408242,771473,1
-1408242,771501,1
-1408242,771506,3
-1408242,771545,1
-1408242,771686,1
-1408242,772377,1
-1408242,772392,1
-1408242,772394,1
-1408242,772395,1
-1408242,772691,1
-1408242,772704,1
-1408242,773010,1
-1408242,773046,1
-1408242,773055,1
-1408242,773291,1
-1408242,773305,1
-1408241,771284,1
-1408241,771326,2
-1408241,771331,1
-1408241,771337,1
-1408241,771429,1
-1408241,771432,1
-1408241,771435,1
-1408241,771447,1
-1408241,771485,1
-1408241,771487,1
-1408241,771489,1
-1408241,771502,2
-1408241,771504,1
-1408241,771507,1
-1408241,771511,1
-1408241,771521,1
-1408241,771545,1
-1408241,771565,1
-1408241,771566,1
-1408241,771589,1
-1408241,772377,1
-1408241,772403,1
-1408241,772689,2
-1408241,772695,1
-1408241,772699,1
-1408241,772701,1
-1408240,771301,1
-1408240,771311,1
-1408240,771317,1
-1408240,771325,1
-1408240,771336,1
-1408240,771434,1
-1408240,771471,1
-1408240,771481,1
-1408240,771505,9
-1408240,772389,1
-1408240,772701,1
-1408240,772708,1
-1408240,772715,1
-1408240,772903,1
-1408240,772959,5
-1408240,773259,1
-1408239,770019,1
-1408239,770021,1
-1408239,770150,1
-1408239,771295,1
-1408239,771315,2
-1408239,771317,1
-1408239,771319,1
-1408239,771432,1
-1408239,771434,1
-1408239,771504,10
-1408239,771527,1
-1408239,771547,1
-1408239,771583,1
-1408239,771629,1
-1408239,772334,1
-1408239,772361,1
-1408239,772384,1
-1408239,772408,1
-1408239,772712,1
-1408239,772714,1
-1408238,771313,1
-1408238,771323,9
-1408238,771511,1
-1408238,771518,1
-1408238,771547,1
-1408238,772382,1
-1408238,772388,1
-1408238,772400,1
-1408238,772403,1
-1408238,772408,1
-1408238,772702,1
-1408238,772711,1
-1408238,772888,1
-1408238,772901,1
-1408238,773019,1
-1408237,770603,1
-1408237,771313,1
-1408237,771323,1
-1408237,771432,23
-1408237,771433,1
-1408237,771504,2
-1408237,771513,1
-1408237,771518,1
-1408237,771521,1
-1408237,771542,1
-1408237,771544,1
-1408237,771552,1
-1408237,771626,1
-1408237,772376,1
-1408237,772378,1
-1408237,772379,1
-1408237,772382,1
-1408237,773260,1
-1408236,771277,1
-1408236,771434,1
-1408236,771515,1
-1408236,771521,1
-1408236,771539,1
-1408236,771541,1
-1408236,771910,1
-1408236,772362,1
-1408236,772381,1
-1408236,772385,1
-1408236,772712,1
-1408236,772718,1
-1408236,772891,1
-1408236,772898,1
-1408236,773052,1
-1408235,770017,1
-1408235,770022,1
-1408235,770183,1
-1408235,771299,1
-1408235,771320,1
-1408235,771322,1
-1408235,771336,1
-1408235,771349,1
-1408235,771555,1
-1408235,772322,1
-1408235,772363,1
-1408235,772364,1
-1408235,772379,1
-1408235,772381,1
-1408235,772396,1
-1408235,772400,1
-1408235,772730,1
-1408235,772900,1
-1408234,770008,1
-1408234,770015,1
-1408234,770018,1
-1408234,770020,2
-1408234,770062,1
-1408234,770311,1
-1408234,771315,19
-1408234,771318,1
-1408234,771319,1
-1408234,771432,1
-1408234,771538,7
-1408234,772386,1
-1408234,772393,1
-1408234,772406,1
-1408234,772688,1
-1408234,772714,1
-1408234,772894,1
-1408234,773015,1
-1408234,773034,1
-1408234,773040,1
-1408234,773053,1
-1408234,773326,1
-1408234,773426,1
-1408234,774172,1
-1408233,770014,1
-1408233,771308,4
-1408233,771324,1
-1408233,771430,1
-1408233,771432,1
-1408233,771433,1
-1408233,771520,1
-1408233,771523,1
-1408233,771528,1
-1408233,771933,1
-1408233,772072,23
-1408233,772383,1
-1408233,772407,1
-1408233,772729,1
-1408233,773320,1
-1408232,770021,1
-1408232,770048,1
-1408232,771316,1
-1408232,771322,1
-1408232,771500,1
-1408232,771529,1
-1408232,771532,1
-1408232,771541,13
-1408232,771565,1
-1408232,771571,1
-1408232,772365,1
-1408232,772384,1
-1408232,772385,1
-1408232,772395,1
-1408232,772706,2
-1408232,772725,1
-1408232,772828,1
-1408231,770011,1
-1408231,770019,1
-1408231,771296,1
-1408231,771320,1
-1408231,771531,1
-1408231,771546,1
-1408231,771552,1
-1408231,771559,1
-1408231,772387,1
-1408231,772388,1
-1408231,772390,1
-1408231,772403,1
-1408231,772706,1
-1408231,772716,1
-1408231,772721,3
-1408231,772794,1
-1408231,772910,1
-1408231,773004,1
-1408231,773006,1
-1408231,773031,1
-1408231,773038,1
-1408231,773050,1
-1408231,773267,1
-1408230,770034,1
-1408230,770194,1
-1408230,770224,1
-1408230,771305,1
-1408230,771319,1
-1408230,771320,1
-1408230,771435,1
-1408230,771531,1
-1408230,771943,1
-1408230,772721,1
-1408230,772725,1
-1408230,772726,1
-1408230,772881,1
-1408229,770054,1
-1408229,770224,1
-1408229,770793,1
-1408229,771277,1
-1408229,771322,1
-1408229,771429,1
-1408229,771436,1
-1408229,771502,1
-1408229,772387,7
-1408229,772415,1
-1408229,772715,1
-1408229,772725,1
-1408229,772849,1
-1408229,772908,1
-1408228,770132,1
-1408228,770874,1
-1408228,771277,1
-1408228,771285,1
-1408228,771295,1
-1408228,771418,1
-1408228,771528,1
-1408228,771547,1
-1408228,771934,1
-1408228,772389,1
-1408228,772708,1
-1408228,772723,1
-1408228,772736,1
-1408228,772748,1
-1408228,772898,7
-1408227,770041,1
-1408227,770047,1
-1408227,771292,2
-1408227,771317,1
-1408227,771321,1
-1408227,771424,1
-1408227,771430,1
-1408227,771511,1
-1408227,771529,1
-1408227,771534,1
-1408227,771546,1
-1408227,772389,2
-1408227,772392,2
-1408227,772398,1
-1408227,772400,1
-1408227,772718,1
-1408227,772809,1
-1408227,772814,1
-1408227,772890,1
-1408227,772906,1
-1408227,772988,1
-1408227,773285,21
-1408226,770023,1
-1408226,770058,1
-1408226,770200,1
-1408226,770207,1
-1408226,771063,1
-1408226,771305,2
-1408226,771318,1
-1408226,771329,2
-1408226,771343,1
-1408226,771583,1
-1408226,771945,1
-1408226,772309,1
-1408226,772310,1
-1408226,772311,1
-1408226,772315,1
-1408226,772386,1
-1408226,772391,1
-1408226,772405,1
-1408226,772720,1
-1408226,772741,1
-1408226,772891,1
-1408226,772915,1
-1408226,772967,1
-1408226,773333,1
-1408225,770016,1
-1408225,770073,1
-1408225,771279,1
-1408225,771295,1
-1408225,771314,1
-1408225,771316,1
-1408225,771324,1
-1408225,771496,1
-1408225,771504,1
-1408225,771536,1
-1408225,771541,1
-1408225,771551,1
-1408225,771568,1
-1408225,771925,1
-1408225,772251,1
-1408225,772319,1
-1408225,772340,1
-1408225,772385,1
-1408225,772392,1
-1408225,772400,1
-1408225,772717,1
-1408225,772726,1
-1408225,772727,1
-1408225,772728,1
-1408225,772732,1
-1408225,772898,1
-1408225,773028,1
-1408224,770051,1
-1408224,770066,1
-1408224,770196,1
-1408224,771310,1
-1408224,771502,1
-1408224,771632,3
-1408224,772377,1
-1408224,772747,1
-1408224,772909,1
-1408223,770191,4
-1408223,770194,1
-1408223,770449,1
-1408223,771278,1
-1408223,771295,1
-1408223,771304,1
-1408223,771313,1
-1408223,771318,1
-1408223,772421,1
-1408223,772729,1
-1408223,772869,1
-1408223,772903,1
-1408223,772905,1
-1408223,772970,1
-1408223,773033,1
-1408223,774387,1
-1408222,770060,1
-1408222,771295,1
-1408222,771316,1
-1408222,771317,1
-1408222,771561,28
-1408222,771628,2
-1408222,772300,1
-1408222,772336,1
-1408222,772351,1
-1408222,772401,1
-1408222,772714,12
-1408222,772746,1
-1408222,772788,1
-1408222,772915,1
-1408222,773004,1
-1408221,770076,1
-1408221,770791,2
-1408221,771316,1
-1408221,771420,1
-1408221,771428,3
-1408221,771482,1
-1408221,771497,1
-1408221,771574,1
-1408221,771581,1
-1408221,772234,1
-1408221,772245,1
-1408221,772300,1
-1408221,772727,1
-1408221,772756,1
-1408221,772762,1
-1408221,772891,1
-1408221,772902,1
-1408221,772922,1
-1408221,772923,1
-1408221,773024,1
-1408221,773238,1
-1408220,770066,1
-1408220,771301,1
-1408220,771310,2
-1408220,771317,1
-1408220,771319,1
-1408220,771496,1
-1408220,771554,1
-1408220,772232,1
-1408220,772250,1
-1408220,772343,1
-1408220,772351,1
-1408220,772737,1
-1408220,772744,1
-1408220,772987,1
-1408220,773012,1
-1408220,773226,1
-1408219,770026,1
-1408219,770072,1
-1408219,770078,1
-1408219,770080,1
-1408219,770787,8
-1408219,771069,1
-1408219,771306,1
-1408219,771307,1
-1408219,771316,1
-1408219,771327,13
-1408219,771329,1
-1408219,771331,1
-1408219,771358,1
-1408219,771549,1
-1408219,771563,1
-1408219,771564,1
-1408219,772251,1
-1408219,772392,1
-1408219,772406,1
-1408219,772731,1
-1408219,772734,1
-1408219,772763,1
-1408219,772901,1
-1408219,772908,1
-1408219,773309,1
-1408219,773576,1
-1408218,770072,1
-1408218,770075,1
-1408218,770204,4
-1408218,770481,1
-1408218,771306,1
-1408218,771319,2
-1408218,771324,1
-1408218,771554,1
-1408218,772245,1
-1408218,772289,1
-1408218,772421,1
-1408218,772434,1
-1408218,772437,1
-1408218,772931,1
-1408218,773227,1
-1408217,770052,1
-1408217,770077,1
-1408217,771298,1
-1408217,771300,1
-1408217,771316,1
-1408217,771346,1
-1408217,772239,1
-1408217,772245,1
-1408217,772248,1
-1408217,772346,1
-1408217,772349,1
-1408217,772386,1
-1408217,772415,2
-1408217,772432,1
-1408217,772736,1
-1408217,772759,1
-1408217,772965,1
-1408217,772976,1
-1408217,773320,1
-1408217,774195,1
-1408216,770037,1
-1408216,770058,2
-1408216,770064,1
-1408216,771316,11
-1408216,771317,2
-1408216,771546,1
-1408216,771554,1
-1408216,771558,1
-1408216,771563,1
-1408216,771573,1
-1408216,771900,1
-1408216,772251,1
-1408216,772289,1
-1408216,772419,1
-1408216,772424,1
-1408216,772737,1
-1408216,772754,1
-1408216,772755,1
-1408216,772836,1
-1408216,772860,2
-1408216,772912,1
-1408215,770067,1
-1408215,770069,1
-1408215,770075,1
-1408215,770084,1
-1408215,771270,1
-1408215,771301,1
-1408215,771304,1
-1408215,771315,14
-1408215,771316,1
-1408215,771319,1
-1408215,771448,1
-1408215,771565,1
-1408215,771899,1
-1408215,772756,1
-1408215,772884,1
-1408215,772947,1
-1408214,770043,4
-1408214,770052,1
-1408214,770056,1
-1408214,770058,1
-1408214,770059,1
-1408214,770078,1
-1408214,770192,1
-1408214,771076,1
-1408214,771303,1
-1408214,771315,13
-1408214,771316,1
-1408214,771321,1
-1408214,771324,1
-1408214,771329,1
-1408214,771336,1
-1408214,771360,1
-1408214,771362,1
-1408214,771442,1
-1408214,772009,1
-1408214,772280,1
-1408214,772370,1
-1408214,772392,1
-1408214,772618,1
-1408214,772739,1
-1408214,772741,1
-1408214,772744,1
-1408214,772918,1
-1408214,772919,1
-1408214,772943,1
-1408214,772963,1
-1408214,773015,1
-1408213,770057,1
-1408213,770063,1
-1408213,771305,1
-1408213,771317,8
-1408213,771571,1
-1408213,771576,1
-1408213,771696,1
-1408213,771900,1
-1408213,772283,1
-1408213,772403,1
-1408213,772426,1
-1408213,772440,1
-1408213,772740,1
-1408213,772741,1
-1408213,772852,1
-1408213,773822,1
-1408212,770050,1
-1408212,770068,1
-1408212,771299,1
-1408212,771312,1
-1408212,771314,1
-1408212,771318,49
-1408212,771340,1
-1408212,771356,1
-1408212,771358,1
-1408212,771360,1
-1408212,772315,1
-1408212,772324,1
-1408212,772439,1
-1408212,772751,1
-1408212,772752,1
-1408212,772760,1
-1408212,772956,1
-1408212,772967,1
-1408212,773014,1
-1408212,773019,1
-1408211,770215,3
-1408211,771316,2
-1408211,771317,2
-1408211,771318,6
-1408211,771348,1
-1408211,771358,1
-1408211,771364,1
-1408211,772289,1
-1408211,772407,1
-1408211,772409,1
-1408211,772744,1
-1408211,772759,1
-1408211,772940,1
-1408211,772951,1
-1408211,772994,1
-1408211,773014,1
-1408211,773028,1
-1408211,773031,1
-1408210,770049,1
-1408210,770058,1
-1408210,770224,1
-1408210,771310,1
-1408210,771312,1
-1408210,771367,1
-1408210,771575,1
-1408210,771913,1
-1408210,772008,1
-1408210,772011,1
-1408210,772289,1
-1408210,772375,1
-1408210,772744,1
-1408210,772752,1
-1408210,772851,1
-1408210,772958,1
-1408210,772964,1
-1408210,772986,1
-1408210,773295,1
-1408209,770041,6
-1408209,770057,1
-1408209,770659,3
-1408209,770660,3
-1408209,770661,1
-1408209,771310,1
-1408209,771313,1
-1408209,771335,1
-1408209,771345,1
-1408209,771350,1
-1408209,771358,1
-1408209,771360,1
-1408209,771363,1
-1408209,771374,1
-1408209,771908,1
-1408209,772380,1
-1408209,772546,1
-1408209,772755,1
-1408209,772928,1
-1408209,773191,1
-1408209,773357,1
-1408208,770039,1
-1408208,770045,1
-1408208,770054,1
-1408208,770058,2
-1408208,770078,1
-1408208,770224,1
-1408208,770662,1
-1408208,771268,1
-1408208,771315,1
-1408208,771317,1
-1408208,771355,1
-1408208,771382,1
-1408208,772007,1
-1408208,772009,1
-1408208,772010,1
-1408208,772263,1
-1408208,772422,1
-1408208,772435,1
-1408208,772904,1
-1408208,772940,1
-1408208,773304,1
-1408207,770017,1
-1408207,770046,1
-1408207,770058,1
-1408207,771309,2
-1408207,771357,1
-1408207,771369,1
-1408207,771478,1
-1408207,771945,1
-1408207,772009,3
-1408207,772012,1
-1408207,772015,1
-1408207,772383,1
-1408207,772423,1
-1408207,772976,1
-1408207,773142,1
-1408206,770048,1
-1408206,770053,1
-1408206,770057,1
-1408206,770059,1
-1408206,770060,1
-1408206,771309,1
-1408206,771314,14
-1408206,771360,1
-1408206,771364,1
-1408206,771391,1
-1408206,771402,1
-1408206,771813,1
-1408206,772340,1
-1408206,772403,1
-1408206,772426,1
-1408206,772958,1
-1408206,773020,1
-1408206,773207,1
-1408205,771300,1
-1408205,771301,1
-1408205,771316,1
-1408205,771349,1
-1408205,771373,1
-1408205,771863,1
-1408205,772942,1
-1408204,770046,5
-1408204,770055,1
-1408204,770072,1
-1408204,771298,1
-1408204,771441,1
-1408204,772386,1
-1408204,772986,1
-1408203,770075,1
-1408203,770209,1
-1408203,771311,1
-1408203,771315,1
-1408203,771363,1
-1408203,772438,1
-1408203,772916,2
-1408203,772918,1
-1408203,772999,1
-1408203,773011,1
-1408203,773012,1
-1408202,770032,1
-1408202,770053,1
-1408202,770059,2
-1408202,771295,1
-1408202,771308,1
-1408202,771311,2
-1408202,771312,1
-1408202,771313,1
-1408202,771406,1
-1408202,771574,75
-1408202,771892,1
-1408202,771894,1
-1408202,772757,1
-1408202,772921,1
-1408202,772924,1
-1408202,772954,1
-1408202,772975,1
-1408202,773007,1
-1408202,773015,1
-1408202,774313,1
-1408202,774405,3
-1408201,770229,1
-1408201,770803,2
-1408201,770971,1
-1408201,771310,1
-1408201,772413,1
-1408201,772438,1
-1408201,772757,1
-1408201,772913,1
-1408201,772930,1
-1408201,772950,5
-1408201,773312,30
-1408201,773360,1
-1408201,773421,1
-1408201,773606,1
-1408200,770027,1
-1408200,770039,1
-1408200,770040,1
-1408200,770042,1
-1408200,770048,1
-1408200,770062,1
-1408200,770100,1
-1408200,770165,1
-1408200,771311,1
-1408200,771313,1
-1408200,771317,1
-1408200,772185,1
-1408200,772409,1
-1408200,772420,1
-1408200,772846,1
-1408200,772909,1
-1408200,772938,1
-1408200,773000,1
-1408200,773013,1
-1408200,773120,1
-1408200,773370,1
-1408199,770058,1
-1408199,770059,1
-1408199,770085,1
-1408199,771015,1
-1408199,771311,1
-1408199,771326,1
-1408199,771378,1
-1408199,771401,7
-1408199,771442,34
-1408199,771573,1
-1408199,771586,2
-1408199,771920,1
-1408199,772410,1
-1408199,772772,1
-1408199,772779,1
-1408199,772910,1
-1408199,772944,1
-1408199,773008,1
-1408198,770057,1
-1408198,770061,1
-1408198,770118,1
-1408198,771298,1
-1408198,771364,1
-1408198,771389,1
-1408198,771401,2
-1408198,771871,1
-1408198,772400,1
-1408198,772405,1
-1408198,772406,2
-1408198,772409,3
-1408198,772410,2
-1408198,772423,1
-1408198,772435,1
-1408198,772910,1
-1408198,772911,1
-1408198,772989,1
-1408197,770058,2
-1408197,770060,1
-1408197,771308,1
-1408197,771375,1
-1408197,771411,1
-1408197,772056,1
-1408197,772392,1
-1408197,772406,1
-1408197,772408,1
-1408197,772410,1
-1408197,772413,1
-1408197,772934,1
-1408197,772997,1
-1408197,773296,1
-1408196,769698,1
-1408196,770057,1
-1408196,770089,1
-1408196,771295,1
-1408196,771300,1
-1408196,771368,1
-1408196,771566,1
-1408196,772407,1
-1408196,772409,1
-1408196,772420,1
-1408196,772749,1
-1408196,772918,1
-1408196,773204,1
-1408196,773306,1
-1408195,770017,1
-1408195,770058,1
-1408195,770068,1
-1408195,770096,1
-1408195,770224,1
-1408195,771297,1
-1408195,771372,1
-1408195,771552,3
-1408195,771560,1
-1408195,771960,1
-1408195,772408,1
-1408195,772410,1
-1408195,772411,1
-1408195,772416,1
-1408195,772435,1
-1408195,772505,1
-1408195,772785,1
-1408194,769700,1
-1408194,770047,1
-1408194,770058,2
-1408194,770062,1
-1408194,770064,1
-1408194,770067,1
-1408194,770101,1
-1408194,770832,1
-1408194,771399,1
-1408194,771401,1
-1408194,771445,1
-1408194,771570,45
-1408194,772414,1
-1408194,772767,21
-1408194,772918,1
-1408193,770016,1
-1408193,770064,1
-1408193,770071,6
-1408193,771307,1
-1408193,771390,1
-1408193,771448,100
-1408193,771480,1
-1408193,771990,1
-1408193,772405,1
-1408193,772407,1
-1408193,772409,1
-1408193,772430,1
-1408193,772466,1
-1408193,772780,1
-1408193,772930,1
-1408192,770018,1
-1408192,770052,1
-1408192,771362,1
-1408192,771382,1
-1408192,771445,18
-1408192,771591,1
-1408192,772407,1
-1408192,772432,1
-1408192,772441,1
-1408192,772444,1
-1408192,772910,1
-1408192,772913,1
-1408192,772930,1
-1408192,772935,1
-1408192,772942,1
-1408192,773504,1
-1408192,774351,1
-1408191,770053,1
-1408191,770061,1
-1408191,770064,1
-1408191,770222,1
-1408191,772417,1
-1408191,772423,1
-1408191,772429,1
-1408191,772441,1
-1408191,772524,1
-1408191,772895,1
-1408191,772906,1
-1408191,772930,1
-1408191,772963,1
-1408191,773013,1
-1408191,773311,1
-1408191,774136,1
-1408190,770059,3
-1408190,770078,1
-1408190,771288,1
-1408190,771290,2
-1408190,771300,1
-1408190,771308,1
-1408190,771572,1
-1408190,771680,1
-1408190,772398,1
-1408190,772419,1
-1408190,772795,1
-1408190,772924,1
-1408190,772984,1
-1408190,772991,1
-1408189,770059,188
-1408189,770060,8
-1408189,771366,1
-1408189,771917,1
-1408189,772183,1
-1408189,772405,1
-1408189,772430,1
-1408189,773022,1
-1408189,773315,1
-1408189,773373,1
-1408188,770045,1
-1408188,770060,1
-1408188,770068,1
-1408188,770069,1
-1408188,770199,1
-1408188,771038,1
-1408188,771286,1
-1408188,771288,1
-1408188,771291,1
-1408188,771292,1
-1408188,771297,1
-1408188,771314,1
-1408188,771402,1
-1408188,771594,1
-1408188,772432,1
-1408188,772916,1
-1408188,772921,4
-1408188,772984,1
-1408188,773310,1
-1408188,773317,1
-1408188,773318,1
-1408188,773323,1
-1408188,773388,1
-1408187,770046,1
-1408187,770060,6
-1408187,770070,1
-1408187,770209,5
-1408187,770220,1
-1408187,771034,1
-1408187,771086,1
-1408187,771285,1
-1408187,771288,1
-1408187,771295,1
-1408187,771580,1
-1408187,772416,1
-1408187,772459,1
-1408187,772851,1
-1408187,772914,1
-1408187,772921,1
-1408187,772934,1
-1408187,772983,1
-1408187,773020,1
-1408186,770082,1
-1408186,770218,1
-1408186,770219,1
-1408186,770356,1
-1408186,771294,1
-1408186,772376,1
-1408186,772410,1
-1408186,772434,1
-1408186,772469,17
-1408186,772916,1
-1408186,772975,1
-1408186,773314,1
-1408185,770052,1
-1408185,770056,1
-1408185,771582,2
-1408185,771805,1
-1408185,771819,2
-1408185,772432,1
-1408185,772921,1
-1408185,772923,1
-1408184,770047,1
-1408184,770056,1
-1408184,770063,3
-1408184,770086,1
-1408184,770219,1
-1408184,771298,1
-1408184,772263,1
-1408184,772456,1
-1408184,772797,1
-1408184,772816,1
-1408184,772819,1
-1408184,772914,1
-1408184,772925,1
-1408184,772927,1
-1408183,770019,1
-1408183,770037,1
-1408183,770038,1
-1408183,770055,1
-1408183,770071,1
-1408183,770076,1
-1408183,770087,1
-1408183,770131,1
-1408183,770177,2
-1408183,772430,1
-1408183,772434,1
-1408183,772442,1
-1408183,772453,1
-1408183,772454,1
-1408183,772798,1
-1408183,772952,1
-1408183,772977,1
-1408182,770022,1
-1408182,770037,1
-1408182,770056,1
-1408182,770066,1
-1408182,771279,1
-1408182,772043,1
-1408182,772460,1
-1408182,772793,1
-1408182,772794,1
-1408182,772795,1
-1408182,772957,1
-1408181,770024,1
-1408181,770030,1
-1408181,770056,1
-1408181,770061,1
-1408181,770065,1
-1408181,771920,1
-1408181,772043,1
-1408181,772044,1
-1408181,772791,1
-1408181,772796,1
-1408181,772798,2
-1408181,772912,1
-1408181,772943,1
-1408181,772965,1
-1408181,772974,1
-1408181,773027,1
-1408181,773343,1
-1408180,770023,2
-1408180,770037,1
-1408180,770072,9
-1408180,770079,1
-1408180,771275,1
-1408180,771300,1
-1408180,772360,1
-1408180,772378,1
-1408180,772793,1
-1408180,772801,1
-1408180,772921,1
-1408180,773328,1
-1408180,774437,1
-1408179,770045,1
-1408179,770059,1
-1408179,770063,1
-1408179,770214,2
-1408179,770974,1
-1408179,771297,1
-1408179,771318,1
-1408179,772013,1
-1408179,772042,1
-1408179,772455,1
-1408179,772795,1
-1408179,772803,1
-1408179,772899,1
-1408179,772911,1
-1408179,772945,1
-1408179,772968,1
-1408179,772970,1
-1408179,773328,1
-1408178,770037,1
-1408178,770064,1
-1408178,770079,1
-1408178,770182,1
-1408178,770188,1
-1408178,771048,1
-1408178,771630,1
-1408178,771915,1
-1408178,771936,3
-1408178,772044,1
-1408178,772045,1
-1408178,772795,1
-1408178,772956,1
-1408178,772962,1
-1408177,770060,1
-1408177,771272,1
-1408177,771289,1
-1408177,771907,1
-1408177,772040,1
-1408177,772800,1
-1408177,772808,1
-1408177,772877,1
-1408177,773315,1
-1408177,773338,1
-1408176,771227,1
-1408176,771295,1
-1408176,771297,1
-1408176,772795,1
-1408176,772923,1
-1408176,772948,1
-1408176,772961,1
-1408176,772969,1
-1408176,773196,1
-1408175,770045,1
-1408175,770051,1
-1408175,770094,1
-1408175,771302,1
-1408175,771308,1
-1408175,771937,1
-1408175,772047,1
-1408175,772374,1
-1408175,772395,1
-1408175,772453,1
-1408175,772467,1
-1408175,772469,1
-1408175,772471,1
-1408175,772790,1
-1408175,772798,1
-1408175,772920,1
-1408175,772933,1
-1408175,772979,1
-1408175,773326,1
-1408175,773334,1
-1408175,773391,2
-1408174,770029,1
-1408174,770030,1
-1408174,770069,1
-1408174,771271,1
-1408174,771281,1
-1408174,771288,2
-1408174,771297,1
-1408174,772449,1
-1408174,772458,1
-1408174,772462,1
-1408174,772805,1
-1408174,772824,1
-1408174,772848,1
-1408174,772956,1
-1408174,772959,1
-1408174,773399,1
-1408173,771128,1
-1408173,771260,1
-1408173,771274,1
-1408173,771287,1
-1408173,772796,1
-1408173,772888,1
-1408173,773385,1
-1408172,770064,1
-1408172,771270,1
-1408172,772364,2
-1408172,772365,1
-1408172,772393,1
-1408172,772797,1
-1408172,772953,1
-1408172,773316,1
-1408172,773344,1
-1408172,773351,1
-1408171,770074,1
-1408171,770097,1
-1408171,770211,1
-1408171,771262,1
-1408171,771265,1
-1408171,771280,1
-1408171,771287,1
-1408171,771359,1
-1408171,771997,1
-1408171,772363,1
-1408171,772364,1
-1408171,772365,1
-1408171,772795,1
-1408171,772804,1
-1408171,772952,1
-1408171,772977,1
-1408171,773010,1
-1408171,773353,1
-1408171,774394,1
-1408170,770036,1
-1408170,770130,1
-1408170,771273,1
-1408170,771280,1
-1408170,771285,2
-1408170,771286,1
-1408170,772364,1
-1408170,772467,1
-1408170,772944,1
-1408170,773313,1
-1408170,773352,1
-1408169,770071,32
-1408169,770095,1
-1408169,772046,1
-1408169,772047,1
-1408169,772049,1
-1408169,772929,3
-1408169,772950,1
-1408169,774310,1
-1408168,770074,1
-1408168,771263,1
-1408168,771269,1
-1408168,771526,1
-1408168,772851,1
-1408168,772945,1
-1408168,773490,1
-1408167,771262,1
-1408167,771308,1
-1408167,771917,1
-1408167,772802,1
-1408167,772808,1
-1408167,772872,1
-1408167,772943,1
-1408167,773348,1
-1408166,771234,1
-1408166,771280,1
-1408166,771283,1
-1408166,771866,1
-1408166,772782,1
-1408166,772801,1
-1408166,772920,1
-1408166,773306,1
-1408166,773339,1
-1408166,773368,1
-1408166,773376,1
-1408166,773752,1
-1408165,770204,2
-1408165,771063,1
-1408165,771064,2
-1408165,771187,1
-1408165,771933,1
-1408165,772643,1
-1408165,772919,1
-1408165,773378,4
-1408164,770566,1
-1408164,772458,1
-1408164,772479,1
-1408164,772798,1
-1408164,773372,1
-1408164,773393,1
-1408163,770025,1
-1408163,770048,1
-1408163,771053,1
-1408163,771064,1
-1408163,771128,1
-1408163,771269,1
-1408163,771282,1
-1408163,772768,1
-1408163,772800,3
-1408163,772937,1
-1408163,773331,1
-1408163,773349,1
-1408163,773378,1
-1408162,770057,1
-1408162,770176,1
-1408162,770204,1
-1408162,770995,1
-1408162,771062,1
-1408162,771074,1
-1408162,771294,1
-1408162,771390,1
-1408162,771592,1
-1408162,771945,1
-1408162,772696,1
-1408162,772801,8
-1408162,772804,4
-1408162,772907,1
-1408162,773426,4
-1408161,770195,1
-1408161,771226,1
-1408161,771275,1
-1408161,772180,1
-1408161,772449,1
-1408161,772796,1
-1408161,772874,1
-1408161,772914,1
-1408161,772969,1
-1408161,773376,1
-1408161,773397,1
-1408161,773445,1
-1408161,773990,1
-1408160,770103,1
-1408160,771067,1
-1408160,771068,1
-1408160,771207,1
-1408160,771220,1
-1408160,771240,1
-1408160,771241,1
-1408160,771272,1
-1408160,772428,1
-1408160,772493,1
-1408160,773350,1
-1408159,770202,3
-1408159,771270,1
-1408159,771279,2
-1408159,771489,1
-1408159,771705,1
-1408159,772263,1
-1408159,772424,1
-1408159,772429,1
-1408159,772433,1
-1408159,772447,1
-1408159,772795,2
-1408159,772805,1
-1408159,772976,2
-1408159,773329,1
-1408158,770104,1
-1408158,770107,1
-1408158,770108,1
-1408158,770201,1
-1408158,771103,1
-1408158,771128,1
-1408158,771237,1
-1408158,771246,1
-1408158,771258,1
-1408158,771266,1
-1408158,771270,1
-1408158,771823,1
-1408158,772442,1
-1408158,772488,1
-1408158,772527,1
-1408158,772798,1
-1408158,773035,1
-1408158,773328,1
-1408158,773342,1
-1408158,773419,1
-1408158,773439,1
-1408157,770182,1
-1408157,770852,1
-1408157,771113,1
-1408157,771237,1
-1408157,771803,1
-1408157,771806,1
-1408157,772426,1
-1408157,772920,1
-1408157,773380,1
-1408157,773390,1
-1408157,773437,1
-1408156,770150,1
-1408156,771172,1
-1408156,771235,1
-1408156,771255,5
-1408156,771280,1
-1408156,772422,1
-1408156,772525,1
-1408156,772754,1
-1408156,772927,1
-1408156,773389,1
-1408156,773404,1
-1408155,770164,1
-1408155,771072,1
-1408155,771172,1
-1408155,771255,1
-1408155,771275,1
-1408155,771804,1
-1408155,771806,1
-1408155,771807,2
-1408155,772345,1
-1408155,772479,1
-1408155,772480,1
-1408155,772818,1
-1408155,772820,1
-1408155,772897,1
-1408155,772915,1
-1408155,772918,1
-1408155,773391,1
-1408155,773441,1
-1408154,769721,1
-1408154,770199,1
-1408154,771054,1
-1408154,771208,1
-1408154,771225,1
-1408154,771257,1
-1408154,771481,1
-1408154,771770,1
-1408154,771797,4
-1408154,772050,1
-1408154,772496,1
-1408154,772819,1
-1408154,772918,1
-1408154,773435,1
-1408154,774287,1
-1408153,770157,1
-1408153,771105,1
-1408153,771207,1
-1408153,771238,1
-1408153,771809,1
-1408153,772425,1
-1408153,772427,1
-1408153,772795,1
-1408152,770162,3
-1408152,771212,1
-1408152,771253,4
-1408152,771257,1
-1408152,771281,1
-1408152,771445,1
-1408152,771804,2
-1408152,771807,1
-1408152,772122,1
-1408152,772357,1
-1408152,772400,1
-1408152,772425,1
-1408152,772482,1
-1408152,772898,1
-1408152,772917,1
-1408151,770065,1
-1408151,770087,1
-1408151,770153,1
-1408151,771000,1
-1408151,771208,1
-1408151,771805,1
-1408151,771808,1
-1408151,771810,1
-1408151,772425,1
-1408151,772579,1
-1408151,772839,3
-1408151,772964,1
-1408151,772986,1
-1408151,773313,1
-1408151,773369,1
-1408151,773396,1
-1408150,770074,1
-1408150,770198,2
-1408150,770459,1
-1408150,771197,1
-1408150,771210,1
-1408150,771221,1
-1408150,771223,1
-1408150,771232,1
-1408150,771242,1
-1408150,771842,1
-1408150,771864,1
-1408150,771878,1
-1408150,772417,1
-1408150,772419,1
-1408150,772423,1
-1408150,772789,1
-1408150,772795,1
-1408150,772908,4
-1408150,773347,1
-1408150,773384,1
-1408150,773399,1
-1408150,773402,1
-1408150,773422,1
-1408150,773469,1
-1408149,770171,2
-1408149,770175,2
-1408149,770198,7
-1408149,770796,1
-1408149,770848,1
-1408149,770898,1
-1408149,771223,1
-1408149,771801,1
-1408149,771804,1
-1408149,771805,1
-1408149,771806,1
-1408149,771815,1
-1408149,772055,1
-1408149,772423,2
-1408149,772442,1
-1408149,773057,1
-1408149,773401,1
-1408149,773406,1
-1408148,770046,1
-1408148,770125,1
-1408148,770170,1
-1408148,770173,2
-1408148,770999,1
-1408148,771218,1
-1408148,771237,1
-1408148,771245,1
-1408148,771264,1
-1408148,771825,1
-1408148,771846,1
-1408148,772419,1
-1408148,772423,1
-1408148,772579,1
-1408148,773312,1
-1408148,773407,1
-1408148,773409,1
-1408147,771212,1
-1408147,771219,1
-1408147,771250,1
-1408147,771270,1
-1408147,771309,1
-1408147,771312,1
-1408147,771810,1
-1408147,772039,1
-1408147,772048,2
-1408147,772412,1
-1408147,772424,1
-1408147,772768,1
-1408147,773441,1
-1408146,770902,1
-1408146,771224,1
-1408146,771234,1
-1408146,771780,1
-1408146,771950,1
-1408146,772047,1
-1408146,772877,1
-1408146,772952,1
-1408146,773416,2
-1408146,773419,1
-1408146,773423,1
-1408146,773426,1
-1408146,773430,1
-1408145,770092,1
-1408145,770190,1
-1408145,770192,1
-1408145,770195,1
-1408145,771206,1
-1408145,771212,1
-1408145,771242,1
-1408145,771885,1
-1408145,772046,1
-1408145,772048,1
-1408145,772417,1
-1408145,772494,1
-1408145,772505,1
-1408145,773467,1
-1408144,770144,1
-1408144,770198,1
-1408144,771014,1
-1408144,771213,1
-1408144,771219,1
-1408144,771240,1
-1408144,771658,1
-1408144,771886,2
-1408144,771944,1
-1408144,772453,1
-1408144,772484,1
-1408144,772503,1
-1408144,772618,11
-1408144,772669,1
-1408144,772947,1
-1408144,772957,1
-1408143,770163,1
-1408143,770171,2
-1408143,770198,2
-1408143,771220,1
-1408143,771886,4
-1408143,771887,3
-1408143,771888,1
-1408143,772409,1
-1408143,772447,1
-1408143,772483,1
-1408143,772579,1
-1408143,772683,1
-1408142,770191,2
-1408142,771194,1
-1408142,771195,2
-1408142,771201,1
-1408142,771310,1
-1408142,771884,1
-1408142,771885,1
-1408142,771886,3
-1408142,771887,10
-1408142,771888,5
-1408142,771890,2
-1408142,771891,1
-1408142,772468,1
-1408142,772483,1
-1408142,772679,1
-1408141,771884,1
-1408141,771886,6
-1408141,771887,5
-1408141,771888,1
-1408141,771955,1
-1408141,771961,1
-1408141,772479,1
-1408141,772575,1
-1408141,772898,1
-1408140,770194,1
-1408140,770195,3
-1408140,770899,1
-1408140,771224,1
-1408140,771245,1
-1408140,771886,3
-1408140,771887,4
-1408140,772484,1
-1408140,772491,1
-1408140,772493,1
-1408140,772774,1
-1408140,772928,1
-1408140,772943,1
-1408140,773387,1
-1408140,773396,7
-1408139,771029,1
-1408139,771751,1
-1408139,771886,2
-1408139,771887,2
-1408139,771888,2
-1408139,772296,1
-1408139,772477,1
-1408139,772940,1
-1408139,772941,1
-1408139,772993,1
-1408138,770323,1
-1408138,771887,1
-1408138,772480,1
-1408138,772528,1
-1408138,772579,1
-1408138,772704,1
-1408138,773457,1
-1408137,770084,1
-1408137,771211,1
-1408137,771890,1
-1408137,772389,1
-1408137,772560,1
-1408137,772568,1
-1408137,772572,1
-1408137,772586,1
-1408137,772876,1
-1408137,773455,1
-1408136,771329,1
-1408136,771886,1
-1408136,771891,1
-1408136,772505,1
-1408136,772542,1
-1408136,772567,1
-1408136,773442,1
-1408135,770229,9
-1408135,771228,1
-1408135,771770,1
-1408135,772294,10
-1408135,772537,1
-1408135,772546,1
-1408135,772552,1
-1408135,772570,1
-1408135,773587,1
-1408135,774348,2
-1408134,770028,1
-1408134,770047,1
-1408134,770223,1
-1408134,771888,1
-1408134,771927,1
-1408134,772533,1
-1408134,772569,1
-1408134,772578,1
-1408134,772874,1
-1408134,772904,1
-1408134,772939,1
-1408133,770083,1
-1408133,770214,1
-1408133,771820,1
-1408133,772529,1
-1408133,772579,1
-1408133,772584,1
-1408133,772591,1
-1408133,773438,1
-1408133,773453,1
-1408132,770047,1
-1408132,770791,1
-1408132,771717,1
-1408132,772518,1
-1408132,772532,1
-1408132,772545,1
-1408132,772557,1
-1408132,772559,1
-1408132,772618,1
-1408132,772805,1
-1408132,772977,1
-1408132,773454,1
-1408132,773586,1
-1408131,770056,1
-1408131,770059,1
-1408131,770203,1
-1408131,770204,10
-1408131,771030,1
-1408131,771747,1
-1408131,772460,1
-1408131,772486,1
-1408131,772557,1
-1408131,772574,1
-1408131,772583,1
-1408131,772865,1
-1408131,772921,1
-1408131,773335,1
-1408130,770211,1
-1408130,771212,1
-1408130,772617,1
-1408130,773105,1
-1408130,773450,1
-1408130,773482,1
-1408129,770216,1
-1408129,771136,1
-1408129,771865,1
-1408129,772492,1
-1408129,772507,1
-1408129,772527,1
-1408129,772635,1
-1408129,772751,1
-1408129,773467,1
-1408128,771421,1
-1408128,771422,1
-1408128,772468,1
-1408128,772483,1
-1408128,772566,1
-1408128,772575,1
-1408128,772618,1
-1408128,772746,1
-1408128,773465,1
-1408127,772485,1
-1408127,772517,1
-1408127,772635,1
-1408127,772638,1
-1408127,773375,1
-1408127,773389,1
-1408127,773503,1
-1408126,771143,1
-1408126,771927,1
-1408126,772515,1
-1408126,772530,1
-1408126,772573,1
-1408126,772676,1
-1408126,772680,1
-1408126,772860,1
-1408126,773379,1
-1408126,773505,1
-1408125,770127,1
-1408125,771018,1
-1408125,771914,1
-1408125,772501,1
-1408125,772535,1
-1408125,772628,1
-1408125,772678,1
-1408125,772741,1
-1408125,772875,1
-1408125,773512,1
-1408124,771184,1
-1408124,771863,1
-1408124,772500,1
-1408124,772519,1
-1408124,772526,1
-1408124,772578,1
-1408124,773453,1
-1408124,773467,1
-1408123,771149,1
-1408123,771167,1
-1408123,771919,1
-1408123,772562,1
-1408123,772567,1
-1408123,772602,1
-1408123,772917,1
-1408123,773498,1
-1408122,770965,1
-1408122,771149,1
-1408122,771420,1
-1408122,771684,1
-1408122,771920,1
-1408122,772733,1
-1408122,773422,1
-1408122,773492,1
-1408122,773727,1
-1408122,774141,1
-1408121,770649,1
-1408121,771149,2
-1408121,771757,1
-1408121,771934,1
-1408121,772527,1
-1408121,772740,1
-1408121,773589,1
-1408120,771162,1
-1408120,771250,1
-1408120,771687,1
-1408120,772490,1
-1408120,772548,1
-1408120,772557,1
-1408120,772565,2
-1408120,772631,1
-1408120,773467,1
-1408120,773491,1
-1408120,773494,1
-1408120,773497,1
-1408119,770221,1
-1408119,770825,1
-1408119,771682,1
-1408119,771934,1
-1408119,772306,1
-1408119,772478,1
-1408119,772487,2
-1408119,772548,1
-1408119,772551,1
-1408119,772552,1
-1408119,772564,1
-1408119,772568,1
-1408119,772590,16
-1408119,772626,1
-1408119,772646,1
-1408119,772732,1
-1408119,773479,1
-1408119,773482,1
-1408119,773504,1
-1408118,771179,1
-1408118,771661,1
-1408118,771762,1
-1408118,772086,1
-1408118,772305,1
-1408118,772509,1
-1408118,772541,1
-1408118,772565,1
-1408118,772614,1
-1408118,772719,1
-1408118,773485,1
-1408117,770204,2
-1408117,771014,1
-1408117,771843,1
-1408117,771983,1
-1408117,772415,1
-1408117,772443,1
-1408117,772482,1
-1408117,772568,1
-1408117,772605,1
-1408117,772851,1
-1408117,772879,1
-1408117,773457,1
-1408117,773463,1
-1408116,771679,1
-1408116,771982,1
-1408116,772443,1
-1408116,772466,1
-1408116,772474,1
-1408116,772569,1
-1408116,772774,4
-1408115,771189,6
-1408115,772480,1
-1408115,772491,1
-1408115,772494,1
-1408115,772514,1
-1408115,772570,1
-1408115,772577,1
-1408115,773500,1
-1408115,773501,1
-1408115,774135,3
-1408114,770202,6
-1408114,771696,1
-1408114,772473,1
-1408114,772485,1
-1408114,772493,1
-1408114,772584,1
-1408114,773498,1
-1408113,770409,1
-1408113,771182,11
-1408113,771263,1
-1408113,771990,1
-1408113,772453,1
-1408113,772508,1
-1408113,772583,1
-1408113,772584,1
-1408113,772831,1
-1408113,772836,1
-1408113,772871,1
-1408112,770037,1
-1408112,770054,1
-1408112,770224,5
-1408112,771159,1
-1408112,771961,1
-1408112,772482,1
-1408112,772566,1
-1408112,772579,1
-1408112,772607,1
-1408112,772830,1
-1408112,772882,1
-1408112,772886,1
-1408112,773377,1
-1408112,773499,1
-1408111,770223,1
-1408111,771803,1
-1408111,772246,1
-1408111,772409,1
-1408111,772471,1
-1408111,772493,1
-1408111,772591,1
-1408111,773429,1
-1408111,774413,4
-1408110,770191,1
-1408110,771311,1
-1408110,771649,1
-1408110,772472,1
-1408110,772584,1
-1408110,772616,1
-1408110,772803,1
-1408109,770528,2
-1408109,771165,6
-1408109,771630,1
-1408109,771841,1
-1408109,771844,1
-1408109,772512,1
-1408109,772716,1
-1408109,772727,1
-1408109,772820,1
-1408109,773429,1
-1408109,773497,1
-1408109,773558,1
-1408108,771255,1
-1408108,772446,1
-1408108,772484,1
-1408108,772514,1
-1408108,772515,1
-1408108,772556,1
-1408108,772561,1
-1408108,772760,1
-1408108,773395,1
-1408108,773478,1
-1408108,773575,1
-1408108,773590,1
-1408108,773879,1
-1408108,773912,1
-1408107,771147,1
-1408107,771697,1
-1408107,772484,1
-1408107,772510,1
-1408107,772512,1
-1408107,772533,1
-1408107,772586,1
-1408107,772847,1
-1408107,773477,1
-1408106,770224,4
-1408106,770228,1
-1408106,771961,1
-1408106,772464,1
-1408106,772572,1
-1408106,772598,1
-1408106,772712,1
-1408106,772798,1
-1408106,773522,1
-1408105,771651,1
-1408105,771960,1
-1408105,772519,1
-1408105,772596,1
-1408105,772658,1
-1408105,772678,1
-1408105,772944,1
-1408104,771795,1
-1408104,772531,1
-1408104,772625,1
-1408104,772675,1
-1408104,772823,1
-1408104,772954,1
-1408104,772962,1
-1408103,772532,1
-1408103,772535,1
-1408103,772631,1
-1408103,772637,1
-1408103,772821,1
-1408103,772822,1
-1408103,772854,1
-1408103,772953,1
-1408103,773497,1
-1408102,771002,1
-1408102,772511,1
-1408102,772548,1
-1408102,772560,2
-1408102,772646,1
-1408102,772677,1
-1408101,771342,1
-1408101,771813,1
-1408101,772529,1
-1408101,772536,1
-1408101,772581,1
-1408101,772816,1
-1408101,772818,1
-1408101,772835,1
-1408101,772945,1
-1408101,772948,1
-1408101,774423,1
-1408100,770364,1
-1408100,770377,1
-1408100,770390,1
-1408100,771678,1
-1408100,772615,1
-1408100,772772,1
-1408100,772781,1
-1408100,772835,1
-1408100,774125,1
-1408099,770217,1
-1408099,770226,1
-1408099,770391,1
-1408099,772657,1
-1408099,773505,1
-1408099,773506,1
-1408098,771440,1
-1408098,771454,1
-1408098,772515,15
-1408098,772530,1
-1408098,772532,1
-1408098,772568,2
-1408098,772572,1
-1408098,772651,1
-1408098,772667,2
-1408098,772813,1
-1408098,773529,1
-1408097,770345,1
-1408097,770378,1
-1408097,771772,1
-1408097,772176,1
-1408097,772454,1
-1408097,772475,1
-1408097,772484,1
-1408097,772487,1
-1408097,772491,1
-1408097,772513,1
-1408097,772517,1
-1408097,772563,1
-1408097,772578,1
-1408097,772635,1
-1408097,772641,1
-1408097,772946,1
-1408096,770217,3
-1408096,772176,1
-1408096,772526,1
-1408096,772579,1
-1408096,772672,1
-1408096,772811,1
-1408096,772823,1
-1408096,773060,1
-1408096,773446,1
-1408096,773509,1
-1408096,773896,1
-1408095,770969,1
-1408095,771452,1
-1408095,771632,1
-1408095,772439,1
-1408095,772441,1
-1408095,772546,1
-1408095,772571,1
-1408095,772572,1
-1408095,772664,1
-1408095,772802,1
-1408095,773492,1
-1408095,773500,1
-1408095,773570,1
-1408095,774190,1
-1408095,774308,1
-1408094,770212,3
-1408094,770333,1
-1408094,770351,1
-1408094,770358,2
-1408094,772070,1
-1408094,772446,1
-1408094,772491,1
-1408094,772542,1
-1408094,772557,1
-1408094,772577,1
-1408094,772636,1
-1408094,772667,1
-1408094,772690,1
-1408094,772702,1
-1408094,772739,1
-1408094,772759,1
-1408094,772764,1
-1408094,772953,1
-1408094,773494,1
-1408093,770210,1
-1408093,772476,1
-1408093,772580,1
-1408093,772604,1
-1408093,772630,1
-1408093,772710,1
-1408093,773444,1
-1408093,773515,1
-1408092,770007,1
-1408092,770211,1
-1408092,770218,1
-1408092,770330,1
-1408092,772548,23
-1408092,772562,1
-1408092,772564,1
-1408092,772571,1
-1408092,772648,1
-1408092,772664,1
-1408092,773556,1
-1408092,774421,1
-1408091,770341,1
-1408091,770356,1
-1408091,770367,1
-1408091,770368,1
-1408091,770393,1
-1408091,771734,1
-1408091,772163,1
-1408091,772172,1
-1408091,772438,1
-1408091,772518,1
-1408091,772578,2
-1408091,773563,1
-1408090,770166,1
-1408090,770220,6
-1408090,770337,1
-1408090,770376,1
-1408090,771331,1
-1408090,772513,1
-1408090,772554,1
-1408090,772567,1
-1408090,772587,1
-1408090,772592,1
-1408090,772595,1
-1408090,773498,1
-1408089,771472,1
-1408089,771929,1
-1408089,772175,1
-1408089,772530,1
-1408089,772533,1
-1408089,772557,1
-1408089,772570,1
-1408089,772652,1
-1408089,772762,1
-1408089,773526,1
-1408088,770333,2
-1408088,770345,1
-1408088,770347,1
-1408088,770353,1
-1408088,770358,1
-1408088,770373,1
-1408088,770396,1
-1408088,770422,1
-1408088,771871,1
-1408088,772430,1
-1408088,772443,1
-1408088,772444,1
-1408088,772495,1
-1408088,772564,2
-1408088,772567,2
-1408088,772641,1
-1408088,772664,1
-1408088,772716,1
-1408088,772798,1
-1408088,773483,1
-1408088,773532,1
-1408087,770218,1
-1408087,770219,1
-1408087,770340,1
-1408087,771464,1
-1408087,772441,1
-1408087,772563,2
-1408087,772572,1
-1408087,772582,1
-1408087,772660,1
-1408087,772752,1
-1408086,770182,1
-1408086,770222,1
-1408086,771410,1
-1408086,771412,3
-1408086,771451,1
-1408086,771473,1
-1408086,771709,1
-1408086,771876,1
-1408086,772441,1
-1408086,772445,1
-1408086,772483,1
-1408086,772526,1
-1408086,772541,1
-1408086,772549,1
-1408086,772562,1
-1408086,772596,1
-1408086,772644,1
-1408086,772796,1
-1408086,773523,1
-1408085,771411,1
-1408085,771476,1
-1408085,771984,1
-1408085,772440,1
-1408085,772487,1
-1408085,772535,1
-1408085,772545,1
-1408085,772546,1
-1408085,772552,1
-1408085,772566,1
-1408085,772569,1
-1408085,772570,1
-1408085,772578,1
-1408085,772655,1
-1408085,772695,1
-1408085,772697,1
-1408085,773482,1
-1408084,770353,1
-1408084,770379,1
-1408084,770395,1
-1408084,772442,1
-1408084,772456,1
-1408084,772545,1
-1408084,772552,1
-1408084,772554,2
-1408084,772565,1
-1408084,772674,1
-1408083,770129,1
-1408083,771648,1
-1408083,771928,1
-1408083,772542,1
-1408083,772549,1
-1408083,772550,1
-1408083,772552,1
-1408083,772553,1
-1408083,772554,2
-1408083,772556,1
-1408083,772562,1
-1408083,772569,1
-1408083,772572,1
-1408083,772802,10
-1408083,772829,1
-1408083,773559,1
-1408082,772292,1
-1408082,772446,1
-1408082,772489,1
-1408082,772514,20
-1408082,772525,1
-1408082,772536,1
-1408082,772541,1
-1408082,772542,1
-1408082,772548,1
-1408082,772549,1
-1408082,772550,3
-1408082,772551,1
-1408082,772552,2
-1408082,772563,1
-1408082,772566,1
-1408082,772718,1
-1408082,772972,2
-1408081,770178,15
-1408081,770222,1
-1408081,770225,4
-1408081,770320,1
-1408081,770351,1
-1408081,770358,1
-1408081,770383,1
-1408081,770408,1
-1408081,771975,1
-1408081,772054,1
-1408081,772341,1
-1408081,772345,1
-1408081,772430,1
-1408081,772460,1
-1408081,772489,1
-1408081,772492,1
-1408081,772513,1
-1408081,772531,1
-1408081,772544,1
-1408081,772545,1
-1408081,772548,1
-1408081,772549,2
-1408081,772551,4
-1408081,772552,2
-1408081,772561,2
-1408081,772564,1
-1408081,772568,1
-1408081,772625,1
-1408081,772646,1
-1408081,772666,1
-1408081,772809,1
-1408081,773561,1
-1408080,772334,2
-1408080,772335,1
-1408080,772461,1
-1408080,772495,1
-1408080,772544,1
-1408080,772547,1
-1408080,772548,1
-1408080,772549,2
-1408080,772550,1
-1408080,772552,1
-1408080,772554,1
-1408080,772561,1
-1408080,772564,1
-1408080,772651,1
-1408079,769994,1
-1408079,770361,1
-1408079,771646,1
-1408079,772526,1
-1408079,772539,1
-1408079,772540,1
-1408079,772544,2
-1408079,772547,2
-1408079,772551,1
-1408079,772552,1
-1408079,772554,3
-1408079,772560,1
-1408079,772561,2
-1408079,772562,2
-1408079,772569,1
-1408079,772582,1
-1408079,772694,2
-1408078,770357,1
-1408078,770362,1
-1408078,770392,1
-1408078,771825,1
-1408078,771888,1
-1408078,772329,1
-1408078,772330,1
-1408078,772495,1
-1408078,772519,18
-1408078,772540,1
-1408078,772542,1
-1408078,772543,3
-1408078,772544,1
-1408078,772545,2
-1408078,772546,3
-1408078,772553,1
-1408078,772556,2
-1408078,772560,1
-1408078,772748,1
-1408077,770410,1
-1408077,771939,1
-1408077,772335,1
-1408077,772337,1
-1408077,772472,1
-1408077,772475,1
-1408077,772481,1
-1408077,772482,2
-1408077,772485,1
-1408077,772487,19
-1408077,772491,1
-1408077,772495,1
-1408077,772501,1
-1408077,772516,1
-1408077,772518,1
-1408077,772534,1
-1408077,772541,2
-1408077,772542,4
-1408077,772543,2
-1408077,772544,2
-1408077,772545,2
-1408077,772556,5
-1408077,772567,1
-1408077,772574,1
-1408076,770393,1
-1408076,770423,1
-1408076,770634,1
-1408076,771853,1
-1408076,771982,1
-1408076,772342,1
-1408076,772418,1
-1408076,772482,1
-1408076,772485,1
-1408076,772486,1
-1408076,772492,1
-1408076,772497,1
-1408076,772498,1
-1408076,772536,1
-1408076,772537,1
-1408076,772538,3
-1408076,772539,1
-1408076,772540,6
-1408076,772541,2
-1408076,772542,2
-1408076,772544,1
-1408076,772546,1
-1408076,772548,1
-1408076,772549,1
-1408076,772564,1
-1408076,772567,1
-1408076,772569,1
-1408076,772670,1
-1408076,772692,1
-1408076,773577,1
-1408075,770268,1
-1408075,770352,1
-1408075,770367,1
-1408075,770370,1
-1408075,770383,2
-1408075,770397,1
-1408075,770437,1
-1408075,770636,1
-1408075,771171,1
-1408075,771892,1
-1408075,771953,1
-1408075,772267,1
-1408075,772329,1
-1408075,772485,1
-1408075,772486,1
-1408075,772500,1
-1408075,772511,1
-1408075,772527,53
-1408075,772538,6
-1408075,772539,3
-1408075,772540,3
-1408075,772542,1
-1408075,772545,2
-1408075,772569,1
-1408075,772573,1
-1408075,772585,1
-1408074,770636,2
-1408074,770752,1
-1408074,771164,1
-1408074,771998,1
-1408074,772457,1
-1408074,772471,1
-1408074,772474,1
-1408074,772482,1
-1408074,772483,1
-1408074,772487,1
-1408074,772500,1
-1408074,772507,1
-1408074,772509,1
-1408074,772525,1
-1408074,772535,5
-1408074,772537,3
-1408074,772538,8
-1408074,772539,9
-1408074,772541,1
-1408074,772542,2
-1408074,772544,1
-1408074,772545,1
-1408074,772551,1
-1408074,772559,1
-1408074,772563,1
-1408074,772565,1
-1408074,772566,2
-1408074,773557,1
-1408073,770640,1
-1408073,771928,1
-1408073,772213,1
-1408073,772466,1
-1408073,772478,4
-1408073,772481,1
-1408073,772503,1
-1408073,772507,1
-1408073,772520,1
-1408073,772524,1
-1408073,772537,1
-1408073,772541,1
-1408073,772547,2
-1408073,772548,1
-1408073,772556,1
-1408073,772563,1
-1408073,772574,1
-1408073,772745,1
-1408073,773588,1
-1408072,771472,1
-1408072,771863,1
-1408072,771920,1
-1408072,771996,1
-1408072,771997,2
-1408072,772466,1
-1408072,772474,1
-1408072,772475,1
-1408072,772479,1
-1408072,772483,1
-1408072,772510,10
-1408072,772520,2
-1408072,772523,1
-1408072,772524,1
-1408072,772526,1
-1408072,772534,1
-1408072,772535,1
-1408072,772538,1
-1408072,772539,2
-1408072,772540,2
-1408072,772542,3
-1408072,772548,1
-1408072,772549,1
-1408072,772559,1
-1408072,772560,1
-1408072,772566,1
-1408072,772568,2
-1408072,772582,1
-1408072,772636,3
-1408072,772687,1
-1408072,772788,12
-1408072,773954,1
-1408071,770065,1
-1408071,770207,1
-1408071,770357,1
-1408071,770639,3
-1408071,770644,1
-1408071,770834,1
-1408071,771828,1
-1408071,771997,4
-1408071,771998,2
-1408071,772452,1
-1408071,772457,1
-1408071,772465,1
-1408071,772473,1
-1408071,772496,1
-1408071,772499,1
-1408071,772507,1
-1408071,772512,1
-1408071,772518,1
-1408071,772522,1
-1408071,772523,1
-1408071,772524,2
-1408071,772531,1
-1408071,772533,1
-1408071,772535,1
-1408071,772537,1
-1408071,772539,1
-1408071,772541,1
-1408071,772542,1
-1408071,772544,1
-1408071,772546,1
-1408071,772548,1
-1408071,772562,1
-1408071,772568,1
-1408071,772569,1
-1408071,772580,1
-1408071,772789,1
-1408071,773857,1
-1408070,770074,1
-1408070,770420,1
-1408070,771793,1
-1408070,771864,1
-1408070,772431,1
-1408070,772433,1
-1408070,772442,1
-1408070,772480,1
-1408070,772515,1
-1408070,772516,1
-1408070,772520,1
-1408070,772521,1
-1408070,772523,2
-1408070,772525,1
-1408070,772527,1
-1408070,772532,6
-1408070,772540,1
-1408070,772541,2
-1408070,772543,1
-1408070,772562,1
-1408070,772583,1
-1408069,769718,1
-1408069,770345,1
-1408069,770360,1
-1408069,771467,1
-1408069,771869,1
-1408069,772352,1
-1408069,772468,1
-1408069,772469,1
-1408069,772493,1
-1408069,772515,1
-1408069,772518,1
-1408069,772519,2
-1408069,772521,3
-1408069,772522,2
-1408069,772525,1
-1408069,772527,2
-1408069,772528,2
-1408069,772535,1
-1408069,772536,1
-1408069,772540,1
-1408069,772558,1
-1408069,772608,1
-1408069,772674,1
-1408069,772680,1
-1408069,772770,1
-1408069,773862,1
-1408068,769982,3
-1408068,770204,3
-1408068,771881,1
-1408068,772462,1
-1408068,772471,1
-1408068,772475,1
-1408068,772483,1
-1408068,772509,161
-1408068,772510,5
-1408068,772511,1
-1408068,772513,1
-1408068,772516,1
-1408068,772518,1
-1408068,772519,2
-1408068,772521,3
-1408068,772522,1
-1408068,772524,1
-1408068,772525,1
-1408068,772526,2
-1408068,772537,2
-1408068,772538,1
-1408068,772549,1
-1408068,772568,2
-1408068,772676,1
-1408068,773054,1
-1408068,773555,1
-1408068,774218,1
-1408067,770200,1
-1408067,770641,1
-1408067,772461,2
-1408067,772472,1
-1408067,772507,1
-1408067,772514,1
-1408067,772517,1
-1408067,772521,1
-1408067,772524,1
-1408067,772528,1
-1408067,772532,1
-1408067,772539,1
-1408067,772545,1
-1408067,772599,1
-1408067,772722,1
-1408067,772773,1
-1408067,772817,1
-1408067,773069,1
-1408066,770216,1
-1408066,771138,1
-1408066,771858,1
-1408066,771969,1
-1408066,772436,1
-1408066,772467,1
-1408066,772498,1
-1408066,772503,1
-1408066,772504,1
-1408066,772514,1
-1408066,772516,1
-1408066,772518,4
-1408066,772519,1
-1408066,772521,2
-1408066,772526,1
-1408066,772527,2
-1408066,772534,1
-1408066,772556,1
-1408066,772668,1
-1408066,772670,1
-1408066,772672,1
-1408066,772678,1
-1408066,772703,1
-1408066,772769,1
-1408066,773548,1
-1408065,770346,1
-1408065,770649,1
-1408065,770650,1
-1408065,771826,2
-1408065,771866,1
-1408065,771870,1
-1408065,771958,1
-1408065,772208,1
-1408065,772452,1
-1408065,772471,1
-1408065,772490,1
-1408065,772497,1
-1408065,772501,39
-1408065,772507,1
-1408065,772511,1
-1408065,772518,1
-1408065,772520,1
-1408065,772536,1
-1408065,772540,1
-1408065,772576,1
-1408065,772764,1
-1408065,773576,1
-1408064,769739,1
-1408064,770642,1
-1408064,772486,6
-1408064,772491,1
-1408064,772518,1
-1408064,772523,1
-1408064,772524,1
-1408064,772525,1
-1408064,772527,1
-1408064,772534,1
-1408064,772543,1
-1408064,772544,1
-1408064,772581,1
-1408064,772586,1
-1408064,772769,1
-1408064,772782,1
-1408063,771874,1
-1408063,772102,1
-1408063,772426,1
-1408063,772470,2
-1408063,772475,1
-1408063,772487,1
-1408063,772489,1
-1408063,772504,1
-1408063,772505,1
-1408063,772511,1
-1408063,772524,2
-1408063,772560,1
-1408063,772761,1
-1408063,772799,1
-1408063,772814,1
-1408062,770372,1
-1408062,770653,1
-1408062,771115,1
-1408062,771798,1
-1408062,771821,1
-1408062,771865,1
-1408062,772434,1
-1408062,772487,1
-1408062,772488,1
-1408062,772516,1
-1408062,772548,1
-1408062,772603,1
-1408062,773906,1
-1408061,771114,2
-1408061,771115,1
-1408061,771259,1
-1408061,771538,1
-1408061,771543,1
-1408061,771866,1
-1408061,771924,1
-1408061,772434,1
-1408061,772444,1
-1408061,772472,1
-1408061,772485,1
-1408061,772488,1
-1408061,772495,1
-1408061,772506,1
-1408061,772519,1
-1408061,772572,1
-1408061,772670,1
-1408061,772776,1
-1408060,769725,1
-1408060,769752,1
-1408060,770646,1
-1408060,770653,2
-1408060,771125,1
-1408060,771868,1
-1408060,771873,1
-1408060,771975,1
-1408060,772440,1
-1408060,772491,1
-1408060,772498,1
-1408060,772506,1
-1408060,772513,1
-1408060,772560,1
-1408060,772562,1
-1408060,772572,1
-1408060,772663,1
-1408060,772777,1
-1408060,772851,1
-1408059,770201,1
-1408059,770641,1
-1408059,771121,1
-1408059,771124,4
-1408059,771472,1
-1408059,771539,1
-1408059,771552,5
-1408059,771865,1
-1408059,771869,1
-1408059,772420,1
-1408059,772421,1
-1408059,772520,1
-1408059,772552,1
-1408059,772556,1
-1408059,772671,1
-1408059,772734,1
-1408059,772796,1
-1408059,772809,1
-1408059,772825,1
-1408059,772850,1
-1408058,771547,1
-1408058,772510,2
-1408058,772566,1
-1408058,772569,1
-1408058,772609,1
-1408058,772672,1
-1408058,773070,1
-1408058,773525,1
-1408058,774220,1
-1408058,774298,1
-1408057,771539,1
-1408057,771552,1
-1408057,771693,1
-1408057,772461,1
-1408057,772497,1
-1408057,772505,1
-1408057,772520,1
-1408057,772566,1
-1408057,773577,1
-1408057,773753,1
-1408056,771554,1
-1408056,771831,1
-1408056,771873,1
-1408056,772459,1
-1408056,772495,1
-1408056,772503,1
-1408056,772507,1
-1408056,772514,1
-1408056,772706,1
-1408056,772768,1
-1408055,770202,3
-1408055,770655,1
-1408055,771538,1
-1408055,771972,2
-1408055,771977,1
-1408055,772490,1
-1408055,772508,1
-1408055,772522,1
-1408055,772822,1
-1408054,770205,1
-1408054,770209,1
-1408054,770210,1
-1408054,770648,1
-1408054,770649,1
-1408054,770999,1
-1408054,771543,1
-1408054,771832,1
-1408054,771866,1
-1408054,772003,1
-1408054,772489,1
-1408054,772495,2
-1408054,772496,1
-1408054,772497,1
-1408054,772541,1
-1408054,772551,1
-1408054,772556,1
-1408054,772562,1
-1408054,772646,1
-1408054,772746,1
-1408053,770212,2
-1408053,770648,1
-1408053,770655,1
-1408053,771009,1
-1408053,771257,1
-1408053,771540,1
-1408053,771831,1
-1408053,771833,1
-1408053,771835,1
-1408053,771879,1
-1408053,771986,1
-1408053,772511,1
-1408053,772704,1
-1408053,774432,1
-1408052,770656,1
-1408052,771007,1
-1408052,771094,1
-1408052,771823,1
-1408052,771833,1
-1408052,771984,1
-1408052,772024,1
-1408052,772564,1
-1408052,772707,1
-1408051,769811,1
-1408051,771832,1
-1408051,771833,1
-1408051,771978,1
-1408051,772487,1
-1408051,772498,1
-1408051,772525,1
-1408051,772658,1
-1408051,774321,1
-1408050,769740,1
-1408050,769974,2
-1408050,772021,1
-1408050,772484,1
-1408050,772506,1
-1408050,772565,1
-1408050,772655,1
-1408049,769971,1
-1408049,771025,1
-1408049,771256,1
-1408049,771259,1
-1408049,771826,1
-1408049,771831,1
-1408049,772244,1
-1408049,772294,1
-1408049,772504,1
-1408049,772535,4
-1408049,772924,1
-1408049,772971,1
-1408049,773596,1
-1408048,771822,1
-1408048,771826,1
-1408048,771827,1
-1408048,771831,1
-1408048,771864,1
-1408048,772484,1
-1408048,772528,1
-1408048,773645,1
-1408048,773719,1
-1408047,769835,1
-1408047,769984,1
-1408047,771114,1
-1408047,771719,1
-1408047,771827,2
-1408047,771829,1
-1408047,772414,1
-1408047,772449,1
-1408047,772476,1
-1408047,772509,1
-1408047,772512,1
-1408047,772652,1
-1408047,772696,1
-1408047,773595,1
-1408046,769738,1
-1408046,771784,1
-1408046,771848,6
-1408046,772521,1
-1408046,772648,1
-1408046,772698,1
-1408046,772759,1
-1408046,773604,1
-1408046,773740,1
-1408045,769737,1
-1408045,770647,1
-1408045,770985,1
-1408045,771020,1
-1408045,771874,1
-1408045,772078,1
-1408045,772492,1
-1408045,772494,1
-1408045,772512,1
-1408045,772544,1
-1408045,773732,1
-1408045,773736,1
-1408045,773744,1
-1408045,774338,1
-1408044,770107,1
-1408044,770225,1
-1408044,772087,1
-1408044,772470,1
-1408044,772493,1
-1408044,772734,1
-1408044,772761,1
-1408044,772967,1
-1408044,773732,1
-1408043,770108,1
-1408043,771795,1
-1408043,772005,1
-1408043,772078,1
-1408043,772426,1
-1408043,772438,1
-1408043,772622,1
-1408043,772638,1
-1408043,772642,2
-1408043,772732,1
-1408043,772756,1
-1408043,773745,1
-1408042,770657,1
-1408042,771027,1
-1408042,771820,1
-1408042,771995,1
-1408042,773045,1
-1408042,773055,1
-1408042,773736,2
-1408041,769714,1
-1408041,770967,1
-1408041,771123,1
-1408041,771988,1
-1408041,771990,1
-1408041,772382,1
-1408041,772472,1
-1408041,772562,1
-1408041,772633,1
-1408041,772763,1
-1408041,773733,1
-1408041,773738,1
-1408041,773741,1
-1408040,770914,1
-1408040,771076,1
-1408040,771839,1
-1408040,772348,1
-1408040,772461,1
-1408040,772507,1
-1408040,772580,1
-1408040,772691,1
-1408040,773045,1
-1408040,773046,1
-1408040,773736,1
-1408040,773748,1
-1408039,770645,1
-1408039,771726,1
-1408039,771877,1
-1408039,772082,1
-1408039,772698,1
-1408039,772719,1
-1408039,772759,1
-1408039,772790,1
-1408039,773746,1
-1408039,773747,1
-1408038,771026,1
-1408038,771063,1
-1408038,771840,4
-1408038,771869,1
-1408038,772008,1
-1408038,772431,1
-1408038,772506,1
-1408038,772564,1
-1408038,772727,1
-1408037,770957,1
-1408037,771054,1
-1408037,772371,1
-1408037,772632,1
-1408037,772642,1
-1408037,772885,1
-1408036,771821,1
-1408036,772621,1
-1408036,772750,2
-1408036,773749,2
-1408035,770647,1
-1408035,770652,1
-1408035,770670,1
-1408035,771790,1
-1408035,772742,1
-1408035,773047,1
-1408035,773740,1
-1408034,770329,1
-1408034,770672,1
-1408034,770945,1
-1408034,770977,1
-1408034,771028,1
-1408034,771052,6
-1408034,771605,1
-1408034,771786,1
-1408034,771987,1
-1408034,772494,1
-1408034,772584,5
-1408034,772590,1
-1408034,773710,1
-1408033,769978,1
-1408033,771097,1
-1408033,771789,1
-1408033,771877,1
-1408033,772444,1
-1408033,772587,1
-1408033,772609,5
-1408033,772612,1
-1408033,772618,1
-1408033,772639,2
-1408033,772650,1
-1408033,772752,1
-1408033,773757,1
-1408033,774294,1
-1408032,771043,1
-1408032,771048,1
-1408032,771081,10
-1408032,771868,1
-1408032,771995,1
-1408032,772752,1
-1408032,774371,1
-1408031,769769,1
-1408031,771004,1
-1408031,771050,1
-1408031,771783,1
-1408031,772622,1
-1408031,772752,1
-1408031,774161,3
-1408031,774293,1
-1408031,774397,1
-1408030,769729,1
-1408030,769775,1
-1408030,770955,1
-1408030,771055,1
-1408030,772286,1
-1408030,772337,1
-1408030,772628,4
-1408030,772694,2
-1408030,773598,1
-1408030,773828,3
-1408029,770382,1
-1408029,771007,1
-1408029,771759,1
-1408029,771845,1
-1408029,771857,1
-1408029,772710,1
-1408028,770663,1
-1408028,771019,1
-1408028,771990,5
-1408028,772447,4
-1408028,772579,1
-1408028,772614,1
-1408028,772716,1
-1408027,770950,1
-1408027,771830,1
-1408027,771871,5
-1408027,772447,1
-1408027,772663,1
-1408027,772693,1
-1408027,772739,1
-1408027,773639,1
-1408027,773818,1
-1408027,774190,1
-1408027,774193,1
-1408026,770935,1
-1408026,770962,1
-1408026,771010,1
-1408026,771019,1
-1408026,771039,1
-1408026,771992,1
-1408026,772367,1
-1408026,772445,1
-1408026,772473,2
-1408026,772497,1
-1408026,772629,1
-1408026,772717,1
-1408026,772916,1
-1408025,769959,1
-1408025,770981,1
-1408025,771993,1
-1408025,771994,1
-1408025,772449,1
-1408025,772495,1
-1408025,772685,1
-1408024,770999,1
-1408024,771001,1
-1408024,771008,1
-1408024,771032,1
-1408024,771037,1
-1408024,771652,1
-1408024,772507,1
-1408024,772601,1
-1408024,772682,1
-1408024,772774,1
-1408024,772912,1
-1408024,773800,1
-1408024,774402,1
-1408023,770677,1
-1408023,770949,1
-1408023,770970,1
-1408023,771024,1
-1408023,771133,1
-1408023,771654,1
-1408023,771660,1
-1408023,772001,1
-1408023,772367,1
-1408023,774318,1
-1408022,771017,1
-1408022,771019,1
-1408022,771021,1
-1408022,771030,2
-1408022,771873,1
-1408022,772622,8
-1408022,772796,1
-1408021,769955,1
-1408021,771004,1
-1408021,771014,1
-1408021,771028,2
-1408021,771029,1
-1408021,771752,1
-1408021,771858,1
-1408021,772456,1
-1408021,772795,1
-1408020,771045,1
-1408020,771777,1
-1408020,771786,1
-1408020,772450,1
-1408020,772602,1
-1408020,772667,1
-1408020,774409,1
-1408020,774442,1
-1408019,769800,1
-1408019,770766,1
-1408019,771012,1
-1408019,771016,1
-1408019,771027,2
-1408019,771774,1
-1408019,771781,1
-1408019,771955,1
-1408019,771992,1
-1408019,772019,1
-1408019,772795,1
-1408019,772797,1
-1408019,773724,1
-1408019,774159,1
-1408018,769961,1
-1408018,771025,2
-1408018,771026,1
-1408018,772447,1
-1408018,772793,1
-1408018,773040,1
-1408018,773556,1
-1408018,773800,1
-1408017,770567,1
-1408017,771010,5
-1408017,771024,1
-1408017,771044,1
-1408017,771068,1
-1408017,771265,1
-1408017,771999,1
-1408017,772451,1
-1408017,772479,1
-1408017,772564,1
-1408017,772598,2
-1408017,772602,1
-1408017,772665,1
-1408017,772689,1
-1408017,772733,1
-1408016,769785,1
-1408016,771016,1
-1408016,771022,1
-1408016,771027,2
-1408016,771703,1
-1408016,771777,1
-1408015,769789,1
-1408015,771030,1
-1408015,771990,1
-1408015,772468,1
-1408015,772587,1
-1408015,772669,1
-1408015,772700,1
-1408015,772736,1
-1408015,773546,1
-1408015,773622,1
-1408014,769783,1
-1408014,771010,1
-1408014,771015,2
-1408014,772005,1
-1408014,772017,1
-1408014,772464,1
-1408014,772673,1
-1408014,772951,1
-1408013,769790,1
-1408013,769797,1
-1408013,769961,1
-1408013,770803,1
-1408013,771015,1
-1408013,771073,1
-1408013,772704,1
-1408013,772735,1
-1408012,769723,1
-1408012,769794,1
-1408012,770597,1
-1408012,770779,1
-1408012,770950,1
-1408012,771016,1
-1408012,771017,1
-1408012,771592,1
-1408012,772013,1
-1408012,772358,1
-1408012,772562,1
-1408012,772703,1
-1408011,771001,1
-1408011,771011,1
-1408011,771021,1
-1408011,771033,1
-1408011,772004,1
-1408011,772009,1
-1408011,772023,1
-1408011,772320,1
-1408011,772548,1
-1408011,772590,1
-1408011,772611,1
-1408011,772638,1
-1408011,772684,1
-1408011,772781,1
-1408011,774188,1
-1408010,771005,1
-1408010,771006,2
-1408010,771010,1
-1408010,772771,1
-1408010,773644,1
-1408010,773758,1
-1408009,770939,1
-1408009,771004,1
-1408009,771009,1
-1408009,771012,2
-1408009,772002,1
-1408009,772007,1
-1408009,773627,1
-1408008,769805,1
-1408008,770952,1
-1408008,771004,1
-1408008,771031,2
-1408008,772014,1
-1408008,772016,1
-1408008,772484,1
-1408008,772658,1
-1408008,772662,1
-1408008,773570,1
-1408008,773633,1
-1408008,773644,1
-1408007,771008,1
-1408007,771021,1
-1408007,772006,1
-1408007,772359,1
-1408007,772675,10
-1408007,772703,1
-1408007,772734,1
-1408007,773643,1
-1408006,771036,1
-1408006,771039,1
-1408006,771826,1
-1408006,772241,1
-1408006,772332,1
-1408006,772685,1
-1408006,772693,1
-1408006,773570,1
-1408005,770997,1
-1408005,771007,1
-1408005,771021,1
-1408005,771770,1
-1408005,772018,1
-1408005,772044,1
-1408005,772133,1
-1408005,772586,1
-1408005,772687,1
-1408005,772699,1
-1408005,772702,1
-1408004,770686,1
-1408004,771006,1
-1408004,771032,1
-1408004,771762,1
-1408004,772333,1
-1408004,772577,2
-1408004,772654,1
-1408004,772714,1
-1408004,772851,1
-1408004,772943,1
-1408004,773082,1
-1408004,773569,1
-1408004,774371,1
-1408003,770635,1
-1408003,770983,18
-1408003,770988,1
-1408003,771015,1
-1408003,771027,1
-1408003,771775,1
-1408003,772307,1
-1408003,772328,1
-1408003,772550,1
-1408003,773571,1
-1408003,774382,1
-1408003,774413,4
-1408002,770984,1
-1408002,770993,6
-1408002,771005,1
-1408002,771012,1
-1408002,771018,2
-1408002,771027,1
-1408002,771032,1
-1408002,772603,1
-1408001,769787,1
-1408001,770982,1
-1408001,770993,1
-1408001,771017,1
-1408001,771034,1
-1408001,772330,1
-1408001,772769,1
-1408001,773573,1
-1408001,774066,1
-1408000,770285,1
-1408000,770987,1
-1408000,771016,1
-1408000,771018,1
-1408000,771108,1
-1408000,771775,10
-1408000,772326,1
-1408000,772575,2
-1408000,772687,1
-1408000,772690,1
-1408000,772721,1
-1408000,772767,1
-1408000,773688,1
-1408000,774067,1
-1408000,774068,1
-1407999,769697,1
-1407999,769867,1
-1407999,770970,1
-1407999,770988,1
-1407999,770989,1
-1407999,770995,1
-1407999,771001,1
-1407999,771002,1
-1407999,771012,1
-1407999,772326,1
-1407999,772331,1
-1407999,772531,1
-1407999,772684,1
-1407999,774069,1
-1407999,774173,1
-1407999,774405,1
-1407998,771000,8
-1407998,771033,1
-1407998,771908,1
-1407998,772050,1
-1407998,772186,1
-1407998,772325,1
-1407998,772329,2
-1407998,772332,1
-1407998,772536,1
-1407998,772546,1
-1407998,772624,1
-1407998,772692,1
-1407998,772721,1
-1407998,772723,1
-1407998,773571,1
-1407998,774105,1
-1407997,770979,1
-1407997,770990,1
-1407997,771022,1
-1407997,771027,3
-1407997,771106,1
-1407997,772187,1
-1407997,772326,2
-1407997,772335,1
-1407997,772597,1
-1407997,772664,1
-1407997,772686,1
-1407997,772719,1
-1407997,772721,1
-1407997,772722,1
-1407997,772977,1
-1407997,773569,1
-1407997,774275,1
-1407996,769731,1
-1407996,770952,1
-1407996,770962,1
-1407996,770971,1
-1407996,771005,1
-1407996,771007,1
-1407996,771014,1
-1407996,771016,2
-1407996,771017,1
-1407996,771035,1
-1407996,771775,1
-1407996,772323,1
-1407996,772325,1
-1407996,772326,2
-1407996,772327,1
-1407996,772336,1
-1407996,772462,1
-1407996,772530,1
-1407996,772582,1
-1407996,772717,1
-1407996,773744,1
-1407995,769806,1
-1407995,770748,1
-1407995,770956,1
-1407995,770959,1
-1407995,770972,1
-1407995,770988,1
-1407995,770992,1
-1407995,770995,1
-1407995,771751,1
-1407995,771761,1
-1407995,772322,1
-1407995,772325,1
-1407995,772570,1
-1407995,772632,1
-1407995,772717,1
-1407995,773585,1
-1407995,774221,1
-1407994,769774,1
-1407994,770963,1
-1407994,770969,1
-1407994,770990,1
-1407994,770997,1
-1407994,771001,1
-1407994,771013,1
-1407994,771071,1
-1407994,771665,1
-1407994,771756,1
-1407994,771760,1
-1407994,772334,1
-1407994,772335,1
-1407994,772336,1
-1407994,772349,1
-1407994,772703,1
-1407994,772712,1
-1407994,773608,1
-1407994,774045,1
-1407994,774379,2
-1407993,769692,1
-1407993,770916,1
-1407993,770956,1
-1407993,770958,1
-1407993,770962,1
-1407993,770963,1
-1407993,770966,1
-1407993,770970,2
-1407993,770977,1
-1407993,770980,1
-1407993,770983,1
-1407993,770988,1
-1407993,770989,1
-1407993,771004,1
-1407993,771015,1
-1407993,771452,1
-1407993,772006,1
-1407993,772324,1
-1407993,772327,1
-1407993,772514,1
-1407993,772602,1
-1407993,773360,1
-1407993,773593,1
-1407993,773738,1
-1407993,774364,1
-1407992,769708,2
-1407992,769731,1
-1407992,769809,4
-1407992,770582,1
-1407992,770960,1
-1407992,770962,1
-1407992,770964,1
-1407992,770965,1
-1407992,770973,1
-1407992,770977,1
-1407992,770981,1
-1407992,770988,1
-1407992,770992,1
-1407992,771007,1
-1407992,771016,1
-1407992,771334,1
-1407992,772321,1
-1407992,772322,1
-1407992,772323,1
-1407992,772669,1
-1407992,772698,1
-1407992,772717,1
-1407992,774384,1
-1407991,769984,1
-1407991,770957,1
-1407991,770959,1
-1407991,770963,1
-1407991,770964,1
-1407991,770983,1
-1407991,770986,1
-1407991,770993,1
-1407991,770998,1
-1407991,771024,1
-1407991,771773,18
-1407991,772319,1
-1407991,772323,1
-1407991,772324,1
-1407991,772334,1
-1407991,772338,1
-1407991,772604,1
-1407991,772654,1
-1407991,774385,1
-1407991,774402,1
-1407990,770959,1
-1407990,770981,1
-1407990,770985,1
-1407990,770989,1
-1407990,770992,2
-1407990,771003,1
-1407990,772323,1
-1407990,772325,1
-1407990,772444,1
-1407990,772712,1
-1407989,770558,1
-1407989,770955,1
-1407989,770964,1
-1407989,770965,1
-1407989,770972,1
-1407989,770986,1
-1407989,771014,1
-1407989,771466,1
-1407989,771732,1
-1407989,772323,2
-1407989,772336,1
-1407989,772616,3
-1407988,769662,1
-1407988,770962,1
-1407988,770968,1
-1407988,770972,1
-1407988,770999,1
-1407988,771003,1
-1407988,771011,22
-1407988,771013,1
-1407988,771670,1
-1407988,771971,1
-1407988,772510,1
-1407988,772519,1
-1407988,772881,1
-1407988,773050,1
-1407988,773934,1
-1407987,769747,1
-1407987,770963,24
-1407987,770966,1
-1407987,770968,1
-1407987,770971,1
-1407987,770972,1
-1407987,770988,1
-1407987,771011,1
-1407987,771071,1
-1407987,772316,1
-1407987,772319,1
-1407987,772325,1
-1407987,772512,1
-1407987,772513,2
-1407987,772709,1
-1407987,774388,1
-1407987,774404,1
-1407986,770557,1
-1407986,770784,1
-1407986,770938,1
-1407986,770959,1
-1407986,770966,2
-1407986,770972,1
-1407986,770977,14
-1407986,770984,1
-1407986,770986,1
-1407986,770993,1
-1407986,770994,1
-1407986,771014,1
-1407986,771756,1
-1407986,772635,22
-1407986,772701,1
-1407986,772704,1
-1407986,773940,1
-1407986,773955,1
-1407986,774206,1
-1407985,770951,1
-1407985,770962,1
-1407985,770966,1
-1407985,770968,1
-1407985,770970,1
-1407985,770976,1
-1407985,770995,1
-1407985,771004,1
-1407985,771011,1
-1407985,772331,1
-1407985,772676,1
-1407985,772694,1
-1407985,773863,1
-1407985,774208,2
-1407985,774397,1
-1407984,769823,1
-1407984,770966,1
-1407984,770967,2
-1407984,770968,2
-1407984,770970,2
-1407984,770979,14
-1407984,770983,63
-1407984,770984,1
-1407984,770993,6
-1407984,770996,2
-1407984,771001,1
-1407984,771002,1
-1407984,771008,1
-1407984,772698,1
-1407984,772821,1
-1407983,770965,1
-1407983,770966,1
-1407983,770967,1
-1407983,770972,2
-1407983,770973,2
-1407983,770975,1
-1407983,770980,1
-1407983,770998,1
-1407983,771011,1
-1407983,771021,1
-1407983,771685,1
-1407983,772619,1
-1407983,772645,1
-1407983,773271,1
-1407983,773761,1
-1407982,770958,1
-1407982,770964,1
-1407982,770968,1
-1407982,770969,7
-1407982,770971,1
-1407982,770973,1
-1407982,770982,1
-1407982,770989,1
-1407982,770994,1
-1407982,770996,1
-1407982,771014,1
-1407982,771019,1
-1407982,772324,1
-1407982,772701,1
-1407982,773076,1
-1407982,773604,1
-1407981,770964,1
-1407981,770967,13
-1407981,770974,1
-1407981,770978,1
-1407981,770980,1
-1407981,770988,2
-1407981,770989,1
-1407981,771010,1
-1407981,771023,1
-1407981,771074,1
-1407981,771629,1
-1407981,772338,1
-1407981,772701,1
-1407981,773612,1
-1407981,773613,1
-1407981,773614,1
-1407981,773764,1
-1407980,770968,2
-1407980,770970,2
-1407980,770971,1
-1407980,770976,1
-1407980,770990,1
-1407980,770991,1
-1407980,770999,1
-1407980,771008,1
-1407980,771030,1
-1407980,771616,1
-1407980,772492,1
-1407980,772520,1
-1407980,772750,1
-1407980,773613,1
-1407980,773615,1
-1407979,769803,1
-1407979,770940,1
-1407979,770944,1
-1407979,770966,1
-1407979,770982,1
-1407979,770996,1
-1407979,771000,1
-1407979,771004,11
-1407979,771007,1
-1407979,771337,1
-1407979,772361,1
-1407979,772553,1
-1407979,772591,1
-1407979,772615,1
-1407979,773196,1
-1407979,773627,1
-1407979,773927,1
-1407978,770957,1
-1407978,770960,1
-1407978,770973,2
-1407978,770974,1
-1407978,770979,2
-1407978,770983,8
-1407978,770986,3
-1407978,770993,1
-1407978,771037,1
-1407978,771303,1
-1407978,772586,1
-1407978,772621,1
-1407978,772672,1
-1407978,773609,1
-1407978,773613,2
-1407977,770952,1
-1407977,770956,1
-1407977,770968,6
-1407977,770970,1
-1407977,770976,1
-1407977,770983,1
-1407977,770994,1
-1407977,770995,1
-1407977,772634,1
-1407976,769779,1
-1407976,770575,17
-1407976,770823,1
-1407976,770952,1
-1407976,770954,1
-1407976,770962,10
-1407976,770967,1
-1407976,770968,2
-1407976,770969,1
-1407976,770971,1
-1407976,770985,2
-1407976,770987,11
-1407976,770989,9
-1407976,771008,1
-1407976,771050,1
-1407976,771643,1
-1407976,772603,1
-1407976,772691,1
-1407976,773366,1
-1407976,773959,1
-1407976,774395,1
-1407975,769895,1
-1407975,770943,1
-1407975,770954,1
-1407975,770962,2
-1407975,770965,1
-1407975,770969,1
-1407975,770974,1
-1407975,771720,1
-1407975,771819,1
-1407975,771883,1
-1407975,772604,1
-1407975,773362,1
-1407975,773803,1
-1407974,769793,1
-1407974,769983,1
-1407974,770961,1
-1407974,770975,1
-1407974,770984,8
-1407974,771003,1
-1407974,771006,1
-1407974,771430,1
-1407974,772581,1
-1407974,772596,1
-1407974,772630,1
-1407974,772634,1
-1407974,773028,1
-1407974,773602,1
-1407974,773815,1
-1407974,774221,1
-1407973,770935,1
-1407973,770954,1
-1407973,770958,1
-1407973,770965,1
-1407973,770966,14
-1407973,770979,1
-1407973,771011,2
-1407973,771308,1
-1407973,771604,1
-1407973,771644,1
-1407973,772139,1
-1407973,772342,1
-1407973,772661,1
-1407973,772682,1
-1407973,773610,1
-1407973,773996,1
-1407972,770923,1
-1407972,770952,1
-1407972,770964,1
-1407972,770965,1
-1407972,770967,1
-1407972,770971,1
-1407972,770972,1
-1407972,770973,1
-1407972,770979,11
-1407972,770989,1
-1407972,771015,2
-1407972,771980,1
-1407972,772668,1
-1407972,772679,1
-1407972,773844,1
-1407972,774438,2
-1407971,770948,1
-1407971,770957,1
-1407971,770964,1
-1407971,770966,2
-1407971,770981,1
-1407971,771069,1
-1407971,771322,1
-1407971,771518,1
-1407971,771604,1
-1407971,771786,1
-1407971,772605,1
-1407971,772611,1
-1407971,772651,1
-1407971,772672,1
-1407971,772724,1
-1407971,773361,1
-1407971,773913,1
-1407970,770570,1
-1407970,770963,1
-1407970,770964,1
-1407970,770968,1
-1407970,770975,1
-1407970,770977,1
-1407970,770981,1
-1407970,771013,1
-1407970,771301,1
-1407970,771575,1
-1407970,772054,1
-1407970,772137,1
-1407970,772605,1
-1407970,772642,1
-1407970,772644,1
-1407970,772777,1
-1407970,773162,1
-1407970,773574,1
-1407970,773606,1
-1407970,773653,1
-1407969,770667,1
-1407969,770967,1
-1407969,770975,2
-1407969,770976,5
-1407969,771603,1
-1407969,771624,1
-1407969,772340,1
-1407969,772484,1
-1407969,772656,1
-1407969,773604,1
-1407969,773616,1
-1407969,773617,1
-1407969,773618,1
-1407969,773957,2
-1407968,769813,1
-1407968,770544,1
-1407968,770957,1
-1407968,770964,1
-1407968,770966,1
-1407968,770971,1
-1407968,770974,1
-1407968,770976,2
-1407968,770982,1
-1407968,770985,1
-1407968,770994,1
-1407968,771010,2
-1407968,771308,1
-1407968,771309,1
-1407968,772049,1
-1407968,772335,1
-1407968,772605,1
-1407968,772641,1
-1407968,772646,1
-1407968,772650,6
-1407968,772654,2
-1407968,772683,1
-1407968,773136,1
-1407968,773590,1
-1407967,770591,1
-1407967,770612,1
-1407967,770938,1
-1407967,770953,1
-1407967,770954,1
-1407967,770967,1
-1407967,770971,1
-1407967,770994,1
-1407967,771003,1
-1407967,771045,5
-1407967,771335,1
-1407967,771694,1
-1407967,771775,3
-1407967,772615,1
-1407967,772645,2
-1407967,772659,1
-1407967,773620,1
-1407966,769766,1
-1407966,769790,1
-1407966,769794,1
-1407966,769795,1
-1407966,769799,1
-1407966,770551,1
-1407966,770611,1
-1407966,770957,1
-1407966,770960,1
-1407966,770965,1
-1407966,770969,1
-1407966,770977,1
-1407966,771048,1
-1407966,771309,1
-1407966,771983,2
-1407966,772624,5
-1407966,772645,1
-1407966,772650,1
-1407966,772651,1
-1407966,772652,1
-1407966,772653,1
-1407966,772681,1
-1407966,773507,1
-1407966,773875,2
-1407965,769796,3
-1407965,769811,1
-1407965,769918,1
-1407965,770669,1
-1407965,770951,1
-1407965,770952,1
-1407965,770953,1
-1407965,770954,1
-1407965,770958,1
-1407965,770962,1
-1407965,770974,1
-1407965,771003,107
-1407965,771739,1
-1407965,772330,2
-1407965,772533,1
-1407965,772604,1
-1407965,772613,1
-1407965,772614,1
-1407965,772624,67
-1407965,772648,2
-1407965,772652,1
-1407965,772655,1
-1407965,772657,1
-1407965,772784,1
-1407965,773703,1
-1407964,769792,1
-1407964,769795,1
-1407964,769796,3
-1407964,769797,1
-1407964,770616,1
-1407964,770676,4
-1407964,770954,1
-1407964,770992,14
-1407964,771041,1
-1407964,771044,1
-1407964,772491,1
-1407964,772643,1
-1407964,772653,1
-1407964,772654,33
-1407964,772659,1
-1407964,772660,1
-1407964,772800,1
-1407964,773610,1
-1407964,773620,1
-1407963,769663,1
-1407963,769759,1
-1407963,769787,1
-1407963,769791,1
-1407963,769794,2
-1407963,769795,2
-1407963,769796,1
-1407963,769797,2
-1407963,769798,2
-1407963,769799,2
-1407963,770056,1
-1407963,770261,1
-1407963,770371,1
-1407963,770542,1
-1407963,770566,1
-1407963,770675,1
-1407963,770676,1
-1407963,770947,2
-1407963,770960,1
-1407963,770990,1
-1407963,770997,1
-1407963,771042,2
-1407963,772024,1
-1407963,772610,1
-1407963,772644,1
-1407963,772654,1
-1407963,772661,1
-1407963,772679,1
-1407963,772686,1
-1407963,774406,1
-1407962,769791,1
-1407962,769799,1
-1407962,769808,1
-1407962,770947,1
-1407962,770975,1
-1407962,770981,1
-1407962,770984,1
-1407962,770988,1
-1407962,771041,3
-1407962,771276,1
-1407962,771298,1
-1407962,771765,1
-1407962,772263,1
-1407962,772331,1
-1407962,772332,1
-1407962,772648,1
-1407962,772650,1
-1407962,772652,1
-1407961,769797,1
-1407961,769992,1
-1407961,770969,1
-1407961,771040,1
-1407961,771064,1
-1407961,771287,1
-1407961,771716,1
-1407961,772143,1
-1407961,772580,1
-1407961,772628,1
-1407961,772651,1
-1407961,773554,1
-1407961,773559,1
-1407961,774200,1
-1407961,774263,1
-1407961,774301,1
-1407960,769734,1
-1407960,769768,1
-1407960,770503,1
-1407960,770953,1
-1407960,770975,1
-1407960,770979,1
-1407960,771001,1
-1407960,772639,1
-1407960,772649,1
-1407960,772650,2
-1407960,772796,1
-1407960,773561,1
-1407960,773931,1
-1407960,774272,1
-1407959,769773,1
-1407959,770566,1
-1407959,772159,1
-1407959,772642,1
-1407959,772649,1
-1407959,772651,1
-1407959,772655,1
-1407959,772660,20
-1407959,772661,1
-1407959,774269,1
-1407959,774365,1
-1407958,769785,1
-1407958,771725,1
-1407958,771973,1
-1407958,772522,1
-1407958,772580,1
-1407958,772607,1
-1407958,772651,4
-1407958,772652,1
-1407958,772653,1
-1407958,773562,1
-1407958,773911,1
-1407957,769766,1
-1407957,769791,1
-1407957,770491,1
-1407957,770954,1
-1407957,772233,1
-1407957,772642,1
-1407957,772647,1
-1407957,772651,1
-1407957,772657,1
-1407957,772658,1
-1407957,772718,1
-1407956,770955,1
-1407956,770981,1
-1407956,770985,1
-1407956,771042,1
-1407956,771599,1
-1407956,772470,1
-1407956,772649,1
-1407956,772651,1
-1407956,773912,1
-1407955,769790,1
-1407955,769892,1
-1407955,770683,1
-1407955,770967,1
-1407955,770970,1
-1407955,770973,1
-1407955,770978,1
-1407955,770980,1
-1407955,771019,16
-1407955,771043,1
-1407955,771585,1
-1407955,771776,1
-1407955,772138,1
-1407955,772142,1
-1407955,772532,1
-1407955,773593,1
-1407955,773810,1
-1407955,774222,1
-1407954,769974,1
-1407954,770947,1
-1407954,770966,1
-1407954,770978,1
-1407954,770979,1
-1407954,770980,1
-1407954,770985,1
-1407954,770996,1
-1407954,771039,1
-1407954,772649,1
-1407954,772650,1
-1407954,772655,1
-1407954,772657,1
-1407954,773282,1
-1407954,773729,1
-1407954,774401,1
-1407953,770947,1
-1407953,770949,1
-1407953,770953,1
-1407953,770984,1
-1407953,771588,1
-1407953,771595,1
-1407953,772538,1
-1407953,772641,1
-1407953,772651,2
-1407953,772703,1
-1407953,774276,1
-1407952,770944,1
-1407952,770949,1
-1407952,770973,1
-1407952,770984,1
-1407952,771056,1
-1407952,771122,1
-1407952,771593,1
-1407952,771620,2
-1407952,771621,2
-1407952,772013,1
-1407952,772473,1
-1407952,772537,1
-1407952,772547,1
-1407952,772611,1
-1407952,772652,1
-1407952,772654,1
-1407952,773649,1
-1407951,769783,1
-1407951,769786,1
-1407951,769950,1
-1407951,770605,1
-1407951,770964,1
-1407951,770967,1
-1407951,770982,1
-1407951,771621,1
-1407951,771634,1
-1407951,771742,1
-1407951,771781,1
-1407951,772644,1
-1407951,772901,1
-1407950,769778,1
-1407950,770604,1
-1407950,770983,3
-1407950,770984,1
-1407950,771597,1
-1407950,771629,1
-1407950,771780,1
-1407950,772641,1
-1407950,772643,1
-1407950,772966,1
-1407949,769697,1
-1407949,769775,1
-1407949,770970,2
-1407949,770984,2
-1407949,770985,1
-1407949,772534,1
-1407949,772555,1
-1407949,772564,1
-1407949,772636,1
-1407949,772661,1
-1407949,774404,1
-1407948,769679,1
-1407948,770846,1
-1407948,770978,1
-1407948,771573,1
-1407948,771596,1
-1407948,771612,1
-1407948,771632,1
-1407948,771635,2
-1407948,772587,1
-1407948,772678,1
-1407948,772707,1
-1407948,774059,1
-1407947,769792,1
-1407947,769882,1
-1407947,770591,4
-1407947,770975,1
-1407947,770984,1
-1407947,771004,1
-1407947,771977,1
-1407947,771980,3
-1407947,772574,1
-1407947,772582,1
-1407947,772655,1
-1407946,770536,1
-1407946,770699,1
-1407946,770950,1
-1407946,770983,1
-1407946,771631,1
-1407946,771705,1
-1407946,772426,1
-1407946,772578,1
-1407946,772673,1
-1407946,774217,1
-1407946,774296,1
-1407945,770284,1
-1407945,770970,1
-1407945,770984,1
-1407945,770988,1
-1407945,771601,1
-1407945,771924,1
-1407945,772462,1
-1407945,772676,1
-1407945,772880,2
-1407945,774372,1
-1407944,770982,1
-1407944,771215,1
-1407944,771599,1
-1407944,771611,1
-1407944,771745,1
-1407944,771763,2
-1407944,771988,1
-1407944,772640,1
-1407944,772659,1
-1407944,772859,1
-1407943,770414,1
-1407943,770954,1
-1407943,771065,1
-1407943,771151,1
-1407943,772600,1
-1407943,773801,1
-1407943,774250,1
-1407942,769973,1
-1407942,770565,1
-1407942,770940,1
-1407942,770956,1
-1407942,770966,1
-1407942,770970,1
-1407942,770984,1
-1407942,771606,1
-1407942,771834,1
-1407942,771849,1
-1407942,771988,1
-1407942,774208,1
-1407941,770819,1
-1407941,770944,1
-1407941,770947,3
-1407941,770948,1
-1407941,770953,2
-1407941,771143,1
-1407941,771574,4
-1407941,771928,1
-1407941,772458,1
-1407941,772466,1
-1407941,773805,1
-1407941,773814,1
-1407940,770528,1
-1407940,771175,1
-1407940,771177,1
-1407940,771214,1
-1407940,771595,1
-1407940,771752,1
-1407940,771907,1
-1407940,772416,1
-1407940,772576,1
-1407940,772628,1
-1407940,772647,1
-1407940,773813,1
-1407939,769976,3
-1407939,770944,1
-1407939,770964,1
-1407939,770965,1
-1407939,770980,1
-1407939,771165,1
-1407939,771166,1
-1407939,771178,1
-1407939,771603,1
-1407939,771755,1
-1407939,772457,1
-1407939,772615,1
-1407939,772639,1
-1407939,773693,1
-1407939,773782,1
-1407939,774358,1
-1407938,771157,1
-1407938,771170,1
-1407938,771923,1
-1407938,772404,1
-1407938,772457,1
-1407938,772611,1
-1407938,773859,1
-1407938,774413,2
-1407937,770961,1
-1407937,770970,1
-1407937,770976,1
-1407937,770990,1
-1407937,771174,1
-1407937,771194,1
-1407937,772590,1
-1407937,772752,1
-1407937,774189,1
-1407937,774346,1
-1407937,774360,1
-1407936,769804,1
-1407936,770796,1
-1407936,770848,1
-1407936,771172,1
-1407936,772533,1
-1407936,772654,1
-1407936,772690,1
-1407936,773853,1
-1407935,770592,1
-1407935,770973,1
-1407935,771181,1
-1407935,771203,1
-1407935,771586,7
-1407935,772533,1
-1407935,772628,1
-1407935,772666,1
-1407935,773677,1
-1407935,773958,1
-1407935,774224,1
-1407935,774407,1
-1407934,771165,1
-1407934,771168,1
-1407934,771173,1
-1407934,771174,1
-1407934,771213,1
-1407934,771493,1
-1407934,771688,1
-1407934,772497,1
-1407934,774343,1
-1407934,774350,1
-1407934,774397,1
-1407933,770585,1
-1407933,771599,6
-1407933,772445,1
-1407933,772529,1
-1407933,772605,2
-1407933,774338,1
-1407933,774353,1
-1407932,771175,1
-1407932,771603,1
-1407932,771913,1
-1407932,772410,1
-1407932,772452,1
-1407932,772486,1
-1407932,772544,1
-1407932,772605,1
-1407932,772749,1
-1407932,773556,1
-1407932,773714,1
-1407932,773853,1
-1407932,774360,1
-1407932,774384,1
-1407931,769989,1
-1407931,770609,1
-1407931,770838,1
-1407931,771016,1
-1407931,771164,1
-1407931,771561,1
-1407931,771687,1
-1407931,771753,1
-1407931,773311,1
-1407931,774211,3
-1407930,770532,1
-1407930,770972,1
-1407930,771171,1
-1407930,771173,1
-1407930,771753,1
-1407930,771848,1
-1407930,772523,1
-1407930,772598,1
-1407930,772601,1
-1407930,773706,1
-1407930,773919,1
-1407930,774329,1
-1407930,774360,1
-1407929,769800,1
-1407929,769859,5
-1407929,770618,1
-1407929,770846,1
-1407929,771176,1
-1407929,771580,1
-1407929,771612,2
-1407929,772204,1
-1407929,772594,1
-1407929,772641,1
-1407929,773577,1
-1407929,774369,1
-1407928,770212,1
-1407928,770553,1
-1407928,770846,1
-1407928,770972,1
-1407928,771177,1
-1407928,771862,1
-1407928,772596,1
-1407928,773279,1
-1407928,774209,2
-1407927,770844,1
-1407927,770971,1
-1407927,771178,1
-1407927,771597,5
-1407927,772438,1
-1407927,774401,1
-1407926,771175,1
-1407926,771611,1
-1407926,772592,1
-1407926,772629,1
-1407926,772834,1
-1407926,773348,1
-1407926,774170,1
-1407926,774380,1
-1407926,774412,1
-1407925,770271,1
-1407925,770910,2
-1407925,771209,1
-1407925,771737,1
-1407925,771804,1
-1407925,771818,1
-1407925,772048,1
-1407925,772058,1
-1407925,772542,1
-1407925,772589,1
-1407925,772592,1
-1407925,772629,1
-1407925,772637,1
-1407925,773548,1
-1407925,773851,1
-1407925,774064,1
-1407925,774377,1
-1407924,769978,1
-1407924,770615,1
-1407924,770945,1
-1407924,770978,1
-1407924,771090,1
-1407924,771778,1
-1407924,772063,1
-1407924,772683,1
-1407924,773932,1
-1407923,770840,1
-1407923,771007,1
-1407923,771182,1
-1407923,771913,1
-1407923,772408,1
-1407923,772554,1
-1407923,772675,1
-1407923,773677,1
-1407923,774404,1
-1407922,771614,1
-1407922,771914,1
-1407922,772357,1
-1407922,772426,1
-1407922,772599,1
-1407922,772623,1
-1407922,772624,2
-1407922,772626,1
-1407922,773960,1
-1407922,774004,1
-1407922,774402,1
-1407921,769767,1
-1407921,771012,1
-1407921,771152,1
-1407921,771210,1
-1407921,772432,1
-1407921,772493,1
-1407921,772612,1
-1407921,772696,1
-1407921,772854,1
-1407921,773942,1
-1407921,774222,1
-1407921,774407,1
-1407920,769896,1
-1407920,770915,1
-1407920,770969,32
-1407920,771524,1
-1407920,771591,4
-1407920,772437,1
-1407920,772582,1
-1407920,774294,1
-1407919,771000,1
-1407919,771007,1
-1407919,771210,1
-1407919,771248,1
-1407919,771953,1
-1407919,772435,1
-1407919,772436,1
-1407919,772619,1
-1407919,774375,1
-1407918,769795,1
-1407918,771044,1
-1407918,771605,7
-1407918,771839,1
-1407918,771875,1
-1407918,772521,1
-1407918,772626,1
-1407918,773694,1
-1407917,771716,1
-1407917,772077,1
-1407917,774232,1
-1407916,770991,1
-1407916,771165,1
-1407916,771600,1
-1407916,771910,1
-1407916,772419,1
-1407916,772504,1
-1407916,772572,1
-1407916,772600,1
-1407916,772702,1
-1407916,774416,2
-1407916,774418,3
-1407915,769790,1
-1407915,771172,1
-1407915,771601,3
-1407915,771721,1
-1407915,772543,1
-1407915,774069,1
-1407915,774378,1
-1407915,774418,1
-1407914,769784,1
-1407914,771213,1
-1407914,772432,1
-1407914,772507,1
-1407914,772619,1
-1407914,772731,1
-1407914,773577,1
-1407914,773996,1
-1407914,774194,1
-1407914,774416,1
-1407914,774418,1
-1407913,769985,1
-1407913,771192,1
-1407913,771716,1
-1407913,771722,1
-1407913,772414,1
-1407913,772719,1
-1407913,773621,1
-1407913,773691,1
-1407913,773699,1
-1407913,773898,1
-1407913,773929,1
-1407913,774000,1
-1407912,770960,1
-1407912,771006,1
-1407912,771122,1
-1407912,771191,2
-1407912,771721,1
-1407912,771723,2
-1407912,772299,14
-1407912,772477,9
-1407912,772877,1
-1407912,773920,2
-1407911,771516,1
-1407911,771544,1
-1407911,771574,1
-1407911,772352,1
-1407911,772432,1
-1407911,772588,1
-1407911,772692,1
-1407911,773934,1
-1407911,774204,1
-1407911,774416,1
-1407911,774417,1
-1407910,770149,1
-1407910,771582,232
-1407910,771595,1
-1407910,772706,1
-1407910,773867,1
-1407910,773900,1
-1407910,773930,1
-1407910,773937,1
-1407910,773960,1
-1407910,774038,1
-1407910,774420,2
-1407909,769969,1
-1407909,770809,1
-1407909,771216,1
-1407909,771554,6
-1407909,772253,1
-1407909,772341,1
-1407909,772358,1
-1407909,772361,1
-1407909,772421,1
-1407909,772741,1
-1407909,773078,1
-1407909,773080,1
-1407909,774411,1
-1407908,772427,1
-1407908,772702,1
-1407908,772745,1
-1407908,772981,1
-1407908,774146,1
-1407907,770931,1
-1407907,770950,1
-1407907,771563,1
-1407907,771964,1
-1407907,772075,1
-1407907,772396,1
-1407907,772670,1
-1407907,773863,1
-1407907,773872,1
-1407907,774134,1
-1407906,769784,1
-1407906,770990,2
-1407906,771216,1
-1407906,771617,1
-1407906,772359,1
-1407906,772364,1
-1407906,774421,1
-1407905,770962,1
-1407905,771579,3
-1407905,771959,1
-1407905,772255,1
-1407905,772343,1
-1407905,772508,1
-1407905,772714,1
-1407905,774203,1
-1407905,774415,1
-1407904,771565,1
-1407904,772352,1
-1407904,772382,1
-1407904,772418,1
-1407904,772672,1
-1407904,773634,1
-1407904,774330,1
-1407904,774421,1
-1407903,772092,1
-1407903,772304,1
-1407903,772354,1
-1407903,772389,1
-1407903,773883,1
-1407903,773887,1
-1407903,773946,1
-1407903,773955,2
-1407903,774037,1
-1407903,774222,1
-1407903,774413,1
-1407903,774415,1
-1407903,774429,2
-1407902,769968,1
-1407902,769976,1
-1407902,771029,1
-1407902,771482,1
-1407902,772496,1
-1407902,772610,1
-1407902,774202,1
-1407902,774224,1
-1407902,774325,1
-1407902,774404,1
-1407902,774420,1
-1407901,770953,1
-1407901,771216,1
-1407901,771695,1
-1407901,772261,1
-1407901,772272,10
-1407901,772415,17
-1407901,774420,1
-1407901,774424,2
-1407900,769747,1
-1407900,770951,1
-1407900,771218,2
-1407900,771545,1
-1407900,771549,1
-1407900,771622,1
-1407900,772096,1
-1407900,772536,1
-1407900,772556,1
-1407900,772617,1
-1407900,774246,1
-1407900,774388,1
-1407900,774421,1
-1407900,774423,1
-1407899,770960,1
-1407899,770982,1
-1407899,770990,1
-1407899,771610,1
-1407899,771617,1
-1407899,773277,1
-1407899,773967,1
-1407899,774244,1
-1407899,774421,1
-1407899,774426,3
-1407898,769966,1
-1407898,770956,1
-1407898,771591,1
-1407898,771727,2
-1407898,772096,1
-1407898,772362,1
-1407898,772503,1
-1407898,773085,1
-1407898,774380,1
-1407898,774421,3
-1407897,770731,1
-1407897,771573,1
-1407897,771727,1
-1407897,772407,1
-1407897,774386,1
-1407897,774422,1
-1407897,774426,7
-1407897,774428,2
-1407897,774432,1
-1407896,769824,1
-1407896,772367,1
-1407896,772372,1
-1407896,772628,1
-1407896,773878,1
-1407895,769973,1
-1407895,769976,1
-1407895,770675,1
-1407895,771491,1
-1407895,771625,1
-1407895,771826,1
-1407895,772565,1
-1407895,772715,1
-1407895,773086,1
-1407895,773865,1
-1407895,773976,1
-1407895,774240,1
-1407895,774418,1
-1407895,774420,1
-1407895,774430,1
-1407894,770317,1
-1407894,770945,1
-1407894,773566,1
-1407894,773966,1
-1407894,774411,2
-1407894,774418,1
-1407894,774420,1
-1407894,774432,11
-1407893,771840,1
-1407893,772352,1
-1407893,772676,1
-1407893,773880,1
-1407893,773888,1
-1407893,774097,1
-1407893,774241,1
-1407893,774303,1
-1407893,774428,1
-1407893,774432,1
-1407893,774434,1
-1407892,769971,6
-1407892,770981,8
-1407892,772305,1
-1407892,772378,1
-1407892,772385,1
-1407892,772401,1
-1407892,772512,1
-1407892,773887,1
-1407892,773961,1
-1407892,774421,1
-1407892,774433,1
-1407891,770708,1
-1407891,770974,1
-1407891,771088,1
-1407891,771089,1
-1407891,771569,1
-1407891,771670,1
-1407891,771810,1
-1407891,772293,3
-1407891,772356,1
-1407891,772362,1
-1407891,772371,1
-1407891,772375,1
-1407891,772387,1
-1407891,772403,1
-1407891,772529,7
-1407891,773084,1
-1407891,773878,1
-1407891,773881,1
-1407891,773889,1
-1407891,773977,1
-1407890,771104,1
-1407890,771593,4
-1407890,772304,3
-1407890,772312,1
-1407890,772765,1
-1407890,774111,1
-1407890,774415,1
-1407889,770950,1
-1407889,771506,1
-1407889,771795,1
-1407889,771802,1
-1407889,772302,1
-1407889,772313,1
-1407889,772402,1
-1407889,772408,1
-1407889,774419,1
-1407889,774438,1
-1407888,769754,1
-1407888,769826,1
-1407888,771522,3
-1407888,771570,1
-1407888,771733,1
-1407888,771734,1
-1407888,772277,1
-1407888,772310,1
-1407888,772321,4
-1407888,774045,1
-1407888,774423,1
-1407888,774428,1
-1407888,774439,1
-1407887,769827,1
-1407887,770679,1
-1407887,770940,1
-1407887,771547,1
-1407887,771561,3
-1407887,771570,4
-1407887,771600,1
-1407887,771608,1
-1407887,771633,1
-1407887,771733,1
-1407887,771734,1
-1407887,771860,1
-1407887,772280,1
-1407887,772312,1
-1407887,772397,1
-1407887,772495,1
-1407887,773081,1
-1407887,773591,1
-1407887,774039,1
-1407887,774305,1
-1407887,774426,1
-1407887,774433,1
-1407886,769779,1
-1407886,769822,1
-1407886,769828,1
-1407886,771022,1
-1407886,771615,1
-1407886,771733,2
-1407886,772389,1
-1407886,772484,1
-1407886,772495,1
-1407886,772722,1
-1407886,774428,1
-1407885,769828,1
-1407885,769834,1
-1407885,770728,1
-1407885,770732,1
-1407885,772257,2
-1407885,772370,1
-1407885,772437,1
-1407885,773084,1
-1407885,773085,2
-1407885,773095,1
-1407885,773365,1
-1407885,774014,1
-1407884,770726,1
-1407884,770730,1
-1407884,770933,1
-1407884,771088,1
-1407884,771528,1
-1407884,771602,1
-1407884,772245,1
-1407884,772390,1
-1407884,772581,1
-1407884,772714,1
-1407884,772721,1
-1407884,773083,1
-1407884,773086,1
-1407884,773639,1
-1407884,773972,1
-1407884,774432,1
-1407884,774433,2
-1407883,770729,2
-1407883,770730,2
-1407883,771717,1
-1407883,771721,1
-1407883,772319,1
-1407883,772392,1
-1407883,773086,1
-1407883,773090,1
-1407883,774039,1
-1407883,774429,1
-1407883,774434,1
-1407882,769827,1
-1407882,770729,1
-1407882,770872,1
-1407882,772446,1
-1407882,772505,1
-1407882,774302,1
-1407882,774444,1
-1407881,769810,1
-1407881,770337,1
-1407881,771605,1
-1407881,772390,1
-1407881,772734,1
-1407881,772771,1
-1407880,769828,2
-1407880,770680,1
-1407880,770987,1
-1407880,771730,1
-1407880,772256,1
-1407880,772385,1
-1407880,772388,1
-1407880,774046,1
-1407880,774226,1
-1407880,774429,1
-1407879,769822,1
-1407879,771526,1
-1407879,771549,2
-1407879,771558,1
-1407879,771568,1
-1407879,772258,1
-1407879,772365,1
-1407879,772394,1
-1407879,772506,1
-1407879,772720,1
-1407878,769832,1
-1407878,770677,1
-1407878,771542,1
-1407878,771719,1
-1407878,772247,1
-1407878,772588,1
-1407878,772717,1
-1407878,772770,1
-1407878,773086,1
-1407878,773550,1
-1407878,773554,1
-1407878,774058,1
-1407878,774061,1
-1407878,774203,1
-1407877,771018,1
-1407877,771019,1
-1407877,771103,1
-1407877,771595,1
-1407877,771600,1
-1407877,771739,2
-1407877,772304,1
-1407877,772323,3
-1407877,772324,1
-1407877,772381,1
-1407877,772388,1
-1407877,772445,1
-1407877,772741,1
-1407877,774060,1
-1407876,770377,1
-1407876,770931,1
-1407876,771547,1
-1407876,771725,1
-1407876,772324,1
-1407876,772381,1
-1407876,772382,1
-1407876,772383,1
-1407876,772968,1
-1407876,774270,1
-1407875,769773,1
-1407875,769775,1
-1407875,770334,1
-1407875,771567,1
-1407875,771573,1
-1407875,772750,1
-1407875,773090,1
-1407875,773651,1
-1407875,773666,1
-1407875,773964,1
-1407875,774351,1
-1407874,769774,2
-1407874,769776,1
-1407874,769786,1
-1407874,771174,1
-1407874,771474,1
-1407874,771794,1
-1407874,772324,1
-1407874,772387,1
-1407874,772754,1
-1407874,773087,1
-1407874,773334,1
-1407874,773593,1
-1407874,773614,1
-1407873,769775,1
-1407873,769851,1
-1407873,769859,1
-1407873,771092,1
-1407873,771555,1
-1407873,771569,1
-1407873,771709,1
-1407873,772318,1
-1407873,772704,1
-1407873,773093,1
-1407873,773613,1
-1407873,773614,1
-1407873,773617,1
-1407873,773666,1
-1407873,774243,1
-1407872,771517,2
-1407872,771666,3
-1407872,772313,1
-1407872,772314,1
-1407872,772367,1
-1407872,773083,1
-1407872,773252,1
-1407872,773669,1
-1407872,773672,1
-1407872,773990,1
-1407871,772318,4
-1407871,772384,1
-1407871,772391,1
-1407871,772746,1
-1407871,772750,1
-1407871,773231,1
-1407871,773586,6
-1407871,773664,1
-1407871,773673,1
-1407871,774276,1
-1407870,770931,1
-1407870,771292,1
-1407870,771440,1
-1407870,772328,1
-1407870,772744,1
-1407870,773195,1
-1407870,774229,1
-1407870,774277,1
-1407870,774440,1
-1407869,769877,1
-1407869,771000,1
-1407869,771525,1
-1407869,772302,1
-1407869,772698,1
-1407869,773767,1
-1407869,774276,1
-1407868,769845,1
-1407868,770933,1
-1407868,771151,1
-1407868,771499,1
-1407868,771633,1
-1407868,771790,1
-1407868,772012,1
-1407868,772316,1
-1407868,772623,1
-1407867,771149,1
-1407867,771531,1
-1407867,771533,1
-1407867,771800,1
-1407867,772319,1
-1407867,772336,1
-1407867,772358,1
-1407867,772761,1
-1407867,774074,1
-1407866,770867,1
-1407866,770928,1
-1407866,771507,1
-1407866,771524,1
-1407866,772163,1
-1407866,772296,1
-1407866,772372,1
-1407866,772744,1
-1407865,770763,1
-1407865,771089,1
-1407865,771110,1
-1407865,771730,1
-1407865,771788,1
-1407865,771789,1
-1407865,772294,1
-1407865,772633,1
-1407865,772736,1
-1407865,774409,1
-1407864,771108,1
-1407864,771523,1
-1407864,771527,1
-1407864,771535,1
-1407864,772314,1
-1407864,772324,1
-1407864,772377,1
-1407864,772396,1
-1407864,772666,1
-1407864,772762,1
-1407864,774212,1
-1407864,774232,1
-1407864,774412,1
-1407863,769854,1
-1407863,770903,2
-1407863,771708,1
-1407863,771740,1
-1407863,772256,1
-1407863,772348,1
-1407863,772743,1
-1407863,773309,1
-1407863,773962,1
-1407863,774077,1
-1407863,774213,2
-1407862,769838,1
-1407862,770781,1
-1407862,772058,1
-1407862,772300,1
-1407862,772342,1
-1407862,772376,1
-1407862,772810,1
-1407862,774204,1
-1407862,774312,1
-1407861,771279,1
-1407861,771748,1
-1407861,772369,1
-1407861,772411,1
-1407861,773676,1
-1407861,773978,1
-1407860,769836,1
-1407860,771524,1
-1407860,772321,1
-1407860,772330,1
-1407860,772736,1
-1407859,769832,1
-1407859,769851,1
-1407859,770516,1
-1407859,770936,2
-1407859,771711,6
-1407859,771723,1
-1407859,772062,1
-1407859,774211,1
-1407859,774277,1
-1407858,769828,1
-1407858,769831,1
-1407858,769833,2
-1407858,769842,1
-1407858,769848,1
-1407858,769849,2
-1407858,770934,1
-1407858,772755,1
-1407858,773240,1
-1407858,773367,1
-1407858,773385,1
-1407858,773432,1
-1407858,773587,1
-1407857,769830,1
-1407857,769843,1
-1407857,769845,1
-1407857,769847,2
-1407857,770528,1
-1407857,770822,1
-1407857,770983,1
-1407857,771488,33
-1407857,771879,1
-1407857,773665,1
-1407857,774169,1
-1407856,769845,1
-1407856,771526,1
-1407856,771527,1
-1407856,771638,1
-1407856,772318,1
-1407856,772365,1
-1407856,774130,2
-1407855,769841,1
-1407855,769842,1
-1407855,769843,1
-1407855,770517,1
-1407855,771523,1
-1407855,771568,2
-1407855,771579,1
-1407855,771637,1
-1407855,772404,1
-1407855,772570,1
-1407855,772625,1
-1407855,774236,1
-1407854,769841,1
-1407854,770518,1
-1407854,770519,1
-1407854,770522,1
-1407854,771524,1
-1407854,771590,1
-1407854,772468,1
-1407854,773320,1
-1407854,774218,1
-1407853,770516,1
-1407853,771890,1
-1407853,772329,1
-1407853,773539,1
-1407853,774189,1
-1407852,769940,1
-1407852,770091,1
-1407852,770519,1
-1407852,770521,1
-1407852,771381,1
-1407852,771724,1
-1407852,772327,1
-1407852,772368,1
-1407852,772371,1
-1407852,772794,1
-1407852,774013,1
-1407852,774135,1
-1407852,774203,1
-1407851,769844,1
-1407851,770516,1
-1407851,770521,1
-1407851,770522,1
-1407851,771285,1
-1407851,771737,1
-1407851,772346,1
-1407851,772875,1
-1407851,773286,1
-1407851,773979,2
-1407851,774118,1
-1407851,774428,1
-1407850,770516,1
-1407850,770518,1
-1407850,770519,1
-1407850,770521,1
-1407850,770525,1
-1407850,770533,1
-1407850,770903,1
-1407850,772305,1
-1407850,772369,1
-1407850,773545,1
-1407850,774184,1
-1407850,774211,1
-1407849,769831,1
-1407849,770515,1
-1407849,771522,3
-1407849,771548,1
-1407849,772333,1
-1407849,772754,2
-1407849,772807,1
-1407848,770515,1
-1407848,770872,1
-1407848,771724,1
-1407848,771734,1
-1407848,772311,1
-1407848,772368,1
-1407848,772629,1
-1407848,774346,2
-1407847,770518,1
-1407847,770520,1
-1407847,770524,2
-1407847,770857,1
-1407847,771440,1
-1407847,771674,3
-1407847,771726,1
-1407847,771728,1
-1407847,772371,1
-1407847,772447,1
-1407847,772623,1
-1407847,772779,1
-1407847,774065,1
-1407847,774267,1
-1407846,770512,1
-1407846,770916,1
-1407846,771373,1
-1407846,771439,1
-1407846,771492,1
-1407846,771721,1
-1407846,771728,1
-1407846,771867,1
-1407846,772620,1
-1407846,773979,3
-1407845,770515,1
-1407845,770518,2
-1407845,770519,1
-1407845,771672,1
-1407845,771724,1
-1407845,771969,1
-1407845,772596,2
-1407845,772872,1
-1407844,770881,1
-1407844,771145,1
-1407844,771437,1
-1407844,771943,1
-1407844,772637,1
-1407844,772928,1
-1407844,774057,1
-1407844,774064,1
-1407844,774117,1
-1407843,770515,1
-1407843,770558,1
-1407843,771008,1
-1407843,771547,1
-1407843,771736,1
-1407843,771993,1
-1407843,771995,1
-1407843,772334,1
-1407843,772928,1
-1407843,774063,1
-1407842,770518,2
-1407842,770519,1
-1407842,770776,1
-1407842,770924,1
-1407842,771112,1
-1407842,771537,1
-1407842,772051,1
-1407842,772130,7
-1407842,772318,1
-1407842,772757,1
-1407841,770515,11
-1407841,770865,1
-1407841,771571,1
-1407841,771576,1
-1407841,771902,2
-1407841,772169,1
-1407841,772219,1
-1407841,772309,1
-1407841,772356,1
-1407841,772577,1
-1407841,772795,1
-1407841,772922,1
-1407841,773751,1
-1407841,774269,1
-1407840,771116,1
-1407840,771119,1
-1407840,771120,2
-1407840,771123,1
-1407840,771534,1
-1407840,771864,1
-1407840,771953,1
-1407840,772331,1
-1407840,772773,1
-1407840,772889,1
-1407839,770976,1
-1407839,771723,1
-1407839,772319,1
-1407839,772359,1
-1407839,772361,1
-1407839,772362,1
-1407839,772585,1
-1407839,774208,1
-1407838,770519,1
-1407838,770928,1
-1407838,771116,1
-1407838,771523,1
-1407838,772070,1
-1407838,772335,2
-1407838,772763,1
-1407838,773532,1
-1407838,773981,1
-1407838,774196,1
-1407838,774221,1
-1407837,769857,1
-1407837,771119,1
-1407837,771470,1
-1407837,771647,1
-1407837,771945,1
-1407837,772583,1
-1407837,772892,1
-1407837,773246,1
-1407837,773321,1
-1407836,771337,1
-1407836,772344,1
-1407836,772817,1
-1407836,773322,1
-1407836,773325,1
-1407836,773980,1
-1407836,773983,1
-1407836,774166,1
-1407835,769847,1
-1407835,771938,1
-1407835,772816,1
-1407835,772817,3
-1407835,772819,1
-1407835,774037,1
-1407835,774244,1
-1407834,770420,1
-1407834,770504,1
-1407834,770923,1
-1407834,770931,1
-1407834,771534,5
-1407834,772343,1
-1407834,772355,2
-1407834,772357,1
-1407834,772358,1
-1407834,772438,1
-1407834,772820,1
-1407834,772893,1
-1407834,773322,1
-1407834,774144,1
-1407834,774428,1
-1407833,769808,3
-1407833,769844,1
-1407833,770159,34
-1407833,770204,1
-1407833,771631,1
-1407833,771773,1
-1407833,771813,1
-1407833,771825,1
-1407833,772056,1
-1407833,772357,1
-1407833,772576,1
-1407833,773522,1
-1407832,770286,1
-1407832,771632,1
-1407832,771826,1
-1407832,772350,1
-1407832,772354,1
-1407832,773272,1
-1407832,774064,1
-1407831,771759,1
-1407831,771782,1
-1407831,772583,1
-1407831,772824,1
-1407830,770858,1
-1407830,771308,1
-1407830,771740,1
-1407830,771891,1
-1407830,772356,1
-1407830,772446,1
-1407830,772520,1
-1407830,772573,1
-1407830,772866,1
-1407830,774039,1
-1407830,774220,1
-1407829,770209,1
-1407829,771418,1
-1407829,771882,1
-1407829,772133,1
-1407829,772351,1
-1407829,772801,1
-1407828,769855,1
-1407828,770218,2
-1407828,771497,1
-1407828,771770,1
-1407828,772331,1
-1407828,772337,1
-1407828,772587,1
-1407828,772593,1
-1407828,772607,1
-1407828,772816,1
-1407828,772887,3
-1407828,772909,1
-1407828,773415,1
-1407827,771601,1
-1407827,771710,1
-1407827,771735,1
-1407827,771794,1
-1407827,771904,1
-1407827,771916,1
-1407827,772316,1
-1407827,772352,1
-1407827,772584,1
-1407827,772677,1
-1407827,772897,1
-1407827,773357,1
-1407827,773976,1
-1407826,771509,1
-1407826,772320,1
-1407826,772423,1
-1407826,772659,1
-1407826,772792,1
-1407825,771532,1
-1407825,772354,1
-1407825,772624,1
-1407825,772824,1
-1407824,769853,1
-1407824,769863,1
-1407824,771535,1
-1407824,771713,1
-1407824,771738,1
-1407824,771757,1
-1407824,772082,15
-1407824,772339,1
-1407824,772351,1
-1407824,772897,1
-1407824,772898,1
-1407824,772906,1
-1407823,771608,1
-1407823,771744,1
-1407823,772333,4
-1407823,772575,1
-1407823,772681,1
-1407823,772882,1
-1407823,772889,1
-1407823,774151,1
-1407823,774200,1
-1407822,770509,1
-1407822,771518,1
-1407822,772336,1
-1407822,772341,1
-1407822,772347,1
-1407822,772376,1
-1407822,772888,1
-1407821,769807,1
-1407821,771283,1
-1407821,771492,1
-1407821,771683,1
-1407821,772294,1
-1407821,772332,1
-1407821,772891,1
-1407821,773402,1
-1407821,773975,1
-1407821,774303,1
-1407820,769689,1
-1407820,770906,1
-1407820,771280,1
-1407820,771485,1
-1407820,771493,1
-1407820,771509,1
-1407820,771584,1
-1407820,771710,1
-1407820,771753,1
-1407820,771769,1
-1407820,772159,1
-1407820,772336,1
-1407820,772338,1
-1407820,772358,1
-1407820,772410,1
-1407820,772893,1
-1407820,772967,1
-1407820,772970,1
-1407820,773261,1
-1407819,771500,1
-1407819,771569,1
-1407819,771573,1
-1407819,771574,1
-1407819,771717,1
-1407819,771718,1
-1407819,771866,1
-1407819,772340,1
-1407819,772341,1
-1407819,772347,1
-1407819,772655,1
-1407819,772883,1
-1407819,772890,1
-1407819,773681,1
-1407818,770517,1
-1407818,771497,2
-1407818,771685,1
-1407818,771720,1
-1407818,771725,1
-1407818,771726,1
-1407818,771728,1
-1407818,773490,1
-1407818,773967,1
-1407818,774058,1
-1407817,770917,1
-1407817,771393,1
-1407817,771472,7
-1407817,771499,1
-1407817,771502,1
-1407817,771714,1
-1407817,771719,1
-1407817,771720,1
-1407817,771721,1
-1407817,771840,84
-1407817,772341,1
-1407817,772892,1
-1407817,773979,1
-1407817,774043,1
-1407816,771405,1
-1407816,771490,1
-1407816,771491,1
-1407816,771676,2
-1407816,771677,1
-1407816,771717,2
-1407816,771718,1
-1407816,771720,1
-1407816,771721,1
-1407816,771722,1
-1407816,771723,3
-1407816,771726,1
-1407816,771727,2
-1407816,772825,1
-1407816,772880,1
-1407816,772898,1
-1407816,773489,1
-1407816,773997,1
-1407815,769695,1
-1407815,771662,1
-1407815,771676,1
-1407815,771715,1
-1407815,771716,1
-1407815,771720,2
-1407815,771721,9
-1407815,771722,1
-1407815,771723,1
-1407815,771725,1
-1407815,771755,1
-1407815,772841,1
-1407815,773987,1
-1407815,774157,1
-1407814,771669,1
-1407814,771714,1
-1407814,771715,2
-1407814,771718,1
-1407814,771719,1
-1407814,771723,1
-1407814,771724,1
-1407814,773996,1
-1407813,769685,1
-1407813,771499,1
-1407813,771542,1
-1407813,771557,2
-1407813,771667,1
-1407813,771719,1
-1407813,771725,1
-1407813,771727,2
-1407813,771729,1
-1407813,771768,1
-1407813,771863,1
-1407812,769688,1
-1407812,770898,1
-1407812,771600,1
-1407812,771720,1
-1407812,771755,1
-1407812,771830,1
-1407812,771855,1
-1407812,772335,1
-1407812,772338,1
-1407811,771113,1
-1407811,771565,1
-1407811,771661,1
-1407811,771720,1
-1407811,771721,1
-1407811,771723,1
-1407811,771724,2
-1407811,771725,2
-1407811,771728,1
-1407811,772331,1
-1407811,772349,1
-1407811,773396,1
-1407811,774170,1
-1407810,769931,1
-1407810,771451,2
-1407810,771500,1
-1407810,771538,1
-1407810,771557,1
-1407810,771722,1
-1407810,771726,1
-1407810,771739,1
-1407810,772340,1
-1407810,772346,1
-1407810,772605,1
-1407810,773219,1
-1407810,773396,1
-1407809,770379,1
-1407809,770893,1
-1407809,771159,1
-1407809,771495,1
-1407809,771500,1
-1407809,771719,1
-1407809,771724,2
-1407809,771727,1
-1407809,771735,1
-1407809,772251,1
-1407809,772422,1
-1407809,772641,1
-1407808,770903,1
-1407808,771484,1
-1407808,771503,1
-1407808,771722,1
-1407808,771725,1
-1407808,771726,1
-1407808,772801,1
-1407808,773413,1
-1407808,773714,1
-1407808,774012,1
-1407808,774149,1
-1407807,770412,1
-1407807,771131,1
-1407807,771725,1
-1407807,772332,2
-1407807,772498,2
-1407807,772580,1
-1407807,772586,1
-1407807,773285,1
-1407806,770904,1
-1407806,771160,1
-1407806,771725,1
-1407806,771729,1
-1407806,771732,1
-1407806,771737,1
-1407806,772578,1
-1407806,772584,1
-1407806,772586,1
-1407806,772983,1
-1407806,773930,1
-1407805,770364,1
-1407805,770373,1
-1407805,770375,1
-1407805,770877,1
-1407805,771160,2
-1407805,771500,1
-1407805,771506,1
-1407805,771700,1
-1407805,771722,1
-1407805,771725,1
-1407805,771727,1
-1407805,772314,1
-1407805,772335,1
-1407805,772349,1
-1407805,772590,1
-1407805,773692,1
-1407805,774133,1
-1407805,774152,1
-1407805,774382,1
-1407804,769683,1
-1407804,770879,1
-1407804,771164,1
-1407804,771496,1
-1407804,771502,1
-1407804,772330,1
-1407804,772343,2
-1407804,772354,1
-1407804,772501,3
-1407804,772586,1
-1407803,770877,1
-1407803,770879,1
-1407803,771155,1
-1407803,771472,1
-1407803,771701,1
-1407803,772301,1
-1407803,772591,1
-1407803,773814,1
-1407802,770872,1
-1407802,770879,1
-1407802,770881,1
-1407802,770959,1
-1407802,771164,1
-1407802,771428,1
-1407802,771476,1
-1407802,771500,2
-1407802,771722,1
-1407802,771779,1
-1407802,772335,2
-1407802,772986,1
-1407802,772996,1
-1407802,774060,1
-1407802,774349,1
-1407801,770870,1
-1407801,771482,1
-1407801,771501,1
-1407801,771714,1
-1407801,771722,1
-1407801,772237,1
-1407801,772301,1
-1407801,772323,1
-1407801,772326,6
-1407801,772328,1
-1407801,772331,1
-1407801,772419,1
-1407800,770867,1
-1407800,770882,1
-1407800,771109,1
-1407800,771128,1
-1407800,771497,1
-1407800,771720,1
-1407800,771867,1
-1407800,772239,2
-1407800,772342,1
-1407800,772592,1
-1407800,774345,1
-1407799,771059,1
-1407799,771500,1
-1407799,771724,1
-1407799,771728,1
-1407799,772335,1
-1407798,770476,1
-1407798,770550,1
-1407798,770682,2
-1407798,771010,1
-1407798,771135,1
-1407798,771564,1
-1407798,771609,1
-1407798,771718,1
-1407798,771723,1
-1407798,771725,2
-1407798,772331,1
-1407798,772568,1
-1407798,772569,1
-1407798,773350,1
-1407798,773461,1
-1407798,773497,1
-1407798,774350,1
-1407797,770819,1
-1407797,771057,1
-1407797,771112,1
-1407797,771491,1
-1407797,771493,1
-1407797,771719,1
-1407797,772234,1
-1407797,772236,1
-1407797,772565,1
-1407797,772588,1
-1407797,772623,1
-1407797,772646,1
-1407797,772919,1
-1407797,773721,1
-1407797,774050,1
-1407796,770354,1
-1407796,771472,1
-1407796,771704,1
-1407796,771705,1
-1407796,771722,1
-1407796,771727,1
-1407796,772162,1
-1407796,772249,1
-1407796,772971,1
-1407795,770289,1
-1407795,771718,1
-1407795,771723,1
-1407795,772892,1
-1407795,773307,1
-1407795,773708,1
-1407794,771227,1
-1407794,771716,1
-1407794,772308,1
-1407794,772383,1
-1407794,772435,1
-1407794,772623,1
-1407794,773702,1
-1407794,773705,1
-1407794,773706,1
-1407793,771131,1
-1407793,771133,1
-1407793,771492,1
-1407793,771715,1
-1407793,772274,1
-1407793,772330,1
-1407793,772630,1
-1407793,773703,1
-1407793,773722,1
-1407792,770381,1
-1407792,771716,4
-1407792,771718,1
-1407792,771719,1
-1407792,771924,1
-1407792,772325,1
-1407792,772326,1
-1407792,772397,1
-1407792,772633,1
-1407792,773701,1
-1407792,773705,1
-1407792,773725,1
-1407791,770281,1
-1407791,771135,1
-1407791,771445,1
-1407791,771472,1
-1407791,771716,1
-1407791,771717,1
-1407791,771731,1
-1407791,772089,1
-1407791,772234,1
-1407791,772309,1
-1407791,772432,1
-1407791,773722,1
-1407790,770368,1
-1407790,771133,1
-1407790,771706,1
-1407790,771715,1
-1407790,772248,1
-1407790,772320,1
-1407790,772331,1
-1407790,772344,1
-1407790,772584,1
-1407790,772610,1
-1407790,772618,1
-1407790,773342,1
-1407790,773777,1
-1407790,774059,1
-1407789,771715,1
-1407789,771717,1
-1407789,771721,1
-1407789,772623,1
-1407789,772628,1
-1407789,772633,1
-1407789,772650,1
-1407789,773511,1
-1407789,773749,1
-1407789,774091,1
-1407789,774110,1
-1407788,770361,1
-1407788,771471,1
-1407788,771582,1
-1407788,771715,1
-1407788,771716,1
-1407788,771717,1
-1407788,771718,1
-1407788,771719,2
-1407788,772231,1
-1407788,772318,1
-1407788,772326,1
-1407788,772328,2
-1407788,772633,5
-1407788,772647,1
-1407788,773757,1
-1407788,773761,1
-1407787,771450,1
-1407787,771644,1
-1407787,771709,1
-1407787,771717,1
-1407787,771718,1
-1407787,771723,1
-1407787,771750,1
-1407787,771752,1
-1407787,772323,1
-1407787,772611,1
-1407787,772616,1
-1407787,772618,1
-1407787,772621,2
-1407787,772635,1
-1407787,773403,1
-1407787,773512,1
-1407786,769932,1
-1407786,770725,1
-1407786,771492,1
-1407786,771711,1
-1407786,771715,1
-1407786,771717,2
-1407786,772312,1
-1407786,772322,1
-1407786,772340,1
-1407786,772583,1
-1407786,772613,1
-1407786,772623,1
-1407786,772639,1
-1407786,772773,1
-1407786,773708,1
-1407785,771308,1
-1407785,771710,1
-1407785,771712,1
-1407785,771713,1
-1407785,771714,1
-1407785,771715,113
-1407785,771717,1
-1407785,772319,1
-1407785,772426,1
-1407785,772601,1
-1407785,772625,1
-1407785,773742,1
-1407785,773756,1
-1407784,770386,1
-1407784,771708,1
-1407784,771711,1
-1407784,771718,1
-1407784,771719,1
-1407784,772256,1
-1407784,772620,1
-1407784,772644,1
-1407784,773527,1
-1407784,773748,1
-1407783,770363,1
-1407783,770899,1
-1407783,771460,1
-1407783,771709,1
-1407783,771710,1
-1407783,771711,2
-1407783,771712,2
-1407783,771714,3
-1407783,771715,1
-1407783,772249,2
-1407783,772324,1
-1407783,772598,1
-1407783,772608,15
-1407783,772626,1
-1407783,772629,1
-1407783,773527,1
-1407782,771567,3
-1407782,771709,1
-1407782,771714,1
-1407782,771715,1
-1407782,771721,1
-1407782,771722,1
-1407782,772257,1
-1407782,772586,1
-1407782,772594,1
-1407782,772607,1
-1407782,772613,1
-1407782,774422,1
-1407781,771574,1
-1407781,771708,1
-1407781,771712,1
-1407781,771715,1
-1407781,771993,1
-1407781,772163,1
-1407781,772344,2
-1407781,772601,1
-1407781,772608,1
-1407781,772612,1
-1407781,772613,1
-1407781,772636,1
-1407781,772647,1
-1407781,772653,1
-1407781,774413,1
-1407780,771706,1
-1407780,771709,1
-1407780,771710,1
-1407780,771711,1
-1407780,771722,1
-1407780,772023,1
-1407780,772327,1
-1407780,772607,1
-1407780,772612,1
-1407780,772613,1
-1407780,772629,1
-1407780,773038,1
-1407780,773759,1
-1407779,770884,1
-1407779,771634,1
-1407779,771705,1
-1407779,771709,1
-1407779,771712,2
-1407779,772248,1
-1407779,772601,1
-1407779,772603,1
-1407779,772604,2
-1407779,772614,1
-1407779,772621,1
-1407779,772628,1
-1407779,772642,1
-1407779,772648,1
-1407779,773106,1
-1407779,773531,1
-1407778,770533,3
-1407778,770899,1
-1407778,771507,1
-1407778,771708,1
-1407778,771926,1
-1407778,772223,1
-1407778,772263,1
-1407778,772592,1
-1407778,772619,2
-1407778,773732,1
-1407778,774167,1
-1407777,771890,1
-1407777,772000,1
-1407777,772219,1
-1407777,772238,1
-1407777,772253,1
-1407777,772259,1
-1407777,772607,1
-1407777,772613,1
-1407777,772641,1
-1407777,772804,1
-1407777,772954,1
-1407777,774022,1
-1407776,771456,1
-1407776,771482,1
-1407776,771711,1
-1407776,772249,1
-1407776,772317,1
-1407776,772615,1
-1407776,772617,1
-1407775,771456,1
-1407775,771475,1
-1407775,771614,1
-1407775,771712,1
-1407775,771994,1
-1407775,772242,1
-1407775,772250,1
-1407775,772254,1
-1407775,772255,1
-1407775,773729,1
-1407775,773766,1
-1407775,774124,1
-1407774,771994,1
-1407774,772247,5
-1407774,772250,1
-1407774,772258,1
-1407774,772263,1
-1407774,772320,1
-1407774,772324,1
-1407774,772329,1
-1407774,772335,1
-1407774,772343,1
-1407774,772587,1
-1407774,774134,1
-1407773,770889,1
-1407773,770922,1
-1407773,772227,1
-1407773,772250,1
-1407773,772259,1
-1407773,772307,1
-1407773,772555,1
-1407773,773049,1
-1407773,773054,1
-1407773,773694,8
-1407773,774133,1
-1407773,774140,1
-1407772,771703,1
-1407772,771993,1
-1407772,772249,1
-1407772,772262,1
-1407772,772420,1
-1407772,772942,1
-1407772,772948,1
-1407771,770975,1
-1407771,771467,2
-1407771,772236,1
-1407771,772260,1
-1407771,772298,1
-1407771,772644,2
-1407771,773678,1
-1407771,773715,1
-1407770,770882,1
-1407770,772245,1
-1407770,772300,1
-1407770,772328,1
-1407770,772623,17
-1407770,774126,1
-1407770,774402,1
-1407769,771578,1
-1407769,772248,1
-1407769,772250,1
-1407769,772259,1
-1407769,772322,1
-1407769,772815,1
-1407769,773116,1
-1407769,774129,1
-1407768,769937,1
-1407768,771448,1
-1407768,771591,1
-1407768,772249,2
-1407768,772258,2
-1407768,772302,1
-1407768,772305,2
-1407768,772312,1
-1407768,772586,1
-1407768,772645,1
-1407768,774126,1
-1407767,772074,1
-1407767,772241,1
-1407767,772252,1
-1407767,772256,1
-1407767,772257,1
-1407767,772266,1
-1407767,772267,1
-1407767,772391,1
-1407767,772395,1
-1407767,772628,1
-1407767,773261,1
-1407767,773691,1
-1407767,773765,1
-1407767,774178,1
-1407767,774188,1
-1407767,774374,1
-1407766,770921,1
-1407766,771181,1
-1407766,771888,3
-1407766,772222,1
-1407766,772235,1
-1407766,772250,1
-1407766,772504,1
-1407766,773536,1
-1407766,773615,1
-1407765,771168,6
-1407765,771671,10
-1407765,772250,1
-1407765,772254,1
-1407765,772262,1
-1407765,772313,1
-1407765,772314,1
-1407765,773710,1
-1407764,771571,10
-1407764,772239,1
-1407764,772247,1
-1407764,772256,1
-1407764,772395,1
-1407764,772631,1
-1407764,773529,1
-1407764,774370,1
-1407763,770875,1
-1407763,771168,3
-1407763,771169,1
-1407763,771178,1
-1407763,772235,1
-1407763,772237,1
-1407763,772238,1
-1407763,772240,1
-1407763,772245,2
-1407763,772256,1
-1407763,772311,1
-1407763,772618,1
-1407763,773037,1
-1407762,770372,1
-1407762,770601,2
-1407762,771876,1
-1407762,772234,1
-1407762,772237,1
-1407762,772238,1
-1407762,772596,2
-1407762,772623,1
-1407762,773059,1
-1407762,773178,1
-1407761,770372,1
-1407761,772224,1
-1407761,772234,1
-1407761,772235,1
-1407761,772258,1
-1407761,772308,2
-1407761,772589,1
-1407761,772602,1
-1407761,773527,1
-1407761,773720,4
-1407760,770371,1
-1407760,771174,1
-1407760,771686,1
-1407760,771721,1
-1407760,772235,1
-1407760,772236,1
-1407760,772244,3
-1407760,772245,1
-1407760,772384,1
-1407760,772386,1
-1407760,772616,1
-1407760,772617,2
-1407760,772626,1
-1407760,773192,1
-1407759,770371,1
-1407759,770703,1
-1407759,771685,1
-1407759,771803,2
-1407759,772239,1
-1407759,772244,1
-1407759,772249,1
-1407759,772252,1
-1407759,772308,2
-1407759,772382,1
-1407759,774116,1
-1407758,769699,1
-1407758,769920,1
-1407758,770874,1
-1407758,771264,1
-1407758,771683,1
-1407758,771686,1
-1407758,771722,1
-1407758,771728,1
-1407758,771733,3
-1407758,771889,1
-1407758,772013,1
-1407758,772236,1
-1407758,772242,1
-1407758,772248,2
-1407758,772258,1
-1407758,772262,1
-1407758,772264,1
-1407758,772270,1
-1407758,772304,1
-1407758,772305,1
-1407758,772617,1
-1407758,772624,1
-1407758,773042,1
-1407758,773202,1
-1407758,773321,1
-1407758,773453,1
-1407758,773499,1
-1407758,773772,1
-1407757,770876,1
-1407757,771638,1
-1407757,771685,1
-1407757,771724,1
-1407757,771725,1
-1407757,771730,1
-1407757,772234,2
-1407757,772235,1
-1407757,772238,1
-1407757,772239,1
-1407757,772262,1
-1407757,772263,1
-1407757,772308,3
-1407757,772628,1
-1407757,773109,1
-1407756,770580,1
-1407756,771647,1
-1407756,771685,1
-1407756,771752,1
-1407756,771902,1
-1407756,772238,1
-1407756,772248,10
-1407756,772258,2
-1407756,772259,1
-1407756,772622,24
-1407756,773771,1
-1407755,771638,2
-1407755,771724,1
-1407755,771725,2
-1407755,771730,1
-1407755,771733,2
-1407755,771752,1386
-1407755,772237,1
-1407755,772252,15
-1407755,772253,1
-1407755,772403,1
-1407755,772595,1
-1407755,772617,1
-1407755,772624,1
-1407755,772625,1
-1407755,772639,1
-1407755,772968,1
-1407754,770880,3
-1407754,771684,1
-1407754,771733,1
-1407754,772236,1
-1407754,772240,1
-1407754,772243,1
-1407754,772246,1
-1407754,772619,1
-1407754,774430,1
-1407753,770887,1
-1407753,771331,1
-1407753,771490,1
-1407753,771627,1
-1407753,771633,1
-1407753,772236,1
-1407753,772238,2
-1407753,772239,6
-1407753,772243,1
-1407753,772250,10
-1407753,772263,1
-1407753,772268,1
-1407753,772304,2
-1407753,772313,1
-1407753,772422,1
-1407753,772628,1
-1407753,773079,1
-1407753,773410,1
-1407753,773435,1
-1407753,773453,1
-1407753,773786,1
-1407752,769706,7
-1407752,771383,1
-1407752,771536,1
-1407752,771722,1
-1407752,771727,1
-1407752,772216,1
-1407752,772230,1
-1407752,772234,1
-1407752,772240,1
-1407752,772251,1
-1407752,772254,1
-1407752,772255,1
-1407752,772302,1
-1407752,772599,1
-1407751,771485,1
-1407751,771625,1
-1407751,772214,1
-1407751,772231,1
-1407751,772247,8
-1407751,772252,7
-1407751,772259,1
-1407751,772261,1
-1407751,772500,1
-1407751,772619,1
-1407751,772630,1
-1407751,772640,1
-1407751,773698,1
-1407750,770864,1
-1407750,771486,1
-1407750,771627,1
-1407750,771756,1
-1407750,772224,1
-1407750,772237,1
-1407750,772249,1
-1407750,772253,2
-1407750,772301,2
-1407750,772619,1
-1407750,772621,1
-1407750,772622,1
-1407750,772962,1
-1407750,773676,1
-1407749,771342,1
-1407749,771678,8
-1407749,772155,1
-1407749,772169,1
-1407749,772234,1
-1407749,772235,1
-1407749,772236,1
-1407749,772239,1
-1407749,772241,4
-1407749,772257,1
-1407749,772265,1
-1407749,772293,1
-1407749,772613,1
-1407749,772620,1
-1407749,772624,2
-1407749,772627,1
-1407749,772633,1
-1407749,772641,1
-1407749,772962,1
-1407749,773103,1
-1407749,773813,1
-1407749,774435,1
-1407748,772085,1
-1407748,772226,1
-1407748,772248,3
-1407748,772250,2
-1407748,772251,1
-1407748,772252,1
-1407748,772259,1
-1407748,772299,1
-1407748,772302,1
-1407748,772401,1
-1407748,772423,1
-1407748,772613,1
-1407747,771424,1
-1407747,772231,1
-1407747,772247,1
-1407747,772248,1
-1407747,772306,1
-1407747,772312,1
-1407747,772621,1
-1407747,772634,1
-1407747,772961,1
-1407747,773024,1
-1407747,774348,1
-1407746,770859,1
-1407746,771577,2
-1407746,772080,1
-1407746,772239,2
-1407746,772244,2
-1407746,772250,8
-1407746,772259,1
-1407746,772616,1
-1407746,772619,1
-1407746,772621,1
-1407746,772628,1
-1407746,772666,1
-1407745,770821,1
-1407745,770883,1
-1407745,771480,1
-1407745,772223,1
-1407745,772239,1
-1407745,772244,8
-1407745,772249,1
-1407745,772256,1
-1407745,772283,1
-1407745,772623,1
-1407744,770863,1
-1407744,770882,1
-1407744,771811,1
-1407744,772229,1
-1407744,772246,1
-1407744,772248,7
-1407744,772250,1
-1407744,772263,1
-1407744,772396,1
-1407744,772591,1
-1407744,772627,1
-1407744,773933,1
-1407744,774186,1
-1407744,774353,1
-1407743,770864,1
-1407743,771407,1
-1407743,772238,1
-1407743,772250,14
-1407743,772264,1
-1407743,772612,11
-1407743,772613,5
-1407743,772616,1
-1407743,772623,2
-1407743,773711,1
-1407743,773757,1
-1407743,773869,1
-1407743,774211,1
-1407742,770512,1
-1407742,770861,1
-1407742,771618,1
-1407742,771684,1
-1407742,771803,1
-1407742,772218,1
-1407742,772232,1
-1407742,772238,1
-1407742,772240,1
-1407742,772250,11
-1407742,772293,1
-1407742,772309,1
-1407742,772616,2
-1407742,772622,1
-1407742,773515,1
-1407741,771676,1
-1407741,772238,1
-1407741,772242,1
-1407741,772256,1
-1407741,772364,1
-1407741,773402,1
-1407741,774386,1
-1407740,771634,1
-1407740,771651,1
-1407740,772237,1
-1407740,772238,2
-1407740,772245,1
-1407740,772249,1
-1407740,772257,1
-1407740,772426,1
-1407740,772645,1
-1407740,773590,1
-1407740,773768,1
-1407739,771616,5
-1407739,772217,1
-1407739,772239,1
-1407739,772240,1
-1407739,772251,1
-1407739,772253,1
-1407739,772444,1
-1407739,772569,1
-1407739,772620,1
-1407739,773877,1
-1407739,774152,1
-1407739,774381,1
-1407738,770652,1
-1407738,771373,1
-1407738,771711,1
-1407738,771990,1
-1407738,772248,6
-1407738,772254,1
-1407738,772601,1
-1407738,772613,1
-1407738,772623,1
-1407738,772649,1
-1407738,773429,1
-1407738,774144,1
-1407737,771657,1
-1407737,771661,1
-1407737,772247,1
-1407737,772248,7
-1407737,772254,1
-1407737,772275,1
-1407737,772296,1
-1407737,772613,1
-1407737,772617,1
-1407737,772631,1
-1407737,772732,1
-1407737,773762,1
-1407736,770860,1
-1407736,771372,1
-1407736,771373,1
-1407736,771454,1
-1407736,771663,1
-1407736,771669,1
-1407736,772220,1
-1407736,772238,1
-1407736,772239,1
-1407736,772243,1
-1407736,772248,1
-1407736,772250,1
-1407736,772251,3
-1407736,772260,1
-1407736,772261,1
-1407736,772595,1
-1407736,774196,1
-1407735,771374,1
-1407735,771961,1
-1407735,772222,2
-1407735,772224,3
-1407735,772241,1
-1407735,772249,2
-1407735,772250,1
-1407735,772599,2
-1407735,772618,1
-1407735,772631,1
-1407735,772646,1
-1407735,772719,1
-1407735,773426,1
-1407735,773694,1
-1407735,774277,1
-1407735,774278,1
-1407734,771654,1
-1407734,771655,1
-1407734,771660,1
-1407734,771954,1
-1407734,772220,1
-1407734,772237,1
-1407734,772243,3
-1407734,772244,1
-1407734,772249,1
-1407734,772252,2
-1407734,772408,1
-1407734,772716,1
-1407734,773075,1
-1407734,773150,1
-1407734,773769,1
-1407734,773776,1
-1407733,770703,1
-1407733,771592,2
-1407733,771615,1
-1407733,772158,1
-1407733,772240,1
-1407733,772241,1
-1407733,772247,1
-1407733,772251,2
-1407733,772255,1
-1407733,772638,1
-1407733,772718,1
-1407733,772843,1
-1407733,773517,1
-1407733,774275,1
-1407732,770836,1
-1407732,771372,1
-1407732,772242,1
-1407732,772245,1
-1407732,772246,1
-1407732,772247,1
-1407732,772250,2
-1407731,771562,1
-1407731,771607,1
-1407731,771676,1
-1407731,772229,1
-1407731,772241,1
-1407731,772251,1
-1407731,772379,1
-1407731,772633,1
-1407731,773074,1
-1407731,774127,1
-1407731,774279,1
-1407730,771661,1
-1407730,771666,1
-1407730,771805,1
-1407730,772242,2
-1407730,772244,1
-1407730,772248,1
-1407730,772253,1
-1407730,772257,1
-1407730,772595,1
-1407730,773079,1
-1407730,773105,1
-1407730,773510,1
-1407730,773515,1
-1407729,771433,1
-1407729,771665,1
-1407729,772199,1
-1407729,772237,1
-1407729,772238,1
-1407729,774272,1
-1407729,774275,1
-1407728,770552,1
-1407728,771391,1
-1407728,771652,1
-1407728,771671,1
-1407728,772245,1
-1407728,772255,1
-1407728,773687,1
-1407728,774276,1
-1407727,770580,1
-1407727,772158,1
-1407727,772220,1
-1407727,772224,1
-1407727,772240,1
-1407727,772244,1
-1407727,772245,1
-1407727,772248,1
-1407727,772250,1
-1407727,773096,2
-1407726,770352,1
-1407726,770657,1
-1407726,770967,1
-1407726,771586,1
-1407726,772237,5
-1407726,772240,1
-1407726,772246,1
-1407726,772249,1
-1407726,772251,1
-1407726,772257,1
-1407726,772374,1
-1407726,772593,1
-1407726,773081,1
-1407726,773150,1
-1407726,774353,1
-1407725,770524,1
-1407725,770525,1
-1407725,771260,1
-1407725,771659,1
-1407725,772031,1
-1407725,772218,1
-1407725,772235,1
-1407725,772238,1
-1407725,772240,1
-1407725,772241,1
-1407725,772242,1
-1407725,772245,1
-1407725,772246,2
-1407725,772317,1
-1407725,773068,1
-1407725,773182,1
-1407725,774349,1
-1407724,772208,1
-1407724,772214,1
-1407724,772219,1
-1407724,772236,24
-1407724,772239,1
-1407724,772240,1
-1407724,772244,1
-1407724,773401,1
-1407724,773768,1
-1407724,774321,1
-1407723,770677,1
-1407723,772221,1
-1407723,772234,1
-1407723,772240,5
-1407723,772244,1
-1407723,772248,1
-1407723,772252,5
-1407723,772380,1
-1407723,772663,1
-1407723,772674,1
-1407723,772727,1
-1407723,773112,1
-1407722,770516,1
-1407722,770966,1
-1407722,772195,2
-1407722,772227,1
-1407722,772236,1
-1407722,772239,1
-1407722,772240,1
-1407722,772243,5
-1407722,773062,1
-1407722,773683,1
-1407722,774022,1
-1407722,774245,1
-1407721,770571,1
-1407721,770583,2
-1407721,772226,2
-1407721,772227,1
-1407721,772235,1
-1407721,772245,2
-1407721,772248,1
-1407721,772371,1
-1407721,772728,1
-1407721,772830,1
-1407721,772999,1
-1407721,773440,1
-1407720,772219,1
-1407720,772231,1
-1407720,772239,1
-1407720,772248,1
-1407720,772372,1
-1407720,772375,1
-1407720,773098,1
-1407720,773295,1
-1407720,773426,1
-1407720,774107,1
-1407720,774233,1
-1407719,771380,1
-1407719,771891,1
-1407719,772223,1
-1407719,772224,1
-1407719,772225,1
-1407719,772243,1
-1407719,772245,1
-1407719,772246,11
-1407719,772251,1
-1407719,772464,2
-1407719,773176,1
-1407719,774273,1
-1407718,771535,1
-1407718,772066,1
-1407718,772219,1
-1407718,772224,1
-1407718,772225,1
-1407718,772241,2
-1407718,772242,1
-1407718,772244,2
-1407718,772247,1
-1407718,774190,1
-1407717,771351,1
-1407717,772240,7
-1407717,772241,1
-1407717,772246,1
-1407717,772248,1
-1407717,772361,1
-1407717,773013,1
-1407717,774324,1
-1407716,771379,1
-1407716,771619,1
-1407716,771893,1
-1407716,772226,304
-1407716,772227,1
-1407716,772228,1
-1407716,772235,1
-1407716,772237,3
-1407716,772254,2
-1407716,772367,1
-1407716,773012,1
-1407715,772229,1
-1407715,772238,2
-1407715,772245,1
-1407715,773009,1
-1407715,773010,1
-1407715,774093,1
-1407715,774173,1
-1407714,770675,1
-1407714,771889,1
-1407714,771906,1
-1407714,772036,1
-1407714,772235,1
-1407714,772612,1
-1407714,772826,1
-1407714,773008,1
-1407714,773112,1
-1407714,773183,1
-1407714,774381,1
-1407713,770872,2
-1407713,771517,1
-1407713,772219,1
-1407713,772234,1
-1407713,772241,3
-1407713,772242,1
-1407713,772244,1
-1407713,772345,1
-1407713,772848,1
-1407713,773069,1
-1407713,773110,1
-1407713,773252,1
-1407713,773427,1
-1407713,773519,1
-1407713,774091,1
-1407713,774358,1
-1407712,769717,1
-1407712,771474,1
-1407712,771705,2
-1407712,771892,1
-1407712,772225,1
-1407712,772230,1
-1407712,772251,1
-1407712,772363,1
-1407712,772368,1
-1407712,773428,1
-1407712,773537,1
-1407711,771849,1
-1407711,771890,1
-1407711,772043,1
-1407711,772226,1
-1407711,772241,1
-1407711,772242,1
-1407711,772249,1
-1407711,773581,1
-1407711,774442,1
-1407710,771902,1
-1407710,772242,1
-1407710,772243,1
-1407710,772258,1
-1407710,774216,1
-1407709,771850,1
-1407709,772237,1
-1407709,774384,1
-1407708,771405,1
-1407708,771631,1
-1407708,771636,1
-1407708,771904,1
-1407708,772355,1
-1407708,772356,1
-1407708,772370,1
-1407708,772602,1
-1407708,773190,1
-1407707,771636,1
-1407707,771848,1
-1407707,771899,1
-1407707,773054,1
-1407707,773516,1
-1407707,773676,2
-1407706,771213,1
-1407706,771627,1
-1407706,771629,1
-1407706,771849,1
-1407706,772200,1
-1407706,772229,1
-1407706,772366,1
-1407706,773256,1
-1407706,773655,1
-1407706,773676,1
-1407705,771634,1
-1407705,771846,1
-1407705,771862,1
-1407705,772230,1
-1407705,773202,1
-1407705,773424,1
-1407705,773483,2
-1407704,771632,1
-1407704,771858,1
-1407704,771864,1
-1407704,771867,13
-1407704,772162,1
-1407704,772376,1
-1407704,772381,1
-1407704,772823,1
-1407704,772991,1
-1407704,774060,1
-1407703,771629,1
-1407703,772385,1
-1407703,773052,1
-1407703,773085,1
-1407702,770924,1
-1407702,771560,1
-1407702,771693,1
-1407702,771848,2
-1407702,771850,1
-1407702,772363,1
-1407702,772387,1
-1407702,773402,1
-1407702,773428,1
-1407702,773674,1
-1407702,773959,1
-1407701,771624,1
-1407701,771628,1
-1407701,771849,1
-1407701,771886,1
-1407701,771951,1
-1407701,773093,1
-1407700,771212,2
-1407700,771628,1
-1407700,771629,1
-1407700,771630,2
-1407700,771631,1
-1407700,771633,1
-1407700,771792,1
-1407700,771856,1
-1407700,771859,1
-1407700,771865,1
-1407700,771894,1
-1407700,771943,1
-1407700,772141,1
-1407700,772359,1
-1407700,772374,1
-1407699,771305,1
-1407699,771624,1
-1407699,771627,1
-1407699,771639,1
-1407699,771640,1
-1407699,771911,1
-1407699,772001,1
-1407699,772232,1
-1407699,772369,1
-1407698,770555,1
-1407698,771600,1
-1407698,771625,1
-1407698,771629,2
-1407698,771639,2
-1407698,771754,1
-1407698,771903,1
-1407698,773405,1
-1407698,773435,1
-1407698,773483,4
-1407697,770812,1
-1407697,771627,1
-1407697,771629,1
-1407697,771632,1
-1407697,772275,1
-1407697,773478,1
-1407696,769917,1
-1407696,771227,1
-1407696,771621,1
-1407696,771623,2
-1407696,771625,3
-1407696,771903,1
-1407696,772107,1
-1407696,773325,1
-1407696,773482,6
-1407696,773488,1
-1407695,769919,2
-1407695,771260,1
-1407695,771627,1
-1407695,771628,1
-1407695,771629,1
-1407695,771631,1
-1407695,771657,1
-1407695,771869,1
-1407695,771878,1
-1407695,771904,1
-1407695,772000,1
-1407695,772146,1
-1407695,772829,1
-1407695,773647,1
-1407694,771212,1
-1407694,771623,1
-1407694,771624,1
-1407694,771627,1
-1407694,773707,1
-1407693,769918,1
-1407693,769920,1
-1407693,770660,1
-1407693,771049,5
-1407693,771219,1
-1407693,771630,1
-1407693,771871,1
-1407693,771901,1
-1407693,772825,1
-1407693,773076,1
-1407692,769917,2
-1407692,769922,1
-1407692,771562,1
-1407692,771601,1
-1407692,771625,1
-1407692,771642,1
-1407692,772271,1
-1407692,772775,1
-1407692,773040,1
-1407692,773589,1
-1407692,773667,1
-1407692,773823,1
-1407691,770025,2
-1407691,771609,1
-1407691,772717,1
-1407691,773548,6
-1407691,773651,1
-1407690,769920,3
-1407690,771618,1
-1407690,771886,1
-1407690,772336,1
-1407690,772372,1
-1407690,772779,1
-1407690,772831,1
-1407689,771215,1
-1407689,771389,1
-1407689,771631,1
-1407689,772881,1
-1407689,772985,1
-1407688,770869,1
-1407688,771605,2
-1407688,771607,1
-1407688,771629,1
-1407688,771882,1
-1407688,774174,1
-1407688,774374,1
-1407687,771286,1
-1407687,771605,1
-1407687,771610,1
-1407687,772722,1
-1407687,772724,1
-1407687,772832,1
-1407687,772866,1
-1407687,772987,1
-1407686,770494,1
-1407686,771228,1
-1407686,771465,1
-1407686,771601,1
-1407686,771610,2
-1407686,771611,2
-1407686,771626,1
-1407686,771630,1
-1407686,772515,2
-1407686,772567,1
-1407686,772719,1
-1407686,772790,1
-1407686,773637,1
-1407686,773814,1
-1407685,771604,1
-1407685,771605,1
-1407685,772989,1
-1407685,773454,1
-1407685,773586,1
-1407684,769916,5
-1407684,771623,1
-1407684,772135,1
-1407684,772714,1
-1407684,772769,1
-1407684,772803,1
-1407684,773065,1
-1407684,773635,1
-1407684,774318,1
-1407683,772054,1
-1407683,772635,1
-1407683,772649,1
-1407683,772783,1
-1407683,773045,1
-1407683,773480,1
-1407683,773646,1
-1407683,774322,1
-1407682,771626,1
-1407682,771652,1
-1407682,772149,2
-1407682,772711,1
-1407682,772796,1
-1407682,773405,1
-1407682,773661,1
-1407682,774223,1
-1407681,772786,1
-1407681,773488,1
-1407681,774094,1
-1407681,774299,1
-1407681,774304,1
-1407680,771577,1
-1407680,772134,1
-1407680,772324,1
-1407680,772693,1
-1407679,771624,1
-1407679,771638,1
-1407678,770862,1
-1407678,771952,1
-1407678,772140,1
-1407678,772247,1
-1407678,772702,1
-1407678,774281,1
-1407677,771216,1
-1407677,772802,1
-1407676,770853,1
-1407676,771623,1
-1407676,771820,1
-1407676,773397,1
-1407675,771626,1
-1407675,771949,2
-1407675,771952,1
-1407675,772109,1
-1407675,772275,1
-1407674,771224,1
-1407674,771927,1
-1407674,771949,1
-1407674,772344,1
-1407674,772801,1
-1407673,770547,1
-1407673,771818,1
-1407673,771949,2
-1407673,772265,1
-1407673,772636,1
-1407673,774059,1
-1407672,770811,1
-1407672,772104,1
-1407672,772141,1
-1407672,773082,1
-1407672,773085,1
-1407672,774240,1
-1407672,774248,1
-1407671,771942,1
-1407671,771949,1
-1407671,772268,1
-1407671,772343,1
-1407671,772344,1
-1407671,773109,1
-1407670,771227,1
-1407670,771944,1
-1407670,771947,1
-1407670,773358,1
-1407670,774359,1
-1407669,770649,1
-1407669,771170,1
-1407669,771238,1
-1407669,771798,1
-1407669,772005,1
-1407669,772318,1
-1407669,772426,1
-1407669,774329,1
-1407668,769909,9
-1407668,774057,1
-1407667,771518,1
-1407667,771679,1
-1407667,771682,1
-1407667,771811,1
-1407667,772267,1
-1407667,774053,1
-1407666,771211,1
-1407666,772628,1
-1407666,772631,1
-1407665,771621,1
-1407665,772324,1
-1407665,772627,1
-1407665,772628,1
-1407665,774328,1
-1407664,770429,1
-1407664,770450,1
-1407664,771229,1
-1407664,772579,1
-1407664,774057,1
-1407663,771238,1
-1407663,771619,1
-1407663,771622,56
-1407663,771795,1
-1407663,772402,1
-1407663,773068,1
-1407663,774056,1
-1407663,774329,1
-1407662,772355,1
-1407662,772637,1
-1407662,772728,1
-1407661,771797,1
-1407660,771307,1
-1407660,771389,1
-1407660,771469,1
-1407660,771951,1
-1407660,772882,1
-1407659,772693,1
-1407659,772727,1
-1407659,773593,1
-1407658,770985,1
-1407658,771624,1
-1407658,772766,1
-1407658,774235,1
-1407657,770193,1
-1407657,770425,1
-1407657,772170,1
-1407657,772343,1
-1407657,772506,1
-1407657,772792,1
-1407657,773470,1
-1407657,773599,1
-1407656,770759,1
-1407656,772364,1
-1407656,774285,1
-1407655,771856,1
-1407655,772117,1
-1407655,772714,1
-1407655,772781,1
-1407655,773290,1
-1407654,771244,1
-1407654,771788,1
-1407654,771814,1
-1407654,772795,1
-1407653,769887,1
-1407653,770690,1
-1407653,771228,1
-1407653,771232,1
-1407653,771619,8
-1407653,772093,1
-1407653,772341,1
-1407653,772752,1
-1407653,772770,1
-1407653,772793,1
-1407652,771229,1
-1407652,772437,1
-1407651,771907,1
-1407651,773399,1
-1407651,773401,1
-1407651,774335,1
-1407650,771228,1
-1407650,772097,1
-1407650,772396,1
-1407650,772589,1
-1407650,772766,1
-1407650,774139,5
-1407649,771226,1
-1407649,771620,1
-1407649,771963,1
-1407649,772040,1
-1407649,772097,1
-1407649,772594,1
-1407649,773413,1
-1407649,773585,1
-1407648,771185,1
-1407648,772098,1
-1407648,772099,1
-1407648,773581,1
-1407648,773582,2
-1407647,770992,1
-1407647,771388,1
-1407647,772097,1
-1407647,772098,1
-1407647,772100,1
-1407647,772154,1
-1407647,772304,1
-1407647,772590,1
-1407647,772749,1
-1407647,773413,1
-1407647,773580,1
-1407646,770408,1
-1407646,770989,1
-1407646,771069,1
-1407646,771775,1
-1407646,771922,1
-1407646,772331,1
-1407646,772392,1
-1407646,772613,1
-1407646,772827,1
-1407646,773573,1
-1407645,770988,2
-1407645,770989,1
-1407645,771235,1
-1407645,771240,2
-1407645,771259,1
-1407645,771830,1
-1407645,772159,1
-1407645,772655,2
-1407645,772682,1
-1407645,772778,1
-1407644,769896,1
-1407644,770988,1
-1407644,770989,1
-1407644,770990,3
-1407644,771206,1
-1407644,771227,1
-1407644,771235,2
-1407644,771237,1
-1407644,771238,3
-1407644,771296,1
-1407644,771633,1
-1407644,771967,1
-1407644,771968,1
-1407644,772829,1
-1407644,774230,1
-1407643,770986,1
-1407643,771242,1
-1407643,772663,1
-1407643,772799,1
-1407643,774050,3
-1407642,770988,1
-1407642,770989,1
-1407642,771232,1
-1407642,771242,1
-1407641,772660,1
-1407641,772674,1
-1407641,773712,1
-1407641,774051,1
-1407640,771234,1
-1407640,771237,1
-1407640,771739,1
-1407640,772098,1
-1407640,772731,1
-1407639,770194,1
-1407639,771230,1
-1407639,771232,1
-1407639,771252,1
-1407639,771860,1
-1407639,772665,1
-1407639,772708,1
-1407639,772728,1
-1407639,772775,1
-1407639,773072,1
-1407639,773569,1
-1407639,774247,1
-1407638,771237,1
-1407638,772325,1
-1407638,773658,1
-1407637,769692,1
-1407637,771241,1
-1407637,771265,1
-1407637,772099,1
-1407637,772100,1
-1407637,772664,1
-1407637,772722,1
-1407637,773694,1
-1407636,770575,1
-1407636,772032,1
-1407636,772152,1
-1407636,772471,1
-1407635,771233,1
-1407635,771237,1
-1407635,771992,1
-1407635,772007,1
-1407635,772627,1
-1407635,772687,1
-1407635,772953,1
-1407634,771237,1
-1407634,772322,4
-1407634,772330,1
-1407634,772332,1
-1407634,772663,10
-1407634,773394,1
-1407634,774201,1
-1407633,771133,1
-1407633,771243,1
-1407633,772176,1
-1407633,772547,1
-1407633,772748,35
-1407633,772772,1
-1407633,772853,1
-1407633,773472,1
-1407633,773516,1
-1407632,770875,1
-1407632,771227,1
-1407632,771233,1
-1407632,771237,1
-1407632,771238,1
-1407632,771579,1
-1407632,772556,1
-1407632,772696,1
-1407632,773700,1
-1407632,773828,1
-1407631,770882,1
-1407631,771232,1
-1407631,771235,1
-1407631,771237,1
-1407631,772151,1
-1407631,772552,1
-1407631,772557,1
-1407631,772702,1
-1407631,772854,1
-1407631,773699,1
-1407630,771233,1
-1407630,771234,2
-1407630,772020,1
-1407630,772069,1
-1407630,772542,1
-1407630,772606,1
-1407630,772718,1
-1407630,773591,1
-1407629,771219,1
-1407629,771240,1
-1407629,772539,2
-1407629,772596,1
-1407629,772854,1
-1407628,771659,1
-1407628,771676,1
-1407628,772045,1
-1407628,772539,1
-1407628,772552,2
-1407628,772672,1
-1407628,772719,1
-1407628,773230,1
-1407628,773634,1
-1407627,771233,2
-1407627,772540,1
-1407627,772551,1
-1407627,772622,1
-1407627,772627,1
-1407627,772631,1
-1407627,773635,1
-1407626,770794,1
-1407626,770795,1
-1407626,771230,1
-1407626,771231,1
-1407626,772539,1
-1407626,772550,1
-1407626,772624,1
-1407626,772666,1
-1407626,772729,1
-1407626,772742,1
-1407626,772761,1
-1407626,773632,1
-1407625,770402,3
-1407625,770679,1
-1407625,770795,1
-1407625,770986,1
-1407625,771237,1
-1407625,771263,1
-1407625,771296,1
-1407625,772047,1
-1407625,772854,1
-1407624,770790,1
-1407624,770791,1
-1407624,770794,2
-1407624,770796,1
-1407624,771222,1
-1407624,771231,1
-1407624,771341,1
-1407624,772461,1
-1407624,772538,1
-1407624,772541,1
-1407624,772781,1
-1407624,773434,1
-1407623,770788,1
-1407623,770790,1
-1407623,771237,1
-1407623,771238,1
-1407623,772336,1
-1407623,772527,1
-1407623,772548,1
-1407623,772750,1
-1407623,772764,1
-1407622,770164,1
-1407622,770791,1
-1407622,770993,1
-1407622,771130,1
-1407622,771232,1
-1407622,772928,1
-1407621,770995,1
-1407621,772490,1
-1407620,770346,1
-1407620,770772,1
-1407620,770786,1
-1407620,770789,1
-1407620,770992,3
-1407620,770993,1
-1407620,771233,1
-1407620,771236,1
-1407620,771237,1
-1407620,772539,1
-1407620,772640,1
-1407620,772662,1
-1407620,772754,1
-1407620,772763,1
-1407620,772866,1
-1407620,773338,1
-1407620,773417,1
-1407620,773906,1
-1407619,770993,1
-1407619,770996,1
-1407619,771240,1
-1407619,771260,1
-1407619,772313,1
-1407619,772613,1
-1407619,772809,1
-1407618,770053,1
-1407618,770271,1
-1407618,770996,1
-1407618,771990,1
-1407618,772198,1
-1407618,772259,1
-1407618,772596,1
-1407618,772746,1
-1407618,772855,2
-1407618,773484,1
-1407617,770053,2
-1407617,771436,1
-1407617,771514,1
-1407617,772599,1
-1407617,772613,1
-1407617,772707,1
-1407617,773881,1
-1407616,769948,1
-1407616,770545,1
-1407616,771234,1
-1407616,771243,1
-1407616,771247,1
-1407616,771257,1
-1407616,772190,1
-1407616,772321,1
-1407616,772575,1
-1407616,772764,1
-1407616,772850,1
-1407616,772860,1
-1407615,770758,1
-1407615,771243,1
-1407615,771244,1
-1407615,772541,1
-1407615,772605,1
-1407615,772610,1
-1407615,772790,1
-1407615,772852,1
-1407614,770340,1
-1407614,771235,1
-1407614,771248,1
-1407614,771468,1
-1407614,771514,1
-1407614,771516,1
-1407614,771537,1
-1407614,772257,1
-1407614,772320,1
-1407614,772532,1
-1407614,772777,1
-1407614,773415,1
-1407614,773422,1
-1407614,773767,1
-1407614,774302,1
-1407613,772438,1
-1407613,772530,1
-1407613,772766,1
-1407613,772869,1
-1407613,773398,1
-1407612,771228,1
-1407612,771232,1
-1407612,771240,1
-1407612,771472,2
-1407612,771586,1
-1407612,772210,5
-1407612,773327,1
-1407611,770414,1
-1407611,771239,1
-1407611,771243,1
-1407611,771550,1
-1407611,771605,1
-1407611,772174,1
-1407611,772204,1
-1407611,772521,1
-1407611,772525,1
-1407611,772544,1
-1407610,770339,1
-1407610,770895,1
-1407610,772524,1
-1407610,772525,1
-1407610,772543,1
-1407610,772674,1
-1407610,772771,1
-1407610,773251,1
-1407609,769772,1
-1407609,771269,1
-1407609,772071,2
-1407609,772143,1
-1407609,772198,1
-1407609,772520,1
-1407609,772523,2
-1407609,772527,1
-1407609,772540,1
-1407609,772542,1
-1407609,772546,1
-1407609,772551,1
-1407609,772775,1
-1407609,772787,1
-1407609,773333,1
-1407609,773788,1
-1407609,773844,1
-1407608,772547,1
-1407608,772780,1
-1407608,773477,1
-1407608,774271,1
-1407607,772214,1
-1407607,772517,1
-1407607,772540,1
-1407607,772667,1
-1407607,772787,1
-1407607,772842,1
-1407607,772993,1
-1407606,771240,1
-1407606,771537,1
-1407606,772211,1
-1407606,772321,1
-1407606,772502,2
-1407606,772538,2
-1407606,772681,1
-1407605,771974,1
-1407605,772061,1
-1407605,772100,1
-1407605,772216,1
-1407605,772322,1
-1407605,772542,1
-1407605,772677,1
-1407605,772682,1
-1407604,770604,1
-1407604,770772,1
-1407604,771247,1
-1407604,771897,1
-1407604,772062,1
-1407604,772220,1
-1407604,772514,1
-1407604,772515,2
-1407604,772519,1
-1407604,772542,1
-1407604,772546,17
-1407604,772569,1
-1407604,772657,1
-1407604,772664,1
-1407604,772667,1
-1407604,772678,1
-1407604,773221,1
-1407604,773774,1
-1407604,773775,2
-1407603,770351,1
-1407603,770621,1
-1407603,771244,1
-1407603,771249,1
-1407603,771482,1
-1407603,772454,1
-1407603,772659,1
-1407603,772665,1
-1407603,772704,1
-1407603,772745,1
-1407603,772789,1
-1407603,773398,1
-1407603,773758,1
-1407602,771248,1
-1407602,772221,2
-1407602,772226,1
-1407602,772509,1
-1407602,772511,1
-1407602,772536,43
-1407602,772573,1
-1407602,772575,1
-1407602,772659,1
-1407602,772884,1
-1407602,772924,1
-1407602,773035,1
-1407602,773543,1
-1407601,769706,1
-1407601,771146,1
-1407601,772076,1
-1407601,772203,1
-1407601,772509,1
-1407601,772510,1
-1407601,772518,1
-1407601,772581,1
-1407601,772644,1
-1407601,772661,1
-1407601,772818,1
-1407601,773586,1
-1407600,772515,1
-1407600,772528,1
-1407600,772837,1
-1407600,773567,1
-1407599,770347,1
-1407599,770382,1
-1407599,771252,1
-1407599,772076,1
-1407599,772218,10
-1407599,772517,1
-1407599,772721,1
-1407599,772723,1
-1407599,772922,2
-1407599,773339,1
-1407598,770102,1
-1407598,771275,1
-1407598,772500,1
-1407598,772505,1
-1407598,772507,1
-1407598,772508,2
-1407598,772514,1
-1407598,772533,6
-1407598,772715,1
-1407598,772802,1
-1407598,774406,1
-1407597,769702,1
-1407597,771236,1
-1407597,772199,1
-1407597,772224,1
-1407597,772332,1
-1407597,772506,1
-1407597,772509,1
-1407597,772545,1
-1407597,772642,1
-1407597,772658,1
-1407597,772745,1
-1407597,772749,1
-1407597,772753,1
-1407596,770342,1
-1407596,770877,1
-1407596,771286,1
-1407596,772208,52
-1407596,772512,1
-1407596,772542,1
-1407596,772564,1
-1407596,772699,1
-1407596,772707,1
-1407596,772716,1
-1407596,772801,1
-1407596,772802,1
-1407596,772931,1
-1407595,770537,1
-1407595,770622,1
-1407595,772222,1
-1407595,772355,1
-1407595,772518,1
-1407595,772656,1
-1407595,772754,1
-1407595,773590,1
-1407594,770323,1
-1407594,772089,1
-1407594,772320,1
-1407594,772505,1
-1407594,772548,1
-1407594,772592,1
-1407594,772913,1
-1407594,773050,1
-1407594,774269,1
-1407593,771236,1
-1407593,772501,1
-1407593,772504,1
-1407593,772505,2
-1407593,772507,1
-1407593,772530,1
-1407593,772754,1
-1407593,772761,1
-1407593,772775,1
-1407593,772896,1
-1407593,773256,1
-1407593,773392,1
-1407593,773628,1
-1407592,770315,1
-1407592,772043,1
-1407592,772246,1
-1407592,772499,2
-1407592,772502,1
-1407592,772538,1
-1407592,772925,1
-1407591,769694,1
-1407591,770280,1
-1407591,770286,1
-1407591,770328,1
-1407591,770360,1
-1407591,770396,1
-1407591,770866,1
-1407591,771022,2
-1407591,771235,1
-1407591,772109,1
-1407591,772224,1
-1407591,772227,1
-1407591,772410,1
-1407590,770016,1
-1407590,770723,1
-1407590,771700,1
-1407590,772260,1
-1407590,772498,1
-1407590,772507,1
-1407590,772526,1
-1407590,772788,1
-1407590,772998,1
-1407590,773370,1
-1407589,772080,1
-1407589,772097,1
-1407589,772260,2
-1407589,772344,1
-1407589,772782,1
-1407589,772916,1
-1407589,773543,1
-1407589,773544,1
-1407589,773582,1
-1407589,773696,1
-1407588,770386,1
-1407588,770625,1
-1407588,772104,1
-1407588,772432,1
-1407588,772518,1
-1407588,772524,1
-1407588,772779,1
-1407588,772783,1
-1407588,772784,1
-1407588,773006,1
-1407588,773015,1
-1407588,773017,1
-1407588,773266,1
-1407587,770291,1
-1407587,772227,5
-1407587,772515,1
-1407587,772518,1
-1407587,772530,1
-1407587,772631,1
-1407587,772783,1
-1407587,772790,1
-1407587,772793,1
-1407587,772815,1
-1407587,773579,1
-1407586,769682,1
-1407586,772108,1
-1407586,772488,1
-1407586,772534,1
-1407586,772614,1
-1407586,772802,1
-1407586,772994,1
-1407586,772999,1
-1407586,773581,1
-1407585,772196,1
-1407585,772407,1
-1407585,772778,1
-1407585,772786,1
-1407585,772790,1
-1407584,770248,1
-1407584,771501,1
-1407584,771503,1
-1407584,772363,1
-1407584,772509,1
-1407584,772641,1
-1407584,772798,1
-1407584,772941,1
-1407584,772991,1
-1407584,773464,2
-1407583,769858,1
-1407583,770019,1
-1407583,771422,1
-1407583,771505,1
-1407583,772199,1
-1407583,772362,1
-1407583,772773,1
-1407582,770229,1
-1407582,770340,1
-1407582,770385,1
-1407582,771259,1
-1407582,771432,1
-1407582,772228,7
-1407582,772723,7
-1407582,773541,1
-1407582,773583,1
-1407581,770246,1
-1407581,770876,1
-1407581,770879,1
-1407581,771501,1
-1407581,771502,2
-1407581,772194,1
-1407581,772195,1
-1407581,772196,1
-1407581,772215,1
-1407581,772221,1
-1407581,772226,3
-1407581,772317,1
-1407581,772454,1
-1407581,772462,1
-1407581,772611,1
-1407581,772612,1
-1407581,772613,1
-1407581,772915,1
-1407581,773285,1
-1407581,773584,3
-1407581,773585,1
-1407580,770298,1
-1407580,771503,2
-1407580,771506,1
-1407580,772014,1
-1407580,772241,1
-1407580,772325,1
-1407580,772610,1
-1407580,772611,1
-1407580,772784,1
-1407579,770368,1
-1407579,771502,8
-1407579,772326,1
-1407579,772487,2
-1407579,772610,1
-1407579,772626,1
-1407579,773636,1
-1407578,771502,1
-1407578,772199,1
-1407578,772493,1
-1407578,772495,1
-1407578,772526,2
-1407578,772638,1
-1407578,772785,1
-1407578,772930,1
-1407578,773217,1
-1407578,773586,1
-1407578,773636,1
-1407578,773659,1
-1407578,773705,1
-1407578,773878,1
-1407577,770613,1
-1407577,772368,1
-1407577,772523,1
-1407577,772644,1
-1407577,772714,1
-1407577,772780,1
-1407577,773588,1
-1407576,770242,1
-1407576,771508,1
-1407576,772242,1
-1407576,772288,1
-1407576,772365,1
-1407576,772464,1
-1407576,772783,1
-1407576,772992,1
-1407576,773445,1
-1407575,770356,1
-1407575,771362,1
-1407575,772237,1
-1407575,772245,1
-1407575,772406,1
-1407575,772453,1
-1407575,772632,1
-1407575,772787,1
-1407574,772162,1
-1407574,772371,1
-1407574,772433,1
-1407574,772479,1
-1407574,773561,1
-1407574,773612,1
-1407573,772227,1
-1407573,773681,1
-1407572,770002,1
-1407572,772218,1
-1407572,772228,1
-1407572,772462,1
-1407572,772991,1
-1407572,773411,1
-1407572,773445,1
-1407572,773638,1
-1407572,773695,1
-1407572,774269,1
-1407572,774394,1
-1407571,771965,1
-1407571,772193,1
-1407571,773245,1
-1407571,773351,1
-1407571,773426,1
-1407571,773474,1
-1407571,773570,2
-1407571,773630,1
-1407571,773666,1
-1407570,772225,1
-1407570,772255,1
-1407570,772472,1
-1407570,772490,1
-1407570,772498,1
-1407570,772610,1
-1407570,772930,1
-1407570,773020,3
-1407570,773269,1
-1407570,773394,1
-1407570,773420,1
-1407570,773457,1
-1407570,773607,1
-1407570,773671,1
-1407570,773677,1
-1407570,773686,1
-1407569,772343,1
-1407569,772384,1
-1407569,772454,1
-1407569,772463,1
-1407569,772482,1
-1407569,772808,1
-1407569,773007,1
-1407569,773360,1
-1407569,773457,1
-1407569,773561,1
-1407569,773673,1
-1407569,774240,1
-1407568,770332,1
-1407568,770367,1
-1407568,772441,1
-1407568,772468,1
-1407568,772486,1
-1407568,772487,1
-1407568,772631,1
-1407568,773596,1
-1407568,773599,1
-1407568,773624,1
-1407568,773674,1
-1407567,770325,1
-1407567,770381,1
-1407567,770873,1
-1407567,772417,1
-1407567,772445,1
-1407567,772633,1
-1407567,773413,1
-1407566,769728,1
-1407566,770569,1
-1407566,772428,1
-1407566,772454,1
-1407566,773415,1
-1407565,772296,1
-1407565,772424,1
-1407565,772425,1
-1407565,772431,1
-1407565,773527,1
-1407565,774253,1
-1407564,770323,1
-1407564,770627,1
-1407564,772297,1
-1407564,772428,1
-1407564,772431,1
-1407564,772438,5
-1407564,772476,1
-1407564,772631,1
-1407564,772979,1
-1407564,773063,1
-1407564,773420,2
-1407563,771320,1
-1407563,772420,1
-1407563,772421,2
-1407563,773023,1
-1407563,773262,1
-1407563,773886,1
-1407562,770313,1
-1407562,770316,1
-1407562,771213,1
-1407562,772245,1
-1407562,772257,1
-1407562,772342,1
-1407562,772421,1
-1407562,772493,1
-1407562,772629,1
-1407562,773071,1
-1407562,773138,1
-1407562,773454,1
-1407562,773717,1
-1407561,770027,1
-1407561,770315,1
-1407561,770317,1
-1407561,770358,1
-1407561,772221,28
-1407561,772246,1
-1407561,772415,1
-1407561,772421,1
-1407561,772465,1
-1407561,772621,1
-1407561,773260,1
-1407561,773398,1
-1407561,773436,1
-1407561,773455,1
-1407560,770392,1
-1407560,770478,1
-1407560,772223,1
-1407560,772413,1
-1407560,772414,1
-1407560,772418,1
-1407560,773054,4
-1407560,773335,1
-1407559,772230,1
-1407559,772328,1
-1407559,772350,1
-1407559,772429,1
-1407559,772441,1
-1407559,772628,1
-1407559,773007,2
-1407559,773257,1
-1407559,773413,1
-1407558,770349,1
-1407558,770873,1
-1407558,772059,1
-1407558,772327,1
-1407558,772451,1
-1407558,773017,1
-1407558,773330,1
-1407558,773413,1
-1407558,773414,1
-1407558,773447,1
-1407558,774296,1
-1407557,770358,1
-1407557,771487,1
-1407557,772417,1
-1407557,772457,1
-1407557,773013,2
-1407557,773016,3
-1407557,773028,1
-1407557,773045,1
-1407557,773262,1
-1407557,773263,1
-1407557,773266,8
-1407557,773315,1
-1407557,773561,1
-1407556,770368,1
-1407556,772372,1
-1407556,772411,1
-1407556,772420,1
-1407556,772452,2
-1407556,772699,1
-1407556,772731,1
-1407556,773024,4
-1407556,773064,5
-1407556,773116,8
-1407556,773262,1
-1407556,773263,7
-1407556,773264,19
-1407556,773265,5
-1407556,773418,1
-1407555,770302,1
-1407555,770529,1
-1407555,770872,1
-1407555,772333,1
-1407555,772411,1
-1407555,772699,1
-1407555,773038,5
-1407555,773086,3
-1407555,773142,1
-1407555,773143,10
-1407555,773261,1
-1407555,773262,1
-1407555,773263,5
-1407555,773264,3
-1407555,773265,19
-1407555,773392,1
-1407555,773412,1
-1407554,772125,2
-1407554,772126,1
-1407554,772322,1
-1407554,772418,1
-1407554,772420,1
-1407554,773156,1
-1407554,773258,1
-1407554,773261,1
-1407554,773262,3
-1407554,773263,4
-1407554,773264,13
-1407554,773265,4
-1407554,773332,1
-1407554,773503,1
-1407553,770372,1
-1407553,770728,1
-1407553,772254,1
-1407553,772414,1
-1407553,772470,1
-1407553,772675,1
-1407553,773167,2
-1407553,773261,2
-1407553,773262,4
-1407553,773263,3
-1407553,773264,3
-1407553,773266,2
-1407553,773295,1
-1407553,773408,1
-1407553,773424,1
-1407552,770262,1
-1407552,770947,1
-1407552,772083,1
-1407552,772422,1
-1407552,772452,1
-1407552,772461,1
-1407552,772468,1
-1407552,772620,1
-1407552,772631,12
-1407552,772957,1
-1407552,773034,1
-1407552,773130,2
-1407552,773151,1
-1407552,773167,1
-1407552,773261,2
-1407552,773262,1
-1407552,773264,1
-1407552,773266,1
-1407552,773410,1
-1407552,773430,1
-1407552,773518,1
-1407552,773696,1
-1407551,770303,1
-1407551,771476,2
-1407551,772015,1
-1407551,772130,1
-1407551,772217,1
-1407551,772331,1
-1407551,772441,8
-1407551,773113,1
-1407551,773156,64
-1407551,773157,1
-1407551,773263,2
-1407551,773265,1
-1407551,773276,1
-1407551,773445,1
-1407551,773447,1
-1407551,773509,1
-1407550,770309,1
-1407550,772419,1
-1407550,772424,1
-1407550,772501,1
-1407550,773084,2
-1407550,773124,2
-1407550,773128,1
-1407550,773144,1
-1407550,773165,3
-1407550,773260,1
-1407550,773262,1
-1407550,773263,1
-1407550,773264,1
-1407550,773268,2
-1407550,773451,1
-1407550,773697,1
-1407549,770942,1
-1407549,771933,1
-1407549,772425,1
-1407549,772438,1
-1407549,772604,1
-1407549,772648,1
-1407549,773077,1
-1407549,773086,1
-1407549,773123,10
-1407549,773145,5
-1407549,773164,1
-1407549,773320,1
-1407548,770265,1
-1407548,771216,1
-1407548,772386,1
-1407548,773032,1
-1407548,773156,1
-1407548,773160,1
-1407548,773173,1
-1407548,773180,5
-1407548,773184,11
-1407548,773602,1
-1407548,773610,1
-1407547,772012,1
-1407547,772378,1
-1407547,772384,1
-1407547,772385,1
-1407547,772825,1
-1407547,772929,1
-1407547,773031,1
-1407547,773060,1
-1407547,773105,4
-1407547,773112,1
-1407547,773179,3
-1407547,773184,1
-1407547,773415,1
-1407547,773450,8
-1407547,773639,1
-1407547,773703,1
-1407546,770318,1
-1407546,772322,1
-1407546,772327,1
-1407546,772341,2
-1407546,772373,1
-1407546,772377,1
-1407546,773091,4
-1407546,773099,1
-1407546,773149,1
-1407546,773168,1
-1407546,773187,1
-1407546,773188,5
-1407546,773409,1
-1407546,773435,1
-1407546,773696,1
-1407545,772342,1
-1407545,772391,1
-1407545,772438,1
-1407545,773068,1
-1407545,773129,1
-1407545,773171,1
-1407545,773178,4
-1407545,773185,1
-1407545,773304,1
-1407545,773491,1
-1407544,772141,1
-1407544,772371,1
-1407544,772373,1
-1407544,772454,1
-1407544,772724,3
-1407544,772900,1
-1407544,773055,1
-1407544,773122,3
-1407544,773188,12
-1407544,773195,1
-1407544,773384,1
-1407544,773435,1
-1407543,769945,1
-1407543,770577,1
-1407543,772159,1
-1407543,772379,1
-1407543,772380,1
-1407543,772384,1
-1407543,772387,1
-1407543,772409,1
-1407543,772417,1
-1407543,772424,1
-1407543,772761,1
-1407543,773037,1
-1407543,773039,1
-1407543,773073,1
-1407543,773103,7
-1407543,773174,1
-1407543,773284,1
-1407542,769921,1
-1407542,770312,1
-1407542,772389,1
-1407542,772391,3
-1407542,772409,1
-1407542,772432,2
-1407542,772647,1
-1407542,773062,1
-1407542,773067,1
-1407542,773123,1
-1407542,773277,1
-1407542,773522,1
-1407542,773575,1
-1407542,773778,1
-1407541,770268,1
-1407541,770270,1
-1407541,771491,1
-1407541,772215,1
-1407541,772248,1
-1407541,772633,1
-1407541,772653,1
-1407541,773062,1
-1407541,773190,1
-1407541,773302,2
-1407541,773335,1
-1407541,773575,1
-1407541,773750,1
-1407540,772220,1
-1407540,772226,1
-1407540,772391,1
-1407540,773063,1
-1407540,773136,1
-1407540,773300,1
-1407540,773333,1
-1407539,769681,1
-1407539,772158,1
-1407539,772410,1
-1407539,772411,1
-1407539,772418,1
-1407539,772430,1
-1407539,772493,1
-1407539,773068,1
-1407539,773302,1
-1407539,773719,1
-1407538,770325,1
-1407538,772229,1
-1407538,772420,1
-1407538,772423,1
-1407538,772699,1
-1407538,773038,1
-1407538,773039,1
-1407538,773076,1
-1407538,773103,1
-1407538,773116,1
-1407538,773141,1
-1407538,773189,1
-1407538,773291,1
-1407538,773340,1
-1407537,771150,1
-1407537,772199,1
-1407537,772227,14
-1407537,772236,1
-1407537,772251,2
-1407537,772410,1
-1407537,773110,1
-1407537,773142,1
-1407537,773299,1
-1407536,772125,1
-1407536,772265,1
-1407536,772404,1
-1407536,772408,1
-1407536,772651,1
-1407536,772655,1
-1407536,773046,1
-1407536,773101,1
-1407536,773104,1
-1407536,773106,1
-1407536,773218,1
-1407536,773292,1
-1407536,773409,1
-1407536,773705,1
-1407536,773706,1
-1407535,770472,1
-1407535,771480,1
-1407535,772226,1
-1407535,772330,1
-1407535,772403,1
-1407535,772464,1
-1407535,773067,1
-1407535,773086,2
-1407535,773095,1
-1407535,773115,1
-1407535,773119,1
-1407535,773122,1
-1407534,770297,1
-1407534,772333,1
-1407534,772500,1
-1407534,772605,1
-1407534,772610,1
-1407534,773103,1
-1407534,773106,1
-1407534,773110,1
-1407533,772090,1
-1407533,772414,1
-1407533,772421,1
-1407533,772611,1
-1407533,773278,1
-1407533,773720,1
-1407533,773721,2
-1407533,773723,1
-1407533,773724,3
-1407533,773963,1
-1407532,769950,1
-1407532,771959,1
-1407532,772012,1
-1407532,772396,1
-1407532,772456,1
-1407532,772650,1
-1407532,772815,1
-1407532,773035,1
-1407532,773095,2
-1407532,773361,1
-1407532,773721,3
-1407532,773722,4
-1407532,773723,6
-1407532,773724,3
-1407532,773725,1
-1407531,769834,1
-1407531,770727,1
-1407531,772119,1
-1407531,772258,1
-1407531,772338,1
-1407531,772616,1
-1407531,772677,1
-1407531,772717,1
-1407531,772844,1
-1407531,773093,1
-1407531,773586,1
-1407531,773723,1
-1407531,773724,1
-1407530,771419,1
-1407530,771992,1
-1407530,772412,1
-1407530,772418,1
-1407530,772502,1
-1407530,772679,1
-1407530,772720,1
-1407530,773097,1
-1407530,773376,1
-1407529,771988,1
-1407529,772354,1
-1407529,772425,1
-1407529,772608,1
-1407529,772653,1
-1407529,772719,1
-1407529,773268,1
-1407529,773305,1
-1407529,773717,1
-1407528,771452,1
-1407528,771929,1
-1407528,772088,1
-1407528,772253,1
-1407528,772335,1
-1407528,772607,1
-1407528,773115,1
-1407528,773594,1
-1407527,770730,1
-1407527,770923,1
-1407527,772156,1
-1407527,772334,1
-1407527,772409,2
-1407527,772606,1
-1407527,772612,1
-1407527,772620,1
-1407527,772641,1
-1407527,772777,1
-1407527,773044,1
-1407527,773154,1
-1407526,769831,1
-1407526,769839,1
-1407526,770680,1
-1407526,772106,1
-1407526,772356,1
-1407526,772413,1
-1407526,772415,1
-1407526,772649,1
-1407526,773720,1
-1407525,769959,1
-1407525,770190,1
-1407525,770631,1
-1407525,770896,1
-1407525,771429,1
-1407525,772626,1
-1407525,772640,1
-1407524,769827,1
-1407524,772202,1
-1407524,772389,1
-1407524,772640,1
-1407524,772762,1
-1407524,772763,1
-1407524,773030,1
-1407524,773090,1
-1407524,773194,1
-1407524,773329,1
-1407524,773499,1
-1407523,771414,1
-1407523,772107,1
-1407523,772173,1
-1407523,772181,1
-1407523,772194,1
-1407523,772229,1
-1407523,772332,1
-1407523,772412,1
-1407523,772431,1
-1407523,772764,1
-1407523,773046,4
-1407523,773056,6
-1407523,773287,1
-1407523,774099,1
-1407522,770729,1
-1407522,771752,1
-1407522,772215,2
-1407522,772327,1
-1407522,772392,1
-1407522,772396,1
-1407522,772402,1
-1407522,772648,1
-1407522,773638,1
-1407522,774268,1
-1407521,770462,1
-1407521,772096,1
-1407521,772387,1
-1407521,772407,1
-1407521,772612,1
-1407521,773005,1
-1407521,773046,1
-1407521,773216,1
-1407521,773716,1
-1407520,772401,2
-1407520,772403,1
-1407520,772413,1
-1407520,772427,1
-1407520,772727,1
-1407520,772764,1
-1407520,773035,1
-1407520,773044,1
-1407520,773256,1
-1407519,770055,1
-1407519,770883,1
-1407519,772038,1
-1407519,772119,1
-1407519,772399,1
-1407519,772413,1
-1407519,772823,1
-1407519,773050,1
-1407519,773291,1
-1407519,773705,1
-1407518,772202,1
-1407518,772334,1
-1407518,772615,1
-1407518,773029,1
-1407518,773293,1
-1407517,772122,1
-1407517,772159,1
-1407517,772224,1
-1407517,772345,1
-1407517,772539,1
-1407517,773153,1
-1407516,770637,1
-1407516,772396,1
-1407516,772397,1
-1407516,772398,1
-1407516,772399,15
-1407516,772426,1
-1407516,772602,1
-1407516,773047,1
-1407516,773215,4
-1407515,770669,1
-1407515,771450,1
-1407515,772170,1
-1407515,772261,1
-1407515,772394,1
-1407515,772396,2
-1407515,772397,1
-1407515,772400,3
-1407515,772403,1
-1407515,773026,1
-1407515,773437,1
-1407515,773457,1
-1407514,772116,1
-1407514,772130,1
-1407514,772135,1
-1407514,772173,1
-1407514,772322,1
-1407514,772392,1
-1407514,772397,2
-1407514,772398,1
-1407514,772399,1
-1407514,772400,1
-1407514,772401,1
-1407514,772402,2
-1407514,772406,1
-1407514,772409,1
-1407514,773221,1
-1407514,774415,1
-1407513,771054,1
-1407513,772120,1
-1407513,772397,1
-1407513,772398,2
-1407513,772400,2
-1407513,772401,1
-1407513,772402,1
-1407513,772405,1
-1407513,772413,1
-1407513,772634,1
-1407513,772637,1
-1407513,772861,1
-1407513,773027,1
-1407513,773092,1
-1407513,773627,1
-1407513,774250,1
-1407512,770969,4
-1407512,772118,1
-1407512,772210,1
-1407512,772333,1
-1407512,772396,3
-1407512,772397,2
-1407512,772398,1
-1407512,772402,2
-1407512,772403,11
-1407512,772404,1
-1407512,772405,2
-1407512,772407,1
-1407512,772456,1
-1407512,772540,1
-1407512,772654,1
-1407512,772709,1
-1407512,772826,1
-1407512,773025,1
-1407512,773027,1
-1407512,773791,1
-1407512,773856,1
-1407511,770889,1
-1407511,770892,1
-1407511,771255,1
-1407511,771417,2
-1407511,772393,1
-1407511,772394,1
-1407511,772395,1
-1407511,772398,3
-1407511,772400,1
-1407511,772401,5
-1407511,772403,1
-1407511,772404,1
-1407511,772405,9
-1407511,772751,1
-1407511,773026,1
-1407511,773030,1
-1407511,773704,1
-1407511,774306,1
-1407510,770344,1
-1407510,771282,1
-1407510,772050,1
-1407510,772124,1
-1407510,772196,6
-1407510,772255,1
-1407510,772396,1
-1407510,772397,1
-1407510,772399,1
-1407510,772400,2
-1407510,772403,1
-1407510,772404,2
-1407510,772408,1
-1407510,772420,1
-1407510,773600,1
-1407510,773625,1
-1407510,773626,1
-1407509,772394,1
-1407509,772400,1
-1407509,772401,1
-1407509,772402,1
-1407509,772403,18
-1407509,772404,2
-1407509,772430,1
-1407509,772431,1
-1407509,772471,10
-1407509,772670,3
-1407509,773570,1
-1407509,773588,1
-1407509,774336,1
-1407508,772396,1
-1407508,772402,1
-1407508,772405,1
-1407508,772408,1
-1407508,772420,1
-1407508,772428,1
-1407508,772445,1
-1407508,772610,1
-1407508,773620,1
-1407507,770556,1
-1407507,772049,1
-1407507,772066,1
-1407507,772251,1
-1407507,772322,1
-1407507,772348,1
-1407507,772395,1
-1407507,772396,1
-1407507,772397,1
-1407507,772399,1
-1407507,772401,1
-1407507,772403,1
-1407507,772406,2
-1407507,772409,1
-1407507,772411,1
-1407507,772425,1
-1407507,772511,1
-1407507,772691,1
-1407507,772734,1
-1407507,773393,1
-1407507,773394,1
-1407507,773648,1
-1407506,769934,1
-1407506,772070,1
-1407506,772396,1
-1407506,772397,1
-1407506,772412,1
-1407506,772639,1
-1407506,773199,1
-1407506,773608,1
-1407505,769933,1
-1407505,770187,1
-1407505,770876,1
-1407505,772349,1
-1407505,772395,1
-1407505,772402,1
-1407505,772403,1
-1407505,772469,1
-1407505,772885,1
-1407505,773199,1
-1407505,773207,1
-1407504,770190,1
-1407504,772044,1
-1407504,772162,1
-1407504,772392,1
-1407504,772401,1
-1407504,772405,1
-1407504,772412,1
-1407504,772415,1
-1407504,772428,1
-1407504,772429,2
-1407504,773107,1
-1407504,773612,1
-1407503,770882,1
-1407503,770889,1
-1407503,772027,1
-1407503,772031,1
-1407503,772053,1
-1407503,772163,1
-1407503,772324,1
-1407503,772404,15
-1407503,772414,1
-1407503,772423,1
-1407503,772427,1
-1407503,772429,1
-1407503,772464,1
-1407503,772626,1
-1407503,772990,1
-1407503,773309,1
-1407503,773446,1
-1407503,773609,1
-1407503,773612,1
-1407502,770941,1
-1407502,771991,1
-1407502,772403,1
-1407502,772430,1
-1407502,772446,16
-1407502,772983,1
-1407502,773074,1
-1407502,773612,1
-1407502,773652,1
-1407502,773755,1
-1407501,771425,1
-1407501,772025,1
-1407501,772035,1
-1407501,772039,1
-1407501,772385,1
-1407501,772393,1
-1407501,772429,1
-1407500,772329,1
-1407500,772429,1
-1407500,772472,1
-1407500,772617,1
-1407500,772626,2
-1407500,772986,1
-1407500,772987,1
-1407500,773199,1
-1407499,772022,1
-1407499,772027,1
-1407499,772037,1
-1407499,772407,1
-1407499,772428,1
-1407499,772429,1
-1407499,773199,1
-1407499,773419,1
-1407499,773444,2
-1407498,770597,1
-1407498,772017,1
-1407498,772029,1
-1407498,772037,1
-1407498,772408,1
-1407498,773066,1
-1407497,770138,1
-1407497,770146,1
-1407497,772018,1
-1407497,772019,1
-1407497,772211,1
-1407497,772359,1
-1407497,772400,1
-1407497,772406,1
-1407497,772623,1
-1407497,772817,1
-1407497,773192,1
-1407497,773307,1
-1407497,773422,1
-1407496,770527,1
-1407496,772018,1
-1407496,772020,1
-1407496,772021,1
-1407496,772031,1
-1407496,772095,1
-1407496,772246,1
-1407496,772399,1
-1407496,772451,1
-1407496,772476,1
-1407496,772618,1
-1407496,772621,1
-1407496,772765,1
-1407496,772995,1
-1407496,773204,1
-1407496,773418,1
-1407496,773647,1
-1407496,773709,1
-1407495,770143,1
-1407495,770205,2
-1407495,770948,1
-1407495,772016,1
-1407495,772018,1
-1407495,772019,1
-1407495,772412,1
-1407495,772413,1
-1407495,772619,1
-1407495,772625,1
-1407495,772648,1
-1407495,773189,1
-1407495,773190,1
-1407495,773191,1
-1407495,773206,1
-1407495,773309,1
-1407495,773618,1
-1407495,773663,1
-1407495,774271,1
-1407494,770143,1
-1407494,770526,1
-1407494,770882,1
-1407494,772019,2
-1407494,772028,1
-1407494,772366,1
-1407494,772408,1
-1407494,772412,1
-1407494,772929,1
-1407494,773080,1
-1407494,773421,1
-1407494,773425,1
-1407493,769837,1
-1407493,770139,1
-1407493,770143,1
-1407493,770144,2
-1407493,771928,2
-1407493,772394,1
-1407493,772458,1
-1407493,773198,1
-1407493,773199,1
-1407492,770143,3
-1407492,770527,1
-1407492,771428,1
-1407492,772020,1
-1407492,772022,2
-1407492,772023,1
-1407492,772029,1
-1407492,772927,1
-1407492,773024,1
-1407492,773726,1
-1407491,770138,1
-1407491,770141,1
-1407491,770527,1
-1407491,770528,1
-1407491,770600,1
-1407491,772020,1
-1407491,772021,1
-1407491,772022,3
-1407491,772029,1
-1407491,772035,1
-1407491,772237,1
-1407491,772455,1
-1407491,772625,1
-1407491,773361,1
-1407491,773528,1
-1407491,773649,1
-1407490,770133,1
-1407490,770142,1
-1407490,770394,1
-1407490,772018,1
-1407490,772032,1
-1407490,772036,1
-1407490,772346,1
-1407490,772894,1
-1407489,770141,1
-1407489,770384,1
-1407489,772022,1
-1407489,772026,1
-1407489,772029,2
-1407489,772378,1
-1407489,773049,1
-1407489,773193,1
-1407488,769952,1
-1407488,770140,1
-1407488,770539,1
-1407488,772021,1
-1407488,772023,1
-1407488,772024,1
-1407488,772319,1
-1407488,772368,1
-1407488,772419,1
-1407488,773294,1
-1407488,773327,1
-1407488,773708,1
-1407487,769838,1
-1407487,770526,1
-1407487,772030,1
-1407487,772033,2
-1407487,772323,2
-1407487,772611,1
-1407487,773652,1
-1407487,773724,1
-1407486,772031,1
-1407486,772037,1
-1407486,772039,1
-1407486,772597,1
-1407486,772600,1
-1407486,772601,1
-1407486,772602,1
-1407486,772603,1
-1407486,772663,1
-1407486,773375,1
-1407486,773560,1
-1407486,773650,1
-1407485,770085,1
-1407485,772028,1
-1407485,772036,2
-1407485,772471,1
-1407485,772586,1
-1407485,773155,1
-1407485,773218,1
-1407484,770197,1
-1407484,772029,1
-1407484,772038,1
-1407484,772042,1
-1407484,772044,1
-1407484,772326,1
-1407484,772598,1
-1407484,772643,1
-1407484,772686,1
-1407483,771308,1
-1407483,772040,1
-1407483,772041,1
-1407483,772088,1
-1407483,772118,1
-1407483,772377,1
-1407483,772573,1
-1407483,772590,1
-1407483,773246,1
-1407483,773508,1
-1407482,772038,2
-1407482,772040,1
-1407482,772041,1
-1407482,772166,1
-1407482,772366,1
-1407482,772370,1
-1407482,772374,1
-1407482,773649,1
-1407481,772368,1
-1407481,772369,1
-1407481,772371,1
-1407481,772377,2
-1407481,772408,1
-1407481,772414,1
-1407481,772529,1
-1407481,772947,1
-1407481,773095,1
-1407481,773097,1
-1407481,774432,1
-1407480,770933,1
-1407480,772040,1
-1407480,772366,1
-1407480,772435,1
-1407480,772690,1
-1407480,772832,1
-1407480,773395,1
-1407480,774141,1
-1407479,772021,1
-1407479,772031,1
-1407479,772334,1
-1407479,772396,1
-1407479,772406,1
-1407479,772419,1
-1407478,769717,1
-1407478,772367,1
-1407478,772371,1
-1407478,772417,1
-1407478,772423,1
-1407478,772427,1
-1407477,770134,1
-1407477,771019,1
-1407477,772021,1
-1407477,772363,1
-1407477,772386,1
-1407477,772410,1
-1407477,772863,1
-1407477,772990,2
-1407477,773326,1
-1407477,773593,1
-1407476,772032,1
-1407476,772404,1
-1407476,772410,1
-1407476,772438,1
-1407476,772727,1
-1407476,773182,1
-1407476,773192,1
-1407475,771029,1
-1407475,772228,1
-1407475,772325,1
-1407475,772398,1
-1407475,772422,1
-1407475,772440,1
-1407475,773073,1
-1407475,773074,1
-1407475,773141,1
-1407475,773147,1
-1407475,773648,1
-1407475,773649,1
-1407475,773650,1
-1407475,774170,1
-1407475,774173,2
-1407474,770357,1
-1407474,770949,1
-1407474,772363,1
-1407474,772423,1
-1407474,772424,1
-1407474,772712,1
-1407474,773453,9
-1407473,770102,1
-1407473,770297,1
-1407473,770350,1
-1407473,770756,1
-1407473,772404,1
-1407473,772433,1
-1407473,772676,1
-1407473,772714,1
-1407473,772718,1
-1407473,773249,1
-1407473,774179,1
-1407472,772367,2
-1407472,772425,1
-1407472,772432,1
-1407472,772433,1
-1407472,772435,1
-1407472,772444,1
-1407472,772593,1
-1407472,773249,1
-1407472,774190,1
-1407472,774209,1
-1407471,771405,1
-1407471,771788,1
-1407471,772247,1
-1407471,772357,1
-1407471,772384,1
-1407471,772385,1
-1407471,772400,1
-1407471,772408,1
-1407471,772412,1
-1407471,772415,1
-1407471,772428,2
-1407471,772435,1
-1407471,772840,1
-1407471,773553,1
-1407471,773706,1
-1407470,770622,1
-1407470,772317,1
-1407470,772376,1
-1407470,772409,1
-1407470,772411,2
-1407470,772417,1
-1407470,772444,1
-1407470,772841,1
-1407470,773137,1
-1407470,773292,1
-1407470,774427,1
-1407469,771993,2
-1407469,772351,1
-1407469,772369,1
-1407469,772413,1
-1407469,772414,1
-1407469,772415,1
-1407469,772417,1
-1407469,772421,1
-1407469,772426,1
-1407469,772431,1
-1407469,772567,1
-1407469,774172,1
-1407468,770939,1
-1407468,771761,1
-1407468,772157,1
-1407468,772352,1
-1407468,772358,1
-1407468,772380,1
-1407468,772399,2
-1407468,772401,1
-1407468,772411,1
-1407468,772427,1
-1407468,772428,1
-1407468,772735,1
-1407468,772980,1
-1407468,773328,1
-1407467,771957,1
-1407467,771992,1
-1407467,771994,1
-1407467,772356,1
-1407467,772360,1
-1407467,772388,1
-1407467,772398,1
-1407467,772409,1
-1407467,772413,2
-1407467,772425,1
-1407467,772657,1
-1407467,772730,1
-1407467,772833,1
-1407467,773247,1
-1407467,773253,1
-1407467,773571,1
-1407466,770934,1
-1407466,771055,1
-1407466,771830,1
-1407466,772009,1
-1407466,772186,1
-1407466,772244,1
-1407466,772339,1
-1407466,772345,1
-1407466,772358,1
-1407466,772384,1
-1407466,772414,1
-1407466,772448,1
-1407466,772836,1
-1407466,773227,1
-1407466,773232,1
-1407466,773255,1
-1407466,773290,1
-1407465,772358,1
-1407465,772378,1
-1407465,772399,1
-1407465,772417,1
-1407465,772419,1
-1407465,772421,1
-1407465,772593,1
-1407465,772638,1
-1407465,772655,1
-1407465,772842,1
-1407465,773258,1
-1407465,773340,1
-1407465,773626,1
-1407465,773646,1
-1407464,771406,1
-1407464,772359,1
-1407464,772397,1
-1407464,772402,1
-1407464,772403,1
-1407464,772419,1
-1407464,772427,1
-1407464,772438,1
-1407464,773330,1
-1407464,773347,1
-1407464,773648,1
-1407463,770185,1
-1407463,770740,1
-1407463,772359,1
-1407463,772396,1
-1407463,772405,1
-1407463,772408,1
-1407463,772417,1
-1407463,772421,1
-1407463,772427,1
-1407463,773670,1
-1407462,769963,1
-1407462,771987,1
-1407462,772357,1
-1407462,772360,1
-1407462,772409,1
-1407462,772416,1
-1407462,772838,1
-1407462,773119,1
-1407462,773635,1
-1407462,773642,1
-1407461,772370,1
-1407461,772385,1
-1407461,772387,1
-1407461,772413,1
-1407461,772421,1
-1407461,772465,1
-1407461,772587,1
-1407461,773625,1
-1407460,771787,1
-1407460,772346,1
-1407460,772358,1
-1407460,772360,1
-1407460,772412,1
-1407460,772418,1
-1407460,772433,1
-1407459,771986,1
-1407459,772240,1
-1407459,772359,2
-1407459,772386,1
-1407459,772388,1
-1407459,772399,1
-1407459,772406,1
-1407459,772486,1
-1407459,772676,1
-1407459,773116,1
-1407459,773643,1
-1407458,770940,1
-1407458,771722,1
-1407458,771762,1
-1407458,772029,1
-1407458,772388,1
-1407458,772397,1
-1407458,772403,1
-1407458,772404,1
-1407458,772591,1
-1407458,772645,1
-1407458,773424,1
-1407458,773640,1
-1407457,769951,1
-1407457,770047,1
-1407457,771988,1
-1407457,772361,1
-1407457,772379,1
-1407457,772387,1
-1407457,772389,1
-1407457,772407,1
-1407457,772409,1
-1407457,772432,1
-1407457,773626,1
-1407457,773642,1
-1407456,770047,1
-1407456,770966,1
-1407456,771778,1
-1407456,772003,1
-1407456,772119,1
-1407456,772344,1
-1407456,772393,1
-1407456,772400,1
-1407456,772410,1
-1407456,772412,2
-1407456,772414,1
-1407456,772415,1
-1407456,773307,1
-1407456,774092,1
-1407455,772144,1
-1407455,772152,1
-1407455,772322,10
-1407455,772392,1
-1407455,772398,1
-1407455,772411,1
-1407455,772412,1
-1407455,772418,1
-1407455,772507,1
-1407455,772561,1
-1407455,772631,1
-1407455,773423,1
-1407455,774344,1
-1407454,770043,1
-1407454,771989,1
-1407454,772320,1
-1407454,772346,1
-1407454,772367,1
-1407454,772389,1
-1407454,772471,1
-1407454,772609,1
-1407454,772858,1
-1407454,772955,1
-1407454,773307,1
-1407454,773602,1
-1407453,770767,1
-1407453,770940,1
-1407453,772062,1
-1407453,772350,1
-1407453,772402,1
-1407453,772406,1
-1407453,772422,1
-1407453,772423,1
-1407453,772440,1
-1407453,772458,1
-1407453,773309,1
-1407453,773455,1
-1407453,774423,1
-1407452,772318,1
-1407452,772371,1
-1407452,772372,1
-1407452,772382,1
-1407452,772391,1
-1407452,772400,1
-1407452,772422,1
-1407452,772426,1
-1407452,772434,1
-1407451,772362,1
-1407451,772425,1
-1407451,772437,1
-1407451,772455,1
-1407450,769716,1
-1407450,770652,1
-1407450,772074,1
-1407450,772076,1
-1407450,772360,2
-1407450,772424,1
-1407450,772443,1
-1407450,774034,1
-1407449,772134,1
-1407449,772331,1
-1407449,772372,1
-1407449,772403,1
-1407449,772410,1
-1407449,772422,1
-1407449,772432,1
-1407449,772497,1
-1407449,773194,1
-1407449,773238,1
-1407449,773300,2
-1407449,773307,1
-1407449,773651,1
-1407448,770044,1
-1407448,772236,3
-1407448,772422,1
-1407448,773301,1
-1407448,773304,2
-1407448,773305,1
-1407448,773306,1
-1407448,773308,1
-1407448,773330,1
-1407447,772236,1
-1407447,772354,1
-1407447,772361,1
-1407447,772362,1
-1407447,772397,1
-1407447,773299,2
-1407447,773309,1
-1407446,772187,1
-1407446,772355,1
-1407446,772357,1
-1407446,772365,1
-1407446,772368,1
-1407446,772383,1
-1407446,772453,1
-1407446,772501,1
-1407446,773297,1
-1407446,773298,1
-1407446,773303,1
-1407446,773329,1
-1407446,773645,1
-1407445,772384,1
-1407445,772410,1
-1407445,772434,1
-1407445,772439,1
-1407445,772563,1
-1407445,773308,1
-1407445,773644,1
-1407444,771661,1
-1407444,772344,1
-1407444,772352,1
-1407444,772387,1
-1407444,772421,1
-1407444,772435,1
-1407444,772451,1
-1407444,772493,1
-1407444,773056,1
-1407444,773638,1
-1407443,770261,1
-1407443,772344,1
-1407443,772345,1
-1407443,772431,1
-1407443,773055,1
-1407443,773155,1
-1407443,773308,1
-1407443,773323,1
-1407443,773651,1
-1407442,770952,1
-1407442,772346,1
-1407442,772363,1
-1407442,772372,1
-1407442,772373,1
-1407442,772460,1
-1407442,774430,1
-1407441,770969,1
-1407441,771658,1
-1407441,771942,1
-1407441,772361,1
-1407441,772365,1
-1407441,772379,1
-1407441,772395,1
-1407441,772408,1
-1407441,772429,1
-1407441,772437,1
-1407441,772498,1
-1407441,772835,1
-1407441,773255,1
-1407440,769819,1
-1407440,770759,1
-1407440,772357,1
-1407440,772362,1
-1407440,772406,1
-1407440,772419,1
-1407440,772429,1
-1407440,772485,1
-1407440,772501,1
-1407440,772610,1
-1407440,773054,1
-1407439,772362,1
-1407439,772364,1
-1407439,772425,1
-1407439,772430,1
-1407439,772482,1
-1407439,772538,1
-1407439,772595,1
-1407439,773719,1
-1407438,770285,1
-1407438,771650,1
-1407438,772407,1
-1407438,772417,1
-1407438,772422,1
-1407438,772426,1
-1407438,772871,1
-1407438,772952,1
-1407438,773585,1
-1407437,772349,1
-1407437,772386,1
-1407437,772435,1
-1407437,772480,1
-1407437,772484,1
-1407437,773183,4
-1407437,773806,1
-1407437,774431,1
-1407436,770954,1
-1407436,772352,1
-1407436,772421,1
-1407436,772606,1
-1407436,772656,1
-1407435,770761,1
-1407435,770763,1
-1407435,772371,1
-1407435,772384,1
-1407435,772385,1
-1407435,772401,1
-1407435,772415,1
-1407435,772618,1
-1407435,772852,1
-1407435,772860,2
-1407435,773228,1
-1407434,770761,1
-1407434,770960,1
-1407434,770962,1
-1407434,772079,1
-1407434,772268,1
-1407434,772409,1
-1407434,772432,1
-1407434,772733,1
-1407434,772849,1
-1407434,773581,1
-1407434,774067,1
-1407433,770765,2
-1407433,770880,1
-1407433,772339,1
-1407433,772359,1
-1407433,772366,1
-1407433,772509,1
-1407433,772571,1
-1407432,770143,1
-1407432,770761,1
-1407432,770762,1
-1407432,770763,1
-1407432,771336,1
-1407432,772381,3
-1407432,772398,1
-1407432,772404,1
-1407432,772408,1
-1407432,772409,1
-1407432,772479,1
-1407432,772539,1
-1407432,772558,1
-1407432,772604,1
-1407432,772854,1
-1407432,773328,1
-1407432,774072,1
-1407431,770758,1
-1407431,770961,1
-1407431,771949,1
-1407431,772013,1
-1407431,772405,1
-1407431,772568,1
-1407431,774065,1
-1407430,770757,1
-1407430,771969,1
-1407430,772173,4
-1407430,772361,1
-1407430,772530,1
-1407430,774065,2
-1407430,774070,1
-1407429,772361,1
-1407429,772363,1
-1407429,772393,1
-1407429,772397,1
-1407429,772522,1
-1407429,772543,1
-1407429,772571,1
-1407429,772716,1
-1407429,772910,1
-1407429,773016,1
-1407429,773285,1
-1407428,771029,1
-1407428,772320,1
-1407428,772394,1
-1407428,772397,1
-1407428,772515,1
-1407428,772526,1
-1407428,773172,1
-1407428,773199,1
-1407427,770204,1
-1407427,771649,1
-1407427,772170,1
-1407427,772377,1
-1407427,772416,1
-1407427,772527,1
-1407426,770754,1
-1407426,771276,1
-1407426,771764,1
-1407426,771799,1
-1407426,772002,1
-1407426,772104,1
-1407426,772125,1
-1407426,772362,1
-1407426,772381,1
-1407426,772405,1
-1407426,773227,1
-1407426,773257,1
-1407426,773354,1
-1407426,774442,1
-1407425,769739,1
-1407425,770757,1
-1407425,771653,1
-1407425,772156,1
-1407425,772371,1
-1407425,772372,1
-1407425,772394,1
-1407425,772911,1
-1407425,773108,1
-1407425,773329,1
-1407425,773637,1
-1407424,769924,1
-1407424,772098,1
-1407424,772319,1
-1407424,772371,1
-1407424,773101,1
-1407424,773102,1
-1407423,770747,1
-1407423,771078,1
-1407423,772314,1
-1407423,772373,1
-1407423,772381,1
-1407423,772382,12
-1407423,772383,1
-1407423,772385,1
-1407423,772422,1
-1407423,772744,1
-1407423,772901,1
-1407423,772912,1
-1407423,773330,1
-1407422,770270,1
-1407422,771027,1
-1407422,772185,1
-1407422,772355,5
-1407422,772373,1
-1407422,772739,1
-1407422,773104,1
-1407422,773277,1
-1407421,771107,1
-1407421,771292,1
-1407421,772179,1
-1407421,772373,2
-1407421,772375,1
-1407421,772392,4
-1407421,772705,1
-1407421,772913,1
-1407421,773098,1
-1407421,773165,1
-1407420,770744,1
-1407420,772365,1
-1407420,772372,1
-1407420,772377,1
-1407420,772381,1
-1407420,772386,1
-1407420,772388,1
-1407420,773169,1
-1407419,770933,1
-1407419,771067,1
-1407419,772376,1
-1407419,772387,1
-1407419,773449,1
-1407418,770760,1
-1407418,770930,1
-1407418,770934,1
-1407418,772382,2
-1407418,772388,1
-1407418,772412,1
-1407418,772563,1
-1407418,772585,1
-1407418,773156,1
-1407418,773393,1
-1407417,770120,1
-1407417,770931,1
-1407417,771950,1
-1407417,772043,1
-1407417,772385,1
-1407417,772387,1
-1407417,772941,1
-1407417,772989,1
-1407416,771112,1
-1407416,771289,1
-1407416,771999,1
-1407416,772053,1
-1407416,772316,1
-1407416,772377,1
-1407416,772388,1
-1407416,773786,1
-1407415,770744,1
-1407415,770745,1
-1407415,771289,1
-1407415,772110,1
-1407415,772166,1
-1407415,772169,1
-1407415,772365,1
-1407415,772402,1
-1407415,772405,1
-1407415,772764,1
-1407415,772908,1
-1407415,773197,1
-1407415,773451,1
-1407414,770743,1
-1407414,771047,1
-1407414,772029,1
-1407414,772325,1
-1407414,772389,1
-1407414,772392,1
-1407414,772951,1
-1407414,773106,1
-1407414,773175,1
-1407414,773450,1
-1407413,770761,1
-1407413,771764,1
-1407413,772005,1
-1407413,772045,1
-1407413,772360,1
-1407413,772380,1
-1407413,772386,1
-1407413,772400,1
-1407413,772895,1
-1407413,772965,1
-1407413,773126,1
-1407412,771931,1
-1407412,771951,1
-1407412,771960,1
-1407412,772342,1
-1407412,772362,1
-1407412,772372,1
-1407412,772385,1
-1407412,772410,1
-1407412,772721,1
-1407411,770530,1
-1407411,771070,1
-1407411,771929,1
-1407411,771944,1
-1407411,772117,1
-1407411,772131,1
-1407411,772329,1
-1407411,772538,1
-1407411,773150,1
-1407410,770745,1
-1407410,771297,1
-1407410,771298,1
-1407410,771927,1
-1407410,772141,2
-1407410,773089,1
-1407410,773151,1
-1407410,773421,1
-1407409,770450,1
-1407409,772116,1
-1407409,772126,1
-1407409,772323,1
-1407409,772371,1
-1407409,772402,1
-1407409,772423,1
-1407409,772689,1
-1407409,772899,1
-1407409,773908,1
-1407408,770616,1
-1407408,770628,1
-1407408,771058,1
-1407408,772906,1
-1407408,772907,1
-1407407,769798,1
-1407407,770740,1
-1407407,771141,1
-1407407,771671,1
-1407407,772090,1
-1407407,772321,1
-1407407,772891,1
-1407407,773910,1
-1407406,771289,1
-1407406,771299,1
-1407406,772908,1
-1407406,772998,1
-1407405,769710,1
-1407405,769803,1
-1407405,770135,1
-1407405,771299,1
-1407405,772049,1
-1407405,772102,1
-1407405,772151,1
-1407405,772364,2
-1407405,772592,1
-1407405,772722,1
-1407405,773380,1
-1407405,773396,1
-1407404,769895,1
-1407404,770745,1
-1407404,770885,1
-1407404,772023,1
-1407404,772113,1
-1407404,772287,1
-1407404,772362,1
-1407404,772395,1
-1407404,772889,1
-1407404,772906,1
-1407404,772910,1
-1407404,773200,2
-1407403,769754,1
-1407403,770547,1
-1407403,770639,1
-1407403,770691,1
-1407403,770739,1
-1407403,771106,1
-1407403,771287,1
-1407403,772115,1
-1407403,772138,1
-1407403,772322,1
-1407403,772360,1
-1407403,772900,1
-1407403,772901,1
-1407403,773252,1
-1407402,769751,1
-1407402,769912,1
-1407402,770127,1
-1407402,771746,1
-1407402,772104,1
-1407402,772136,1
-1407402,772532,1
-1407402,772900,1
-1407402,772907,1
-1407402,772910,1
-1407402,773214,1
-1407402,773339,1
-1407401,769751,4
-1407401,770619,1
-1407401,771045,1
-1407401,771696,1
-1407401,772587,1
-1407401,772936,1
-1407401,772992,1
-1407401,773146,1
-1407401,773275,1
-1407401,774074,1
-1407401,774294,1
-1407400,769870,1
-1407400,770537,1
-1407400,770601,2
-1407400,770608,1
-1407400,770609,1
-1407400,770614,1
-1407400,770900,1
-1407400,772903,1
-1407400,772904,1
-1407400,772906,1
-1407400,772911,1
-1407400,773146,1
-1407399,770538,1
-1407399,770743,1
-1407399,771014,1
-1407399,771053,1
-1407399,771302,1
-1407399,771672,1
-1407399,771910,1
-1407399,771946,1
-1407399,771948,1
-1407399,772030,1
-1407399,772119,1
-1407399,772306,1
-1407399,772354,1
-1407399,772988,1
-1407399,772993,1
-1407399,773270,1
-1407398,770588,1
-1407398,770603,1
-1407398,770615,1
-1407398,770618,1
-1407398,770897,1
-1407398,771156,1
-1407398,771307,1
-1407398,771689,1
-1407398,771934,1
-1407398,771945,1
-1407398,772387,1
-1407398,772892,1
-1407398,772902,1
-1407398,772906,1
-1407398,773152,2
-1407398,773173,1
-1407398,773197,1
-1407397,769800,1
-1407397,770601,1
-1407397,770616,1
-1407397,770619,1
-1407397,770623,1
-1407397,770628,1
-1407397,772231,1
-1407397,772316,1
-1407397,772353,1
-1407397,772891,1
-1407397,772903,3
-1407397,772906,1
-1407397,772913,1
-1407397,772971,1
-1407397,772993,1
-1407397,772997,1
-1407397,773169,1
-1407397,773331,1
-1407397,773338,1
-1407396,769882,1
-1407396,770578,1
-1407396,770601,1
-1407396,771661,1
-1407396,771945,1
-1407396,771946,1
-1407396,772360,1
-1407396,772374,1
-1407396,772459,1
-1407396,772888,1
-1407396,772902,1
-1407396,772908,1
-1407396,772922,16
-1407396,773000,1
-1407396,773113,1
-1407396,773127,1
-1407396,773140,1
-1407396,773142,1
-1407396,773332,2
-1407396,773333,2
-1407396,773339,1
-1407396,773342,1
-1407395,769785,1
-1407395,770576,1
-1407395,770584,1
-1407395,770608,1
-1407395,770617,1
-1407395,770621,1
-1407395,770885,1
-1407395,770978,1
-1407395,771649,1
-1407395,772907,1
-1407395,773135,1
-1407395,773141,1
-1407395,773326,1
-1407395,773330,1
-1407395,773332,2
-1407395,773337,1
-1407395,773338,2
-1407394,770614,1
-1407394,770615,1
-1407394,770619,1
-1407394,770627,1
-1407394,771961,1
-1407394,772904,1
-1407394,772905,1
-1407394,772916,1
-1407394,773332,1
-1407394,773339,1
-1407394,773349,1
-1407394,773370,1
-1407394,773959,1
-1407394,774237,1
-1407393,770519,1
-1407393,770609,1
-1407393,770614,1
-1407393,770616,1
-1407393,770623,1
-1407393,770624,1
-1407393,770633,1
-1407393,771954,1
-1407393,772149,1
-1407393,772320,1
-1407393,772922,1
-1407393,772944,1
-1407393,773196,1
-1407393,773258,1
-1407393,773331,1
-1407393,773332,2
-1407393,773964,1
-1407392,770571,1
-1407392,770577,1
-1407392,770611,1
-1407392,770612,1
-1407392,770623,1
-1407392,770629,1
-1407392,771950,2
-1407392,772317,1
-1407392,772802,1
-1407392,773123,1
-1407392,773333,1
-1407391,769668,1
-1407391,769792,1
-1407391,770580,1
-1407391,770608,1
-1407391,770609,1
-1407391,771941,1
-1407391,772311,1
-1407391,772315,1
-1407391,772321,1
-1407391,772672,1
-1407391,772877,1
-1407391,773356,1
-1407391,773365,1
-1407391,773967,1
-1407391,774131,1
-1407390,770615,1
-1407390,770623,1
-1407390,770624,1
-1407390,770625,1
-1407390,770629,1
-1407390,770630,1
-1407390,770642,1
-1407390,770649,1
-1407390,771483,1
-1407390,771723,1
-1407390,771936,1
-1407390,771947,1
-1407390,772330,1
-1407390,772930,1
-1407390,772997,1
-1407390,773172,1
-1407389,769755,1
-1407389,769791,1
-1407389,770613,1
-1407389,770621,1
-1407389,770622,1
-1407389,770624,1
-1407389,770629,1
-1407389,770659,1
-1407389,770689,1
-1407389,771011,1
-1407389,771933,1
-1407389,771949,1
-1407389,773124,1
-1407389,773134,1
-1407389,773147,1
-1407389,773517,1
-1407389,773538,1
-1407388,770629,1
-1407388,770634,1
-1407388,770635,1
-1407388,771942,1
-1407388,772175,1
-1407388,772330,1
-1407388,772662,1
-1407388,773140,1
-1407388,773391,1
-1407387,770609,1
-1407387,770621,1
-1407387,770624,1
-1407387,770629,2
-1407387,770635,1
-1407387,770639,1
-1407387,770641,1
-1407387,770645,1
-1407387,770649,1
-1407387,771012,1
-1407387,771735,1
-1407387,771742,1
-1407387,771934,1
-1407387,771949,1
-1407387,772114,1
-1407387,772329,1
-1407387,772363,1
-1407387,772372,1
-1407387,772381,1
-1407387,772784,1
-1407387,772827,1
-1407387,772848,1
-1407387,772889,1
-1407387,773505,1
-1407387,773529,1
-1407386,770611,1
-1407386,770621,1
-1407386,770623,1
-1407386,770624,1
-1407386,770625,2
-1407386,770626,1
-1407386,770630,1
-1407386,770639,1
-1407386,770642,1
-1407386,770648,1
-1407386,770667,1
-1407386,771040,4
-1407386,771058,1
-1407386,771078,1
-1407386,771747,1
-1407386,771939,1
-1407386,771940,1
-1407386,772911,1
-1407386,773513,1
-1407385,770622,1
-1407385,770629,1
-1407385,770630,9
-1407385,770634,5
-1407385,770635,1
-1407385,770637,1
-1407385,770638,2
-1407385,770975,1
-1407385,771938,1
-1407385,771947,1
-1407385,771950,1
-1407385,772642,1
-1407385,772906,1
-1407385,773530,1
-1407384,770616,1
-1407384,770617,1
-1407384,770622,2
-1407384,770627,2
-1407384,770632,13
-1407384,770633,1
-1407384,770634,2
-1407384,770635,4
-1407384,770637,4
-1407384,770638,10
-1407384,770647,1
-1407384,770656,1
-1407384,771126,1
-1407384,772061,1
-1407384,772165,1
-1407384,772224,1
-1407384,772934,1
-1407384,773119,1
-1407384,773136,1
-1407384,774017,1
-1407383,769665,1
-1407383,770030,1
-1407383,770611,1
-1407383,770628,1
-1407383,770629,2
-1407383,770633,2
-1407383,770634,20
-1407383,770635,13
-1407383,770636,1
-1407383,770637,18
-1407383,770639,9
-1407383,770642,1
-1407383,770646,1
-1407383,770659,1
-1407383,771967,1
-1407383,772385,1
-1407383,772948,1
-1407383,773507,1
-1407382,770624,1
-1407382,770627,1
-1407382,770628,1
-1407382,770629,1
-1407382,770632,1
-1407382,770633,1
-1407382,770634,2
-1407382,770635,20
-1407382,770636,47
-1407382,770637,1
-1407382,770638,2
-1407382,770639,1
-1407382,770640,4
-1407382,771707,1
-1407382,772297,1
-1407382,772322,1
-1407382,772938,1
-1407382,773298,1
-1407382,773449,1
-1407382,773500,1
-1407381,769859,2
-1407381,770076,1
-1407381,770087,1
-1407381,770268,1
-1407381,770630,2
-1407381,770633,10
-1407381,770634,1
-1407381,770635,1
-1407381,770638,2
-1407381,770640,1
-1407381,770641,2
-1407381,770642,1
-1407381,770644,1
-1407381,770655,1
-1407381,771039,1
-1407381,771100,1
-1407381,771938,1
-1407381,772204,3
-1407381,772349,1
-1407381,772351,1
-1407381,772914,1
-1407381,773384,1
-1407381,773504,1
-1407381,774008,1
-1407380,770623,1
-1407380,770634,3
-1407380,770635,37
-1407380,770636,78
-1407380,770637,1
-1407380,770638,14
-1407380,770639,1
-1407380,770640,2
-1407380,770641,1
-1407380,770643,9
-1407380,770644,3
-1407380,770645,1
-1407380,770646,11
-1407380,770652,2
-1407380,770674,1
-1407380,772021,1
-1407380,772138,1
-1407380,772155,1
-1407380,772328,1
-1407380,772338,1
-1407380,772386,1
-1407380,772850,1
-1407380,772948,1
-1407380,773504,1
-1407380,774012,1
-1407379,769746,1
-1407379,770624,1
-1407379,770631,3
-1407379,770634,2
-1407379,770636,1
-1407379,770637,4
-1407379,770638,1
-1407379,770644,2
-1407379,770645,1
-1407379,770648,1
-1407379,770653,1
-1407379,770659,2
-1407379,770692,1
-1407379,772164,1
-1407379,772220,1
-1407379,772308,1
-1407379,772315,1
-1407379,773118,1
-1407379,773221,1
-1407379,773640,1
-1407378,769714,1
-1407378,770630,1
-1407378,770631,1
-1407378,770632,4
-1407378,770642,6
-1407378,770643,1
-1407378,770646,1
-1407378,770649,1
-1407378,770650,1
-1407378,770663,1
-1407378,771790,1
-1407378,771940,1
-1407378,772882,1
-1407378,773407,1
-1407378,773637,1
-1407377,769759,1
-1407377,770626,1
-1407377,770627,1
-1407377,770629,1
-1407377,770633,1
-1407377,770641,1
-1407377,770643,2
-1407377,770644,5
-1407377,770645,7
-1407377,770647,1
-1407377,770649,1
-1407377,770654,2
-1407377,771119,1
-1407377,771154,1
-1407377,771734,1
-1407377,772165,1
-1407377,772183,2
-1407377,772884,1
-1407377,773285,1
-1407376,770613,1
-1407376,770618,1
-1407376,770625,1
-1407376,770628,1
-1407376,770634,10
-1407376,770635,1
-1407376,770644,3
-1407376,770645,2
-1407376,770646,2
-1407376,770647,1
-1407376,770648,4
-1407376,770650,2
-1407376,770651,1
-1407376,770652,1
-1407376,770654,1
-1407376,770666,1
-1407376,770900,1
-1407376,773000,1
-1407376,773340,1
-1407376,773640,1
-1407375,770623,1
-1407375,770629,1
-1407375,770632,1
-1407375,770633,1
-1407375,770635,1
-1407375,770636,2
-1407375,770638,8
-1407375,770640,1
-1407375,770642,2
-1407375,770645,2
-1407375,770646,1
-1407375,770648,2
-1407375,770651,1
-1407375,770653,1
-1407375,770654,1
-1407375,770657,1
-1407375,770659,1
-1407375,770665,1
-1407375,770898,1
-1407375,772181,1
-1407375,772219,1
-1407375,772865,1
-1407375,774004,1
-1407374,769795,1
-1407374,770627,1
-1407374,770632,1
-1407374,770634,1
-1407374,770635,1
-1407374,770639,1
-1407374,770640,1
-1407374,770641,31
-1407374,770647,2
-1407374,770648,1
-1407374,770654,1
-1407374,770656,9
-1407374,770657,1
-1407374,771121,1
-1407374,772202,1
-1407374,772344,1
-1407374,773515,1
-1407373,770206,1
-1407373,770563,1
-1407373,770626,1
-1407373,770644,1
-1407373,770646,1
-1407373,770647,3
-1407373,770649,1
-1407373,770650,1
-1407373,770660,1
-1407373,770664,1
-1407373,771032,1
-1407373,771042,1
-1407373,771638,1
-1407373,771965,1
-1407373,772167,1
-1407373,772898,1
-1407373,773328,1
-1407373,773479,1
-1407373,773634,1
-1407373,773815,1
-1407373,774016,1
-1407372,770636,1
-1407372,770639,2
-1407372,770646,1
-1407372,770648,2
-1407372,770649,3
-1407372,770650,3
-1407372,770651,2
-1407372,770657,1
-1407372,770659,1
-1407372,770686,1
-1407372,770987,3
-1407372,771003,1
-1407372,771122,1
-1407372,772128,1
-1407372,773074,1
-1407372,773526,1
-1407372,773614,1
-1407371,770635,1
-1407371,770638,1
-1407371,770640,1
-1407371,770644,1
-1407371,770645,1
-1407371,770651,1
-1407371,770652,1
-1407371,770653,1
-1407371,770654,1
-1407371,770655,1
-1407371,770656,1
-1407371,770657,1
-1407371,770665,1
-1407371,770668,1
-1407371,770794,1
-1407371,772622,1
-1407371,773508,1
-1407371,773527,1
-1407370,769770,1
-1407370,769800,1
-1407370,770630,1
-1407370,770636,1
-1407370,770643,1
-1407370,770649,1
-1407370,770651,2
-1407370,770654,2
-1407370,770657,2
-1407370,771110,1
-1407370,772178,1
-1407370,773432,1
-1407370,773533,1
-1407370,773803,1
-1407370,774070,1
-1407370,774072,1
-1407369,769783,1
-1407369,770635,1
-1407369,770638,1
-1407369,770662,1
-1407369,771111,2
-1407369,772071,1
-1407369,772147,1
-1407369,772370,1
-1407369,772384,1
-1407369,772385,1
-1407369,773543,1
-1407369,773812,1
-1407368,770633,1
-1407368,770635,1
-1407368,770641,6
-1407368,770643,1
-1407368,770650,1
-1407368,772136,1
-1407368,772370,1
-1407368,772497,1
-1407368,773424,1
-1407368,773787,1
-1407367,770629,2
-1407367,770639,1
-1407367,770642,1
-1407367,770647,1
-1407367,770657,1
-1407367,771029,1
-1407367,772077,1
-1407367,772156,1
-1407367,772489,1
-1407367,772539,1
-1407367,773616,1
-1407367,773805,1
-1407367,774047,1
-1407367,774171,1
-1407366,769737,1
-1407366,770645,1
-1407366,770648,2
-1407366,770650,1
-1407366,770653,1
-1407366,770890,1
-1407366,771124,1
-1407366,772397,1
-1407366,773466,1
-1407366,773522,1
-1407365,769763,1
-1407365,770050,1
-1407365,770638,1
-1407365,770639,1
-1407365,770649,1
-1407365,770658,1
-1407365,770670,1
-1407365,771099,1
-1407365,772076,1
-1407365,772142,1
-1407365,772155,1
-1407365,772216,1
-1407365,773544,1
-1407365,773817,1
-1407364,769755,2
-1407364,770659,1
-1407364,770663,1
-1407364,771110,1
-1407364,771112,1
-1407364,771121,1
-1407364,772141,1
-1407364,773782,1
-1407364,773969,1
-1407363,769715,1
-1407363,771033,1
-1407363,772114,1
-1407363,772135,1
-1407363,773982,1
-1407363,774074,1
-1407362,769748,1
-1407362,770651,1
-1407362,771101,1
-1407362,772125,1
-1407362,772219,1
-1407362,772495,1
-1407362,773526,1
-1407362,773544,1
-1407361,769739,2
-1407361,769740,1
-1407361,770617,60
-1407361,770637,1
-1407361,770659,1
-1407361,771100,1
-1407361,771140,1
-1407361,771938,1
-1407361,772039,1
-1407361,772156,1
-1407361,772384,1
-1407361,772603,1
-1407361,772880,1
-1407361,773018,1
-1407360,769788,1
-1407360,770004,1
-1407360,771043,1
-1407360,771099,2
-1407360,771100,2
-1407360,771101,1
-1407360,772120,2
-1407360,772145,1
-1407360,772167,1
-1407360,772325,1
-1407359,769932,1
-1407359,771025,1
-1407359,771097,1
-1407359,771098,1
-1407359,771100,2
-1407359,771119,1
-1407359,771125,1
-1407359,772385,1
-1407359,772524,1
-1407359,772885,1
-1407358,769674,3
-1407358,771055,1
-1407358,771101,1
-1407358,771123,1
-1407358,772067,1
-1407358,772108,1
-1407358,773302,1
-1407358,773529,1
-1407358,773821,1
-1407358,774000,1
-1407357,770826,1
-1407357,771101,1
-1407357,771119,1
-1407357,771138,1
-1407357,772121,1
-1407357,772132,1
-1407357,772164,1
-1407357,772295,1
-1407357,772305,1
-1407357,772325,1
-1407357,772356,1
-1407357,772695,1
-1407357,772879,1
-1407357,772882,1
-1407357,772945,1
-1407356,769748,1
-1407356,771034,1
-1407356,771100,1
-1407356,771149,1
-1407356,771156,1
-1407356,771202,1
-1407356,772075,1
-1407356,772081,1
-1407356,772114,1
-1407356,772118,1
-1407356,772601,1
-1407356,773301,1
-1407356,774097,1
-1407355,769722,1
-1407355,769741,1
-1407355,769752,1
-1407355,769770,1
-1407355,771109,1
-1407355,772156,1
-1407355,773304,1
-1407355,773798,1
-1407355,774101,1
-1407355,774346,1
-1407354,769707,1
-1407354,769744,1
-1407354,769754,1
-1407354,770062,1
-1407354,771019,1
-1407354,771020,1
-1407354,771138,1
-1407354,772132,1
-1407354,772153,1
-1407354,772160,1
-1407354,772264,1
-1407354,772310,1
-1407354,772320,1
-1407354,772576,1
-1407354,772586,1
-1407354,773731,1
-1407353,770669,1
-1407353,771104,1
-1407353,772072,1
-1407353,772076,1
-1407353,772117,1
-1407353,772118,1
-1407353,772142,1
-1407353,772201,1
-1407353,772261,1
-1407353,772318,1
-1407353,773013,1
-1407353,773310,1
-1407352,769775,1
-1407352,771040,1
-1407352,772141,1
-1407352,772316,1
-1407352,773541,1
-1407352,774104,1
-1407351,769777,1
-1407351,770845,1
-1407351,771027,2
-1407351,771028,1
-1407351,771101,1
-1407351,772144,1
-1407351,772148,1
-1407351,772166,1
-1407351,772288,1
-1407351,772314,1
-1407350,769790,2
-1407350,771037,1
-1407350,771098,1
-1407350,772252,1
-1407350,772305,1
-1407350,772306,3
-1407350,772307,3
-1407350,773310,1
-1407350,773545,1
-1407350,773805,1
-1407350,774057,1
-1407349,770769,1
-1407349,771018,1
-1407349,771028,1
-1407349,771094,1
-1407349,771490,1
-1407349,772110,1
-1407349,772148,1
-1407349,773025,1
-1407349,773972,1
-1407348,769733,1
-1407348,771034,1
-1407348,771095,1
-1407348,772128,1
-1407348,772134,1
-1407348,772311,1
-1407348,772610,1
-1407348,773561,1
-1407347,769755,1
-1407347,769767,1
-1407347,770674,1
-1407347,770892,1
-1407347,771188,1
-1407347,772143,1
-1407347,772149,1
-1407347,772307,13
-1407347,772318,1
-1407346,769751,1
-1407346,770601,1
-1407346,771026,1
-1407346,772091,1
-1407346,772129,1
-1407346,772130,1
-1407346,772131,1
-1407346,772135,1
-1407346,772145,1
-1407346,772293,1
-1407346,772306,1
-1407346,772308,1
-1407346,772704,1
-1407345,769685,1
-1407345,769776,1
-1407345,770767,1
-1407345,772096,1
-1407345,772125,1
-1407345,772130,1
-1407345,772141,1
-1407345,773683,1
-1407344,769769,1
-1407344,770766,1
-1407344,772105,1
-1407344,772108,1
-1407344,772122,1
-1407344,772131,1
-1407344,772154,1
-1407344,772185,1
-1407344,772247,1
-1407344,772306,1
-1407344,772383,1
-1407344,772503,1
-1407344,772784,1
-1407344,773254,1
-1407343,770766,3
-1407343,772069,1
-1407343,772070,1
-1407343,772115,1
-1407343,772123,1
-1407343,772126,1
-1407343,772138,1
-1407343,772148,1
-1407343,772167,1
-1407343,772172,1
-1407343,772785,1
-1407343,772968,1
-1407342,769776,1
-1407342,770998,1
-1407342,771106,1
-1407342,772138,1
-1407342,772158,1
-1407342,772308,1
-1407342,772348,1
-1407342,772824,1
-1407342,773070,1
-1407342,773111,1
-1407342,773285,1
-1407342,773490,1
-1407342,773589,1
-1407341,769762,1
-1407341,769766,1
-1407341,769774,1
-1407341,769802,1
-1407341,771048,1
-1407341,771100,1
-1407341,772033,1
-1407341,772037,1
-1407341,772038,1
-1407341,772074,1
-1407341,772093,1
-1407341,772116,1
-1407341,772371,1
-1407341,772434,1
-1407341,772464,1
-1407341,772617,1
-1407341,772916,1
-1407341,773070,1
-1407341,773163,1
-1407340,769754,1
-1407340,770956,1
-1407340,772061,1
-1407340,772067,1
-1407340,772068,1
-1407340,772126,1
-1407340,772146,1
-1407340,772161,1
-1407340,772170,1
-1407340,772346,1
-1407340,772401,1
-1407340,772438,1
-1407340,772439,1
-1407340,772617,1
-1407340,772618,1
-1407340,772622,1
-1407340,773153,1
-1407340,773159,1
-1407340,773162,1
-1407340,773252,1
-1407340,773444,1
-1407340,774391,1
-1407339,771917,1
-1407339,772080,1
-1407339,772081,1
-1407339,772087,1
-1407339,772122,2
-1407339,772125,1
-1407339,772128,1
-1407339,772133,1
-1407339,772147,2
-1407339,772166,1
-1407339,772312,1
-1407339,772618,1
-1407338,770493,1
-1407338,771026,1
-1407338,771902,1
-1407338,772106,1
-1407338,772112,1
-1407338,772116,1
-1407338,772123,1
-1407338,772124,1
-1407338,772129,1
-1407338,772161,1
-1407338,772163,1
-1407338,772175,1
-1407338,772292,1
-1407338,772443,1
-1407338,772446,1
-1407338,772618,1
-1407338,773163,1
-1407338,773707,1
-1407337,769767,1
-1407337,769773,2
-1407337,770785,1
-1407337,772089,1
-1407337,772092,1
-1407337,772102,1
-1407337,773161,1
-1407337,773328,1
-1407336,769769,1
-1407336,770895,1
-1407336,772035,1
-1407336,772124,1
-1407336,772151,1
-1407336,772343,1
-1407336,772386,1
-1407336,773164,1
-1407336,773582,1
-1407335,769752,6
-1407335,769774,2
-1407335,771007,1
-1407335,771110,1
-1407335,771113,1
-1407335,772061,1
-1407335,772109,1
-1407335,772130,1
-1407335,772149,1
-1407335,772161,1
-1407335,773140,1
-1407334,769678,1
-1407334,769945,1
-1407334,770048,1
-1407334,772069,2
-1407334,772082,1
-1407334,772131,1
-1407334,772435,1
-1407334,772464,1
-1407334,772919,1
-1407334,773371,1
-1407333,772126,1
-1407333,772682,1
-1407333,772916,1
-1407333,772996,1
-1407333,773133,1
-1407333,773138,1
-1407333,773166,1
-1407333,774095,1
-1407332,769714,1
-1407332,771017,1
-1407332,771025,1
-1407332,772079,1
-1407332,772463,1
-1407332,773134,1
-1407332,773141,1
-1407331,769764,1
-1407331,770990,1
-1407331,771020,1
-1407331,772062,1
-1407331,772144,1
-1407331,772435,1
-1407331,772617,1
-1407331,772868,1
-1407331,773131,1
-1407331,773769,1
-1407330,769700,1
-1407330,771006,1
-1407330,772066,1
-1407330,772110,1
-1407330,772126,3
-1407330,772167,1
-1407330,774075,1
-1407330,774375,1
-1407329,772122,3
-1407329,772135,1
-1407329,772283,1
-1407329,772303,1
-1407329,772305,15
-1407329,772446,1
-1407329,772646,1
-1407329,773162,1
-1407329,773971,1
-1407328,771101,1
-1407328,771103,1
-1407328,772045,1
-1407328,772426,1
-1407328,772607,1
-1407328,772912,1
-1407328,773139,1
-1407328,774084,1
-1407328,774433,1
-1407327,769759,1
-1407327,771278,1
-1407327,771468,1
-1407327,771807,1
-1407327,772058,1
-1407327,772079,1
-1407327,772281,1
-1407327,772604,1
-1407327,772615,1
-1407327,772918,1
-1407327,773143,1
-1407327,773147,1
-1407327,773152,1
-1407326,769772,3
-1407326,769882,1
-1407326,770046,1
-1407326,771810,1
-1407326,772172,1
-1407326,773129,1
-1407326,773139,1
-1407326,773142,1
-1407326,773344,1
-1407326,773375,1
-1407326,773497,1
-1407325,769696,1
-1407325,771479,1
-1407325,772057,1
-1407325,772103,1
-1407325,772120,1
-1407325,772122,1
-1407325,772571,1
-1407325,773045,1
-1407325,773343,2
-1407325,773765,1
-1407324,769761,1
-1407324,770501,1
-1407324,772096,1
-1407324,772109,1
-1407324,772118,1
-1407324,772569,3
-1407324,772574,1
-1407324,772611,1
-1407323,770891,1
-1407323,771229,1
-1407323,772617,1
-1407323,773119,1
-1407323,773151,1
-1407322,770496,1
-1407322,770499,1
-1407322,770501,1
-1407322,772100,1
-1407322,772109,1
-1407322,772595,1
-1407322,772606,1
-1407322,773089,1
-1407322,773142,1
-1407322,773157,1
-1407322,773370,1
-1407321,769744,1
-1407321,771479,2
-1407321,772112,1
-1407321,772115,1
-1407321,772125,1
-1407321,772189,1
-1407321,772280,1
-1407321,772302,1
-1407321,772305,1
-1407321,772598,1
-1407321,772617,1
-1407321,772648,1
-1407321,772937,1
-1407321,774101,1
-1407321,774432,1
-1407320,772104,1
-1407320,772105,1
-1407320,772110,2
-1407320,772138,1
-1407320,772188,1
-1407320,772922,1
-1407320,773113,1
-1407320,773329,1
-1407320,773361,1
-1407320,773677,1
-1407319,772105,1
-1407319,772144,1
-1407319,772430,1
-1407319,773138,1
-1407319,773767,1
-1407318,772102,1
-1407318,772103,1
-1407318,772105,1
-1407318,772122,1
-1407318,772175,1
-1407318,773142,1
-1407317,771280,1
-1407317,772076,1
-1407317,772101,2
-1407317,772103,1
-1407317,772108,1
-1407317,772115,1
-1407317,772129,1
-1407317,772620,1
-1407317,773141,1
-1407317,773585,1
-1407317,773814,1
-1407316,769753,1
-1407316,771463,1
-1407316,772102,1
-1407316,772113,1
-1407316,772129,1
-1407316,772177,1
-1407316,772180,1
-1407316,772443,1
-1407316,772449,1
-1407316,772519,1
-1407316,772526,1
-1407316,772614,1
-1407316,772616,1
-1407316,772869,1
-1407316,773629,1
-1407315,770047,1
-1407315,770501,1
-1407315,771476,1
-1407315,771477,1
-1407315,772103,1
-1407315,772124,1
-1407315,772180,1
-1407315,772549,1
-1407315,772605,1
-1407315,773157,1
-1407315,774097,1
-1407314,769768,1
-1407314,772102,1
-1407314,772105,2
-1407314,772115,1
-1407314,772120,1
-1407314,772121,1
-1407314,772146,1
-1407314,772165,1
-1407314,772169,1
-1407314,772174,1
-1407314,772176,1
-1407314,772187,1
-1407314,772200,1
-1407314,773488,1
-1407314,773752,1
-1407313,769715,1
-1407313,772107,1
-1407313,772116,1
-1407313,772122,1
-1407313,772167,1
-1407313,772187,3
-1407313,772232,1
-1407313,772386,1
-1407313,772504,1
-1407313,772521,1
-1407313,773575,1
-1407312,770592,1
-1407312,771062,1
-1407312,771483,1
-1407312,772164,22
-1407312,772181,1
-1407312,772185,1
-1407312,772274,1
-1407312,772521,1
-1407312,772522,1
-1407312,772568,1
-1407312,772601,1
-1407311,770460,1
-1407311,770586,1
-1407311,770607,1
-1407311,772159,1
-1407311,772181,1
-1407311,772410,2
-1407311,772520,3
-1407311,772522,2
-1407311,772941,1
-1407311,773145,1
-1407311,773217,1
-1407311,773759,1
-1407310,770754,1
-1407310,770971,1
-1407310,772130,1
-1407310,772149,1
-1407310,772157,1
-1407310,772165,1
-1407310,772166,1
-1407310,772173,1
-1407310,772179,1
-1407310,772182,1
-1407310,772191,2
-1407310,772259,1
-1407310,772390,1
-1407310,772521,1
-1407310,772613,1
-1407310,773144,1
-1407310,773163,1
-1407310,773219,1
-1407310,773365,1
-1407309,771323,1
-1407309,772075,1
-1407309,772274,1
-1407309,772473,1
-1407309,772520,2
-1407309,772546,1
-1407309,772572,1
-1407309,772611,1
-1407309,772640,1
-1407309,772940,1
-1407309,773153,1
-1407309,773340,1
-1407309,773373,3
-1407308,770590,1
-1407308,772109,2
-1407308,772136,1
-1407308,772144,1
-1407308,772273,1
-1407308,772276,1
-1407308,772442,1
-1407308,772512,2
-1407308,772513,1
-1407308,772520,2
-1407308,772616,1
-1407308,772624,1
-1407308,773336,1
-1407308,773598,1
-1407307,769695,1
-1407307,770594,1
-1407307,770595,1
-1407307,771887,1
-1407307,772071,1
-1407307,772093,1
-1407307,772134,1
-1407307,772150,1
-1407307,772154,1
-1407307,772198,1
-1407307,772272,1
-1407307,772510,1
-1407307,772511,1
-1407307,772525,1
-1407307,773104,1
-1407307,773145,1
-1407307,773338,1
-1407307,773739,1
-1407306,769991,1
-1407306,770062,1
-1407306,770155,1
-1407306,770590,1
-1407306,771136,1
-1407306,771792,1
-1407306,772111,1
-1407306,772125,1
-1407306,772147,1
-1407306,772175,1
-1407306,772180,1
-1407306,772272,1
-1407306,772345,1
-1407306,772410,1
-1407306,772440,1
-1407306,772610,1
-1407305,770592,1
-1407305,771797,1
-1407305,771841,1
-1407305,772097,1
-1407305,772111,1
-1407305,772114,1
-1407305,772120,1
-1407305,772134,1
-1407305,772299,1
-1407305,772306,1
-1407305,773092,1
-1407305,773138,2
-1407305,773390,1
-1407305,773784,1
-1407304,770248,1
-1407304,770452,1
-1407304,770461,1
-1407304,770591,1
-1407304,770594,1
-1407304,772147,2
-1407304,772182,1
-1407304,772183,1
-1407304,772771,1
-1407304,773104,1
-1407304,773148,1
-1407303,770064,1
-1407303,770591,1
-1407303,770592,1
-1407303,772268,1
-1407303,772275,1
-1407303,772325,1
-1407303,773132,1
-1407303,773337,1
-1407303,773781,1
-1407303,774069,1
-1407302,770002,1
-1407302,770447,1
-1407302,770578,1
-1407302,771835,1
-1407302,771897,1
-1407302,772023,1
-1407302,772141,1
-1407302,772276,1
-1407302,772277,1
-1407302,772507,1
-1407302,772582,1
-1407302,773114,1
-1407301,770451,1
-1407301,770738,1
-1407301,771804,1
-1407301,771805,1
-1407301,771981,1
-1407301,772058,1
-1407301,772123,1
-1407301,772133,1
-1407301,772160,1
-1407301,772172,1
-1407301,772180,1
-1407301,772194,1
-1407301,772273,1
-1407301,772494,1
-1407301,772772,1
-1407301,773109,1
-1407301,773114,1
-1407301,773120,1
-1407301,773563,1
-1407301,773963,1
-1407301,774089,1
-1407300,770600,1
-1407300,772114,1
-1407300,772122,1
-1407300,772138,1
-1407300,772140,2
-1407300,772144,1
-1407300,772159,1
-1407300,772164,1
-1407300,772196,1
-1407300,772275,1
-1407300,772617,1
-1407300,773108,1
-1407300,773110,1
-1407300,773114,2
-1407300,773119,1
-1407300,773164,1
-1407300,773220,1
-1407300,773483,1
-1407300,773960,1
-1407299,769712,2
-1407299,772055,1
-1407299,772099,3
-1407299,772110,1
-1407299,772115,1
-1407299,772137,1
-1407299,772144,1
-1407299,772175,1
-1407299,772272,1
-1407299,772598,1
-1407299,773112,1
-1407299,773114,1
-1407299,773115,1
-1407299,773137,1
-1407299,773146,1
-1407299,773566,1
-1407299,773567,1
-1407299,773859,1
-1407298,770219,1
-1407298,770455,1
-1407298,771055,1
-1407298,772095,1
-1407298,772118,1
-1407298,772136,1
-1407298,772137,1
-1407298,772139,2
-1407298,772171,1
-1407298,772181,1
-1407298,772183,1
-1407298,772270,1
-1407298,772306,1
-1407298,772593,1
-1407298,772640,1
-1407298,772919,1
-1407298,773114,2
-1407298,773835,1
-1407297,771250,1
-1407297,771817,1
-1407297,772051,1
-1407297,772114,1
-1407297,772134,1
-1407297,772135,1
-1407297,772141,1
-1407297,772172,1
-1407297,772275,1
-1407297,772655,1
-1407297,773113,3
-1407297,773133,1
-1407297,773135,1
-1407297,773165,1
-1407297,773317,1
-1407296,769728,1
-1407296,769847,1
-1407296,770447,1
-1407296,772129,1
-1407296,772132,1
-1407296,772148,1
-1407296,772188,4
-1407296,772199,1
-1407296,772272,44
-1407296,772432,1
-1407296,772598,1
-1407296,773149,1
-1407296,773156,1
-1407296,773172,1
-1407296,773320,1
-1407296,773492,1
-1407295,769723,1
-1407295,772112,1
-1407295,772118,1
-1407295,772119,1
-1407295,772132,1
-1407295,773321,2
-1407295,773328,1
-1407295,773452,1
-1407295,774142,1
-1407294,769742,1
-1407294,770108,1
-1407294,771143,1
-1407294,771490,1
-1407294,772026,1
-1407294,772057,1
-1407294,772117,1
-1407294,772118,1
-1407294,772120,2
-1407294,772128,1
-1407294,772129,1
-1407294,772142,1
-1407294,772151,1
-1407294,772264,2
-1407294,772266,1
-1407294,772269,1
-1407294,772277,1
-1407294,773127,1
-1407294,773135,1
-1407294,773137,1
-1407293,769671,1
-1407293,769742,1
-1407293,771076,1
-1407293,772091,1
-1407293,772120,1
-1407293,772158,1
-1407293,772186,1
-1407293,772266,1
-1407293,772272,3
-1407293,772277,1
-1407293,772363,1
-1407293,772593,1
-1407292,770660,1
-1407292,770663,1
-1407292,771193,1
-1407292,772120,1
-1407292,772150,1
-1407292,772152,1
-1407292,772156,1
-1407292,772171,1
-1407292,772183,1
-1407292,772184,2
-1407292,772186,1
-1407292,772187,1
-1407292,772275,1
-1407292,772628,1
-1407292,773530,1
-1407292,773840,1
-1407291,769699,1
-1407291,769701,1
-1407291,769844,1
-1407291,770660,2
-1407291,770955,1
-1407291,771195,1
-1407291,771382,1
-1407291,771824,1
-1407291,772057,1
-1407291,772064,1
-1407291,772071,1
-1407291,772117,6
-1407291,772125,1
-1407291,772144,1
-1407291,772154,1
-1407291,772179,1
-1407291,772185,1
-1407291,772258,1
-1407291,772263,1
-1407291,772267,1
-1407291,772269,1
-1407291,772416,25
-1407291,772614,1
-1407291,773380,1
-1407291,773529,1
-1407290,769693,1
-1407290,769713,2
-1407290,772122,1
-1407290,772123,1
-1407290,772128,2
-1407290,772184,1
-1407290,772273,2
-1407290,772282,1
-1407290,772935,1
-1407290,773299,1
-1407290,773555,1
-1407289,769708,2
-1407289,770032,2
-1407289,771733,1
-1407289,772014,1
-1407289,772038,1
-1407289,772104,1
-1407289,772127,1
-1407289,772184,1
-1407289,772582,1
-1407289,773139,1
-1407289,773159,1
-1407289,773522,1
-1407288,769699,1
-1407288,769710,1
-1407288,769716,1
-1407288,770034,1
-1407288,771278,1
-1407288,772004,1
-1407288,772141,1
-1407288,772180,1
-1407288,772186,1
-1407288,772275,1
-1407288,772610,1
-1407288,772788,1
-1407288,773511,1
-1407288,774073,1
-1407288,774435,1
-1407287,769709,1
-1407287,770689,1
-1407287,770833,1
-1407287,770891,1
-1407287,771487,1
-1407287,772097,1
-1407287,772118,1
-1407287,772137,1
-1407287,772172,1
-1407287,772177,1
-1407287,772179,1
-1407287,772185,1
-1407287,772603,1
-1407287,773162,1
-1407287,773221,1
-1407287,773293,1
-1407287,773493,1
-1407287,773512,4
-1407286,769699,1
-1407286,769702,11
-1407286,769707,1
-1407286,769708,2
-1407286,769740,1
-1407286,770832,1
-1407286,772104,1
-1407286,772106,1
-1407286,772116,1
-1407286,772122,1
-1407286,772124,1
-1407286,772126,1
-1407286,772145,1
-1407286,772151,1
-1407286,772167,1
-1407286,772193,2
-1407286,772195,1
-1407286,772607,2
-1407286,772613,1
-1407286,773290,1
-1407286,773508,1
-1407286,773750,1
-1407285,769701,1
-1407285,769708,1
-1407285,769727,1
-1407285,769747,1
-1407285,770457,1
-1407285,770522,1
-1407285,770697,1
-1407285,771503,1
-1407285,772057,1
-1407285,772116,1
-1407285,772120,1
-1407285,772137,1
-1407285,772143,1
-1407285,772158,1
-1407285,772186,1
-1407285,772275,1
-1407285,773135,1
-1407284,772079,1
-1407284,772110,2
-1407284,772112,6
-1407284,772113,1
-1407284,772135,1
-1407284,772173,1
-1407284,772306,8
-1407284,772621,1
-1407284,772897,1
-1407284,773137,1
-1407284,773221,1
-1407284,773285,1
-1407284,773367,1
-1407284,773707,1
-1407284,774245,1
-1407284,774251,1
-1407283,769714,1
-1407283,770911,1
-1407283,772109,1
-1407283,772110,1
-1407283,772112,1
-1407283,772113,1
-1407283,772114,1
-1407283,772151,1
-1407283,772184,1
-1407283,772188,1
-1407283,772620,1
-1407283,772899,1
-1407283,773114,1
-1407283,773134,1
-1407283,773140,1
-1407283,773141,1
-1407283,773146,1
-1407283,774066,1
-1407282,769740,1
-1407282,770904,1
-1407282,770995,1
-1407282,771337,1
-1407282,772015,1
-1407282,772059,1
-1407282,772112,1
-1407282,772122,1
-1407282,772137,1
-1407282,772147,1
-1407282,772223,1
-1407282,772307,1
-1407282,772418,1
-1407282,772627,1
-1407282,773115,1
-1407282,773143,1
-1407282,773147,1
-1407282,773327,2
-1407282,773534,1
-1407282,774185,1
-1407282,774399,1
-1407282,774400,1
-1407281,769680,1
-1407281,769705,1
-1407281,769706,6
-1407281,769707,1
-1407281,769716,1
-1407281,769737,1
-1407281,769738,2
-1407281,771007,1
-1407281,771800,1
-1407281,772089,1
-1407281,772107,1
-1407281,772108,2
-1407281,772109,1
-1407281,772110,1
-1407281,772114,1
-1407281,772119,1
-1407281,772136,1
-1407281,772162,1
-1407281,772166,1
-1407281,772179,6
-1407281,772185,1
-1407281,772264,1
-1407281,772586,4
-1407281,772591,1
-1407281,772619,1
-1407281,773104,1
-1407281,773137,1
-1407281,773140,1
-1407281,773508,4
-1407281,773532,1
-1407281,773545,1
-1407280,769703,1
-1407280,769704,1
-1407280,769733,1
-1407280,770633,1
-1407280,770881,1
-1407280,771007,1
-1407280,771009,1
-1407280,771371,1
-1407280,771649,1
-1407280,772102,2
-1407280,772123,1
-1407280,772124,1
-1407280,772127,1
-1407280,772144,1
-1407280,772156,1
-1407280,772174,1
-1407280,772185,1
-1407280,772202,1
-1407280,772263,1
-1407280,772650,1
-1407280,773139,2
-1407280,773143,1
-1407280,773277,1
-1407280,773539,7
-1407280,774400,1
-1407279,769701,4
-1407279,769734,1
-1407279,769738,1
-1407279,769741,1
-1407279,770591,1
-1407279,770884,1
-1407279,771007,1
-1407279,771010,1
-1407279,771013,1
-1407279,771807,1
-1407279,772019,1
-1407279,772097,1
-1407279,772104,1
-1407279,772121,1
-1407279,772136,1
-1407279,772162,1
-1407279,772174,1
-1407279,772182,1
-1407279,772578,1
-1407279,773111,1
-1407279,773141,1
-1407279,773513,1
-1407278,770109,1
-1407278,770590,1
-1407278,770903,1
-1407278,771010,1
-1407278,771022,1
-1407278,771513,1
-1407278,772095,1
-1407278,772121,1
-1407278,772129,1
-1407278,772139,1
-1407278,772148,1
-1407278,772159,1
-1407278,772165,13
-1407278,772183,1
-1407278,772592,3
-1407278,772593,1
-1407278,772594,2
-1407278,772595,2
-1407278,772604,1
-1407278,773124,1
-1407278,773148,1
-1407278,773327,1
-1407277,769704,1
-1407277,769725,1
-1407277,770634,1
-1407277,770878,1
-1407277,771009,1
-1407277,771010,1
-1407277,771497,1
-1407277,771950,1
-1407277,772028,1
-1407277,772060,1
-1407277,772113,1
-1407277,772134,1
-1407277,772143,1
-1407277,772159,1
-1407277,772161,1
-1407277,772162,1
-1407277,772190,1
-1407277,772571,1
-1407277,772577,1
-1407277,772592,1
-1407277,772593,2
-1407277,772594,4
-1407277,772595,1
-1407277,772596,1
-1407277,772597,1
-1407277,773139,1
-1407277,773141,1
-1407277,774402,1
-1407276,769712,1
-1407276,769718,1
-1407276,769730,1
-1407276,770878,1
-1407276,771365,1
-1407276,771497,1
-1407276,771499,1
-1407276,772116,1
-1407276,772125,1
-1407276,772131,1
-1407276,772139,1
-1407276,772159,1
-1407276,772183,1
-1407276,772187,1
-1407276,772475,1
-1407276,772583,1
-1407276,772590,1
-1407276,772591,1
-1407276,772592,1
-1407276,772593,1
-1407276,772594,2
-1407276,772595,1
-1407276,772596,1
-1407276,772602,1
-1407276,773129,1
-1407276,773156,1
-1407276,773301,1
-1407276,773304,1
-1407276,773547,2
-1407276,773825,1
-1407276,773980,1
-1407276,774085,1
-1407275,769729,1
-1407275,771011,1
-1407275,771012,1
-1407275,771016,1
-1407275,771031,1
-1407275,771101,1
-1407275,772060,1
-1407275,772088,3
-1407275,772093,1
-1407275,772094,1
-1407275,772095,1
-1407275,772096,1
-1407275,772107,1
-1407275,772181,3
-1407275,772185,1
-1407275,772269,1
-1407275,772294,1
-1407275,772306,1
-1407275,772590,1
-1407275,772591,1
-1407275,772593,5
-1407275,772594,1
-1407275,772595,1
-1407275,772598,1
-1407275,773539,4
-1407275,774014,1
-1407274,769715,2
-1407274,769724,1
-1407274,769728,1
-1407274,769742,1
-1407274,770898,1
-1407274,772089,1
-1407274,772121,1
-1407274,772122,1
-1407274,772129,1
-1407274,772135,1
-1407274,772152,1
-1407274,772156,1
-1407274,772187,1
-1407274,772188,1
-1407274,772191,1
-1407274,772389,1
-1407274,772574,1
-1407274,772605,1
-1407274,772777,1
-1407274,772988,1
-1407274,773121,1
-1407274,773145,1
-1407274,773502,1
-1407274,773607,1
-1407273,769701,1
-1407273,769726,4
-1407273,769872,1
-1407273,770904,1
-1407273,771053,1
-1407273,771105,1
-1407273,772097,1
-1407273,772108,1
-1407273,772118,1
-1407273,772119,1
-1407273,772132,1
-1407273,772133,1
-1407273,772139,3
-1407273,772144,1
-1407273,772151,1
-1407273,772189,1
-1407273,772272,1
-1407273,772491,1
-1407273,772591,1
-1407273,772595,1
-1407273,772597,1
-1407273,772603,1
-1407273,773133,1
-1407273,773140,1
-1407273,773149,1
-1407273,773158,1
-1407273,773534,7
-1407273,773790,1
-1407273,774398,1
-1407272,769685,1
-1407272,769695,1
-1407272,769711,1
-1407272,769729,2
-1407272,770037,1
-1407272,771507,1
-1407272,772085,1
-1407272,772086,1
-1407272,772091,1
-1407272,772129,1
-1407272,772134,12
-1407272,772137,1
-1407272,772138,14
-1407272,772139,1
-1407272,772140,7
-1407272,772141,3
-1407272,772142,2
-1407272,772158,1
-1407272,772172,1
-1407272,772264,1
-1407272,772398,1
-1407272,772494,1
-1407272,772536,2
-1407272,772572,1
-1407272,772593,1
-1407272,772609,1
-1407272,773137,1
-1407272,773138,1
-1407272,773145,1
-1407272,773155,1
-1407272,773949,1
-1407272,774416,1
-1407271,769703,1
-1407271,769722,1
-1407271,769898,1
-1407271,770172,1
-1407271,770905,1
-1407271,771389,1
-1407271,771506,1
-1407271,772063,1
-1407271,772090,1
-1407271,772094,1
-1407271,772128,1
-1407271,772134,1
-1407271,772406,1
-1407271,772468,1
-1407271,772989,1
-1407271,773070,1
-1407271,773129,9
-1407271,773146,1
-1407271,773147,1
-1407271,773368,1
-1407271,773524,1
-1407271,773540,2
-1407271,773800,1
-1407270,769713,4
-1407270,769724,4
-1407270,770675,12
-1407270,770900,1
-1407270,770905,1
-1407270,771333,1
-1407270,771486,1
-1407270,771506,1
-1407270,771507,1
-1407270,772086,1
-1407270,772088,1
-1407270,772095,1
-1407270,772119,1
-1407270,772135,1
-1407270,772144,1
-1407270,772189,1
-1407270,772264,1
-1407270,772548,1
-1407270,772566,1
-1407270,772590,1
-1407270,772594,1
-1407270,772608,1
-1407270,773125,1
-1407270,773300,1
-1407270,773608,1
-1407270,773825,1
-1407270,773830,1
-1407269,770257,1
-1407269,770885,1
-1407269,771487,1
-1407269,772075,1
-1407269,772086,1
-1407269,772134,1
-1407269,772136,1
-1407269,772156,1
-1407269,772159,1
-1407269,772164,1
-1407269,772172,1
-1407269,772185,1
-1407269,772191,1
-1407269,772570,1
-1407269,772592,1
-1407269,772788,1
-1407269,773040,1
-1407269,773145,1
-1407269,773290,1
-1407269,773378,1
-1407269,773560,1
-1407269,773566,1
-1407269,773747,1
-1407269,773748,1
-1407269,773827,1
-1407268,769700,1
-1407268,769704,1
-1407268,769723,1
-1407268,770258,2
-1407268,770290,1
-1407268,772077,1
-1407268,772094,1
-1407268,772172,1
-1407268,772180,2
-1407268,772187,1
-1407268,772193,1
-1407268,772399,1
-1407268,772571,1
-1407268,772923,1
-1407268,773123,1
-1407268,773126,1
-1407268,773130,1
-1407268,773153,1
-1407268,773155,1
-1407268,773267,1
-1407268,773303,1
-1407268,773490,1
-1407268,773826,1
-1407268,773828,1
-1407267,769704,1
-1407267,769722,1
-1407267,770729,1
-1407267,770891,1
-1407267,770923,1
-1407267,771019,2
-1407267,771403,1
-1407267,771465,1
-1407267,772060,1
-1407267,772088,1
-1407267,772150,1
-1407267,772574,1
-1407267,772580,1
-1407267,773047,1
-1407267,773150,1
-1407267,773152,3
-1407267,773303,1
-1407267,774412,2
-1407266,769699,1
-1407266,771485,1
-1407266,772077,1
-1407266,772128,1
-1407266,772138,1
-1407266,772143,1
-1407266,772144,1
-1407266,772161,1
-1407266,772188,1
-1407266,772194,1
-1407266,772263,2
-1407266,772561,1
-1407266,772806,1
-1407266,773118,1
-1407266,773125,1
-1407266,773134,1
-1407265,769699,1
-1407265,769717,1
-1407265,770893,1
-1407265,771144,1
-1407265,771463,1
-1407265,771995,1
-1407265,772071,1
-1407265,772072,1
-1407265,772075,2
-1407265,772087,2
-1407265,772110,1
-1407265,772134,1
-1407265,772137,1
-1407265,772153,1
-1407265,772159,1
-1407265,772164,1
-1407265,772266,1
-1407265,772275,1
-1407265,772406,1
-1407265,772473,1
-1407265,772556,1
-1407265,772561,1
-1407265,772566,1
-1407265,772574,1
-1407265,773091,1
-1407265,773148,1
-1407265,773151,1
-1407265,773226,1
-1407265,773272,1
-1407264,769862,1
-1407264,770544,1
-1407264,770882,1
-1407264,770897,2
-1407264,771080,1
-1407264,771141,1
-1407264,771476,1
-1407264,771511,1
-1407264,771522,1
-1407264,772085,1
-1407264,772115,1
-1407264,772118,1
-1407264,772138,1
-1407264,772150,1
-1407264,772180,1
-1407264,772193,1
-1407264,772392,1
-1407264,773132,1
-1407264,773145,1
-1407264,773155,1
-1407264,773820,1
-1407263,771491,1
-1407263,772057,1
-1407263,772073,1
-1407263,772078,1
-1407263,772082,1
-1407263,772112,15
-1407263,772184,1
-1407263,772198,1
-1407263,772551,1
-1407263,772561,1
-1407263,773122,1
-1407263,773541,1
-1407263,773582,1
-1407263,773600,1
-1407262,770465,1
-1407262,770901,1
-1407262,772072,1
-1407262,772099,1
-1407262,772112,1
-1407262,772115,1
-1407262,772144,1
-1407262,772164,1
-1407262,772168,1
-1407262,772179,1
-1407262,772199,1
-1407262,772260,2
-1407262,772264,1
-1407262,772274,1
-1407262,772302,1
-1407262,772567,1
-1407262,772591,1
-1407262,773118,1
-1407262,773142,1
-1407262,773151,1
-1407262,773238,1
-1407262,773581,1
-1407261,769667,1
-1407261,770908,1
-1407261,771442,1
-1407261,771469,1
-1407261,772085,1
-1407261,772126,2
-1407261,772133,1
-1407261,772164,1
-1407261,772177,1
-1407261,772189,1
-1407261,772301,1
-1407261,772589,1
-1407261,773606,1
-1407260,769671,1
-1407260,769677,1
-1407260,770911,1
-1407260,771471,1
-1407260,771838,1
-1407260,772112,2
-1407260,772124,1
-1407260,772267,1
-1407260,772365,1
-1407260,772562,2
-1407260,772567,1
-1407260,772574,1
-1407260,772576,1
-1407260,773139,1
-1407260,773162,1
-1407260,773311,1
-1407260,773595,1
-1407260,773598,1
-1407260,773791,1
-1407259,770889,1
-1407259,770901,1
-1407259,771977,1
-1407259,772032,1
-1407259,772060,1
-1407259,772078,1
-1407259,772079,1
-1407259,772080,1
-1407259,772098,1
-1407259,772122,1
-1407259,772123,1
-1407259,772167,1
-1407259,772203,1
-1407259,772256,1
-1407259,772263,1
-1407259,772480,1
-1407259,772551,16
-1407259,772564,1
-1407259,772596,1
-1407259,772838,1
-1407259,773146,1
-1407259,773561,1
-1407259,773596,1
-1407258,769694,1
-1407258,769695,1
-1407258,769834,1
-1407258,770919,1
-1407258,771470,1
-1407258,772075,1
-1407258,772076,1
-1407258,772081,1
-1407258,772085,1
-1407258,772092,1
-1407258,772099,1
-1407258,772101,1
-1407258,772107,1
-1407258,772118,1
-1407258,772131,1
-1407258,772135,6
-1407258,772152,1
-1407258,772155,1
-1407258,772157,1
-1407258,772189,1
-1407258,772191,1
-1407258,772200,1
-1407258,772541,1
-1407258,773121,1
-1407258,773131,1
-1407258,773277,1
-1407258,774418,1
-1407257,769712,1
-1407257,769738,1
-1407257,770899,1
-1407257,772073,2
-1407257,772077,1
-1407257,772080,1
-1407257,772081,2
-1407257,772084,1
-1407257,772106,1
-1407257,772107,2
-1407257,772111,1
-1407257,772124,1
-1407257,772159,1
-1407257,772163,1
-1407257,772175,1
-1407257,772177,1
-1407257,772178,1
-1407257,772189,2
-1407257,772303,1
-1407257,772552,1
-1407257,772575,1
-1407257,772591,1
-1407257,772903,1
-1407257,773138,4
-1407256,769667,1
-1407256,769699,1
-1407256,770892,1
-1407256,771349,1
-1407256,772057,1
-1407256,772059,1
-1407256,772061,1
-1407256,772067,1
-1407256,772070,2
-1407256,772073,1
-1407256,772104,1
-1407256,772125,1
-1407256,772149,1
-1407256,772152,1
-1407256,772153,1
-1407256,772154,1
-1407256,772161,1
-1407256,772162,1
-1407256,772177,1
-1407256,772185,1
-1407256,772205,1
-1407256,772268,1
-1407256,772271,1
-1407256,772480,1
-1407256,772517,2
-1407256,772528,1
-1407256,772547,1
-1407256,772559,1
-1407256,773142,1
-1407256,773222,1
-1407256,773224,2
-1407256,773227,1
-1407256,773308,1
-1407255,769700,1
-1407255,770024,1
-1407255,770025,1
-1407255,770721,1
-1407255,772048,1
-1407255,772072,1
-1407255,772077,1
-1407255,772093,1
-1407255,772096,11
-1407255,772098,1
-1407255,772099,1
-1407255,772104,1
-1407255,772126,1
-1407255,772128,1
-1407255,772133,1
-1407255,772145,7
-1407255,772147,1
-1407255,772162,1
-1407255,772188,1
-1407255,772189,1
-1407255,772193,1
-1407255,772496,1
-1407255,772520,1
-1407255,772522,1
-1407255,772528,1
-1407255,772532,1
-1407255,772554,1
-1407255,772555,1
-1407255,772744,1
-1407255,773128,1
-1407255,773138,1
-1407255,773147,1
-1407255,773294,1
-1407255,774414,1
-1407254,769683,1
-1407254,769685,1
-1407254,770708,1
-1407254,770912,1
-1407254,772062,1
-1407254,772064,1
-1407254,772065,1
-1407254,772072,2
-1407254,772079,1
-1407254,772082,1
-1407254,772092,1
-1407254,772126,868
-1407254,772142,1
-1407254,772145,1
-1407254,772167,4
-1407254,772175,1
-1407254,772194,1
-1407254,772540,4
-1407254,772541,1
-1407254,772564,1
-1407254,772569,1
-1407254,773307,1
-1407254,773309,1
-1407254,774118,1
-1407254,774360,1
-1407253,769668,1
-1407253,769688,1
-1407253,769710,1
-1407253,770416,1
-1407253,770893,1
-1407253,772036,1
-1407253,772051,1
-1407253,772066,1
-1407253,772071,1
-1407253,772072,1
-1407253,772085,1
-1407253,772090,1
-1407253,772105,1
-1407253,772124,1
-1407253,772126,1
-1407253,772136,1
-1407253,772156,1
-1407253,772164,1
-1407253,772187,1
-1407253,772193,1
-1407253,772256,1
-1407253,772260,1
-1407253,772509,1
-1407253,772538,1
-1407253,772541,1
-1407253,772543,1
-1407253,772544,1
-1407253,772563,1
-1407253,773294,1
-1407253,773310,1
-1407253,773546,1
-1407253,773552,1
-1407253,773797,1
-1407252,769687,1
-1407252,769944,1
-1407252,771253,1
-1407252,771838,1
-1407252,772044,1
-1407252,772063,1
-1407252,772075,1
-1407252,772082,1
-1407252,772086,1
-1407252,772103,1
-1407252,772128,1
-1407252,772130,1
-1407252,772134,1
-1407252,772161,1
-1407252,772184,1
-1407252,772188,1
-1407252,772194,1
-1407252,772475,7
-1407252,772484,1
-1407252,772485,1
-1407252,772516,1
-1407252,772537,1
-1407252,772577,1
-1407252,772579,19
-1407252,772582,1
-1407252,772934,1
-1407252,773143,4
-1407252,773301,1
-1407252,774118,1
-1407252,774271,1
-1407252,774421,1
-1407252,774429,1
-1407251,769675,1
-1407251,770891,1
-1407251,772041,1
-1407251,772050,1
-1407251,772057,1
-1407251,772070,2
-1407251,772083,1
-1407251,772087,1
-1407251,772103,1
-1407251,772106,1
-1407251,772127,1
-1407251,772128,1
-1407251,772132,1
-1407251,772138,1
-1407251,772164,1
-1407251,772170,1
-1407251,772338,1
-1407251,772449,1
-1407251,772541,2
-1407251,772553,1
-1407251,772562,1
-1407251,772568,1
-1407251,772970,1
-1407251,773116,1
-1407251,773129,1
-1407251,773219,1
-1407251,774235,1
-1407250,769705,1
-1407250,771137,1
-1407250,771410,1
-1407250,771881,1
-1407250,772050,1
-1407250,772060,1
-1407250,772073,1
-1407250,772088,1
-1407250,772157,1
-1407250,772266,1
-1407250,772363,1
-1407250,772537,2
-1407250,772542,2
-1407250,772556,1
-1407250,772560,2
-1407250,772564,1
-1407250,772572,1
-1407250,772583,1
-1407250,772593,1
-1407250,773136,1
-1407250,773140,1
-1407250,773331,1
-1407249,769832,1
-1407249,770042,1
-1407249,770908,1
-1407249,771275,1
-1407249,771404,1
-1407249,771406,1
-1407249,771958,1
-1407249,772049,1
-1407249,772053,1
-1407249,772055,1
-1407249,772066,1
-1407249,772069,1
-1407249,772071,1
-1407249,772078,1
-1407249,772088,1
-1407249,772096,1
-1407249,772107,1
-1407249,772114,2
-1407249,772118,1
-1407249,772133,3
-1407249,772174,1
-1407249,772204,1
-1407249,772262,1
-1407249,772487,1
-1407249,772494,1
-1407249,772542,3
-1407249,772544,1
-1407249,772554,1
-1407249,772558,1
-1407249,772567,1
-1407249,772578,1
-1407249,772591,1
-1407249,772593,1
-1407249,772937,1
-1407249,774267,1
-1407248,769663,1
-1407248,770584,1
-1407248,770885,1
-1407248,770890,1
-1407248,771344,1
-1407248,771406,1
-1407248,772031,1
-1407248,772043,1
-1407248,772044,1
-1407248,772101,1
-1407248,772105,1
-1407248,772120,1
-1407248,772122,1
-1407248,772127,1
-1407248,772137,52
-1407248,772163,1
-1407248,772182,1
-1407248,772185,2
-1407248,772193,1
-1407248,772194,1
-1407248,772215,1
-1407248,772237,1
-1407248,772260,1
-1407248,772262,1
-1407248,772304,1
-1407248,772481,1
-1407248,772507,1
-1407248,772542,3
-1407248,772545,1
-1407248,772547,1
-1407248,772552,1
-1407248,772553,1
-1407248,772556,1
-1407248,772557,1
-1407248,772560,1
-1407248,772912,1
-1407248,773141,2
-1407248,773163,3
-1407248,773207,1
-1407248,773292,1
-1407248,773295,1
-1407248,773638,1
-1407248,774023,1
-1407248,774144,1
-1407248,774266,1
-1407247,770006,1
-1407247,770875,1
-1407247,770889,1
-1407247,770904,1
-1407247,770908,1
-1407247,771424,1
-1407247,772042,1
-1407247,772043,1
-1407247,772048,1
-1407247,772050,1
-1407247,772052,1
-1407247,772054,1
-1407247,772068,3
-1407247,772099,1
-1407247,772113,1
-1407247,772116,1
-1407247,772120,1
-1407247,772127,1
-1407247,772138,1
-1407247,772177,1
-1407247,772188,2
-1407247,772252,1
-1407247,772258,1
-1407247,772530,1
-1407247,772542,1
-1407247,772552,1
-1407247,772554,1
-1407247,772564,1
-1407247,772568,1
-1407247,772587,1
-1407247,772762,1
-1407247,773107,1
-1407247,773114,1
-1407247,773169,1
-1407247,773271,1
-1407247,774039,1
-1407247,774259,1
-1407246,769672,1
-1407246,770008,1
-1407246,772013,1
-1407246,772021,1
-1407246,772066,1
-1407246,772118,27
-1407246,772146,1
-1407246,772179,1
-1407246,772188,1
-1407246,772200,1
-1407246,772241,1
-1407246,772304,1
-1407246,772477,1
-1407246,772478,2
-1407246,772551,1
-1407246,772553,1
-1407246,772555,1
-1407246,772557,1
-1407246,772558,1
-1407246,772589,1
-1407246,773139,1
-1407246,773154,1
-1407246,774272,1
-1407246,774426,4
-1407245,771243,1
-1407245,772035,1
-1407245,772041,1
-1407245,772051,1
-1407245,772053,1
-1407245,772108,1
-1407245,772113,1
-1407245,772119,1
-1407245,772150,1
-1407245,772180,1
-1407245,772187,1
-1407245,772198,1
-1407245,772253,1
-1407245,772262,1
-1407245,772476,1
-1407245,772478,1
-1407245,772538,1
-1407245,772545,1
-1407245,772547,16
-1407245,772550,4
-1407245,772553,1
-1407245,772558,2
-1407245,772562,1
-1407245,772744,1
-1407245,773138,3
-1407245,773247,1
-1407245,773265,1
-1407245,773266,1
-1407245,773794,1
-1407244,770880,1
-1407244,771391,1
-1407244,771621,1
-1407244,772023,1
-1407244,772049,6
-1407244,772056,1
-1407244,772060,1
-1407244,772062,1
-1407244,772079,1
-1407244,772090,1
-1407244,772097,1
-1407244,772100,1
-1407244,772103,1
-1407244,772109,1
-1407244,772110,1
-1407244,772115,2
-1407244,772205,1
-1407244,772245,1
-1407244,772250,1
-1407244,772287,1
-1407244,772317,7
-1407244,772536,1
-1407244,772537,1
-1407244,772547,1
-1407244,772548,1
-1407244,772550,2
-1407244,772551,1
-1407244,772552,2
-1407244,772553,1
-1407244,772578,1
-1407244,772748,1
-1407244,773137,1
-1407244,773299,1
-1407244,773584,1
-1407244,773981,1
-1407244,774245,1
-1407244,774297,1
-1407243,770189,1
-1407243,770467,1
-1407243,770900,1
-1407243,771365,1
-1407243,772017,1
-1407243,772048,1
-1407243,772058,1
-1407243,772075,1
-1407243,772091,1
-1407243,772103,6
-1407243,772104,1
-1407243,772138,1
-1407243,772147,1
-1407243,772181,1
-1407243,772511,1
-1407243,772532,3
-1407243,772539,1
-1407243,772546,1
-1407243,772549,1
-1407243,772551,2
-1407243,772559,1
-1407243,772586,1
-1407243,772828,1
-1407243,772959,1
-1407243,773059,1
-1407243,773137,3
-1407243,773170,1
-1407243,773172,4
-1407243,773173,1
-1407243,773179,1
-1407243,773327,1
-1407243,773328,1
-1407243,773661,1
-1407242,769844,1
-1407242,770887,1
-1407242,771907,1
-1407242,772021,1
-1407242,772030,1
-1407242,772036,1
-1407242,772041,1
-1407242,772060,1
-1407242,772078,1
-1407242,772115,1
-1407242,772117,10
-1407242,772143,1
-1407242,772147,2
-1407242,772174,1
-1407242,772184,1
-1407242,772248,1
-1407242,772250,1
-1407242,772304,1
-1407242,772538,1
-1407242,772550,1
-1407242,772551,1
-1407242,772552,1
-1407242,772553,1
-1407242,772556,1
-1407242,772570,1
-1407242,773116,1
-1407242,773131,1
-1407242,773135,1
-1407242,773329,1
-1407242,774182,1
-1407242,774249,1
-1407241,769842,1
-1407241,770370,1
-1407241,770878,1
-1407241,770882,1
-1407241,771096,1
-1407241,772029,1
-1407241,772035,1
-1407241,772044,1
-1407241,772049,1
-1407241,772071,1
-1407241,772076,1
-1407241,772095,1
-1407241,772122,1
-1407241,772140,1
-1407241,772173,1
-1407241,772175,1
-1407241,772250,1
-1407241,772264,1
-1407241,772539,1
-1407241,772540,1
-1407241,772547,5
-1407241,772548,1
-1407241,772550,1
-1407241,772551,1
-1407241,772556,1
-1407241,772557,1
-1407241,772561,1
-1407241,772562,1
-1407241,772564,1
-1407241,772567,1
-1407241,772586,1
-1407241,772594,1
-1407241,772935,1
-1407241,773134,1
-1407241,773191,1
-1407241,773280,1
-1407241,773291,1
-1407241,774241,1
-1407241,774242,1
-1407241,774419,1
-1407240,770874,1
-1407240,770884,2
-1407240,772006,1
-1407240,772024,1
-1407240,772039,1
-1407240,772045,1
-1407240,772097,1
-1407240,772098,1
-1407240,772100,1
-1407240,772101,1
-1407240,772103,1
-1407240,772106,1
-1407240,772112,1
-1407240,772176,1
-1407240,772202,1
-1407240,772250,1
-1407240,772258,1
-1407240,772523,1
-1407240,772535,1
-1407240,772536,1
-1407240,772538,1
-1407240,772544,3
-1407240,772547,1
-1407240,772548,3
-1407240,772549,4
-1407240,772552,1
-1407240,772554,2
-1407240,772556,1
-1407240,772561,1
-1407240,772564,1
-1407240,772565,1
-1407240,772569,1
-1407240,772577,1
-1407240,772989,1
-1407240,773132,2
-1407240,773149,1
-1407240,774035,1
-1407240,774162,1
-1407239,770085,1
-1407239,770293,1
-1407239,770874,1
-1407239,770883,1
-1407239,770896,1
-1407239,772027,1
-1407239,772058,1
-1407239,772062,1
-1407239,772101,1
-1407239,772104,1
-1407239,772106,1
-1407239,772109,48
-1407239,772120,1
-1407239,772172,1
-1407239,772174,2
-1407239,772178,1
-1407239,772239,6
-1407239,772247,1
-1407239,772252,1
-1407239,772255,1
-1407239,772267,1
-1407239,772536,1
-1407239,772538,1
-1407239,772541,4
-1407239,772547,3
-1407239,772552,2
-1407239,772555,1
-1407239,772559,1
-1407239,772582,1
-1407239,773129,1
-1407239,773136,1
-1407239,773176,1
-1407239,774057,1
-1407239,774423,1
-1407238,770170,1
-1407238,770871,1
-1407238,770872,1
-1407238,770883,1
-1407238,770889,1
-1407238,771288,1
-1407238,772056,1
-1407238,772062,1
-1407238,772083,5
-1407238,772091,1
-1407238,772095,1
-1407238,772099,1
-1407238,772103,1
-1407238,772110,1
-1407238,772111,1
-1407238,772150,1
-1407238,772172,1
-1407238,772178,1
-1407238,772180,2
-1407238,772248,1
-1407238,772253,1
-1407238,772255,1
-1407238,772258,1
-1407238,772516,1
-1407238,772538,1
-1407238,772539,1
-1407238,772545,1
-1407238,772549,1
-1407238,772557,1
-1407238,772561,1
-1407238,772714,1
-1407238,772832,1
-1407238,772854,1
-1407238,773104,1
-1407238,773129,2
-1407238,773131,1
-1407238,773172,2
-1407238,774035,1
-1407238,774232,1
-1407238,774238,1
-1407238,774245,1
-1407238,774284,1
-1407238,774286,1
-1407237,770825,1
-1407237,770878,1
-1407237,770902,1
-1407237,772028,1
-1407237,772038,1
-1407237,772043,1
-1407237,772049,1
-1407237,772052,1
-1407237,772062,1
-1407237,772074,1
-1407237,772095,1
-1407237,772097,24
-1407237,772100,1
-1407237,772105,1
-1407237,772123,1
-1407237,772141,1
-1407237,772249,1
-1407237,772251,1
-1407237,772485,1
-1407237,772531,2
-1407237,772534,1
-1407237,772541,1
-1407237,772547,1
-1407237,772548,1
-1407237,772553,1
-1407237,772585,1
-1407237,772589,1
-1407237,772927,1
-1407237,773154,1
-1407237,773710,1
-1407237,774236,1
-1407237,774246,1
-1407237,774287,1
-1407237,774288,1
-1407236,770881,1
-1407236,770895,1
-1407236,771871,1
-1407236,772008,1
-1407236,772017,1
-1407236,772032,1
-1407236,772035,1
-1407236,772042,1
-1407236,772096,1
-1407236,772104,1
-1407236,772116,1
-1407236,772171,1
-1407236,772248,1
-1407236,772253,1
-1407236,772456,1
-1407236,772499,1
-1407236,772510,1
-1407236,772532,1
-1407236,772536,1
-1407236,772541,1
-1407236,772553,1
-1407236,772554,1
-1407236,772558,1
-1407236,772588,1
-1407236,772589,1
-1407236,772828,1
-1407236,773130,1
-1407236,773131,1
-1407236,773136,2
-1407236,773262,1
-1407236,774042,1
-1407236,774344,1
-1407235,769741,1
-1407235,770581,1
-1407235,770818,1
-1407235,771256,1
-1407235,771998,1
-1407235,772035,1
-1407235,772052,2
-1407235,772093,1
-1407235,772095,1
-1407235,772096,1
-1407235,772099,1
-1407235,772102,1
-1407235,772106,1
-1407235,772108,11
-1407235,772116,1
-1407235,772134,1
-1407235,772162,1
-1407235,772249,1
-1407235,772512,1
-1407235,772517,1
-1407235,772530,1
-1407235,772551,1
-1407235,772560,1
-1407235,772566,1
-1407235,772828,1
-1407235,772907,1
-1407235,773131,1
-1407235,773132,1
-1407235,773152,1
-1407235,773166,1
-1407235,773186,1
-1407235,774041,44
-1407235,774109,1
-1407235,774197,1
-1407235,774243,1
-1407234,769669,1
-1407234,771986,1
-1407234,772004,1
-1407234,772005,1
-1407234,772032,1
-1407234,772033,2
-1407234,772035,1
-1407234,772098,1
-1407234,772101,1
-1407234,772102,18
-1407234,772118,1
-1407234,772172,1
-1407234,772174,1
-1407234,772185,1
-1407234,772198,1
-1407234,772519,1
-1407234,772527,1
-1407234,772538,1
-1407234,772548,1
-1407234,772550,2
-1407234,772594,1
-1407234,772709,1
-1407234,772928,1
-1407234,773134,1
-1407234,773148,1
-1407234,773151,1
-1407234,773297,1
-1407234,774247,1
-1407234,774423,2
-1407234,774432,1
-1407233,770016,1
-1407233,770341,1
-1407233,770851,1
-1407233,770874,1
-1407233,771305,1
-1407233,772006,1
-1407233,772007,1
-1407233,772014,1
-1407233,772027,1
-1407233,772030,1
-1407233,772032,1
-1407233,772035,1
-1407233,772036,1
-1407233,772058,1
-1407233,772081,1
-1407233,772113,1
-1407233,772127,1
-1407233,772154,1
-1407233,772184,1
-1407233,772233,1
-1407233,772525,1
-1407233,772526,1
-1407233,772549,1
-1407233,772553,2
-1407233,772554,1
-1407233,772562,1
-1407233,772581,1
-1407233,772989,3
-1407233,773134,1
-1407233,773151,1
-1407233,773153,1
-1407233,773154,1
-1407233,773403,1
-1407233,773459,1
-1407233,773561,1
-1407233,773575,1
-1407233,774283,1
-1407233,774285,1
-1407232,770839,1
-1407232,771088,1
-1407232,772006,1
-1407232,772029,1
-1407232,772047,1
-1407232,772068,1
-1407232,772105,1
-1407232,772124,1
-1407232,772148,1
-1407232,772170,1
-1407232,772175,1
-1407232,772197,1
-1407232,772548,2
-1407232,772557,1
-1407232,772559,1
-1407232,772562,1
-1407232,772823,1
-1407232,773127,2
-1407232,773137,1
-1407232,773149,4
-1407232,773150,1
-1407232,773151,1
-1407232,773278,1
-1407232,773398,1
-1407232,773460,1
-1407232,773790,1
-1407232,774029,1
-1407232,774240,1
-1407232,774248,1
-1407232,774259,1
-1407231,769883,1
-1407231,770876,1
-1407231,771248,1
-1407231,771252,1
-1407231,772037,1
-1407231,772050,2
-1407231,772065,1
-1407231,772108,1
-1407231,772136,1
-1407231,772244,1
-1407231,772529,1
-1407231,772544,1
-1407231,772559,1
-1407231,772569,1
-1407231,772574,1
-1407231,772579,1
-1407231,772582,1
-1407231,772634,1
-1407231,772728,1
-1407231,773131,1
-1407231,773134,1
-1407231,773151,6
-1407231,773152,1
-1407231,773561,1
-1407231,773639,1
-1407231,774317,1
-1407230,769798,1
-1407230,769940,1
-1407230,770842,1
-1407230,770863,1
-1407230,772004,1
-1407230,772006,1
-1407230,772035,1
-1407230,772071,1
-1407230,772072,1
-1407230,772154,1
-1407230,772163,1
-1407230,772169,1
-1407230,772523,1
-1407230,772539,1
-1407230,772546,2
-1407230,772554,1
-1407230,772560,2
-1407230,772573,26
-1407230,772897,1
-1407230,773151,1
-1407230,773153,1
-1407230,773165,1
-1407230,773457,1
-1407230,774215,1
-1407230,774228,1
-1407230,774262,1
-1407230,774287,1
-1407230,774297,1
-1407229,769932,1
-1407229,770066,1
-1407229,770070,1
-1407229,770075,1
-1407229,770901,1
-1407229,771266,1
-1407229,771955,2
-1407229,772031,1
-1407229,772033,1
-1407229,772065,1
-1407229,772107,3
-1407229,772146,1
-1407229,772157,1
-1407229,772166,1
-1407229,772173,1
-1407229,772245,1
-1407229,772252,1
-1407229,772302,1
-1407229,772531,1
-1407229,772539,1
-1407229,772563,1
-1407229,772572,1
-1407229,772911,1
-1407229,772917,1
-1407229,772925,4
-1407229,772927,1
-1407229,772984,1
-1407229,773125,1
-1407229,773132,1
-1407229,773152,2
-1407229,773165,1
-1407229,773267,1
-1407229,774238,1
-1407229,774244,1
-1407229,774245,1
-1407229,774252,1
-1407228,770066,1
-1407228,770069,1
-1407228,770076,1
-1407228,770096,1
-1407228,770836,1
-1407228,770853,1
-1407228,770873,1
-1407228,772026,1
-1407228,772027,1
-1407228,772047,1
-1407228,772063,1
-1407228,772069,1
-1407228,772159,2
-1407228,772226,1
-1407228,772500,1
-1407228,772557,1
-1407228,772560,1
-1407228,772579,1
-1407228,772911,1
-1407228,773130,2
-1407228,773134,1
-1407228,773169,1
-1407228,773295,1
-1407228,774042,1
-1407228,774227,1
-1407228,774238,2
-1407228,774244,1
-1407228,774258,1
-1407228,774260,1
-1407228,774286,1
-1407228,774339,1
-1407227,769897,1
-1407227,770075,2
-1407227,770837,1
-1407227,770865,1
-1407227,770885,1
-1407227,771994,1
-1407227,772065,1
-1407227,772066,1
-1407227,772076,2
-1407227,772081,1
-1407227,772167,1
-1407227,772175,1
-1407227,772240,1
-1407227,772505,1
-1407227,772552,1
-1407227,772555,1
-1407227,772562,1
-1407227,772571,1
-1407227,772894,1
-1407227,772914,1
-1407227,772917,1
-1407227,772921,2
-1407227,772925,1
-1407227,772979,1
-1407227,773134,4
-1407227,773262,1
-1407227,773560,1
-1407227,774249,1
-1407227,774255,1
-1407227,774295,1
-1407226,770839,1
-1407226,770886,1
-1407226,771246,1
-1407226,772009,1
-1407226,772027,1
-1407226,772043,1
-1407226,772077,1
-1407226,772115,1
-1407226,772161,1
-1407226,772168,1
-1407226,772171,1
-1407226,772245,1
-1407226,772262,1
-1407226,772513,1
-1407226,772562,1
-1407226,772684,1
-1407226,772727,1
-1407226,772911,2
-1407226,772923,1
-1407226,772931,1
-1407226,772932,1
-1407226,772933,1
-1407226,773112,1
-1407226,773118,1
-1407226,773128,1
-1407226,773130,2
-1407226,774234,1
-1407225,770138,1
-1407225,770837,1
-1407225,770842,1
-1407225,770903,1
-1407225,772029,1
-1407225,772057,1
-1407225,772086,1
-1407225,772160,1
-1407225,772163,1
-1407225,772164,1
-1407225,772166,1
-1407225,772247,1
-1407225,772255,1
-1407225,772422,1
-1407225,772574,1
-1407225,772925,1
-1407225,772926,1
-1407225,772931,1
-1407225,772932,1
-1407225,773151,1
-1407225,773163,1
-1407225,773368,1
-1407225,773639,1
-1407225,774046,1
-1407225,774231,1
-1407225,774261,1
-1407225,774276,1
-1407225,774284,1
-1407225,774296,1
-1407225,774421,1
-1407225,774432,1
-1407224,770849,1
-1407224,770852,1
-1407224,770891,1
-1407224,771855,5
-1407224,772082,1
-1407224,772095,2
-1407224,772096,1
-1407224,772153,1
-1407224,772157,1
-1407224,772543,2
-1407224,772550,1
-1407224,772571,1
-1407224,772579,1
-1407224,772884,1
-1407224,772912,2
-1407224,772927,1
-1407224,772937,1
-1407224,773298,1
-1407224,774293,1
-1407223,770073,1
-1407223,770829,1
-1407223,771257,1
-1407223,772029,1
-1407223,772080,1
-1407223,772086,1
-1407223,772098,1
-1407223,772100,1
-1407223,772127,1
-1407223,772138,1
-1407223,772159,1
-1407223,772162,2
-1407223,772166,1
-1407223,772550,1
-1407223,772556,1
-1407223,772912,1
-1407223,772924,1
-1407223,772925,1
-1407223,772928,1
-1407223,772930,1
-1407223,772931,1
-1407223,773155,1
-1407223,773165,1
-1407223,773283,1
-1407223,773473,1
-1407223,774042,1
-1407223,774043,1
-1407223,774424,1
-1407222,770100,1
-1407222,770636,1
-1407222,770854,1
-1407222,771163,1
-1407222,771947,1
-1407222,771958,4
-1407222,772001,1
-1407222,772007,1
-1407222,772023,1
-1407222,772024,1
-1407222,772073,1
-1407222,772082,1
-1407222,772148,1
-1407222,772151,1
-1407222,772153,1
-1407222,772165,1
-1407222,772244,1
-1407222,772247,1
-1407222,772256,1
-1407222,772545,1
-1407222,772547,1
-1407222,772557,1
-1407222,772600,1
-1407222,772909,1
-1407222,772927,1
-1407222,772929,1
-1407222,772931,2
-1407222,772935,1
-1407222,773047,2
-1407222,773054,1
-1407222,773115,1
-1407222,773129,1
-1407222,773156,1
-1407222,774033,1
-1407222,774048,1
-1407222,774247,1
-1407222,774300,1
-1407222,774328,1
-1407221,769706,1
-1407221,769936,1
-1407221,770629,1
-1407221,770851,1
-1407221,770860,1
-1407221,770889,2
-1407221,771943,2
-1407221,771952,1
-1407221,771996,1
-1407221,772028,1
-1407221,772043,1
-1407221,772077,1
-1407221,772081,2
-1407221,772101,1
-1407221,772151,1
-1407221,772158,1
-1407221,772161,1
-1407221,772163,1
-1407221,772169,1
-1407221,772175,1
-1407221,772244,1
-1407221,772590,1
-1407221,772912,1
-1407221,772913,1
-1407221,772919,1
-1407221,772924,1
-1407221,772929,1
-1407221,772933,1
-1407221,774273,1
-1407221,774281,1
-1407221,774295,2
-1407220,769836,1
-1407220,770566,1
-1407220,770802,1
-1407220,770839,1
-1407220,770853,3
-1407220,770855,1
-1407220,771958,2
-1407220,772010,1
-1407220,772026,1
-1407220,772081,1
-1407220,772082,1
-1407220,772092,1
-1407220,772111,1
-1407220,772131,1
-1407220,772157,1
-1407220,772162,1
-1407220,772166,1
-1407220,772914,1
-1407220,772925,1
-1407220,772930,1
-1407220,772935,1
-1407220,772964,1
-1407220,772986,1
-1407220,773151,1
-1407220,774270,1
-1407220,774275,1
-1407219,770126,1
-1407219,770840,1
-1407219,770853,1
-1407219,770857,4
-1407219,770875,1
-1407219,771130,1
-1407219,771213,1
-1407219,772056,1
-1407219,772080,1
-1407219,772084,1
-1407219,772105,1
-1407219,772113,1
-1407219,772132,1
-1407219,772149,1
-1407219,772153,1
-1407219,772156,1
-1407219,772157,10
-1407219,772158,1
-1407219,772169,1
-1407219,772179,1
-1407219,772236,1
-1407219,772306,1
-1407219,772861,1
-1407219,772909,1
-1407219,772913,1
-1407219,772921,1
-1407219,772922,1
-1407219,772926,1
-1407219,772936,1
-1407219,772938,1
-1407219,773091,1
-1407219,773140,1
-1407219,773155,1
-1407218,769729,1
-1407218,770012,1
-1407218,770131,1
-1407218,770821,1
-1407218,770834,1
-1407218,770865,1
-1407218,772026,1
-1407218,772029,1
-1407218,772062,1
-1407218,772071,1
-1407218,772074,1
-1407218,772084,1
-1407218,772095,1
-1407218,772154,1
-1407218,772164,1
-1407218,772880,1
-1407218,772911,2
-1407218,772915,1
-1407218,772919,1
-1407218,772923,1
-1407218,772925,1
-1407218,772951,1
-1407218,773038,1
-1407217,769906,1
-1407217,770130,1
-1407217,770610,1
-1407217,770832,1
-1407217,770858,1
-1407217,770889,1
-1407217,771950,1
-1407217,771956,2
-1407217,772079,1
-1407217,772081,1
-1407217,772084,1
-1407217,772085,1
-1407217,772086,2
-1407217,772099,1
-1407217,772140,1
-1407217,772152,2
-1407217,772174,1
-1407217,772291,1
-1407217,772556,1
-1407217,772879,1
-1407217,772919,1
-1407217,772924,1
-1407217,772925,1
-1407217,772927,1
-1407217,772935,1
-1407217,772939,1
-1407217,773289,1
-1407217,774271,1
-1407216,769671,1
-1407216,770084,1
-1407216,770629,1
-1407216,770838,1
-1407216,770842,1
-1407216,770865,1
-1407216,771338,1
-1407216,771869,1
-1407216,771938,1
-1407216,771955,1
-1407216,772062,1
-1407216,772066,1
-1407216,772079,1
-1407216,772080,1
-1407216,772084,1
-1407216,772090,1
-1407216,772092,1
-1407216,772099,1
-1407216,772153,1
-1407216,772562,2
-1407216,772891,1
-1407216,772921,1
-1407216,772922,1
-1407216,772928,1
-1407216,772953,3
-1407216,773053,1
-1407216,773263,1
-1407216,773286,1
-1407216,773291,4
-1407216,773651,1
-1407216,774029,1
-1407216,774279,1
-1407216,774280,1
-1407215,770012,1
-1407215,770823,1
-1407215,770838,2
-1407215,770847,1
-1407215,770851,1
-1407215,770852,1
-1407215,770866,1
-1407215,770885,1
-1407215,771875,1
-1407215,771996,1
-1407215,772039,1
-1407215,772040,1
-1407215,772068,1
-1407215,772074,1
-1407215,772078,1
-1407215,772079,1
-1407215,772080,1
-1407215,772082,1
-1407215,772083,2
-1407215,772570,1
-1407215,772927,1
-1407215,772952,1
-1407215,772984,1
-1407215,773924,1
-1407215,774290,1
-1407215,774375,1
-1407214,769704,1
-1407214,770090,1
-1407214,770829,1
-1407214,770837,1
-1407214,770840,1
-1407214,770841,1
-1407214,770852,1
-1407214,770854,1
-1407214,770863,1
-1407214,772030,1
-1407214,772035,1
-1407214,772053,1
-1407214,772066,1
-1407214,772080,1
-1407214,772085,4
-1407214,772094,1
-1407214,772095,1
-1407214,772143,1
-1407214,772149,1
-1407214,772152,1
-1407214,772179,1
-1407214,772303,1
-1407214,772555,1
-1407214,772914,1
-1407214,772927,1
-1407214,772977,1
-1407214,773285,1
-1407214,773941,1
-1407214,774043,1
-1407214,774325,1
-1407213,770101,1
-1407213,770617,1
-1407213,770837,1
-1407213,770856,1
-1407213,770858,1
-1407213,770884,2
-1407213,771231,1
-1407213,771249,1
-1407213,771943,1
-1407213,772012,1
-1407213,772034,1
-1407213,772038,1
-1407213,772052,1
-1407213,772055,1
-1407213,772065,1
-1407213,772083,1
-1407213,772084,1
-1407213,772092,1
-1407213,772139,1
-1407213,772147,1
-1407213,772339,1
-1407213,772571,1
-1407213,772588,1
-1407213,772909,1
-1407213,772913,1
-1407213,772918,1
-1407213,773179,1
-1407213,773953,3
-1407213,774281,1
-1407212,769893,1
-1407212,770835,1
-1407212,770840,1
-1407212,771996,1
-1407212,772026,1
-1407212,772042,1
-1407212,772043,1
-1407212,772056,1
-1407212,772057,1
-1407212,772069,1
-1407212,772074,4
-1407212,772078,1
-1407212,772081,6
-1407212,772082,1
-1407212,772083,1
-1407212,772090,1
-1407212,772140,1
-1407212,772143,2
-1407212,772145,2
-1407212,772146,1
-1407212,772156,1
-1407212,772564,1
-1407212,774288,1
-1407211,769818,1
-1407211,769997,1
-1407211,770020,1
-1407211,770822,1
-1407211,770833,1
-1407211,770836,1
-1407211,770840,3
-1407211,770861,1
-1407211,770863,1
-1407211,770866,1
-1407211,770875,1
-1407211,771886,1
-1407211,771995,1
-1407211,772024,1
-1407211,772031,1
-1407211,772034,1
-1407211,772036,1
-1407211,772079,2
-1407211,772084,1
-1407211,772143,2
-1407211,772541,1
-1407211,772549,1
-1407211,772866,2
-1407211,773042,1
-1407211,773222,1
-1407211,773265,1
-1407211,774047,1
-1407210,770798,1
-1407210,770818,1
-1407210,770836,1
-1407210,770838,1
-1407210,770841,1
-1407210,770865,1
-1407210,770873,1
-1407210,770884,1
-1407210,771881,1
-1407210,771952,1
-1407210,772005,2
-1407210,772025,1
-1407210,772026,1
-1407210,772028,1
-1407210,772030,1
-1407210,772055,1
-1407210,772059,1
-1407210,772077,1
-1407210,772081,2
-1407210,772083,1
-1407210,772091,1
-1407210,772093,1
-1407210,772105,1
-1407210,772109,1
-1407210,772141,2
-1407210,772143,1
-1407210,772144,1
-1407210,772166,1
-1407210,772539,1
-1407210,772545,1
-1407210,772547,1
-1407210,772577,1
-1407210,772581,1
-1407210,772602,1
-1407210,772883,1
-1407210,772933,1
-1407210,773136,1
-1407210,773292,1
-1407210,773311,1
-1407210,774205,1
-1407210,774210,1
-1407210,774282,1
-1407210,774328,3
-1407210,774329,1
-1407209,769849,1
-1407209,770079,1
-1407209,770083,1
-1407209,770596,1
-1407209,770830,1
-1407209,770850,1
-1407209,770852,1
-1407209,770864,1
-1407209,772030,1
-1407209,772035,1
-1407209,772037,1
-1407209,772055,1
-1407209,772067,1
-1407209,772077,1
-1407209,772081,1
-1407209,772084,1
-1407209,772096,1
-1407209,772215,1
-1407209,772337,1
-1407209,772551,1
-1407209,772566,1
-1407209,772629,1
-1407209,772891,1
-1407209,772909,1
-1407209,772914,1
-1407209,772921,1
-1407209,773370,1
-1407209,774030,1
-1407208,770103,1
-1407208,770813,1
-1407208,770839,1
-1407208,770841,1
-1407208,770856,1
-1407208,771065,1
-1407208,771938,1
-1407208,771943,2
-1407208,771951,2
-1407208,772026,1
-1407208,772028,2
-1407208,772031,1
-1407208,772069,1
-1407208,772071,1
-1407208,772080,1
-1407208,772081,1
-1407208,772084,1
-1407208,772086,2
-1407208,772087,1
-1407208,772090,1
-1407208,772095,1
-1407208,772096,2
-1407208,772127,1
-1407208,772135,1
-1407208,772137,1
-1407208,772140,1
-1407208,772150,1
-1407208,772157,1
-1407208,772506,1
-1407208,772555,1
-1407208,772577,1
-1407208,772858,1
-1407208,772866,1
-1407208,772911,1
-1407208,772912,1
-1407208,772940,1
-1407208,774030,1
-1407208,774208,1
-1407207,769848,1
-1407207,770080,2
-1407207,770096,1
-1407207,770307,1
-1407207,770831,1
-1407207,770832,6
-1407207,770840,1
-1407207,770860,1
-1407207,770873,1
-1407207,770875,1
-1407207,771953,1
-1407207,771984,1
-1407207,771992,1
-1407207,771994,1
-1407207,772008,1
-1407207,772024,1
-1407207,772026,2
-1407207,772027,1
-1407207,772031,1
-1407207,772032,1
-1407207,772068,1
-1407207,772076,4
-1407207,772078,1
-1407207,772079,2
-1407207,772081,1
-1407207,772082,1
-1407207,772086,1
-1407207,772087,1
-1407207,772088,1
-1407207,772089,2
-1407207,772090,2
-1407207,772093,1
-1407207,772094,1
-1407207,772098,2
-1407207,772099,1
-1407207,772100,2
-1407207,772101,1
-1407207,772102,1
-1407207,772104,1
-1407207,772105,1
-1407207,772106,1
-1407207,772108,2
-1407207,772114,1
-1407207,772132,2
-1407207,772133,1
-1407207,772504,1
-1407207,772859,1
-1407207,772861,1
-1407207,772913,1
-1407207,772917,1
-1407207,772933,1
-1407207,772950,1
-1407207,772967,1
-1407207,773118,1
-1407207,773581,1
-1407207,773880,3
-1407207,774211,1
-1407207,774217,1
-1407207,774228,1
-1407206,770078,1
-1407206,770817,1
-1407206,770839,2
-1407206,770862,1
-1407206,771058,1
-1407206,771062,1
-1407206,771300,1
-1407206,771991,1
-1407206,772026,3
-1407206,772029,1
-1407206,772038,1
-1407206,772046,1
-1407206,772057,1
-1407206,772062,1
-1407206,772064,2
-1407206,772070,1
-1407206,772074,5
-1407206,772075,1
-1407206,772079,2
-1407206,772081,1
-1407206,772084,1
-1407206,772101,2
-1407206,772104,2
-1407206,772105,1
-1407206,772108,1
-1407206,772118,1
-1407206,772119,1
-1407206,772122,6
-1407206,772124,1
-1407206,772130,1
-1407206,772239,1
-1407206,772530,11
-1407206,772536,1
-1407206,772557,1
-1407206,772568,1
-1407206,772575,1
-1407206,772861,1
-1407206,772863,1
-1407206,772864,2
-1407206,772865,1
-1407206,772872,1
-1407206,772905,1
-1407206,772922,1
-1407206,772925,1
-1407206,772934,1
-1407206,773245,1
-1407206,773260,1
-1407206,773283,1
-1407206,774313,1
-1407206,774322,1
-1407205,770836,1
-1407205,770868,1
-1407205,771055,1
-1407205,771056,1
-1407205,771058,1
-1407205,771063,1
-1407205,772013,1
-1407205,772020,1
-1407205,772061,1
-1407205,772062,1
-1407205,772063,1
-1407205,772065,1
-1407205,772070,1
-1407205,772071,2
-1407205,772073,1
-1407205,772074,2
-1407205,772077,1
-1407205,772086,1
-1407205,772088,1
-1407205,772089,1
-1407205,772101,1
-1407205,772112,2
-1407205,772116,1
-1407205,772118,1
-1407205,772121,1
-1407205,772128,1
-1407205,772130,1
-1407205,772136,1
-1407205,772151,1
-1407205,772330,1
-1407205,772546,1
-1407205,772549,2
-1407205,772566,1
-1407205,772585,1
-1407205,772865,1
-1407205,772867,1
-1407205,772869,1
-1407205,772870,1
-1407205,772885,1
-1407205,772931,1
-1407205,772981,1
-1407205,773287,1
-1407205,774320,1
-1407205,774377,1
-1407204,769890,1
-1407204,769896,1
-1407204,770801,1
-1407204,770814,1
-1407204,770828,5
-1407204,770834,1
-1407204,770840,1
-1407204,771043,1
-1407204,771055,1
-1407204,771058,2
-1407204,771059,2
-1407204,771061,1
-1407204,771245,1
-1407204,771342,1
-1407204,771907,1
-1407204,772005,1
-1407204,772026,1
-1407204,772027,1
-1407204,772033,1
-1407204,772036,1
-1407204,772043,1
-1407204,772045,1
-1407204,772048,1
-1407204,772060,1
-1407204,772067,1
-1407204,772068,1
-1407204,772069,2
-1407204,772071,1
-1407204,772074,1
-1407204,772076,1
-1407204,772087,2
-1407204,772090,1
-1407204,772093,1
-1407204,772099,2
-1407204,772118,1
-1407204,772125,1
-1407204,772126,1
-1407204,772127,1
-1407204,772330,1
-1407204,772504,1
-1407204,772505,1
-1407204,772506,2
-1407204,772542,1
-1407204,772544,1
-1407204,772572,1
-1407204,772711,1
-1407204,772756,1
-1407204,772923,1
-1407204,772979,1
-1407204,773299,1
-1407203,770082,1
-1407203,770089,1
-1407203,770093,2
-1407203,770094,1
-1407203,770096,1
-1407203,770756,1
-1407203,770798,2
-1407203,770829,1
-1407203,770831,1
-1407203,770835,1
-1407203,770839,1
-1407203,770845,1
-1407203,770851,1
-1407203,770862,1
-1407203,770866,1
-1407203,771054,1
-1407203,771058,1
-1407203,771059,3
-1407203,771062,1
-1407203,772026,1
-1407203,772030,1
-1407203,772031,1
-1407203,772036,1
-1407203,772039,1
-1407203,772045,1
-1407203,772046,1
-1407203,772048,2
-1407203,772049,1
-1407203,772053,1
-1407203,772056,1
-1407203,772059,3
-1407203,772060,1
-1407203,772061,2
-1407203,772113,1
-1407203,772117,1
-1407203,772125,1
-1407203,772238,1
-1407203,772309,1
-1407203,772504,1
-1407203,772587,1
-1407203,772905,1
-1407203,772925,1
-1407203,773289,1
-1407203,774042,2
-1407203,774046,1
-1407202,770026,1
-1407202,770057,1
-1407202,770087,1
-1407202,770096,1
-1407202,770837,4
-1407202,770838,1
-1407202,770839,1
-1407202,770842,3
-1407202,770843,1
-1407202,770854,1
-1407202,771057,1
-1407202,771060,1
-1407202,771063,1
-1407202,771986,1
-1407202,772027,1
-1407202,772032,1
-1407202,772038,1
-1407202,772040,2
-1407202,772043,1
-1407202,772045,1
-1407202,772051,1
-1407202,772052,1
-1407202,772056,1
-1407202,772058,1
-1407202,772061,2
-1407202,772076,1
-1407202,772077,1
-1407202,772081,1
-1407202,772082,2
-1407202,772086,1
-1407202,772093,1
-1407202,772102,1
-1407202,772106,1
-1407202,772118,1
-1407202,772150,1
-1407202,772235,1
-1407202,772549,1
-1407202,772716,1
-1407202,772861,1
-1407202,772866,1
-1407202,772875,1
-1407202,772877,1
-1407202,772931,1
-1407202,773164,1
-1407202,773262,1
-1407202,774152,1
-1407202,774202,1
-1407202,774207,1
-1407202,774274,1
-1407201,770028,1
-1407201,770094,1
-1407201,770095,1
-1407201,770833,1
-1407201,770836,1
-1407201,770840,1
-1407201,770841,1
-1407201,770844,2
-1407201,770845,1
-1407201,770849,1
-1407201,770851,1
-1407201,770854,1
-1407201,770860,1
-1407201,771059,1
-1407201,771229,1
-1407201,772031,1
-1407201,772033,1
-1407201,772037,1
-1407201,772039,3
-1407201,772041,1
-1407201,772044,1
-1407201,772045,1
-1407201,772067,1
-1407201,772080,1
-1407201,772096,1
-1407201,772097,1
-1407201,772099,1
-1407201,772124,1
-1407201,772243,1
-1407201,772248,1
-1407201,772296,1
-1407201,772568,1
-1407201,772875,1
-1407201,772878,1
-1407201,772907,1
-1407201,772972,1
-1407201,773098,1
-1407201,773112,2
-1407201,773266,1
-1407201,773286,1
-1407201,774042,26
-1407200,769896,1
-1407200,770027,1
-1407200,770046,1
-1407200,770052,1
-1407200,770071,1
-1407200,770085,1
-1407200,770088,1
-1407200,770822,1
-1407200,770840,1
-1407200,770841,2
-1407200,770843,1
-1407200,770849,1
-1407200,770864,1
-1407200,770865,1
-1407200,771061,1
-1407200,771215,1
-1407200,771340,1
-1407200,771868,1
-1407200,771883,1
-1407200,771984,1
-1407200,772009,1
-1407200,772034,1
-1407200,772038,2
-1407200,772039,3
-1407200,772040,1
-1407200,772041,1
-1407200,772042,1
-1407200,772047,1
-1407200,772050,1
-1407200,772051,1
-1407200,772062,1
-1407200,772073,1
-1407200,772084,1
-1407200,772101,1
-1407200,772112,1
-1407200,772116,1
-1407200,772135,1
-1407200,772252,1
-1407200,772536,4
-1407200,772542,1
-1407200,772543,1
-1407200,772865,1
-1407200,772918,1
-1407200,772931,1
-1407200,772971,1
-1407200,773354,1
-1407200,774083,1
-1407200,774215,1
-1407200,774242,1
-1407199,769909,1
-1407199,770031,1
-1407199,770032,1
-1407199,770038,1
-1407199,770055,1
-1407199,770090,1
-1407199,770092,1
-1407199,770093,2
-1407199,770094,1
-1407199,770099,1
-1407199,770761,1
-1407199,770809,5
-1407199,770814,1
-1407199,770818,1
-1407199,770832,2
-1407199,770837,2
-1407199,770844,1
-1407199,770846,1
-1407199,770860,1
-1407199,771059,1
-1407199,771230,5
-1407199,772033,1
-1407199,772039,1
-1407199,772044,1
-1407199,772048,2
-1407199,772049,1
-1407199,772063,1
-1407199,772064,1
-1407199,772065,1
-1407199,772066,1
-1407199,772075,1
-1407199,772096,1
-1407199,772131,1
-1407199,772132,1
-1407199,772204,4
-1407199,772233,1
-1407199,772237,1
-1407199,772241,2
-1407199,772534,1
-1407199,772577,1
-1407199,772580,1
-1407199,772630,1
-1407199,772716,1
-1407199,772726,1
-1407199,772860,1
-1407199,772863,1
-1407199,772864,1
-1407199,772873,1
-1407199,772922,1
-1407199,772937,1
-1407199,773113,1
-1407199,773120,1
-1407199,773351,1
-1407199,773710,1
-1407198,769913,1
-1407198,769925,1
-1407198,770036,1
-1407198,770046,1
-1407198,770074,1
-1407198,770075,1
-1407198,770087,2
-1407198,770089,2
-1407198,770090,4
-1407198,770091,5
-1407198,770092,4
-1407198,770093,3
-1407198,770094,3
-1407198,770784,1
-1407198,770812,1
-1407198,770837,1
-1407198,770840,1
-1407198,770842,1
-1407198,770859,1
-1407198,771059,1
-1407198,771220,1
-1407198,771938,1
-1407198,772002,1
-1407198,772037,1
-1407198,772054,1
-1407198,772064,1
-1407198,772065,1
-1407198,772066,1
-1407198,772074,1
-1407198,772077,1
-1407198,772125,1
-1407198,772242,1
-1407198,772503,1
-1407198,772628,1
-1407198,772866,1
-1407198,772920,1
-1407198,772926,1
-1407198,772972,1
-1407198,773111,2
-1407198,774221,1
-1407197,769899,1
-1407197,769906,1
-1407197,770029,1
-1407197,770086,1
-1407197,770087,1
-1407197,770088,4
-1407197,770089,7
-1407197,770090,1
-1407197,770091,3
-1407197,770092,3
-1407197,770093,4
-1407197,770094,4
-1407197,770095,1
-1407197,770103,1
-1407197,770826,6
-1407197,770829,1
-1407197,770833,1
-1407197,770834,1
-1407197,770836,1
-1407197,770839,1
-1407197,770874,1
-1407197,771218,1
-1407197,771278,1
-1407197,771329,1
-1407197,771949,3
-1407197,771982,1
-1407197,772051,1
-1407197,772054,1
-1407197,772074,1
-1407197,772082,1
-1407197,772092,1
-1407197,772104,1
-1407197,772112,1
-1407197,772228,1
-1407197,772236,1
-1407197,772624,1
-1407197,772820,1
-1407197,772875,1
-1407197,772876,1
-1407197,772881,1
-1407197,772908,1
-1407197,772924,1
-1407197,772931,1
-1407197,773163,1
-1407197,773371,1
-1407197,774045,1
-1407196,769925,1
-1407196,770023,1
-1407196,770031,1
-1407196,770032,1
-1407196,770058,1
-1407196,770061,1
-1407196,770089,4
-1407196,770090,8
-1407196,770091,2
-1407196,770093,1
-1407196,770095,1
-1407196,770799,1
-1407196,770825,1
-1407196,770829,1
-1407196,770831,1
-1407196,770832,6
-1407196,770840,1
-1407196,770841,3
-1407196,770842,1
-1407196,770845,1
-1407196,770857,1
-1407196,771931,5
-1407196,772047,1
-1407196,772064,1
-1407196,772065,1
-1407196,772082,1
-1407196,772085,2
-1407196,772330,1
-1407196,772501,1
-1407196,772511,1
-1407196,772575,1
-1407196,772873,1
-1407196,772908,1
-1407196,772927,1
-1407196,773093,1
-1407196,773241,1
-1407196,773257,1
-1407196,773276,1
-1407195,769890,1
-1407195,769913,1
-1407195,770029,1
-1407195,770083,1
-1407195,770674,1
-1407195,770777,1
-1407195,770807,1
-1407195,770810,1
-1407195,770856,1
-1407195,770861,1
-1407195,772023,3
-1407195,772039,1
-1407195,772074,1
-1407195,772229,1
-1407195,772580,1
-1407195,772875,1
-1407195,772956,1
-1407195,772983,1
-1407195,773101,1
-1407195,773164,1
-1407195,773167,1
-1407195,773283,1
-1407195,774042,1
-1407194,769888,1
-1407194,769897,1
-1407194,769923,1
-1407194,770067,1
-1407194,770089,1
-1407194,770093,1
-1407194,770098,1
-1407194,770510,1
-1407194,770786,1
-1407194,770809,1
-1407194,770815,1
-1407194,770819,1
-1407194,770827,1
-1407194,770830,7
-1407194,770834,1
-1407194,770843,2
-1407194,770872,1
-1407194,771279,1
-1407194,772055,1
-1407194,772073,1
-1407194,772083,1
-1407194,772575,1
-1407194,772881,1
-1407194,772883,1
-1407194,772887,1
-1407194,772931,1
-1407194,772933,1
-1407194,772960,1
-1407194,772961,1
-1407194,772966,1
-1407194,773114,1
-1407194,773158,1
-1407194,773167,1
-1407194,773251,1
-1407194,773637,1
-1407194,773638,1
-1407194,774258,1
-1407193,769718,1
-1407193,769886,1
-1407193,769891,1
-1407193,769898,1
-1407193,769925,1
-1407193,770079,1
-1407193,770095,1
-1407193,770778,1
-1407193,770819,1
-1407193,770836,1
-1407193,770841,1
-1407193,770842,1
-1407193,770844,1
-1407193,770885,1
-1407193,771985,1
-1407193,772012,1
-1407193,772721,1
-1407193,772861,1
-1407193,772884,1
-1407193,772903,1
-1407193,772911,1
-1407193,772990,1
-1407193,773112,1
-1407193,773117,1
-1407193,773118,1
-1407193,773260,1
-1407193,773909,1
-1407193,774271,1
-1407193,774303,1
-1407193,774316,1
-1407192,769903,1
-1407192,770086,1
-1407192,770093,1
-1407192,770095,1
-1407192,770835,1
-1407192,770839,1
-1407192,770852,1
-1407192,770855,1
-1407192,770869,1
-1407192,771957,1
-1407192,772032,2
-1407192,772075,1
-1407192,772126,1
-1407192,772502,1
-1407192,772611,1
-1407192,772620,1
-1407192,772883,1
-1407192,772959,1
-1407192,773144,1
-1407192,773286,1
-1407192,773906,1
-1407192,773999,1
-1407192,774030,2
-1407191,769889,1
-1407191,769901,1
-1407191,770080,1
-1407191,770094,1
-1407191,770296,2
-1407191,770807,1
-1407191,770817,1
-1407191,770829,10
-1407191,770832,29
-1407191,770843,1
-1407191,770844,1
-1407191,770847,1
-1407191,770851,1
-1407191,770861,1
-1407191,771358,1
-1407191,771386,1
-1407191,771922,1
-1407191,771984,1
-1407191,772302,1
-1407191,772574,1
-1407191,772870,1
-1407191,772927,1
-1407191,772977,1
-1407191,774272,1
-1407190,769861,1
-1407190,769900,1
-1407190,769922,1
-1407190,770595,2
-1407190,770602,1
-1407190,770759,1
-1407190,770813,1
-1407190,770823,6
-1407190,770831,1
-1407190,770836,1
-1407190,770853,1
-1407190,771074,1
-1407190,771145,1
-1407190,771927,1
-1407190,772009,1
-1407190,772013,1
-1407190,772021,1
-1407190,772038,1
-1407190,772102,1
-1407190,772221,1
-1407190,772499,1
-1407190,772502,1
-1407190,772514,1
-1407190,772531,1
-1407190,772859,1
-1407190,772915,2
-1407190,772922,1
-1407190,772949,1
-1407190,772960,1
-1407190,772980,1
-1407190,773959,2
-1407190,773972,1
-1407190,774221,1
-1407190,774240,1
-1407190,774242,1
-1407190,774304,1
-1407189,770102,1
-1407189,770595,1
-1407189,770803,1
-1407189,770843,4
-1407189,771058,1
-1407189,771921,1
-1407189,771995,1
-1407189,772010,1
-1407189,772137,1
-1407189,772232,1
-1407189,772501,1
-1407189,772502,1
-1407189,772624,1
-1407189,772885,1
-1407189,772921,1
-1407189,772933,1
-1407189,772955,1
-1407189,772966,1
-1407189,773114,1
-1407189,773274,2
-1407189,773972,2
-1407189,773975,1
-1407189,774301,1
-1407188,770106,1
-1407188,770108,1
-1407188,770571,1
-1407188,770601,1
-1407188,770759,1
-1407188,770791,1
-1407188,770829,4
-1407188,770835,1
-1407188,770838,2
-1407188,770848,3
-1407188,770849,1
-1407188,770850,1
-1407188,770855,1
-1407188,770867,1
-1407188,771077,1
-1407188,772024,1
-1407188,772501,1
-1407188,772505,1
-1407188,772571,1
-1407188,772588,1
-1407188,772885,1
-1407188,772951,1
-1407188,773170,1
-1407188,774359,1
-1407187,769900,1
-1407187,770757,1
-1407187,770799,7
-1407187,770804,1
-1407187,770817,3
-1407187,770818,1
-1407187,770823,13
-1407187,770827,5
-1407187,770832,7
-1407187,770836,1
-1407187,770839,1
-1407187,770847,1
-1407187,770862,1
-1407187,770867,1
-1407187,771255,1
-1407187,772017,1
-1407187,772562,1
-1407187,772588,2
-1407187,772608,1
-1407187,772780,1
-1407187,772924,1
-1407187,773128,1
-1407187,773283,1
-1407187,773973,1
-1407187,774279,1
-1407186,770545,1
-1407186,770792,1
-1407186,770823,1
-1407186,770827,10
-1407186,770836,1
-1407186,770838,1
-1407186,770849,1
-1407186,770864,1
-1407186,770946,1
-1407186,770950,1
-1407186,772507,1
-1407186,772622,1
-1407186,772862,1
-1407186,772921,1
-1407186,772944,2
-1407186,772958,1
-1407186,773067,1
-1407186,773115,1
-1407186,773170,1
-1407186,773973,1
-1407186,774275,1
-1407185,770008,1
-1407185,770605,1
-1407185,770816,1
-1407185,770819,1
-1407185,770825,1
-1407185,770826,3
-1407185,770830,2
-1407185,770838,2
-1407185,772172,1
-1407185,772301,1
-1407185,772360,1
-1407185,772414,1
-1407185,772522,1
-1407185,772592,1
-1407185,772979,1
-1407185,773113,1
-1407185,773115,2
-1407185,773271,1
-1407185,773666,1
-1407184,769871,1
-1407184,769884,1
-1407184,770072,1
-1407184,770418,1
-1407184,770780,1
-1407184,770813,21
-1407184,770819,5
-1407184,770825,11
-1407184,770834,1
-1407184,770841,1
-1407184,770846,1
-1407184,770848,1
-1407184,770974,1
-1407184,771907,1
-1407184,772369,1
-1407184,772387,1
-1407184,772524,1
-1407184,772556,2
-1407184,772588,1
-1407184,772592,1
-1407184,772593,1
-1407184,772606,1
-1407184,772952,1
-1407184,772955,1
-1407184,773119,2
-1407184,773120,1
-1407184,773123,1
-1407184,773328,1
-1407184,773635,1
-1407184,774079,1
-1407184,774213,1
-1407184,774275,1
-1407183,769903,1
-1407183,769918,1
-1407183,770080,1
-1407183,770514,1
-1407183,770596,1
-1407183,770808,4
-1407183,770819,1
-1407183,770823,12
-1407183,770828,9
-1407183,770830,1
-1407183,770833,1
-1407183,770842,1
-1407183,770853,1
-1407183,771506,1
-1407183,771996,1
-1407183,772416,1
-1407183,772634,1
-1407183,772642,1
-1407183,772657,1
-1407183,772839,1
-1407183,772904,1
-1407183,772945,1
-1407183,772950,1
-1407183,774337,1
-1407182,769899,1
-1407182,770797,1
-1407182,770801,1
-1407182,770807,145
-1407182,770811,8
-1407182,770829,1
-1407182,770833,2
-1407182,770838,2
-1407182,770858,1
-1407182,770869,1
-1407182,772228,1
-1407182,772903,1
-1407182,772928,1
-1407182,772949,1
-1407182,773124,1
-1407182,773561,1
-1407182,774279,1
-1407181,769678,1
-1407181,769878,1
-1407181,769911,1
-1407181,769922,1
-1407181,770612,1
-1407181,770755,1
-1407181,770800,1
-1407181,770810,1
-1407181,770825,1
-1407181,770828,3
-1407181,770833,1
-1407181,770860,1
-1407181,770868,1
-1407181,770908,1
-1407181,771983,1
-1407181,772515,1
-1407181,772564,1
-1407181,772568,1
-1407181,772570,1
-1407181,772572,1
-1407181,772936,1
-1407181,772952,2
-1407181,773372,1
-1407181,774044,1
-1407181,774212,1
-1407181,774280,1
-1407180,769907,1
-1407180,770076,1
-1407180,770565,1
-1407180,770814,4
-1407180,770815,1
-1407180,770816,3
-1407180,770817,5
-1407180,770818,5
-1407180,770826,8
-1407180,770829,1
-1407180,770831,5
-1407180,770832,1
-1407180,770834,1
-1407180,770835,1
-1407180,770836,1
-1407180,770838,1
-1407180,770839,1
-1407180,770841,1
-1407180,770857,1
-1407180,770863,1
-1407180,770958,2
-1407180,771912,1
-1407180,771974,1
-1407180,772222,1
-1407180,772534,1
-1407180,772555,1
-1407180,772558,1
-1407180,772561,2
-1407180,772562,1
-1407180,772946,1
-1407180,772975,1
-1407180,773114,1
-1407180,773566,1
-1407180,773909,1
-1407180,774076,1
-1407180,774212,1
-1407180,774214,1
-1407180,774215,1
-1407180,774232,1
-1407180,774293,1
-1407180,774305,1
-1407179,769919,1
-1407179,769920,1
-1407179,769924,1
-1407179,770400,1
-1407179,770796,1
-1407179,770797,1
-1407179,770814,1
-1407179,770816,7
-1407179,770820,1
-1407179,770835,1
-1407179,770846,1
-1407179,770950,1
-1407179,771091,1
-1407179,771982,1
-1407179,772236,1
-1407179,772533,1
-1407179,772607,1
-1407179,772886,1
-1407179,772945,1
-1407179,772951,1
-1407179,773332,1
-1407179,774206,1
-1407179,774211,1
-1407179,774234,1
-1407178,769888,1
-1407178,769913,1
-1407178,770038,1
-1407178,770765,1
-1407178,770799,1
-1407178,770820,5
-1407178,770833,2
-1407178,770837,1
-1407178,771883,1
-1407178,772224,1
-1407178,772225,1
-1407178,772327,1
-1407178,772528,1
-1407178,772570,1
-1407178,772594,1
-1407178,772665,1
-1407178,772769,1
-1407178,772770,1
-1407178,772902,1
-1407178,772909,1
-1407178,772920,1
-1407178,772938,2
-1407178,773106,1
-1407178,773109,2
-1407178,774213,1
-1407177,769906,1
-1407177,769913,1
-1407177,769923,1
-1407177,770187,3
-1407177,770598,1
-1407177,770626,2
-1407177,770813,1
-1407177,770816,6
-1407177,770820,13
-1407177,770840,1
-1407177,770850,1
-1407177,770854,1
-1407177,770862,1
-1407177,771803,1
-1407177,771835,1
-1407177,772517,1
-1407177,772557,1
-1407177,772577,1
-1407177,772603,1
-1407177,772607,1
-1407177,772772,1
-1407177,772903,1
-1407177,772944,1
-1407177,772954,1
-1407177,773050,1
-1407177,773111,1
-1407177,773122,1
-1407177,774300,1
-1407176,769870,1
-1407176,769894,1
-1407176,770044,1
-1407176,770072,1
-1407176,770459,2
-1407176,770595,1
-1407176,770797,1
-1407176,770799,8
-1407176,770824,1
-1407176,770831,1
-1407176,770832,1
-1407176,770834,1
-1407176,772061,1
-1407176,772536,1
-1407176,772708,1
-1407176,773100,1
-1407176,773161,1
-1407176,774043,21
-1407176,774051,1
-1407175,770069,1
-1407175,770072,10
-1407175,770081,1
-1407175,770098,1
-1407175,770601,1
-1407175,770792,1
-1407175,770804,1
-1407175,770817,1
-1407175,770822,1
-1407175,770825,1
-1407175,770834,1
-1407175,770835,2
-1407175,770853,1
-1407175,770867,2
-1407175,771951,1
-1407175,772513,1
-1407175,772527,1
-1407175,772533,1
-1407175,772547,1
-1407175,772553,1
-1407175,772604,1
-1407175,772626,1
-1407175,772708,1
-1407175,772905,1
-1407175,772908,1
-1407175,772911,1
-1407175,772937,1
-1407175,773039,1
-1407175,774215,1
-1407174,770071,1
-1407174,770552,1
-1407174,770797,1
-1407174,770814,3
-1407174,770817,6
-1407174,770829,1
-1407174,770831,1
-1407174,770835,2
-1407174,770853,1
-1407174,771134,4
-1407174,772234,1
-1407174,772584,1
-1407174,772720,1
-1407174,772928,1
-1407174,774254,1
-1407173,769912,1
-1407173,769917,1
-1407173,770589,1
-1407173,770808,1
-1407173,770833,1
-1407173,770836,1
-1407173,770847,1
-1407173,770857,1
-1407173,771106,1
-1407173,771133,4
-1407173,771134,1
-1407173,772208,1
-1407173,772526,1
-1407173,772583,1
-1407173,772602,1
-1407173,772670,1
-1407173,772705,1
-1407173,772901,1
-1407173,772953,1
-1407173,773585,1
-1407173,774218,1
-1407172,769921,1
-1407172,770077,1
-1407172,770636,1
-1407172,770797,1
-1407172,770809,1
-1407172,770811,1
-1407172,770815,1
-1407172,770816,12
-1407172,770817,8
-1407172,770823,1
-1407172,770824,1
-1407172,770828,1
-1407172,770830,1
-1407172,770834,1
-1407172,770836,2
-1407172,770840,1
-1407172,770842,1
-1407172,770848,1
-1407172,770854,1
-1407172,771124,1
-1407172,772233,1
-1407172,772527,1
-1407172,772541,1
-1407172,772545,1
-1407172,772901,2
-1407172,772904,1
-1407172,772908,1
-1407172,773099,1
-1407172,773404,1
-1407172,774247,1
-1407171,769907,1
-1407171,769921,1
-1407171,770791,1
-1407171,770792,1
-1407171,770841,1
-1407171,770842,1
-1407171,770858,1
-1407171,771122,1
-1407171,772264,1
-1407171,772405,1
-1407171,772462,1
-1407171,772531,1
-1407171,772540,1
-1407171,772624,1
-1407171,772718,1
-1407171,772950,1
-1407171,772962,1
-1407171,772979,1
-1407171,774035,21
-1407171,774239,1
-1407170,770726,1
-1407170,770796,1
-1407170,770808,4
-1407170,770816,1
-1407170,770830,1
-1407170,770833,1
-1407170,770839,1
-1407170,770849,1
-1407170,770858,1
-1407170,771255,1
-1407170,772067,2
-1407170,772180,1
-1407170,772183,1
-1407170,772226,1
-1407170,772517,1
-1407170,772523,1
-1407170,772612,1
-1407170,772902,1
-1407170,772911,1
-1407170,772919,1
-1407170,772944,1
-1407170,772947,1
-1407170,772955,1
-1407170,774039,5
-1407169,770586,1
-1407169,770809,5
-1407169,770830,2
-1407169,770833,1
-1407169,770835,1
-1407169,770856,1
-1407169,770858,2
-1407169,770859,1
-1407169,772260,1
-1407169,772911,1
-1407169,772932,1
-1407169,773101,1
-1407169,773255,1
-1407169,773305,1
-1407169,774219,1
-1407169,774252,1
-1407168,770572,1
-1407168,770781,9
-1407168,770796,1
-1407168,770801,1
-1407168,770843,1
-1407168,770845,1
-1407168,772269,1
-1407168,772531,1
-1407168,772541,1
-1407168,772934,1
-1407168,772937,1
-1407168,772941,1
-1407168,772944,1
-1407168,772946,1
-1407168,772959,1
-1407168,773041,1
-1407168,773101,1
-1407168,773756,1
-1407168,774278,1
-1407167,770800,1
-1407167,770813,1
-1407167,770816,6
-1407167,770822,1
-1407167,770834,1
-1407167,770855,1
-1407167,770875,1
-1407167,772234,1
-1407167,772523,1
-1407167,772532,1
-1407167,772887,1
-1407167,773120,1
-1407167,773656,1
-1407167,774244,1
-1407166,769670,1
-1407166,770797,1
-1407166,770811,1
-1407166,770825,1
-1407166,770836,1
-1407166,770860,1
-1407166,772297,1
-1407166,772517,1
-1407166,772539,1
-1407166,772622,1
-1407166,772626,1
-1407166,772884,1
-1407166,772897,1
-1407166,772948,1
-1407166,774025,1
-1407166,774227,1
-1407166,774279,1
-1407166,774290,1
-1407165,770573,1
-1407165,770785,1
-1407165,770788,1
-1407165,770811,7
-1407165,770821,5
-1407165,770827,1
-1407165,770833,1
-1407165,770834,1
-1407165,770849,1
-1407165,771251,1
-1407165,772295,1
-1407165,772541,1
-1407165,772931,1
-1407165,772991,1
-1407165,773093,1
-1407165,773108,1
-1407165,773112,1
-1407165,773118,1
-1407165,773266,1
-1407164,770616,1
-1407164,770807,4
-1407164,770848,1
-1407164,770850,1
-1407164,770856,1
-1407164,770860,1
-1407164,771950,1
-1407164,772211,2
-1407164,772952,1
-1407164,773117,1
-1407164,773122,1
-1407164,773307,1
-1407164,774236,1
-1407163,769703,1
-1407163,770793,1
-1407163,770812,1
-1407163,770824,1
-1407163,770998,1
-1407163,771976,1
-1407163,772223,1
-1407163,772227,1
-1407163,772965,1
-1407163,772978,1
-1407163,774225,1
-1407162,769927,1
-1407162,770791,1
-1407162,770796,1
-1407162,770800,1
-1407162,770828,1
-1407162,770840,1
-1407162,770842,1
-1407162,770851,1
-1407162,770860,1
-1407162,770868,1
-1407162,772257,1
-1407162,772533,1
-1407162,772541,1
-1407162,772860,1
-1407162,772942,1
-1407162,773115,1
-1407162,773290,1
-1407161,770802,1
-1407161,770830,1
-1407161,770832,1
-1407161,770836,3
-1407161,770844,1
-1407161,770848,1
-1407161,770854,1
-1407161,772218,1
-1407161,772500,1
-1407161,772961,1
-1407161,773121,1
-1407161,773168,1
-1407161,774240,1
-1407160,769703,1
-1407160,770572,1
-1407160,770588,1
-1407160,770787,1
-1407160,770797,1
-1407160,770802,1
-1407160,770821,1
-1407160,770822,1
-1407160,770826,1
-1407160,770833,1
-1407160,770859,1
-1407160,770959,1
-1407160,772165,1
-1407160,772252,1
-1407160,772568,1
-1407160,772601,1
-1407160,772861,5
-1407160,772881,1
-1407160,772957,1
-1407160,772992,1
-1407160,773275,1
-1407160,774226,1
-1407160,774264,1
-1407159,769888,1
-1407159,770583,1
-1407159,770801,1
-1407159,770802,1
-1407159,770814,1
-1407159,770825,3
-1407159,770856,1
-1407159,770875,1
-1407159,770882,1
-1407159,771918,1
-1407159,772214,1
-1407159,772543,1
-1407159,772642,1
-1407159,772972,1
-1407159,772977,1
-1407159,773033,1
-1407159,773111,1
-1407159,773545,1
-1407159,774422,1
-1407158,770012,1
-1407158,770119,1
-1407158,770807,13
-1407158,770818,1
-1407158,770822,1
-1407158,770828,1
-1407158,770833,2
-1407158,770860,1
-1407158,772523,1
-1407158,772590,1
-1407158,772627,1
-1407158,772792,1
-1407158,774417,2
-1407158,774418,1
-1407158,774422,1
-1407157,770038,1
-1407157,770114,1
-1407157,770577,1
-1407157,770771,1
-1407157,770835,1
-1407157,770841,1
-1407157,770847,1
-1407157,770851,1
-1407157,770854,1
-1407157,770863,1
-1407157,771922,1
-1407157,771933,1
-1407157,772035,1
-1407157,772163,1
-1407157,772545,1
-1407157,772567,1
-1407157,772587,1
-1407157,772639,1
-1407157,772869,1
-1407157,774236,1
-1407157,774326,1
-1407157,774419,3
-1407157,774424,1
-1407156,770799,4
-1407156,770818,1
-1407156,770821,1
-1407156,770835,1
-1407156,770881,1
-1407156,771325,1
-1407156,771846,1
-1407156,772227,1
-1407156,772511,1
-1407156,772544,1
-1407156,772590,1
-1407156,772608,1
-1407156,772615,1
-1407156,772846,1
-1407156,772883,1
-1407156,773295,1
-1407156,774244,1
-1407156,774418,1
-1407156,774419,1
-1407156,774420,2
-1407156,774435,1
-1407155,770577,1
-1407155,770792,1
-1407155,770832,1
-1407155,770906,1
-1407155,770971,1
-1407155,772026,1
-1407155,772209,1
-1407155,772239,1
-1407155,772511,1
-1407155,772529,1
-1407155,772541,1
-1407155,772880,1
-1407155,773293,1
-1407155,774420,1
-1407155,774423,1
-1407155,774426,2
-1407155,774429,1
-1407154,770069,1
-1407154,770802,1
-1407154,770828,1
-1407154,770829,1
-1407154,770844,1
-1407154,770854,1
-1407154,771327,1
-1407154,772333,1
-1407154,772602,1
-1407154,772630,1
-1407154,772981,1
-1407154,773116,1
-1407154,773119,1
-1407154,774419,1
-1407153,770067,1
-1407153,770070,1
-1407153,770558,1
-1407153,770607,1
-1407153,770802,1
-1407153,770825,1
-1407153,772527,1
-1407153,772569,1
-1407153,772599,1
-1407153,772793,1
-1407153,772975,1
-1407153,773002,1
-1407153,773078,1
-1407153,773113,1
-1407153,773115,1
-1407153,774045,1
-1407153,774418,1
-1407152,769819,1
-1407152,770796,1
-1407152,770819,1
-1407152,770824,1
-1407152,770826,1
-1407152,770827,1
-1407152,770846,2
-1407152,770853,1
-1407152,771098,1
-1407152,772633,1
-1407152,772791,1
-1407152,772977,1
-1407152,772996,1
-1407152,773373,1
-1407152,774225,1
-1407152,774435,1
-1407151,770805,1
-1407151,770819,1
-1407151,770822,1
-1407151,770826,1
-1407151,770845,1
-1407151,770847,1
-1407151,770848,1
-1407151,770851,1
-1407151,770852,1
-1407151,771879,1
-1407151,772129,1
-1407151,772514,1
-1407151,772567,1
-1407151,772603,1
-1407151,772869,1
-1407151,773293,1
-1407151,774235,1
-1407151,774237,1
-1407151,774417,1
-1407150,770320,1
-1407150,770605,1
-1407150,770802,1
-1407150,770806,1
-1407150,770808,1
-1407150,770812,3
-1407150,770821,1
-1407150,770823,1
-1407150,770830,1
-1407150,770832,1
-1407150,770845,1
-1407150,770858,1
-1407150,770865,1
-1407150,772249,1
-1407150,772600,1
-1407150,772777,1
-1407150,772790,1
-1407150,773079,2
-1407150,773232,1
-1407150,773510,2
-1407150,774239,1
-1407149,770114,1
-1407149,770661,1
-1407149,770806,1
-1407149,770812,1
-1407149,770824,1
-1407149,770829,1
-1407149,770848,1
-1407149,772386,1
-1407149,772520,1
-1407149,772544,1
-1407149,772642,1
-1407149,772644,1
-1407149,772962,1
-1407149,773224,1
-1407149,774038,1
-1407149,774040,11
-1407149,774117,5
-1407148,769846,1
-1407148,770114,1
-1407148,770788,12
-1407148,770811,1
-1407148,770817,1
-1407148,770825,1
-1407148,770834,1
-1407148,770974,1
-1407148,772530,1
-1407148,772649,1
-1407148,773112,1
-1407148,774414,1
-1407147,770808,1
-1407147,770818,1
-1407147,770826,1
-1407147,770849,1
-1407147,770868,1
-1407147,772519,1
-1407147,772644,2
-1407147,772685,1
-1407147,772816,1
-1407147,773546,1
-1407146,770575,1
-1407146,770815,1
-1407146,770841,1
-1407146,772138,1
-1407146,772701,6
-1407146,773094,1
-1407145,770572,1
-1407145,770819,1
-1407145,770822,1
-1407145,770824,1
-1407145,770830,1
-1407145,770845,1
-1407145,770859,1
-1407145,772070,1
-1407145,772196,1
-1407145,772533,1
-1407145,772642,1
-1407145,773109,1
-1407145,773110,1
-1407145,773119,1
-1407145,773542,1
-1407144,770533,1
-1407144,770821,1
-1407144,770822,1
-1407144,771280,1
-1407144,772072,1
-1407144,772162,1
-1407144,772522,1
-1407144,773110,1
-1407144,774233,1
-1407143,769697,1
-1407143,769854,1
-1407143,770089,1
-1407143,770791,1
-1407143,770811,1
-1407143,770817,2
-1407143,770824,1
-1407143,770845,1
-1407143,770859,1
-1407143,770963,3
-1407143,771897,1
-1407143,772083,1
-1407143,772190,1
-1407143,772221,1
-1407143,772304,1
-1407143,772528,1
-1407143,772821,1
-1407143,773110,1
-1407143,773867,1
-1407143,774123,1
-1407143,774233,1
-1407143,774243,1
-1407142,770167,1
-1407142,770639,1
-1407142,770815,2
-1407142,770818,1
-1407142,770829,1
-1407142,770842,1
-1407142,770844,1
-1407142,770964,2
-1407142,771897,1
-1407142,772504,1
-1407142,772629,1
-1407142,772645,2
-1407142,772674,1
-1407142,773471,1
-1407142,774234,1
-1407141,770597,1
-1407141,770811,1
-1407141,770814,1
-1407141,770816,1
-1407141,770818,1
-1407141,770963,1
-1407141,771925,1
-1407141,772118,1
-1407141,772256,1
-1407141,772322,1
-1407141,772615,1
-1407141,772638,1
-1407141,772643,1
-1407141,772816,1
-1407141,772942,1
-1407141,773077,1
-1407141,773508,1
-1407141,774040,1
-1407141,774225,1
-1407141,774229,1
-1407140,770201,1
-1407140,770224,1
-1407140,770770,1
-1407140,770793,1
-1407140,770804,1
-1407140,770812,1
-1407140,770814,19
-1407140,770815,16
-1407140,770823,1
-1407140,770826,1
-1407140,770829,1
-1407140,770955,1
-1407140,772048,1
-1407140,772217,1
-1407140,772494,1
-1407140,772525,1
-1407140,772635,1
-1407140,772662,1
-1407140,772975,1
-1407140,772982,1
-1407140,773479,1
-1407140,774035,7
-1407140,774257,1
-1407139,770590,1
-1407139,770815,3
-1407139,770826,1
-1407139,770827,1
-1407139,770828,1
-1407139,772103,1
-1407139,772105,1
-1407139,772290,1
-1407139,773095,1
-1407139,773467,1
-1407139,774244,1
-1407139,774273,1
-1407138,770763,1
-1407138,772650,1
-1407138,773103,1
-1407138,773106,1
-1407138,773108,1
-1407138,773118,1
-1407138,773306,1
-1407138,773784,1
-1407137,769672,1
-1407137,770774,1
-1407137,770799,1
-1407137,770810,1
-1407137,770853,1
-1407137,771053,1
-1407137,771269,1
-1407137,771288,1
-1407137,772153,1
-1407137,772279,1
-1407137,772500,1
-1407137,772506,1
-1407137,772512,1
-1407137,772525,1
-1407137,772638,1
-1407137,772654,1
-1407137,772678,1
-1407137,772817,1
-1407137,772930,1
-1407137,772970,1
-1407137,774234,1
-1407136,770760,1
-1407136,770774,9
-1407136,770776,1
-1407136,770808,1
-1407136,770863,1
-1407136,771828,1
-1407136,771934,1
-1407136,772162,1
-1407136,772503,1
-1407136,772527,1
-1407136,772538,1
-1407136,772687,1
-1407136,772969,1
-1407136,773100,3
-1407136,773265,1
-1407136,773573,1
-1407136,773616,1
-1407135,770034,1
-1407135,770133,1
-1407135,770755,1
-1407135,770793,1
-1407135,772164,1
-1407135,772318,1
-1407135,772628,1
-1407135,772662,1
-1407135,772956,1
-1407135,772970,1
-1407135,773110,1
-1407135,773862,1
-1407134,770198,1
-1407134,770589,1
-1407134,770795,3
-1407134,770816,1
-1407134,771040,2
-1407134,772044,1
-1407134,772502,1
-1407134,772968,1
-1407134,772983,1
-1407134,773093,1
-1407134,773333,1
-1407134,774220,2
-1407133,769686,1
-1407133,770706,1
-1407133,770810,1
-1407133,770813,1
-1407133,772188,1
-1407133,772627,1
-1407133,772649,1
-1407133,772874,1
-1407133,773111,1
-1407133,773864,1
-1407132,770033,1
-1407132,770774,1
-1407132,770784,25
-1407132,770789,1
-1407132,770814,4
-1407132,770826,1
-1407132,771165,1
-1407132,772330,1
-1407132,772534,1
-1407132,772654,1
-1407132,772841,1
-1407132,772862,1
-1407132,772967,1
-1407132,772968,2
-1407132,773104,1
-1407132,774230,1
-1407131,770104,1
-1407131,770783,1
-1407131,770814,1
-1407131,772147,1
-1407131,772959,1
-1407131,773323,1
-1407131,774252,1
-1407131,774259,1
-1407130,769679,1
-1407130,770156,1
-1407130,770784,1
-1407130,770815,1
-1407130,771914,1
-1407130,772062,1
-1407130,772113,1
-1407130,772496,1
-1407130,772501,1
-1407130,772644,1
-1407130,772652,1
-1407130,772873,1
-1407130,774227,1
-1407130,774242,1
-1407129,769681,1
-1407129,770033,1
-1407129,770144,1
-1407129,770145,1
-1407129,770160,1
-1407129,770229,1
-1407129,770762,1
-1407129,770813,1
-1407129,770820,1
-1407129,771858,1
-1407129,772101,1
-1407129,772149,1
-1407129,772498,1
-1407129,772558,1
-1407129,773093,1
-1407129,773292,1
-1407129,773371,1
-1407129,773540,1
-1407128,769682,1
-1407128,770341,1
-1407128,770416,1
-1407128,770496,1
-1407128,770550,1
-1407128,770676,1
-1407128,770759,1
-1407128,770783,1
-1407128,770821,1
-1407128,770826,1
-1407128,770838,1
-1407128,772496,1
-1407128,772971,1
-1407128,772973,1
-1407128,773371,1
-1407127,769682,1
-1407127,770155,1
-1407127,770799,1
-1407127,770808,1
-1407127,771210,1
-1407127,772367,1
-1407127,772494,1
-1407127,772521,1
-1407127,772616,1
-1407127,772666,1
-1407127,772874,1
-1407127,772876,1
-1407127,773102,1
-1407127,773641,1
-1407127,773642,1
-1407127,774231,1
-1407126,770113,1
-1407126,770832,1
-1407126,770838,1
-1407126,772085,1
-1407126,772367,1
-1407126,772501,1
-1407126,773078,1
-1407126,773099,1
-1407126,773491,1
-1407126,773648,1
-1407126,774032,1
-1407126,774231,1
-1407126,774252,2
-1407125,770396,1
-1407125,770786,1
-1407125,770793,1
-1407125,770804,1
-1407125,770821,1
-1407125,770832,1
-1407125,770834,1
-1407125,771376,1
-1407125,772511,1
-1407125,772657,1
-1407125,772924,1
-1407125,772940,1
-1407125,772972,1
-1407125,773098,1
-1407125,774251,1
-1407125,774255,1
-1407124,770417,1
-1407124,770437,1
-1407124,770581,1
-1407124,770589,1
-1407124,771533,1
-1407124,772149,1
-1407124,772150,1
-1407124,772166,1
-1407124,772312,1
-1407124,772967,1
-1407124,773104,1
-1407124,773195,1
-1407124,773914,1
-1407123,769906,1
-1407123,770439,1
-1407123,770759,1
-1407123,770843,1
-1407123,770849,1
-1407123,772068,1
-1407123,772187,1
-1407123,772214,1
-1407123,772306,1
-1407123,772325,1
-1407123,772366,1
-1407123,772368,6
-1407123,772496,1
-1407123,772516,1
-1407123,772637,1
-1407123,772978,1
-1407123,773085,1
-1407123,773096,1
-1407123,773100,1
-1407123,773108,1
-1407123,773858,1
-1407123,774252,1
-1407122,770438,1
-1407122,770831,1
-1407122,772109,1
-1407122,772508,1
-1407122,772644,1
-1407122,773099,1
-1407122,773614,7
-1407122,774227,1
-1407121,770842,1
-1407121,771785,3
-1407121,772033,2
-1407121,772188,1
-1407121,772367,1
-1407121,773160,1
-1407121,773620,1
-1407120,770491,1
-1407120,770819,1
-1407120,771947,1
-1407120,772106,1
-1407120,772161,1
-1407120,772192,1
-1407120,772366,1
-1407120,772868,1
-1407120,773089,1
-1407120,773103,1
-1407120,774241,1
-1407119,769667,1
-1407119,770509,1
-1407119,770783,1
-1407119,771905,1
-1407119,772029,1
-1407119,772522,1
-1407119,772661,1
-1407119,772841,1
-1407119,773104,1
-1407119,773624,1
-1407119,774377,1
-1407118,770403,8
-1407118,770767,1
-1407118,770772,1
-1407118,770780,1
-1407118,771314,1
-1407118,772062,1
-1407118,772306,1
-1407118,772511,1
-1407118,772654,1
-1407118,772871,1
-1407118,772970,1
-1407118,773082,1
-1407118,773087,1
-1407118,773102,1
-1407118,773334,1
-1407118,773553,1
-1407118,774246,1
-1407117,770510,1
-1407117,770825,1
-1407117,771325,1
-1407117,772060,1
-1407117,772970,1
-1407117,773081,1
-1407117,773083,1
-1407117,773113,1
-1407117,773449,1
-1407117,773612,3
-1407117,773620,19
-1407117,774042,1
-1407116,769974,2
-1407116,770804,1
-1407116,770828,1
-1407116,772374,1
-1407116,772871,1
-1407116,773544,1
-1407116,773586,1
-1407116,773635,1
-1407115,769921,1
-1407115,770034,1
-1407115,771147,1
-1407115,772100,1
-1407115,772752,1
-1407115,772834,1
-1407115,772978,1
-1407115,773096,1
-1407115,773492,1
-1407115,773606,2
-1407115,773613,3
-1407115,774234,1
-1407114,770575,1
-1407114,770821,6
-1407114,770828,1
-1407114,771364,1
-1407114,772089,1
-1407114,772117,1
-1407114,772361,1
-1407114,772810,1
-1407114,773060,1
-1407114,773092,1
-1407114,773213,1
-1407114,773577,2
-1407114,773696,1
-1407114,774025,1
-1407114,774239,3
-1407113,769969,1
-1407113,770818,1
-1407113,770830,2
-1407113,771108,1
-1407113,771155,1
-1407113,772322,1
-1407113,772332,1
-1407113,772911,1
-1407113,772968,1
-1407113,773114,1
-1407113,773115,1
-1407113,773299,1
-1407113,773568,2
-1407113,773574,1
-1407113,773622,3
-1407113,774247,1
-1407113,774249,1
-1407112,770165,1
-1407112,770371,1
-1407112,770405,2
-1407112,770757,1
-1407112,770802,1
-1407112,770807,1
-1407112,770823,1
-1407112,772308,1
-1407112,772332,1
-1407112,772456,1
-1407112,772649,1
-1407112,772847,1
-1407112,773036,1
-1407112,773082,1
-1407112,773083,1
-1407112,773101,1
-1407112,773109,1
-1407112,773115,1
-1407112,773288,1
-1407112,773567,5
-1407112,773617,1
-1407112,774256,1
-1407111,770511,1
-1407111,770570,1
-1407111,770572,1
-1407111,770849,1
-1407111,771073,1
-1407111,771946,1
-1407111,772104,1
-1407111,772811,1
-1407111,772866,1
-1407111,772871,1
-1407111,772906,1
-1407111,772926,1
-1407111,772966,1
-1407111,772974,1
-1407111,773063,1
-1407111,773083,1
-1407111,773096,1
-1407111,773181,1
-1407111,773430,1
-1407111,773583,1
-1407111,773756,1
-1407111,774040,1
-1407111,774041,1
-1407111,774322,1
-1407110,770575,1
-1407110,770815,2
-1407110,771305,1
-1407110,772111,1
-1407110,772132,1
-1407110,772670,1
-1407110,772900,1
-1407110,772904,1
-1407110,773045,1
-1407110,773080,1
-1407110,773085,1
-1407110,773449,1
-1407110,773563,6
-1407110,773614,3
-1407110,774241,1
-1407109,770367,1
-1407109,770370,1
-1407109,770385,1
-1407109,770744,1
-1407109,770824,1
-1407109,770827,3
-1407109,770862,1
-1407109,772109,1
-1407109,772118,1
-1407109,772511,1
-1407109,772910,1
-1407109,772912,1
-1407109,773254,1
-1407109,773283,1
-1407109,773297,1
-1407109,773336,1
-1407109,773575,11
-1407109,773587,1
-1407109,773588,1
-1407109,773618,2
-1407109,774020,1
-1407109,774230,1
-1407109,774241,1
-1407108,769691,1
-1407108,770365,1
-1407108,770786,1
-1407108,770817,1
-1407108,770836,1
-1407108,771329,1
-1407108,772070,1
-1407108,772252,1
-1407108,772309,1
-1407108,772374,1
-1407108,772645,1
-1407108,772664,1
-1407108,772976,1
-1407108,773085,1
-1407108,773100,1
-1407108,773235,1
-1407108,773602,1
-1407108,773629,1
-1407107,770555,1
-1407107,770752,1
-1407107,770809,1
-1407107,770815,1
-1407107,770828,1
-1407107,771950,1
-1407107,772163,1
-1407107,772307,1
-1407107,772310,1
-1407107,772907,1
-1407107,773075,1
-1407107,773157,1
-1407107,773291,1
-1407107,773568,3
-1407107,773569,1
-1407107,773617,1
-1407107,773618,1
-1407107,773827,1
-1407107,774248,1
-1407106,770376,1
-1407106,770564,1
-1407106,770571,2
-1407106,770572,1
-1407106,772046,1
-1407106,772080,1
-1407106,772664,1
-1407106,772670,1
-1407106,772693,1
-1407106,772969,1
-1407106,773070,1
-1407106,773236,1
-1407106,773569,1
-1407106,773571,8
-1407106,773585,1
-1407106,773687,1
-1407106,774257,1
-1407105,770018,1
-1407105,770566,1
-1407105,770572,1
-1407105,770820,1
-1407105,772310,1
-1407105,772384,1
-1407105,772398,1
-1407105,772461,1
-1407105,772865,1
-1407105,772891,1
-1407105,772897,1
-1407105,773075,1
-1407105,773584,1
-1407105,773663,1
-1407104,770812,1
-1407104,770861,1
-1407104,772220,1
-1407104,772353,1
-1407104,772388,1
-1407104,772692,1
-1407104,772832,1
-1407104,772971,1
-1407104,773105,1
-1407104,773305,1
-1407104,773582,1
-1407104,773588,1
-1407104,773596,4
-1407104,773599,1
-1407104,773601,1
-1407104,773618,2
-1407104,773625,2
-1407104,773684,1
-1407104,774020,1
-1407104,774256,1
-1407103,770017,1
-1407103,770018,1
-1407103,770019,2
-1407103,770849,1
-1407103,772506,1
-1407103,772658,1
-1407103,772680,1
-1407103,772909,1
-1407103,773071,1
-1407103,773290,1
-1407103,773632,1
-1407103,773807,1
-1407103,774241,1
-1407103,774245,1
-1407103,774359,1
-1407102,769681,1
-1407102,770018,1
-1407102,770571,1
-1407102,770764,1
-1407102,772007,1
-1407102,772179,2
-1407102,772913,1
-1407102,772969,1
-1407102,773081,1
-1407102,773575,2
-1407102,773592,4
-1407102,773618,1
-1407102,773619,1
-1407102,774257,1
-1407101,770017,1
-1407101,770609,1
-1407101,770787,1
-1407101,770806,1
-1407101,770815,1
-1407101,772068,1
-1407101,772220,1
-1407101,772438,1
-1407101,772500,1
-1407101,772822,1
-1407101,772977,1
-1407101,773562,1
-1407101,773616,1
-1407101,773619,1
-1407101,774016,8
-1407101,774233,1
-1407101,774251,1
-1407100,769663,1
-1407100,770801,1
-1407100,770803,1
-1407100,770809,1
-1407100,772217,1
-1407100,772330,1
-1407100,772690,1
-1407100,773077,1
-1407100,773590,1
-1407100,773608,6
-1407100,773613,3
-1407100,773614,1
-1407100,773616,1
-1407100,773645,1
-1407100,774240,1
-1407100,774261,1
-1407099,769975,1
-1407099,770020,1
-1407099,770021,1
-1407099,770036,1
-1407099,770381,1
-1407099,771920,1
-1407099,772356,1
-1407099,772406,1
-1407099,772683,1
-1407099,772693,1
-1407099,772880,1
-1407099,773104,1
-1407099,773603,1
-1407099,773613,22
-1407099,773616,1
-1407099,773617,4
-1407099,773623,11
-1407099,773854,1
-1407098,770020,1
-1407098,770294,1
-1407098,770548,1
-1407098,771989,1
-1407098,772368,1
-1407098,772645,1
-1407098,772696,1
-1407098,772912,1
-1407098,772970,1
-1407098,773183,1
-1407098,773352,1
-1407098,773451,1
-1407098,773601,1
-1407098,773614,5
-1407098,773615,1
-1407098,773681,1
-1407098,773993,1
-1407097,769671,1
-1407097,770284,1
-1407097,770548,2
-1407097,770979,1
-1407097,772266,1
-1407097,772500,1
-1407097,772679,1
-1407097,772882,1
-1407097,772971,1
-1407097,773079,1
-1407097,773228,1
-1407097,773232,1
-1407097,773346,1
-1407097,773351,1
-1407097,773577,1
-1407097,773597,1
-1407097,773603,2
-1407097,773615,2
-1407097,773616,1
-1407097,773620,1
-1407097,773757,3
-1407097,773765,1
-1407097,773771,1
-1407097,773782,1
-1407096,770820,1
-1407096,772311,1
-1407096,772403,1
-1407096,772499,1
-1407096,772856,1
-1407096,772867,1
-1407096,772905,1
-1407096,772938,4
-1407096,772974,1
-1407096,773032,1
-1407096,773088,1
-1407096,773349,1
-1407096,773612,2
-1407096,773623,3
-1407096,774226,1
-1407096,774228,1
-1407095,770372,1
-1407095,770547,1
-1407095,770805,1
-1407095,770819,1
-1407095,771712,1
-1407095,772914,1
-1407095,773082,1
-1407095,773097,1
-1407095,773134,1
-1407095,773223,1
-1407095,773349,1
-1407095,773350,1
-1407095,773613,1
-1407095,773620,4
-1407095,773627,1
-1407095,773764,1
-1407095,773784,1
-1407095,773802,1
-1407094,770076,1
-1407094,770379,1
-1407094,770392,1
-1407094,770816,2
-1407094,770830,1
-1407094,771934,1
-1407094,772886,1
-1407094,772916,1
-1407094,773031,1
-1407094,773231,1
-1407094,773239,1
-1407094,773278,1
-1407094,773353,1
-1407094,773568,1
-1407094,773604,1
-1407094,773607,1
-1407094,773615,1
-1407094,773634,1
-1407094,773746,1
-1407094,773753,1
-1407094,773880,1
-1407093,770378,1
-1407093,770847,1
-1407093,772864,1
-1407093,773097,1
-1407093,773222,1
-1407093,773261,1
-1407093,773608,10
-1407093,773610,1
-1407093,773611,1
-1407093,773615,7
-1407093,773617,1
-1407093,773630,1
-1407093,773743,1
-1407093,774247,1
-1407093,774305,1
-1407092,770108,1
-1407092,770376,1
-1407092,771725,1
-1407092,772372,1
-1407092,772382,1
-1407092,772495,1
-1407092,772500,1
-1407092,772544,1
-1407092,772683,1
-1407092,772836,1
-1407092,772861,1
-1407092,772966,1
-1407092,773078,1
-1407092,773106,1
-1407092,773212,1
-1407092,773606,1
-1407092,773612,1
-1407092,773624,8
-1407092,773745,5
-1407092,773865,1
-1407092,774223,1
-1407092,774228,1
-1407092,774234,1
-1407092,774361,1
-1407091,771354,1
-1407091,772295,1
-1407091,772328,1
-1407091,772884,1
-1407091,772912,1
-1407091,772914,1
-1407091,773086,1
-1407091,773100,1
-1407091,773183,1
-1407091,773601,1
-1407091,773609,1
-1407091,773622,1
-1407091,773629,1
-1407091,773631,1
-1407091,773640,1
-1407091,773810,1
-1407091,773887,1
-1407091,773970,1
-1407090,769935,1
-1407090,770139,1
-1407090,771338,1
-1407090,771740,1
-1407090,772552,1
-1407090,772819,1
-1407090,772914,1
-1407090,773322,1
-1407090,773354,2
-1407090,773359,1
-1407090,773586,1
-1407090,773606,3
-1407090,773615,6
-1407090,773621,5
-1407090,773622,9
-1407090,773628,1
-1407090,773629,6
-1407090,773634,1
-1407090,773635,1
-1407090,773753,3
-1407090,773769,1
-1407090,773773,1
-1407090,773792,1
-1407090,774023,1
-1407090,774251,1
-1407089,769677,1
-1407089,769690,1
-1407089,769732,1
-1407089,769949,1
-1407089,770371,1
-1407089,771732,1
-1407089,772290,1
-1407089,772905,1
-1407089,773108,1
-1407089,773208,1
-1407089,773222,1
-1407089,773238,1
-1407089,773354,1
-1407089,773386,1
-1407089,773557,1
-1407089,773598,1
-1407089,773614,1
-1407089,773616,2
-1407089,773623,1
-1407089,773766,1
-1407089,774065,1
-1407089,774229,1
-1407088,769678,1
-1407088,770141,1
-1407088,770367,1
-1407088,770372,1
-1407088,770377,1
-1407088,770383,1
-1407088,770384,1
-1407088,770801,1
-1407088,771918,1
-1407088,772498,1
-1407088,772500,1
-1407088,772915,1
-1407088,773129,1
-1407088,773285,1
-1407088,773361,1
-1407088,773482,1
-1407088,773491,2
-1407088,773602,3
-1407088,773612,1
-1407088,773634,1
-1407088,773725,1
-1407088,773778,1
-1407088,773784,1
-1407088,773804,1
-1407088,773810,1
-1407088,773848,1
-1407088,773859,1
-1407088,774387,1
-1407087,770377,1
-1407087,770379,1
-1407087,770726,1
-1407087,770798,1
-1407087,770837,1
-1407087,771325,1
-1407087,771729,1
-1407087,772351,1
-1407087,772491,1
-1407087,772723,1
-1407087,772919,1
-1407087,773096,1
-1407087,773503,1
-1407087,773608,1
-1407087,773609,1
-1407087,773618,1
-1407087,773619,1
-1407087,773622,1
-1407087,773625,4
-1407087,773633,2
-1407087,773763,1
-1407087,773811,1
-1407087,773861,1
-1407087,774017,1
-1407087,774231,1
-1407087,774238,1
-1407086,770369,1
-1407086,770389,1
-1407086,771703,1
-1407086,772491,1
-1407086,772852,1
-1407086,772911,1
-1407086,773025,2
-1407086,773065,1
-1407086,773398,1
-1407086,773503,1
-1407086,773585,1
-1407086,773592,1
-1407086,773606,1
-1407086,773617,3
-1407086,773621,1
-1407086,773623,1
-1407086,773625,2
-1407086,773632,1
-1407086,773787,1
-1407086,773856,1
-1407086,773915,1
-1407086,774015,1
-1407086,774227,1
-1407086,774230,1
-1407086,774243,1
-1407085,769986,1
-1407085,770222,1
-1407085,770799,1
-1407085,770818,1
-1407085,770835,1
-1407085,771734,1
-1407085,772413,1
-1407085,772461,1
-1407085,772615,1
-1407085,772848,1
-1407085,772922,1
-1407085,772927,1
-1407085,772945,1
-1407085,773086,1
-1407085,773253,1
-1407085,773258,1
-1407085,773580,1
-1407085,773614,1
-1407085,773617,1
-1407085,773621,6
-1407085,773625,1
-1407085,773628,1
-1407085,773634,1
-1407085,773864,1
-1407085,774013,1
-1407085,774191,1
-1407084,769671,1
-1407084,770527,1
-1407084,770806,1
-1407084,770895,1
-1407084,771323,1
-1407084,772350,1
-1407084,772844,1
-1407084,773564,2
-1407084,773600,1
-1407084,773601,1
-1407084,773603,1
-1407084,773610,2
-1407084,773620,1
-1407084,773624,15
-1407084,773628,1
-1407084,773645,1
-1407084,773722,1
-1407084,773739,5
-1407084,773822,1
-1407084,773871,1
-1407083,770285,1
-1407083,770836,1
-1407083,771132,1
-1407083,772259,1
-1407083,773037,1
-1407083,773041,1
-1407083,773079,1
-1407083,773134,1
-1407083,773478,1
-1407083,773599,1
-1407083,773611,1
-1407083,773613,1
-1407083,773614,1
-1407083,773616,1
-1407083,773632,1
-1407083,773669,1
-1407083,773719,1
-1407083,773761,1
-1407083,773768,1
-1407083,774233,1
-1407082,770820,1
-1407082,770834,1
-1407082,772183,1
-1407082,772450,1
-1407082,772674,1
-1407082,772687,1
-1407082,773085,1
-1407082,773100,1
-1407082,773578,1
-1407082,773606,1
-1407082,773613,1
-1407082,773616,1
-1407082,773621,1
-1407082,773738,1
-1407082,774232,1
-1407082,774233,1
-1407082,774240,1
-1407082,774241,1
-1407082,774268,1
-1407081,769955,1
-1407081,769958,1
-1407081,770522,1
-1407081,770534,1
-1407081,770798,1
-1407081,770819,1
-1407081,772017,1
-1407081,772023,1
-1407081,773080,1
-1407081,773233,1
-1407081,773477,1
-1407081,773612,1
-1407081,773626,1
-1407081,774186,1
-1407081,774270,1
-1407081,774304,1
-1407080,769670,1
-1407080,769960,1
-1407080,770520,1
-1407080,770795,1
-1407080,770815,1
-1407080,770860,1
-1407080,771353,1
-1407080,772432,1
-1407080,772488,1
-1407080,772737,1
-1407080,772831,1
-1407080,772993,1
-1407080,773033,1
-1407080,773178,1
-1407080,773186,1
-1407080,773283,3
-1407080,773367,1
-1407080,773518,1
-1407080,773619,1
-1407080,773620,1
-1407080,773623,1
-1407080,773624,1
-1407080,773625,1
-1407080,773718,1
-1407080,773779,1
-1407080,773815,1
-1407080,773917,1
-1407080,773920,1
-1407080,774222,1
-1407080,774232,1
-1407080,774256,1
-1407079,769676,1
-1407079,770504,1
-1407079,770517,1
-1407079,770520,1
-1407079,770526,1
-1407079,770529,1
-1407079,770816,1
-1407079,771697,1
-1407079,771698,1
-1407079,771732,4
-1407079,772911,1
-1407079,773082,1
-1407079,773413,1
-1407079,773506,1
-1407079,773590,1
-1407079,773619,2
-1407079,773623,1
-1407079,773628,1
-1407079,773716,1
-1407079,773770,1
-1407079,773805,1
-1407079,773811,1
-1407079,773913,1
-1407079,774161,1
-1407078,770813,2
-1407078,771715,1
-1407078,771716,1
-1407078,772352,1
-1407078,772401,1
-1407078,772523,1
-1407078,772832,1
-1407078,772874,1
-1407078,773173,1
-1407078,773292,1
-1407078,773397,1
-1407078,773611,1
-1407078,773617,1
-1407078,773622,1
-1407078,773624,1
-1407078,773625,1
-1407078,773716,3
-1407078,773781,1
-1407078,773915,1
-1407078,773922,1
-1407078,773959,1
-1407077,769671,1
-1407077,770519,1
-1407077,770804,2
-1407077,770812,1
-1407077,770833,1
-1407077,771161,1
-1407077,771330,1
-1407077,771958,1
-1407077,772310,1
-1407077,772368,1
-1407077,772860,1
-1407077,772918,1
-1407077,773090,1
-1407077,773105,1
-1407077,773106,1
-1407077,773617,1
-1407077,773663,1
-1407077,773768,3
-1407077,773783,1
-1407077,774175,1
-1407077,774178,1
-1407077,774290,1
-1407076,769668,1
-1407076,770803,1
-1407076,770810,1
-1407076,770832,1
-1407076,771323,1
-1407076,771696,1
-1407076,772296,1
-1407076,772370,1
-1407076,772806,1
-1407076,772921,1
-1407076,772928,1
-1407076,772983,1
-1407076,772990,1
-1407076,773083,1
-1407076,773085,1
-1407076,773369,1
-1407076,773619,1
-1407076,773620,1
-1407076,773901,1
-1407076,774228,1
-1407075,770806,1
-1407075,770843,1
-1407075,771246,1
-1407075,772256,1
-1407075,772270,1
-1407075,772296,2
-1407075,772349,1
-1407075,772824,2
-1407075,772826,1
-1407075,772915,1
-1407075,772929,1
-1407075,772986,1
-1407075,773075,1
-1407075,773105,1
-1407075,773622,1
-1407075,773780,1
-1407075,773787,1
-1407075,773857,1
-1407075,774007,1
-1407075,774260,1
-1407074,769677,1
-1407074,769732,1
-1407074,769988,1
-1407074,770791,2
-1407074,770836,1
-1407074,771158,1
-1407074,771209,1
-1407074,771711,1
-1407074,772192,1
-1407074,772399,1
-1407074,772451,1
-1407074,772494,1
-1407074,773099,1
-1407074,773101,1
-1407074,773198,1
-1407074,773218,1
-1407074,773650,1
-1407074,773693,1
-1407074,773712,2
-1407074,773788,1
-1407074,773895,1
-1407074,774226,3
-1407073,770305,1
-1407073,770849,1
-1407073,771683,1
-1407073,772242,1
-1407073,772486,1
-1407073,772816,1
-1407073,772934,1
-1407073,773371,1
-1407073,773622,1
-1407073,773768,1
-1407073,773801,4
-1407073,773807,1
-1407073,773811,1
-1407073,774168,1
-1407073,774231,1
-1407073,774234,1
-1407073,774251,1
-1407073,774310,1
-1407072,770366,1
-1407072,770519,1
-1407072,770642,1
-1407072,770820,1
-1407072,770821,1
-1407072,771361,1
-1407072,771707,1
-1407072,772682,1
-1407072,773268,1
-1407072,773872,1
-1407072,773910,1
-1407072,773991,1
-1407072,774011,1
-1407072,774172,1
-1407072,774173,1
-1407072,774176,1
-1407072,774185,1
-1407072,774218,1
-1407072,774225,1
-1407072,774265,2
-1407071,770809,1
-1407071,771218,1
-1407071,771709,1
-1407071,771711,1
-1407071,771717,2
-1407071,771954,1
-1407071,772300,3
-1407071,772391,1
-1407071,772482,1
-1407071,772678,1
-1407071,772947,1
-1407071,773084,1
-1407071,773088,1
-1407071,773140,1
-1407071,773197,1
-1407071,773199,1
-1407071,773453,1
-1407071,773460,1
-1407071,773478,1
-1407071,773648,1
-1407071,773777,3
-1407071,773783,1
-1407071,773832,1
-1407071,774134,1
-1407071,774217,2
-1407071,774240,1
-1407070,770805,2
-1407070,772488,1
-1407070,772932,1
-1407070,772934,1
-1407070,773086,1
-1407070,773145,1
-1407070,773220,1
-1407070,773230,1
-1407070,773242,1
-1407070,773529,1
-1407070,773585,1
-1407070,773698,2
-1407070,773770,4
-1407070,773771,2
-1407070,773783,1
-1407070,773787,2
-1407070,773805,2
-1407070,773814,5
-1407070,773841,2
-1407070,774134,2
-1407070,774212,1
-1407069,769681,1
-1407069,769994,1
-1407069,770354,1
-1407069,770801,1
-1407069,770810,1
-1407069,771734,1
-1407069,771954,1
-1407069,772376,1
-1407069,772407,1
-1407069,772862,1
-1407069,772990,1
-1407069,773016,1
-1407069,773107,1
-1407069,773216,1
-1407069,773447,1
-1407069,773523,1
-1407069,773524,1
-1407069,773586,1
-1407069,773652,3
-1407069,773789,1
-1407069,773791,1
-1407069,773797,1
-1407069,773821,3
-1407069,773996,2
-1407069,774016,1
-1407069,774133,1
-1407069,774134,1
-1407069,774215,1
-1407069,774217,4
-1407069,774220,1
-1407069,774259,1
-1407068,770803,1
-1407068,770850,1
-1407068,771209,1
-1407068,771358,1
-1407068,771710,1
-1407068,771956,1
-1407068,772565,1
-1407068,772865,1
-1407068,772916,1
-1407068,772945,1
-1407068,772969,1
-1407068,773085,1
-1407068,773086,1
-1407068,773110,1
-1407068,773128,1
-1407068,773193,1
-1407068,773207,1
-1407068,773279,6
-1407068,773588,1
-1407068,773762,1
-1407068,773768,1
-1407068,773812,1
-1407068,773916,1
-1407068,773987,1
-1407068,773991,2
-1407068,774131,1
-1407068,774132,1
-1407068,774212,1
-1407068,774216,1
-1407068,774258,1
-1407067,770356,1
-1407067,770367,1
-1407067,770517,1
-1407067,770610,1
-1407067,770795,1
-1407067,770805,3
-1407067,770838,1
-1407067,771152,1
-1407067,771194,1
-1407067,772750,1
-1407067,772871,1
-1407067,772931,1
-1407067,773100,1
-1407067,773103,1
-1407067,773118,1
-1407067,773136,1
-1407067,773137,1
-1407067,773189,1
-1407067,773271,1
-1407067,773564,1
-1407067,773807,4
-1407067,773810,1
-1407067,773825,1
-1407067,773918,1
-1407067,773991,1
-1407067,774131,1
-1407067,774132,1
-1407067,774133,1
-1407067,774224,1
-1407067,774232,1
-1407067,774233,1
-1407066,770364,1
-1407066,770500,1
-1407066,770906,1
-1407066,771711,2
-1407066,772234,1
-1407066,772565,1
-1407066,772716,1
-1407066,772750,1
-1407066,772932,1
-1407066,772936,1
-1407066,772946,1
-1407066,772948,1
-1407066,772989,1
-1407066,773009,1
-1407066,773090,1
-1407066,773093,1
-1407066,773118,2
-1407066,773119,5
-1407066,773181,1
-1407066,773194,1
-1407066,773225,1
-1407066,773277,1
-1407066,773512,1
-1407066,773598,1
-1407066,773611,1
-1407066,773788,2
-1407066,773815,1
-1407066,773830,1
-1407066,773940,1
-1407066,774129,1
-1407066,774131,12
-1407066,774135,1
-1407066,774157,1
-1407066,774215,1
-1407065,770082,1
-1407065,771726,3
-1407065,771730,2
-1407065,771953,1
-1407065,772569,1
-1407065,772690,1
-1407065,772743,1
-1407065,772799,1
-1407065,772803,1
-1407065,772851,1
-1407065,772905,1
-1407065,772920,1
-1407065,772949,1
-1407065,773092,2
-1407065,773096,1
-1407065,773108,1
-1407065,773111,1
-1407065,773132,1
-1407065,773153,1
-1407065,773228,1
-1407065,773232,1
-1407065,773237,1
-1407065,773463,1
-1407065,773464,1
-1407065,773497,1
-1407065,773631,1
-1407065,773658,1
-1407065,773796,1
-1407065,773814,4
-1407065,773831,2
-1407065,773864,1
-1407065,773989,1
-1407065,774130,1
-1407065,774131,2
-1407065,774210,2
-1407065,774221,1
-1407064,769699,1
-1407064,770364,1
-1407064,770499,1
-1407064,771698,1
-1407064,771701,1
-1407064,772423,1
-1407064,772484,1
-1407064,772491,1
-1407064,772573,1
-1407064,772799,1
-1407064,772946,1
-1407064,772949,1
-1407064,773088,1
-1407064,773093,1
-1407064,773099,1
-1407064,773173,1
-1407064,773203,1
-1407064,773227,1
-1407064,773228,15
-1407064,773450,1
-1407064,773630,1
-1407064,773657,1
-1407064,773762,1
-1407064,773813,3
-1407064,774089,1
-1407064,774105,1
-1407064,774209,2
-1407064,774233,8
-1407064,774236,1
-1407064,774241,1
-1407063,770468,1
-1407063,770803,1
-1407063,771706,2
-1407063,771716,2
-1407063,772498,1
-1407063,772655,1
-1407063,772930,1
-1407063,772936,1
-1407063,772948,1
-1407063,773095,1
-1407063,773102,1
-1407063,773140,1
-1407063,773215,1
-1407063,773217,1
-1407063,773225,1
-1407063,773234,1
-1407063,773241,1
-1407063,773574,1
-1407063,773601,1
-1407063,773765,2
-1407063,773821,5
-1407063,773842,1
-1407063,774112,1
-1407063,774327,1
-1407062,770080,1
-1407062,770971,1
-1407062,771721,1
-1407062,771723,1
-1407062,772429,1
-1407062,772739,1
-1407062,773104,1
-1407062,773105,1
-1407062,773140,1
-1407062,773226,1
-1407062,773230,1
-1407062,773239,1
-1407062,773241,1
-1407062,773279,1
-1407062,773619,1
-1407062,773629,1
-1407062,773634,1
-1407062,773731,1
-1407062,773848,1
-1407062,773978,1
-1407062,773985,1
-1407062,774002,1
-1407062,774197,2
-1407062,774263,1
-1407061,770046,1
-1407061,770358,1
-1407061,770821,1
-1407061,771721,1
-1407061,772502,1
-1407061,772757,1
-1407061,772760,1
-1407061,772809,1
-1407061,772898,1
-1407061,772934,1
-1407061,772947,1
-1407061,773009,1
-1407061,773074,1
-1407061,773113,1
-1407061,773134,1
-1407061,773136,1
-1407061,773189,1
-1407061,773230,7
-1407061,773511,1
-1407061,773600,1
-1407061,773667,2
-1407061,773818,3
-1407061,773897,1
-1407061,774203,1
-1407061,774204,1
-1407061,774243,1
-1407060,770496,1
-1407060,770503,1
-1407060,771695,1
-1407060,771717,1
-1407060,771725,1
-1407060,772560,1
-1407060,772904,1
-1407060,772987,1
-1407060,773080,1
-1407060,773085,1
-1407060,773100,1
-1407060,773101,1
-1407060,773102,1
-1407060,773133,1
-1407060,773142,1
-1407060,773143,1
-1407060,773478,1
-1407060,773481,1
-1407060,773528,1
-1407060,773539,1
-1407060,773598,1
-1407060,773612,1
-1407060,773615,1
-1407060,773617,3
-1407060,773647,1
-1407060,773665,1
-1407060,773865,1
-1407060,773906,1
-1407060,774199,1
-1407060,774207,1
-1407060,774246,1
-1407059,770008,1
-1407059,770818,1
-1407059,771721,2
-1407059,772408,1
-1407059,772428,1
-1407059,772459,1
-1407059,772479,1
-1407059,772745,1
-1407059,772842,1
-1407059,773086,1
-1407059,773101,1
-1407059,773105,1
-1407059,773117,1
-1407059,773136,1
-1407059,773138,3
-1407059,773238,1
-1407059,773470,1
-1407059,773522,1
-1407059,773565,1
-1407059,773606,4
-1407059,773610,1
-1407059,773611,1
-1407059,773618,1
-1407059,773633,1
-1407059,773718,6
-1407059,773752,1
-1407059,774080,1
-1407059,774233,1
-1407059,774240,2
-1407059,774242,11
-1407058,771011,1
-1407058,771711,3
-1407058,771713,1
-1407058,771718,1
-1407058,772644,1
-1407058,772708,1
-1407058,772762,1
-1407058,772892,1
-1407058,772930,1
-1407058,772997,1
-1407058,773033,1
-1407058,773078,1
-1407058,773079,1
-1407058,773088,3
-1407058,773138,4
-1407058,773261,1
-1407058,773503,1
-1407058,773597,1
-1407058,773613,1
-1407058,773703,1
-1407058,773852,1
-1407058,774202,1
-1407058,774242,1
-1407057,770354,1
-1407057,770360,1
-1407057,770823,1
-1407057,771700,1
-1407057,772693,1
-1407057,772763,1
-1407057,772783,1
-1407057,772914,1
-1407057,772916,1
-1407057,773095,1
-1407057,773100,1
-1407057,773102,1
-1407057,773138,1
-1407057,773139,1
-1407057,773141,2
-1407057,773153,1
-1407057,773154,1
-1407057,773156,1
-1407057,773158,1
-1407057,773166,1
-1407057,773222,1
-1407057,773244,1
-1407057,773596,1
-1407057,773599,1
-1407057,773603,1
-1407057,773740,1
-1407057,773755,1
-1407057,773766,1
-1407057,773828,3
-1407057,773835,1
-1407057,773884,1
-1407057,773887,1
-1407056,770856,1
-1407056,771690,3
-1407056,772698,1
-1407056,772701,1
-1407056,772713,1
-1407056,772891,1
-1407056,772893,1
-1407056,772921,1
-1407056,772946,1
-1407056,772950,1
-1407056,773095,1
-1407056,773100,1
-1407056,773136,1
-1407056,773137,1
-1407056,773140,1
-1407056,773238,1
-1407056,773594,1
-1407056,773738,1
-1407056,773753,2
-1407056,773762,1
-1407056,773826,2
-1407056,774040,1
-1407056,774182,1
-1407055,771708,1
-1407055,771711,1
-1407055,771714,8
-1407055,772364,1
-1407055,772446,1
-1407055,772855,1
-1407055,772907,1
-1407055,772926,1
-1407055,773092,1
-1407055,773095,1
-1407055,773109,1
-1407055,773113,1
-1407055,773116,1
-1407055,773135,1
-1407055,773137,1
-1407055,773138,1
-1407055,773147,1
-1407055,773164,11
-1407055,773235,1
-1407055,773236,1
-1407055,773238,1
-1407055,773746,2
-1407055,773837,1
-1407055,773897,1
-1407055,773978,1
-1407055,774061,1
-1407055,774196,1
-1407055,774226,1
-1407054,770159,1
-1407054,770770,1
-1407054,771164,1
-1407054,771325,1
-1407054,771709,4
-1407054,771832,1
-1407054,772678,3
-1407054,772713,1
-1407054,772771,1
-1407054,772944,1
-1407054,772947,2
-1407054,772949,1
-1407054,773075,1
-1407054,773093,1
-1407054,773136,1
-1407054,773138,1
-1407054,773144,1
-1407054,773235,1
-1407054,773288,1
-1407054,773481,1
-1407054,773631,1
-1407054,773640,1
-1407054,773867,6
-1407054,774148,1
-1407054,774192,1
-1407054,774231,1
-1407054,774236,1
-1407053,769673,1
-1407053,770712,1
-1407053,771700,3
-1407053,772775,1
-1407053,772916,1
-1407053,772920,1
-1407053,772993,1
-1407053,773113,1
-1407053,773137,1
-1407053,773151,1
-1407053,773154,1
-1407053,773181,1
-1407053,773219,1
-1407053,773223,1
-1407053,773233,1
-1407053,773236,5
-1407053,773476,1
-1407053,773502,1
-1407053,773602,1
-1407053,773612,1
-1407053,773625,1
-1407053,773707,1
-1407053,773854,1
-1407053,774175,1
-1407053,774328,1
-1407052,770068,1
-1407052,770302,1
-1407052,770494,1
-1407052,771274,1
-1407052,771315,1
-1407052,772440,1
-1407052,772855,1
-1407052,772924,1
-1407052,772932,1
-1407052,772946,1
-1407052,772947,1
-1407052,772948,2
-1407052,772951,1
-1407052,772998,1
-1407052,773070,1
-1407052,773112,1
-1407052,773138,2
-1407052,773139,1
-1407052,773148,1
-1407052,773184,1
-1407052,773219,1
-1407052,773232,1
-1407052,773435,1
-1407052,773599,1
-1407052,773607,1
-1407052,773613,5
-1407052,773688,3
-1407052,773766,2
-1407052,774070,1
-1407051,769691,1
-1407051,770723,1
-1407051,771696,1
-1407051,771703,1
-1407051,771920,1
-1407051,772764,1
-1407051,772769,1
-1407051,772917,1
-1407051,773069,1
-1407051,773073,1
-1407051,773079,1
-1407051,773080,1
-1407051,773108,1
-1407051,773128,2
-1407051,773161,1
-1407051,773163,3
-1407051,773238,1
-1407051,773257,1
-1407051,773481,1
-1407051,773592,1
-1407051,773674,5
-1407051,774132,1
-1407051,774192,1
-1407051,774194,2
-1407051,774239,1
-1407050,771685,1
-1407050,771700,3
-1407050,772426,1
-1407050,772437,1
-1407050,772768,1
-1407050,772888,1
-1407050,772897,1
-1407050,772899,1
-1407050,772931,1
-1407050,772943,1
-1407050,772949,1
-1407050,773114,1
-1407050,773149,5
-1407050,773469,1
-1407050,773588,1
-1407050,773615,1
-1407050,774194,1
-1407050,774233,1
-1407050,774406,1
-1407049,770101,1
-1407049,770496,1
-1407049,770642,1
-1407049,771312,1
-1407049,771330,1
-1407049,771688,1
-1407049,772352,1
-1407049,772840,1
-1407049,772846,1
-1407049,772909,1
-1407049,772927,1
-1407049,772936,1
-1407049,772948,2
-1407049,772975,1
-1407049,773063,1
-1407049,773065,1
-1407049,773072,1
-1407049,773075,1
-1407049,773084,1
-1407049,773128,2
-1407049,773142,1
-1407049,773147,1
-1407049,773153,1
-1407049,773164,1
-1407049,773172,1
-1407049,773238,1
-1407049,773478,1
-1407049,773522,1
-1407049,773597,1
-1407049,773608,1
-1407049,773609,2
-1407049,773618,1
-1407049,773619,1
-1407049,773783,1
-1407049,774186,1
-1407049,774226,1
-1407049,774238,1
-1407049,774240,1
-1407049,774242,1
-1407049,774244,1
-1407049,774245,1
-1407049,774250,1
-1407048,770384,1
-1407048,770497,2
-1407048,770817,1
-1407048,770846,1
-1407048,772437,1
-1407048,772625,1
-1407048,772718,1
-1407048,772900,1
-1407048,772947,1
-1407048,772949,1
-1407048,772999,1
-1407048,773065,1
-1407048,773073,1
-1407048,773235,1
-1407048,773438,1
-1407048,773454,3
-1407048,773470,1
-1407048,773601,1
-1407048,773610,1
-1407048,773617,1
-1407048,773879,2
-1407048,773992,1
-1407048,774013,1
-1407048,774163,1
-1407048,774172,1
-1407048,774225,1
-1407047,770845,1
-1407047,771339,1
-1407047,771693,1
-1407047,772722,1
-1407047,772843,1
-1407047,772889,1
-1407047,772908,1
-1407047,772917,1
-1407047,772947,1
-1407047,773066,1
-1407047,773069,1
-1407047,773071,2
-1407047,773122,1
-1407047,773129,1
-1407047,773132,1
-1407047,773156,1
-1407047,773229,1
-1407047,773441,1
-1407047,773453,1
-1407047,773474,1
-1407047,773496,1
-1407047,773547,1
-1407047,773607,1
-1407047,773611,96
-1407047,773628,2
-1407047,773680,1
-1407047,773735,1
-1407047,773900,1
-1407047,774158,1
-1407047,774167,1
-1407047,774186,1
-1407047,774192,1
-1407047,774242,1
-1407047,774256,1
-1407047,774439,1
-1407046,770158,1
-1407046,770508,1
-1407046,770847,1
-1407046,772417,1
-1407046,772723,1
-1407046,772943,2
-1407046,773018,1
-1407046,773064,1
-1407046,773068,1
-1407046,773071,1
-1407046,773093,1
-1407046,773117,1
-1407046,773143,1
-1407046,773147,1
-1407046,773161,1
-1407046,773213,1
-1407046,773235,1
-1407046,773366,1
-1407046,773487,1
-1407046,773493,1
-1407046,773595,1
-1407046,773609,1
-1407046,773611,2
-1407046,773614,20
-1407046,774173,1
-1407046,774207,1
-1407046,774233,1
-1407046,774234,1
-1407046,774240,1
-1407046,774241,7
-1407046,774242,1
-1407046,774247,1
-1407046,774259,1
-1407045,770160,1
-1407045,770844,1
-1407045,771696,10
-1407045,771709,1
-1407045,772887,1
-1407045,772925,1
-1407045,773058,1
-1407045,773063,1
-1407045,773065,1
-1407045,773069,1
-1407045,773135,1
-1407045,773148,1
-1407045,773164,1
-1407045,773172,1
-1407045,773308,2
-1407045,773466,1
-1407045,773468,1
-1407045,773472,1
-1407045,773488,1
-1407045,773592,1
-1407045,773608,1
-1407045,773609,1
-1407045,773613,1
-1407045,773617,1
-1407045,773852,1
-1407045,774109,1
-1407045,774166,1
-1407045,774225,1
-1407045,774228,1
-1407044,771694,1
-1407044,771695,1
-1407044,771697,2
-1407044,771703,1
-1407044,771704,5
-1407044,771925,1
-1407044,772178,1
-1407044,772225,2
-1407044,772884,1
-1407044,772988,1
-1407044,772992,1
-1407044,773065,1
-1407044,773070,1
-1407044,773071,1
-1407044,773136,1
-1407044,773151,1
-1407044,773166,1
-1407044,773224,1
-1407044,773269,1
-1407044,773310,1
-1407044,773413,1
-1407044,773469,1
-1407044,773471,1
-1407044,773486,1
-1407044,773602,1
-1407044,773606,2
-1407044,773609,1
-1407044,773614,1
-1407044,773767,3
-1407044,774152,1
-1407044,774160,36
-1407044,774201,2
-1407044,774250,1
-1407044,774252,1
-1407043,770838,1
-1407043,771227,1
-1407043,771252,1
-1407043,771337,1
-1407043,771696,1
-1407043,771701,15
-1407043,771717,1
-1407043,772204,1
-1407043,772742,1
-1407043,772890,1
-1407043,773063,1
-1407043,773071,1
-1407043,773125,1
-1407043,773140,1
-1407043,773142,1
-1407043,773152,1
-1407043,773163,1
-1407043,773164,1
-1407043,773165,1
-1407043,773166,1
-1407043,773170,1
-1407043,773181,1
-1407043,773597,1
-1407043,773600,1
-1407043,773617,5
-1407043,773666,1
-1407043,773898,1
-1407043,774037,1
-1407043,774137,1
-1407043,774167,1
-1407043,774231,1
-1407043,774232,1
-1407043,774286,1
-1407042,770156,1
-1407042,771045,1
-1407042,772191,1
-1407042,772403,1
-1407042,772908,1
-1407042,772939,1
-1407042,772940,1
-1407042,773063,1
-1407042,773085,1
-1407042,773140,1
-1407042,773142,3
-1407042,773149,1
-1407042,773156,1
-1407042,773158,1
-1407042,773166,1
-1407042,773431,1
-1407042,773435,2
-1407042,773469,1
-1407042,773535,1
-1407042,773601,1
-1407042,773607,1
-1407042,773673,1
-1407042,773728,1
-1407042,773734,1
-1407042,773738,1
-1407042,773953,1
-1407042,773977,1
-1407042,774176,1
-1407042,774239,1
-1407042,774248,1
-1407041,770488,1
-1407041,771702,7
-1407041,772251,1
-1407041,772683,1
-1407041,772753,1
-1407041,773057,1
-1407041,773061,1
-1407041,773066,1
-1407041,773067,1
-1407041,773068,1
-1407041,773072,1
-1407041,773139,1
-1407041,773142,1
-1407041,773143,2
-1407041,773163,1
-1407041,773172,1
-1407041,773292,1
-1407041,773413,1
-1407041,773535,1
-1407041,773589,1
-1407041,773594,1
-1407041,773596,1
-1407041,773605,1
-1407041,773610,1
-1407041,773623,1
-1407041,773749,1
-1407041,774137,1
-1407041,774196,1
-1407041,774201,1
-1407041,774244,1
-1407041,774246,1
-1407040,770921,1
-1407040,771690,1
-1407040,772181,1
-1407040,772747,1
-1407040,772936,1
-1407040,773068,1
-1407040,773155,1
-1407040,773157,1
-1407040,773181,1
-1407040,773188,2
-1407040,773195,1
-1407040,773407,1
-1407040,773431,1
-1407040,773603,1
-1407040,773627,1
-1407040,773630,1
-1407040,773638,1
-1407040,773931,1
-1407040,773981,1
-1407040,773984,1
-1407040,774135,1
-1407040,774140,2
-1407040,774148,1
-1407040,774233,1
-1407040,774238,1
-1407040,774249,1
-1407039,770126,1
-1407039,772200,1
-1407039,772874,1
-1407039,772916,1
-1407039,772991,5
-1407039,773076,1
-1407039,773097,1
-1407039,773130,1
-1407039,773141,1
-1407039,773303,1
-1407039,773419,1
-1407039,773427,1
-1407039,773580,1
-1407039,773598,1
-1407039,773900,1
-1407039,774254,1
-1407039,774275,1
-1407038,770308,3
-1407038,770823,1
-1407038,770824,1
-1407038,771115,1
-1407038,771226,1
-1407038,771681,2
-1407038,771698,3
-1407038,772425,1
-1407038,772719,1
-1407038,772734,1
-1407038,772794,1
-1407038,772911,1
-1407038,772928,1
-1407038,773073,1
-1407038,773089,1
-1407038,773131,1
-1407038,773144,1
-1407038,773276,1
-1407038,773296,1
-1407038,773307,1
-1407038,773422,1
-1407038,773424,1
-1407038,773587,1
-1407038,773589,2
-1407038,773627,1
-1407038,773887,1
-1407038,774127,1
-1407038,774186,1
-1407038,774230,1
-1407038,774232,1
-1407038,774249,1
-1407038,774310,1
-1407038,774415,1
-1407038,774429,1
-1407037,770154,1
-1407037,772264,1
-1407037,772449,1
-1407037,772482,1
-1407037,772937,1
-1407037,773072,1
-1407037,773095,1
-1407037,773188,1
-1407037,773189,1
-1407037,773240,1
-1407037,773407,1
-1407037,773417,1
-1407037,773425,1
-1407037,773433,1
-1407037,773565,1
-1407037,773582,1
-1407037,773589,1
-1407037,773602,1
-1407037,773729,1
-1407037,773858,1
-1407037,773975,1
-1407037,774117,1
-1407037,774156,1
-1407037,774252,1
-1407037,774286,1
-1407036,769780,1
-1407036,769795,1
-1407036,770648,1
-1407036,771228,1
-1407036,771705,1
-1407036,772257,1
-1407036,772384,1
-1407036,772985,1
-1407036,773118,1
-1407036,773190,1
-1407036,773273,1
-1407036,773305,1
-1407036,773591,1
-1407036,773597,1
-1407036,773621,1
-1407036,773629,1
-1407036,773720,1
-1407036,773799,1
-1407036,773858,1
-1407036,774254,1
-1407035,769790,1
-1407035,769964,1
-1407035,771214,1
-1407035,771230,1
-1407035,771650,1
-1407035,773082,1
-1407035,773178,1
-1407035,773182,1
-1407035,773195,1
-1407035,773208,1
-1407035,773256,1
-1407035,773309,1
-1407035,773390,1
-1407035,773402,1
-1407035,773420,1
-1407035,773540,1
-1407035,773558,19
-1407035,773587,1
-1407035,773588,1
-1407035,773595,1
-1407035,773687,1
-1407035,773908,1
-1407035,774154,1
-1407035,774188,1
-1407035,774196,1
-1407035,774234,2
-1407035,774256,1
-1407034,769798,1
-1407034,771190,1
-1407034,771683,1
-1407034,771692,2
-1407034,772191,1
-1407034,773190,1
-1407034,773221,1
-1407034,773318,1
-1407034,773390,1
-1407034,773449,1
-1407034,773494,1
-1407034,773536,1
-1407034,773569,1
-1407034,773587,1
-1407034,773908,1
-1407034,773954,1
-1407034,774021,1
-1407034,774065,1
-1407034,774114,1
-1407034,774118,1
-1407034,774136,1
-1407034,774161,1
-1407034,774196,1
-1407034,774216,1
-1407034,774230,2
-1407034,774231,1
-1407034,774256,1
-1407034,774304,1
-1407033,769792,1
-1407033,771682,1
-1407033,771692,1
-1407033,772192,1
-1407033,772233,1
-1407033,772253,1
-1407033,772390,1
-1407033,772494,1
-1407033,772692,1
-1407033,772888,1
-1407033,772895,1
-1407033,772941,1
-1407033,773061,1
-1407033,773087,1
-1407033,773191,1
-1407033,773306,1
-1407033,773416,1
-1407033,773432,1
-1407033,773575,1
-1407033,773617,1
-1407033,773731,11
-1407033,773739,1
-1407033,773783,1
-1407033,774115,1
-1407033,774214,1
-1407033,774228,1
-1407033,774283,1
-1407033,774309,1
-1407033,774313,1
-1407032,769976,2
-1407032,771689,1
-1407032,771690,3
-1407032,771927,1
-1407032,772195,1
-1407032,772410,1
-1407032,772438,1
-1407032,772912,1
-1407032,772984,1
-1407032,773102,1
-1407032,773272,1
-1407032,773298,1
-1407032,773471,1
-1407032,773553,1
-1407032,773562,1
-1407032,773566,2
-1407032,773692,1
-1407032,773734,2
-1407032,774139,5
-1407032,774255,1
-1407031,769810,1
-1407031,770238,1
-1407031,770823,1
-1407031,771551,1
-1407031,771666,1
-1407031,771677,4
-1407031,772192,1
-1407031,772687,1
-1407031,772902,1
-1407031,773065,1
-1407031,773072,1
-1407031,773193,1
-1407031,773412,1
-1407031,773507,1
-1407031,773547,1
-1407031,773563,1
-1407031,773566,1
-1407031,774118,1
-1407031,774224,1
-1407031,774260,1
-1407031,774279,1
-1407030,769809,1
-1407030,770224,1
-1407030,770830,1
-1407030,771686,1
-1407030,771692,8
-1407030,772111,1
-1407030,772197,1
-1407030,772441,1
-1407030,772933,1
-1407030,773140,1
-1407030,773208,1
-1407030,773364,1
-1407030,773394,1
-1407030,773434,1
-1407030,773531,1
-1407030,773536,1
-1407030,773564,1
-1407030,773568,1
-1407030,773572,1
-1407030,773680,1
-1407030,773695,1
-1407030,773724,1
-1407030,773849,1
-1407030,773860,1
-1407030,774156,3
-1407030,774174,1
-1407030,774313,1
-1407030,774407,1
-1407029,771085,1
-1407029,772155,1
-1407029,772757,1
-1407029,772913,1
-1407029,773077,1
-1407029,773121,1
-1407029,773190,1
-1407029,773275,1
-1407029,773281,1
-1407029,773543,1
-1407029,773585,1
-1407029,774394,1
-1407029,774410,1
-1407028,771690,1
-1407028,772209,1
-1407028,772217,1
-1407028,772270,6
-1407028,772725,1
-1407028,772984,1
-1407028,773065,2
-1407028,773216,2
-1407028,773372,1
-1407028,773424,1
-1407028,773539,1
-1407028,773571,3
-1407028,773585,1
-1407028,773587,1
-1407028,774261,1
-1407027,771661,5
-1407027,772010,1
-1407027,772162,1
-1407027,772169,1
-1407027,772295,1
-1407027,772683,1
-1407027,772911,1
-1407027,772930,1
-1407027,773026,1
-1407027,773054,1
-1407027,773170,1
-1407027,773175,1
-1407027,773228,1
-1407027,773264,1
-1407027,773359,1
-1407027,773425,1
-1407027,773479,1
-1407027,773556,1
-1407027,773590,1
-1407027,773591,1
-1407027,774270,1
-1407027,774317,1
-1407026,769953,1
-1407026,771229,1
-1407026,771382,1
-1407026,771639,1
-1407026,771649,1
-1407026,771690,1
-1407026,772195,1
-1407026,772272,1
-1407026,772714,1
-1407026,772756,1
-1407026,772902,1
-1407026,772986,1
-1407026,773069,1
-1407026,773096,1
-1407026,773213,1
-1407026,773219,1
-1407026,773265,1
-1407026,773314,1
-1407026,773529,1
-1407026,773531,1
-1407026,773537,1
-1407026,773587,1
-1407026,774182,1
-1407026,774221,1
-1407026,774224,1
-1407026,774230,1
-1407026,774235,1
-1407026,774238,1
-1407026,774249,1
-1407026,774401,1
-1407026,774405,1
-1407026,774444,1
-1407025,771898,1
-1407025,772261,1
-1407025,772709,1
-1407025,772978,1
-1407025,772994,1
-1407025,773056,1
-1407025,773529,1
-1407025,773544,1
-1407025,773562,1
-1407025,773583,1
-1407025,773591,1
-1407025,773611,1
-1407025,773651,1
-1407025,774106,2
-1407025,774172,1
-1407025,774231,1
-1407025,774406,2
-1407024,769939,1
-1407024,770491,1
-1407024,770822,1
-1407024,771664,1
-1407024,771886,1
-1407024,772189,1
-1407024,772224,4
-1407024,772330,1
-1407024,772403,1
-1407024,772431,1
-1407024,772751,1
-1407024,772810,1
-1407024,772907,1
-1407024,773175,1
-1407024,773219,1
-1407024,773232,1
-1407024,773271,1
-1407024,773312,1
-1407024,773536,1
-1407024,773539,1
-1407024,773591,1
-1407024,774103,1
-1407024,774120,1
-1407024,774154,1
-1407024,774228,1
-1407024,774230,3
-1407024,774233,6
-1407024,774234,1
-1407024,774235,1
-1407023,769804,1
-1407023,769986,1
-1407023,770826,1
-1407023,771299,1
-1407023,771537,1
-1407023,772153,2
-1407023,772180,1
-1407023,772427,1
-1407023,772909,1
-1407023,772923,1
-1407023,773138,1
-1407023,773303,1
-1407023,773551,1
-1407023,773735,4
-1407023,773933,1
-1407023,774230,7
-1407023,774236,1
-1407022,770819,1
-1407022,770824,1
-1407022,772106,1
-1407022,772191,1
-1407022,772404,1
-1407022,772911,1
-1407022,772921,1
-1407022,773228,1
-1407022,773229,3
-1407022,773264,1
-1407022,773369,1
-1407022,773394,1
-1407022,773504,1
-1407022,773644,1
-1407022,773657,1
-1407022,773851,1
-1407021,769787,1
-1407021,771042,1
-1407021,772157,1
-1407021,772160,1
-1407021,772184,1
-1407021,772189,1
-1407021,772207,1
-1407021,772260,1
-1407021,772417,1
-1407021,772421,1
-1407021,772883,1
-1407021,772890,1
-1407021,772969,1
-1407021,773041,1
-1407021,773210,1
-1407021,773534,1
-1407021,773538,1
-1407021,773560,1
-1407021,773593,1
-1407021,773594,1
-1407021,773863,1
-1407021,773933,1
-1407021,773940,1
-1407021,774146,3
-1407021,774156,1
-1407021,774233,1
-1407021,774234,1
-1407021,774237,1
-1407021,774267,1
-1407020,769809,1
-1407020,771640,1
-1407020,771946,1
-1407020,771951,1
-1407020,772182,2
-1407020,772183,1
-1407020,772185,1
-1407020,772188,1
-1407020,772438,1
-1407020,772833,1
-1407020,773211,1
-1407020,773213,1
-1407020,773215,1
-1407020,773220,1
-1407020,773232,1
-1407020,773263,1
-1407020,773266,1
-1407020,773326,1
-1407020,773526,10
-1407020,773528,6
-1407020,773529,160
-1407020,773530,1
-1407020,773531,1
-1407020,774231,3
-1407020,774247,1
-1407020,774268,1
-1407019,769806,1
-1407019,770827,1
-1407019,771107,1
-1407019,771539,1
-1407019,771698,1
-1407019,771952,5
-1407019,771957,1
-1407019,771996,1
-1407019,772175,1
-1407019,772180,1
-1407019,772266,1
-1407019,772408,1
-1407019,772796,1
-1407019,772903,1
-1407019,772911,1
-1407019,773078,1
-1407019,773088,1
-1407019,773115,1
-1407019,773123,1
-1407019,773135,1
-1407019,773140,1
-1407019,773230,1
-1407019,773249,1
-1407019,773261,1
-1407019,773263,2
-1407019,773264,1
-1407019,773345,1
-1407019,773360,1
-1407019,773387,1
-1407019,773586,1
-1407019,773635,1
-1407019,774085,1
-1407019,774148,1
-1407019,774151,1
-1407019,774243,5
-1407018,771536,1
-1407018,772161,1
-1407018,772179,1
-1407018,772184,1
-1407018,772215,1
-1407018,772220,1
-1407018,772229,1
-1407018,772236,1
-1407018,772254,1
-1407018,772300,1
-1407018,772553,1
-1407018,772795,1
-1407018,772883,1
-1407018,773147,1
-1407018,773237,1
-1407018,773239,1
-1407018,773259,1
-1407018,773261,1
-1407018,773266,1
-1407018,773315,1
-1407018,773388,1
-1407018,773575,1
-1407018,773580,2
-1407018,773901,1
-1407018,773935,1
-1407018,774228,1
-1407018,774231,1
-1407018,774250,1
-1407017,770141,1
-1407017,770824,1
-1407017,771674,38
-1407017,772081,1
-1407017,772180,2
-1407017,772181,2
-1407017,772191,1
-1407017,772194,1
-1407017,772198,1
-1407017,772202,1
-1407017,772341,1
-1407017,772888,1
-1407017,772907,1
-1407017,772916,1
-1407017,773060,1
-1407017,773068,1
-1407017,773077,1
-1407017,773126,1
-1407017,773133,1
-1407017,773135,1
-1407017,773147,1
-1407017,773390,1
-1407017,773407,1
-1407017,773528,1
-1407017,773570,11
-1407017,773580,1
-1407017,774231,1
-1407017,774304,1
-1407016,769859,1
-1407016,771071,1
-1407016,771207,1
-1407016,771547,1
-1407016,771955,1
-1407016,772184,1
-1407016,772185,2
-1407016,772187,1
-1407016,772189,1
-1407016,772192,1
-1407016,772193,1
-1407016,772194,1
-1407016,772204,1
-1407016,772263,1
-1407016,772907,1
-1407016,772908,1
-1407016,772909,1
-1407016,772930,1
-1407016,772937,1
-1407016,773133,1
-1407016,773149,1
-1407016,773213,1
-1407016,773221,1
-1407016,773238,1
-1407016,773306,1
-1407016,773320,1
-1407016,773496,1
-1407016,773517,1
-1407016,773574,1
-1407016,773575,1
-1407016,773579,1
-1407016,773580,1
-1407016,773581,1
-1407016,773730,1
-1407016,774096,1
-1407016,774155,1
-1407016,774158,1
-1407016,774166,2
-1407016,774227,1
-1407015,770192,1
-1407015,770840,1
-1407015,771085,1
-1407015,771959,1
-1407015,772017,2
-1407015,772030,1
-1407015,772179,1
-1407015,772183,2
-1407015,772197,1
-1407015,772201,1
-1407015,772203,1
-1407015,772223,1
-1407015,772398,1
-1407015,772434,1
-1407015,772899,1
-1407015,772967,1
-1407015,772999,1
-1407015,773073,1
-1407015,773239,1
-1407015,773318,1
-1407015,773335,1
-1407015,773538,1
-1407015,773638,1
-1407015,774099,1
-1407015,774153,1
-1407015,774205,1
-1407015,774224,1
-1407015,774230,6
-1407015,774267,1
-1407014,770388,1
-1407014,770400,1
-1407014,771309,1
-1407014,771674,1
-1407014,771929,1
-1407014,771955,1
-1407014,771963,1
-1407014,771988,1
-1407014,771990,1
-1407014,772181,1
-1407014,772196,1
-1407014,772215,1
-1407014,772836,1
-1407014,772887,1
-1407014,772896,1
-1407014,772899,3
-1407014,772900,1
-1407014,772903,1
-1407014,773058,1
-1407014,773060,1
-1407014,773066,1
-1407014,773092,1
-1407014,773135,1
-1407014,773232,1
-1407014,773251,1
-1407014,773255,1
-1407014,773315,1
-1407014,773508,1
-1407014,773524,1
-1407014,773535,2
-1407014,773537,1
-1407014,774227,20
-1407014,774231,6
-1407014,774249,1
-1407013,770701,1
-1407013,771103,1
-1407013,771280,1
-1407013,771335,1
-1407013,771953,1
-1407013,772027,1
-1407013,772199,1
-1407013,772224,1
-1407013,772245,1
-1407013,772897,1
-1407013,772899,1
-1407013,773063,1
-1407013,773077,1
-1407013,773133,1
-1407013,773227,1
-1407013,773318,1
-1407013,773325,1
-1407013,773501,1
-1407013,773535,1
-1407013,773542,1
-1407013,773581,1
-1407013,773886,2
-1407013,773950,1
-1407013,773964,1
-1407013,773978,1
-1407013,774228,2
-1407013,774241,1
-1407013,774251,1
-1407013,774269,1
-1407013,774284,1
-1407013,774365,1
-1407012,769894,1
-1407012,769898,1
-1407012,771097,1
-1407012,771103,1
-1407012,771624,1
-1407012,771854,1
-1407012,771952,1
-1407012,772195,1
-1407012,772199,1
-1407012,772202,1
-1407012,772209,1
-1407012,772395,1
-1407012,772414,1
-1407012,772899,53
-1407012,772905,1
-1407012,772923,1
-1407012,773053,1
-1407012,773104,1
-1407012,773227,1
-1407012,773339,1
-1407012,773348,1
-1407012,773518,1
-1407012,773539,1
-1407012,773657,2
-1407012,773966,1
-1407012,774236,16
-1407012,774285,1
-1407011,769894,2
-1407011,769895,2
-1407011,771078,1
-1407011,771343,1
-1407011,771970,1
-1407011,771983,1
-1407011,771986,1
-1407011,771990,1
-1407011,772025,1
-1407011,772180,17
-1407011,772352,1
-1407011,772402,1
-1407011,772850,1
-1407011,772988,1
-1407011,773073,1
-1407011,773231,1
-1407011,773308,1
-1407011,773335,1
-1407011,773509,1
-1407011,773517,1
-1407011,773534,1
-1407011,773540,1
-1407011,773556,1
-1407011,773965,1
-1407011,774078,1
-1407011,774227,1
-1407011,774260,1
-1407011,774375,1
-1407010,771634,1
-1407010,771650,1
-1407010,772207,1
-1407010,772255,1
-1407010,772393,1
-1407010,772412,1
-1407010,772888,1
-1407010,772898,1
-1407010,772926,1
-1407010,772975,2
-1407010,773010,1
-1407010,773070,1
-1407010,773205,1
-1407010,773227,1
-1407010,773249,1
-1407010,773253,1
-1407010,773276,1
-1407010,773301,1
-1407010,773343,1
-1407010,773536,1
-1407010,773539,1
-1407010,773542,1
-1407010,773543,1
-1407010,773588,1
-1407010,773921,1
-1407010,773947,1
-1407010,773971,1
-1407010,773977,1
-1407010,774214,1
-1407010,774223,1
-1407009,771230,1
-1407009,771670,1
-1407009,772137,1
-1407009,772194,1
-1407009,772207,1
-1407009,772726,1
-1407009,772735,1
-1407009,772872,2
-1407009,772912,1
-1407009,772919,1
-1407009,772933,1
-1407009,772988,1
-1407009,773070,1
-1407009,773080,1
-1407009,773220,1
-1407009,773300,1
-1407009,773367,1
-1407009,773522,1
-1407009,773532,40
-1407009,773535,1
-1407009,774229,1
-1407009,774231,3
-1407009,774316,1
-1407008,769895,1
-1407008,771536,1
-1407008,771541,1
-1407008,771621,1
-1407008,772005,1
-1407008,772184,2
-1407008,772770,1
-1407008,772802,1
-1407008,772828,1
-1407008,772862,1
-1407008,772894,1
-1407008,772906,1
-1407008,773013,1
-1407008,773066,1
-1407008,773071,1
-1407008,773073,1
-1407008,773195,1
-1407008,773228,1
-1407008,773297,1
-1407008,773500,1
-1407008,773524,1
-1407008,773531,1
-1407008,773534,1
-1407008,773556,1
-1407008,773681,1
-1407008,773732,1
-1407008,773779,1
-1407008,773889,2
-1407008,773901,1
-1407008,773952,1
-1407008,774231,1
-1407008,774302,1
-1407007,771115,1
-1407007,771346,1
-1407007,771952,1
-1407007,772170,1
-1407007,772190,1
-1407007,772261,1
-1407007,772405,1
-1407007,773051,1
-1407007,773167,1
-1407007,773228,1
-1407007,773244,1
-1407007,773257,1
-1407007,773289,2
-1407007,773504,1
-1407007,773512,2
-1407007,773548,1
-1407007,773960,1
-1407007,773974,3
-1407007,773977,1
-1407007,774203,1
-1407007,774228,1
-1407007,774309,1
-1407006,770015,1
-1407006,771653,1
-1407006,771914,1
-1407006,772007,1
-1407006,772184,1
-1407006,772199,1
-1407006,772221,1
-1407006,772544,1
-1407006,772763,1
-1407006,772819,1
-1407006,772820,6
-1407006,772866,1
-1407006,772909,1
-1407006,772921,1
-1407006,772927,1
-1407006,773203,1
-1407006,773324,1
-1407006,773355,2
-1407006,773489,1
-1407006,773511,1
-1407006,773518,1
-1407006,773656,3
-1407006,773726,1
-1407006,773901,2
-1407006,773969,1
-1407006,774076,1
-1407006,774078,1
-1407006,774081,1
-1407006,774092,1
-1407006,774222,1
-1407006,774233,4
-1407006,774274,1
-1407006,774440,1
-1407005,771183,1
-1407005,771302,1
-1407005,771654,1
-1407005,771676,1
-1407005,771922,1
-1407005,772205,1
-1407005,772240,1
-1407005,772427,1
-1407005,772761,1
-1407005,772817,1
-1407005,772876,4
-1407005,772879,1
-1407005,772889,1
-1407005,773002,1
-1407005,773014,1
-1407005,773036,1
-1407005,773183,1
-1407005,773200,1
-1407005,773234,1
-1407005,773302,1
-1407005,773325,1
-1407005,773483,1
-1407005,773511,1
-1407005,773512,1
-1407005,773886,2
-1407005,773963,3
-1407005,773967,1
-1407005,774228,1
-1407005,774331,1
-1407004,770642,1
-1407004,770986,1
-1407004,771099,1
-1407004,771829,1
-1407004,771952,1
-1407004,772178,1
-1407004,772213,1
-1407004,772823,1
-1407004,772927,1
-1407004,772937,1
-1407004,772961,1
-1407004,772998,1
-1407004,773008,1
-1407004,773034,1
-1407004,773160,1
-1407004,773189,1
-1407004,773254,1
-1407004,773288,1
-1407004,773327,1
-1407004,773344,1
-1407004,773482,1
-1407004,773489,1
-1407004,773906,1
-1407004,773970,1
-1407004,773973,2
-1407004,774205,1
-1407004,774227,1
-1407004,774228,1
-1407004,774267,1
-1407004,774329,1
-1407003,771188,1
-1407003,771205,1
-1407003,771302,1
-1407003,771304,1
-1407003,771305,1
-1407003,771908,1
-1407003,771925,1
-1407003,771930,1
-1407003,771948,1
-1407003,772197,1
-1407003,772430,1
-1407003,772496,1
-1407003,772750,1
-1407003,772787,1
-1407003,772797,1
-1407003,772849,1
-1407003,772887,1
-1407003,772913,1
-1407003,773114,1
-1407003,773123,1
-1407003,773205,1
-1407003,773214,1
-1407003,773255,1
-1407003,773365,1
-1407003,773394,1
-1407003,773495,1
-1407003,773505,1
-1407003,773508,1
-1407003,773518,1
-1407003,773893,1
-1407003,773959,1
-1407003,774006,2
-1407003,774137,1
-1407002,770513,1
-1407002,771092,1
-1407002,771221,3
-1407002,771304,1
-1407002,771619,1
-1407002,771852,1
-1407002,772168,1
-1407002,772190,1
-1407002,772215,1
-1407002,772363,1
-1407002,772429,1
-1407002,772736,1
-1407002,772865,1
-1407002,772901,1
-1407002,772911,1
-1407002,772920,1
-1407002,773020,1
-1407002,773077,1
-1407002,773287,1
-1407002,773333,1
-1407002,773334,1
-1407002,773492,1
-1407002,773502,1
-1407002,773525,6
-1407002,773526,1
-1407002,773583,1
-1407002,773589,1
-1407002,773729,1
-1407002,773959,1
-1407002,773969,1
-1407002,773977,1
-1407002,774071,1
-1407002,774224,1
-1407002,774226,1
-1407002,774264,1
-1407001,769669,1
-1407001,769958,1
-1407001,770009,1
-1407001,771304,1
-1407001,771814,1
-1407001,771936,1
-1407001,772126,6
-1407001,772154,1
-1407001,772200,1
-1407001,772203,1
-1407001,772223,1
-1407001,772337,1
-1407001,772373,1
-1407001,772430,1
-1407001,772756,1
-1407001,772758,1
-1407001,772851,1
-1407001,772860,1
-1407001,772887,1
-1407001,772893,1
-1407001,772898,1
-1407001,772900,1
-1407001,772929,1
-1407001,772983,1
-1407001,773162,1
-1407001,773198,1
-1407001,773236,1
-1407001,773261,1
-1407001,773314,1
-1407001,773348,1
-1407001,773417,1
-1407001,773464,1
-1407001,773493,1
-1407001,773515,1
-1407001,773518,3
-1407001,773591,1
-1407001,773911,2
-1407001,773959,1
-1407001,773960,2
-1407001,773962,5
-1407001,773973,1
-1407001,774005,1
-1407001,774140,1
-1407001,774235,2
-1407001,774266,1
-1407000,770610,1
-1407000,771246,1
-1407000,771302,1
-1407000,771303,1
-1407000,771320,1
-1407000,772195,2
-1407000,772401,1
-1407000,772476,1
-1407000,772663,1
-1407000,772865,1
-1407000,772899,2
-1407000,772907,1
-1407000,772915,1
-1407000,772934,1
-1407000,773041,1
-1407000,773045,39
-1407000,773123,3
-1407000,773139,1
-1407000,773146,1
-1407000,773224,1
-1407000,773256,1
-1407000,773281,1
-1407000,773285,1
-1407000,773495,1
-1407000,773529,1
-1407000,773537,1
-1407000,773584,1
-1407000,773952,1
-1407000,773957,2
-1407000,773958,2
-1407000,773959,3
-1407000,773973,1
-1407000,774186,3
-1407000,774214,1
-1407000,774219,1
-1406999,771302,1
-1406999,771916,1
-1406999,771955,1
-1406999,772131,1
-1406999,772165,1
-1406999,772225,1
-1406999,772666,1
-1406999,772844,1
-1406999,772884,1
-1406999,772891,1
-1406999,773097,1
-1406999,773162,1
-1406999,773168,1
-1406999,773214,1
-1406999,773218,1
-1406999,773266,1
-1406999,773280,1
-1406999,773343,1
-1406999,773346,1
-1406999,773544,1
-1406999,773555,5
-1406999,773581,1
-1406999,773883,2
-1406999,773905,1
-1406999,773927,1
-1406999,773955,3
-1406999,773958,1
-1406999,773967,2
-1406999,773969,1
-1406999,773981,1
-1406999,774164,1
-1406999,774222,3
-1406999,774248,1
-1406999,774260,1
-1406999,774262,1
-1406998,771226,1
-1406998,771306,1
-1406998,771310,1
-1406998,771918,1
-1406998,771959,1
-1406998,772014,1
-1406998,772150,1
-1406998,772177,1
-1406998,772188,1
-1406998,772257,1
-1406998,772656,1
-1406998,772766,1
-1406998,772919,1
-1406998,772979,1
-1406998,772982,1
-1406998,773065,11
-1406998,773076,1
-1406998,773110,1
-1406998,773112,1
-1406998,773239,1
-1406998,773261,1
-1406998,773662,1
-1406998,773904,1
-1406998,773909,1
-1406998,773945,1
-1406998,773953,1
-1406998,773957,1
-1406998,773961,2
-1406998,773973,2
-1406998,774143,1
-1406998,774220,1
-1406998,774251,1
-1406998,774315,1
-1406997,770989,1
-1406997,771616,1
-1406997,771622,24
-1406997,771929,1
-1406997,771931,1
-1406997,771951,1
-1406997,771954,1
-1406997,772185,1
-1406997,772193,1
-1406997,772197,1
-1406997,772203,1
-1406997,772334,1
-1406997,772662,1
-1406997,772789,1
-1406997,772899,1
-1406997,773003,1
-1406997,773008,1
-1406997,773174,1
-1406997,773248,1
-1406997,773493,2
-1406997,773501,2
-1406997,773503,2
-1406997,773520,1
-1406997,773521,1
-1406997,773668,1
-1406997,773895,1
-1406997,773939,1
-1406997,773963,8
-1406997,773964,1
-1406997,773980,2
-1406997,774223,1
-1406997,774229,1
-1406997,774232,1
-1406997,774384,1
-1406996,771310,1
-1406996,771923,1
-1406996,771948,1
-1406996,772170,1
-1406996,772222,1
-1406996,772675,1
-1406996,772755,1
-1406996,772897,1
-1406996,772902,1
-1406996,772916,1
-1406996,772918,1
-1406996,773015,1
-1406996,773064,1
-1406996,773073,1
-1406996,773076,1
-1406996,773109,1
-1406996,773186,1
-1406996,773207,1
-1406996,773214,1
-1406996,773246,1
-1406996,773321,1
-1406996,773493,1
-1406996,773497,1
-1406996,773501,1
-1406996,773505,1
-1406996,773507,1
-1406996,773510,1
-1406996,773524,1
-1406996,773641,1
-1406996,773897,1
-1406996,773962,1
-1406996,773965,2
-1406996,773967,1
-1406996,773969,5
-1406996,773975,1
-1406996,773977,1
-1406996,773988,1
-1406996,774074,1
-1406996,774222,3
-1406996,774254,1
-1406996,774298,1
-1406995,771319,1
-1406995,771324,1
-1406995,771661,1
-1406995,771954,1
-1406995,772187,1
-1406995,772193,1
-1406995,772200,1
-1406995,772207,1
-1406995,772212,1
-1406995,772214,1
-1406995,772215,1
-1406995,772669,1
-1406995,772672,1
-1406995,773014,1
-1406995,773041,1
-1406995,773074,1
-1406995,773166,1
-1406995,773258,1
-1406995,773325,1
-1406995,773487,2
-1406995,773496,1
-1406995,773497,1
-1406995,773500,1
-1406995,773502,1
-1406995,773505,1
-1406995,773588,1
-1406995,773734,2
-1406995,773911,1
-1406995,773965,3
-1406995,773966,3
-1406995,773968,4
-1406995,773974,1
-1406995,773978,1
-1406995,774002,1
-1406995,774248,1
-1406995,774249,1
-1406994,770583,1
-1406994,771325,1
-1406994,771943,1
-1406994,771955,1
-1406994,772146,1
-1406994,772194,1
-1406994,772195,1
-1406994,772199,1
-1406994,772207,1
-1406994,772216,1
-1406994,772218,1
-1406994,772219,1
-1406994,772220,1
-1406994,772221,1
-1406994,772292,1
-1406994,772667,1
-1406994,772668,1
-1406994,772681,1
-1406994,772784,1
-1406994,772883,1
-1406994,772885,1
-1406994,772894,1
-1406994,773006,1
-1406994,773016,1
-1406994,773110,1
-1406994,773262,1
-1406994,773490,2
-1406994,773511,1
-1406994,773520,1
-1406994,773527,1
-1406994,773528,1
-1406994,773898,2
-1406994,773948,1
-1406994,773949,1
-1406994,773955,1
-1406994,773961,1
-1406994,773984,2
-1406994,774057,1
-1406994,774140,1
-1406994,774442,1
-1406993,771321,1
-1406993,771573,1
-1406993,771953,1
-1406993,772043,1
-1406993,772141,1
-1406993,772168,1
-1406993,772216,1
-1406993,772218,1
-1406993,772221,1
-1406993,772223,1
-1406993,772420,1
-1406993,772672,1
-1406993,772678,1
-1406993,772698,1
-1406993,772966,1
-1406993,773013,1
-1406993,773076,1
-1406993,773262,1
-1406993,773300,1
-1406993,773311,1
-1406993,773332,1
-1406993,773500,1
-1406993,773510,1
-1406993,773523,1
-1406993,773717,1
-1406993,773934,1
-1406993,773952,1
-1406993,773953,1
-1406993,773963,5
-1406993,773966,1
-1406993,773971,2
-1406993,773972,1
-1406993,773982,1
-1406993,774001,2
-1406993,774218,1
-1406993,774220,2
-1406993,774224,3
-1406993,774262,2
-1406992,769664,1
-1406992,770871,1
-1406992,770984,1
-1406992,772220,1
-1406992,772666,1
-1406992,772670,1
-1406992,772674,1
-1406992,772675,1
-1406992,772690,1
-1406992,772870,1
-1406992,772894,1
-1406992,772917,1
-1406992,772924,1
-1406992,772989,1
-1406992,773017,1
-1406992,773076,1
-1406992,773078,1
-1406992,773237,1
-1406992,773240,1
-1406992,773241,1
-1406992,773249,1
-1406992,773259,1
-1406992,773267,1
-1406992,773318,1
-1406992,773349,1
-1406992,773497,1
-1406992,773500,1
-1406992,773505,1
-1406992,773904,2
-1406992,773965,2
-1406992,773968,1
-1406992,773983,1
-1406992,774093,1
-1406992,774220,1
-1406992,774221,1
-1406991,769996,1
-1406991,770829,1
-1406991,771380,1
-1406991,771955,1
-1406991,772168,1
-1406991,772169,1
-1406991,772170,1
-1406991,772202,1
-1406991,772203,1
-1406991,772223,1
-1406991,772670,1
-1406991,772671,2
-1406991,772674,1
-1406991,772675,1
-1406991,772676,1
-1406991,772859,1
-1406991,772887,1
-1406991,772905,1
-1406991,772915,1
-1406991,773020,1
-1406991,773182,1
-1406991,773238,1
-1406991,773327,1
-1406991,773507,1
-1406991,773518,1
-1406991,773528,1
-1406991,773565,1
-1406991,773593,1
-1406991,773900,2
-1406991,773933,1
-1406991,773935,2
-1406991,773956,1
-1406991,773968,1
-1406991,773972,1
-1406991,773978,1
-1406991,773986,1
-1406991,773992,2
-1406991,773998,1
-1406991,774225,1
-1406991,774251,1
-1406990,769692,1
-1406990,769832,1
-1406990,770525,1
-1406990,770830,1
-1406990,771316,1
-1406990,772159,1
-1406990,772167,1
-1406990,772169,1
-1406990,772179,1
-1406990,772197,5
-1406990,772221,1
-1406990,772422,1
-1406990,772667,1
-1406990,772670,1
-1406990,772676,1
-1406990,772682,1
-1406990,772791,1
-1406990,772963,1
-1406990,773103,2
-1406990,773106,1
-1406990,773108,1
-1406990,773175,1
-1406990,773246,1
-1406990,773281,1
-1406990,773496,1
-1406990,773498,5
-1406990,773554,1
-1406990,773577,1
-1406990,773589,1
-1406990,773933,2
-1406990,773946,2
-1406990,773960,1
-1406990,773961,1
-1406990,773964,5
-1406990,774012,1
-1406990,774078,1
-1406990,774191,1
-1406990,774251,1
-1406990,774252,1
-1406989,772174,1
-1406989,772195,1
-1406989,772196,1
-1406989,772221,1
-1406989,772428,1
-1406989,772670,1
-1406989,772674,1
-1406989,772676,1
-1406989,772677,1
-1406989,772680,1
-1406989,772698,1
-1406989,772877,1
-1406989,772880,1
-1406989,772882,1
-1406989,773020,1
-1406989,773021,1
-1406989,773108,2
-1406989,773196,1
-1406989,773248,1
-1406989,773269,1
-1406989,773273,1
-1406989,773312,1
-1406989,773495,1
-1406989,773504,1
-1406989,773508,2
-1406989,773518,1
-1406989,773857,1
-1406989,773868,1
-1406989,773908,7
-1406989,773946,1
-1406989,773948,1
-1406989,773958,1
-1406989,773979,2
-1406989,773983,1
-1406989,773986,2
-1406989,773990,1
-1406989,774041,2
-1406989,774141,1
-1406989,774216,1
-1406989,774217,1
-1406989,774221,1
-1406989,774247,1
-1406989,774255,1
-1406988,771297,1
-1406988,771320,1
-1406988,771636,1
-1406988,771937,1
-1406988,772069,2
-1406988,772177,1
-1406988,772195,1
-1406988,772665,1
-1406988,772671,1
-1406988,772674,1
-1406988,772694,1
-1406988,772855,1
-1406988,772877,2
-1406988,772894,1
-1406988,772907,1
-1406988,773024,1
-1406988,773034,1
-1406988,773085,1
-1406988,773094,1
-1406988,773144,1
-1406988,773187,1
-1406988,773251,1
-1406988,773281,1
-1406988,773485,1
-1406988,773496,1
-1406988,773498,2
-1406988,773501,1
-1406988,773509,1
-1406988,773513,1
-1406988,773729,1
-1406988,773735,1
-1406988,773898,2
-1406988,773915,1
-1406988,773949,1
-1406988,773966,3
-1406988,774066,1
-1406988,774173,2
-1406988,774197,1
-1406988,774214,3
-1406988,774217,1
-1406988,774264,1
-1406988,774273,1
-1406987,769688,1
-1406987,770010,1
-1406987,770092,1
-1406987,771336,1
-1406987,771927,1
-1406987,772031,1
-1406987,772142,1
-1406987,772146,1
-1406987,772179,1
-1406987,772185,1
-1406987,772194,1
-1406987,772661,1
-1406987,772665,2
-1406987,772673,1
-1406987,772674,1
-1406987,772685,1
-1406987,772686,1
-1406987,772687,1
-1406987,772884,1
-1406987,772886,1
-1406987,772892,1
-1406987,772985,1
-1406987,772999,1
-1406987,773011,1
-1406987,773025,1
-1406987,773083,1
-1406987,773160,1
-1406987,773200,1
-1406987,773268,1
-1406987,773274,1
-1406987,773277,1
-1406987,773324,1
-1406987,773342,1
-1406987,773378,1
-1406987,773492,1
-1406987,773498,1
-1406987,773502,1
-1406987,773506,1
-1406987,773731,3
-1406987,773898,7
-1406987,773941,1
-1406987,773969,1
-1406987,773970,1
-1406987,773971,1
-1406987,773975,2
-1406987,773985,1
-1406987,773999,1
-1406987,774018,1
-1406987,774203,1
-1406987,774216,2
-1406987,774223,2
-1406987,774243,1
-1406987,774282,1
-1406987,774291,1
-1406986,771194,1
-1406986,771421,1
-1406986,771924,1
-1406986,771961,1
-1406986,772003,2
-1406986,772166,43
-1406986,772180,1
-1406986,772195,1
-1406986,772436,1
-1406986,772664,1
-1406986,772665,1
-1406986,772675,2
-1406986,772676,2
-1406986,772686,1
-1406986,772860,1
-1406986,772944,1
-1406986,772960,1
-1406986,773010,1
-1406986,773174,1
-1406986,773216,1
-1406986,773261,3
-1406986,773299,9
-1406986,773417,1
-1406986,773502,1
-1406986,773504,2
-1406986,773505,1
-1406986,773506,1
-1406986,773526,1
-1406986,773562,1
-1406986,773566,1
-1406986,773586,2
-1406986,773745,1
-1406986,773928,1
-1406986,773930,1
-1406986,773942,1
-1406986,773976,1
-1406986,773993,2
-1406986,774046,1
-1406986,774123,1
-1406986,774219,1
-1406986,774259,1
-1406986,774280,1
-1406985,770648,1
-1406985,771302,1
-1406985,771976,1
-1406985,772132,1
-1406985,772185,1
-1406985,772186,1
-1406985,772663,1
-1406985,772665,1
-1406985,772666,1
-1406985,772671,1
-1406985,772677,1
-1406985,772863,1
-1406985,772905,5
-1406985,773032,1
-1406985,773074,1
-1406985,773115,1
-1406985,773182,1
-1406985,773272,1
-1406985,773279,1
-1406985,773351,1
-1406985,773358,1
-1406985,773503,1
-1406985,773526,1
-1406985,773859,1
-1406985,773928,1
-1406985,773932,1
-1406985,773940,2
-1406985,773942,1
-1406985,773957,1
-1406985,773975,1
-1406985,773979,1
-1406985,773980,1
-1406985,773983,2
-1406985,773988,1
-1406985,774034,1
-1406985,774042,1
-1406985,774216,1
-1406985,774217,1
-1406985,774226,1
-1406985,774230,1
-1406985,774239,1
-1406985,774251,1
-1406985,774281,1
-1406985,774326,1
-1406984,769816,1
-1406984,771327,1
-1406984,771968,1
-1406984,772371,1
-1406984,772528,1
-1406984,772661,1
-1406984,772663,1
-1406984,772664,1
-1406984,772665,1
-1406984,772848,1
-1406984,773039,1
-1406984,773045,1
-1406984,773047,1
-1406984,773054,1
-1406984,773339,1
-1406984,773490,1
-1406984,773504,1
-1406984,773582,1
-1406984,773937,1
-1406984,773940,1
-1406984,773943,1
-1406984,773966,1
-1406984,773970,1
-1406984,773974,1
-1406984,773979,2
-1406984,773993,2
-1406984,773998,1
-1406984,774018,1
-1406984,774026,1
-1406984,774053,1
-1406984,774073,1
-1406984,774083,1
-1406984,774214,1
-1406984,774277,1
-1406984,774363,1
-1406983,771950,1
-1406983,772030,1
-1406983,772151,1
-1406983,772183,1
-1406983,772193,1
-1406983,772200,1
-1406983,772378,1
-1406983,772657,1
-1406983,772664,1
-1406983,772666,1
-1406983,772667,1
-1406983,772671,1
-1406983,772672,1
-1406983,772688,1
-1406983,772690,1
-1406983,772859,2
-1406983,772868,1
-1406983,772890,1
-1406983,773014,2
-1406983,773015,1
-1406983,773045,1
-1406983,773053,1
-1406983,773080,1
-1406983,773082,1
-1406983,773106,1
-1406983,773153,1
-1406983,773468,1
-1406983,773505,1
-1406983,773574,1
-1406983,773576,1
-1406983,773587,1
-1406983,773663,1
-1406983,773751,1
-1406983,773873,1
-1406983,773898,1
-1406983,773905,1
-1406983,773934,1
-1406983,773944,1
-1406983,773974,1
-1406983,773980,1
-1406983,774081,1
-1406983,774088,1
-1406983,774176,1
-1406983,774215,1
-1406983,774217,1
-1406983,774220,1
-1406983,774264,1
-1406982,770632,1
-1406982,771191,1
-1406982,771343,1
-1406982,771346,1
-1406982,771931,1
-1406982,771951,1
-1406982,772165,1
-1406982,772297,2
-1406982,772666,3
-1406982,772675,1
-1406982,772852,1
-1406982,772860,1
-1406982,772884,1
-1406982,772973,2
-1406982,773051,1
-1406982,773058,1
-1406982,773112,1
-1406982,773166,2
-1406982,773227,1
-1406982,773296,1
-1406982,773366,1
-1406982,773378,1
-1406982,773501,2
-1406982,773507,1
-1406982,773551,1
-1406982,773605,1
-1406982,773738,1
-1406982,773947,5
-1406982,773985,1
-1406982,773994,1
-1406982,774082,1
-1406982,774147,2
-1406982,774211,1
-1406982,774216,2
-1406982,774244,1
-1406981,771337,1
-1406981,771936,1
-1406981,771949,1
-1406981,771957,1
-1406981,771963,1
-1406981,772027,1
-1406981,772032,1
-1406981,772150,1
-1406981,772155,1
-1406981,772375,1
-1406981,772681,1
-1406981,772687,1
-1406981,772732,1
-1406981,772880,1
-1406981,772892,1
-1406981,773030,1
-1406981,773041,1
-1406981,773201,1
-1406981,773248,1
-1406981,773286,1
-1406981,773372,1
-1406981,773504,1
-1406981,773929,1
-1406981,773931,2
-1406981,773953,4
-1406981,773984,1
-1406981,773998,1
-1406981,774007,1
-1406981,774218,1
-1406981,774232,1
-1406981,774243,1
-1406981,774295,1
-1406981,774341,1
-1406980,771346,1
-1406980,771970,1
-1406980,772609,1
-1406980,772678,10
-1406980,772691,1
-1406980,772696,1
-1406980,772861,1
-1406980,772874,1
-1406980,772990,1
-1406980,773052,1
-1406980,773079,1
-1406980,773258,1
-1406980,773276,1
-1406980,773514,1
-1406980,773737,1
-1406980,773748,1
-1406980,773758,2
-1406980,773900,1
-1406980,773931,1
-1406980,773932,1
-1406980,773937,1
-1406980,773979,1
-1406980,773985,1
-1406980,774050,1
-1406980,774051,1
-1406980,774079,1
-1406980,774106,1
-1406980,774211,1
-1406980,774241,1
-1406980,774245,1
-1406979,771319,1
-1406979,771352,1
-1406979,771919,1
-1406979,772118,1
-1406979,772120,1
-1406979,772183,1
-1406979,772674,1
-1406979,772813,1
-1406979,773114,1
-1406979,773120,1
-1406979,773168,1
-1406979,773190,2
-1406979,773283,1
-1406979,773356,1
-1406979,773589,1
-1406979,773929,1
-1406979,773939,1
-1406979,774017,2
-1406979,774035,1
-1406979,774056,2
-1406979,774067,1
-1406979,774211,1
-1406979,774224,1
-1406979,774357,1
-1406979,774360,1
-1406979,774444,1
-1406978,771214,1
-1406978,771937,1
-1406978,771954,1
-1406978,771961,1
-1406978,772161,1
-1406978,772185,1
-1406978,772222,1
-1406978,772225,1
-1406978,772672,1
-1406978,773025,1
-1406978,773054,1
-1406978,773074,1
-1406978,773086,1
-1406978,773267,1
-1406978,773505,1
-1406978,773589,1
-1406978,773709,1
-1406978,773838,6
-1406978,773894,1
-1406978,773927,2
-1406978,773928,1
-1406978,773934,1
-1406978,773950,1
-1406978,773969,1
-1406978,774008,1
-1406978,774058,1
-1406978,774105,1
-1406978,774140,1
-1406978,774160,1
-1406978,774237,1
-1406978,774278,1
-1406978,774358,1
-1406977,770847,1
-1406977,771338,1
-1406977,771577,1
-1406977,771618,1
-1406977,771627,1
-1406977,771851,1
-1406977,771966,1
-1406977,772188,2
-1406977,772494,1
-1406977,772723,1
-1406977,772816,1
-1406977,772886,1
-1406977,772906,1
-1406977,772912,1
-1406977,772913,1
-1406977,772982,1
-1406977,773058,1
-1406977,773259,1
-1406977,773349,1
-1406977,773521,1
-1406977,773641,1
-1406977,773941,1
-1406977,773958,1
-1406977,773984,1
-1406977,773989,1
-1406977,774014,1
-1406977,774352,1
-1406977,774353,1
-1406976,771372,1
-1406976,771508,1
-1406976,771918,4
-1406976,771959,1
-1406976,771997,1
-1406976,772011,1
-1406976,772684,1
-1406976,772811,1
-1406976,772819,1
-1406976,772882,1
-1406976,772908,1
-1406976,773015,1
-1406976,773171,1
-1406976,773273,1
-1406976,773337,1
-1406976,773346,1
-1406976,773365,3
-1406976,773367,1
-1406976,773767,1
-1406976,773787,1
-1406976,773856,1
-1406976,773898,1
-1406976,774229,4
-1406976,774260,1
-1406976,774349,2
-1406976,774350,2
-1406976,774351,1
-1406976,774352,2
-1406976,774355,4
-1406976,774356,1
-1406975,771919,1
-1406975,771952,1
-1406975,771953,5
-1406975,771983,1
-1406975,772186,1
-1406975,772190,1
-1406975,772192,1
-1406975,772207,1
-1406975,772375,1
-1406975,772464,2
-1406975,772668,1
-1406975,772694,1
-1406975,772829,1
-1406975,773003,1
-1406975,773035,1
-1406975,773338,1
-1406975,773346,1
-1406975,773355,1
-1406975,773367,1
-1406975,773373,2
-1406975,773588,1
-1406975,773939,1
-1406975,774031,2
-1406975,774054,1
-1406975,774094,1
-1406975,774161,1
-1406975,774213,4
-1406975,774214,2
-1406975,774234,1
-1406975,774347,1
-1406975,774348,1
-1406975,774349,3
-1406975,774350,1
-1406975,774351,1
-1406975,774353,1
-1406975,774357,1
-1406974,770493,1
-1406974,771400,1
-1406974,771434,1
-1406974,771437,1
-1406974,771630,1
-1406974,771953,1
-1406974,771968,1
-1406974,771969,1
-1406974,772006,1
-1406974,772146,1
-1406974,772186,1
-1406974,772203,1
-1406974,772228,1
-1406974,772681,1
-1406974,772881,1
-1406974,772949,1
-1406974,773009,1
-1406974,773052,1
-1406974,773344,1
-1406974,773362,1
-1406974,773408,1
-1406974,773592,1
-1406974,773735,1
-1406974,773748,1
-1406974,773751,1
-1406974,773983,1
-1406974,773992,2
-1406974,774012,1
-1406974,774027,1
-1406974,774081,4
-1406974,774093,1
-1406974,774219,1
-1406974,774259,1
-1406974,774349,1
-1406974,774351,1
-1406974,774352,1
-1406974,774354,1
-1406973,771361,1
-1406973,771435,1
-1406973,771628,1
-1406973,771955,1
-1406973,772007,1
-1406973,772152,1
-1406973,772224,1
-1406973,772327,1
-1406973,772730,1
-1406973,772897,1
-1406973,772998,1
-1406973,773037,1
-1406973,773290,1
-1406973,773336,1
-1406973,773352,1
-1406973,773597,1
-1406973,773725,1
-1406973,773926,1
-1406973,773989,1
-1406973,773990,1
-1406973,774231,10
-1406973,774244,1
-1406973,774314,1
-1406973,774332,1
-1406973,774333,1
-1406973,774348,2
-1406973,774350,1
-1406973,774351,1
-1406973,774353,1
-1406973,774354,1
-1406973,774355,1
-1406972,771434,1
-1406972,771436,1
-1406972,771946,1
-1406972,772185,1
-1406972,772198,1
-1406972,772332,1
-1406972,772634,1
-1406972,772750,1
-1406972,772856,1
-1406972,772872,1
-1406972,772874,2
-1406972,773000,1
-1406972,773008,1
-1406972,773019,1
-1406972,773061,1
-1406972,773062,1
-1406972,773098,1
-1406972,773196,1
-1406972,773557,1
-1406972,773918,1
-1406972,773926,1
-1406972,773935,1
-1406972,773989,1
-1406972,774158,37
-1406972,774229,1
-1406972,774348,3
-1406972,774349,1
-1406972,774350,1
-1406972,774351,1
-1406972,774352,1
-1406972,774353,1
-1406972,774354,1
-1406971,771437,1
-1406971,771529,1
-1406971,771798,1
-1406971,772142,1
-1406971,772157,1
-1406971,772185,1
-1406971,772539,1
-1406971,772683,1
-1406971,772723,1
-1406971,772809,1
-1406971,772870,1
-1406971,772887,1
-1406971,773017,1
-1406971,773034,1
-1406971,773090,1
-1406971,773091,1
-1406971,773109,1
-1406971,773245,1
-1406971,773282,1
-1406971,773340,1
-1406971,773475,1
-1406971,773528,1
-1406971,773572,1
-1406971,773585,1
-1406971,773717,1
-1406971,773737,1
-1406971,773743,1
-1406971,773854,1
-1406971,773861,1
-1406971,773927,1
-1406971,773932,1
-1406971,773946,1
-1406971,774026,1
-1406971,774043,1
-1406971,774208,1
-1406971,774214,1
-1406971,774349,1
-1406971,774350,1
-1406970,770645,1
-1406970,771219,1
-1406970,771374,1
-1406970,771966,1
-1406970,772177,1
-1406970,772181,1
-1406970,772323,1
-1406970,772371,1
-1406970,772690,1
-1406970,772880,1
-1406970,773062,1
-1406970,773291,1
-1406970,773334,1
-1406970,773450,1
-1406970,773549,1
-1406970,773552,1
-1406970,773723,1
-1406970,773754,1
-1406970,773960,1
-1406970,773973,3
-1406970,774036,1
-1406970,774052,1
-1406970,774175,1
-1406970,774350,1
-1406970,774352,1
-1406970,774353,1
-1406969,770808,1
-1406969,771334,1
-1406969,771936,1
-1406969,771955,1
-1406969,771972,1
-1406969,771984,1
-1406969,772329,1
-1406969,772732,1
-1406969,772872,1
-1406969,772891,1
-1406969,772992,1
-1406969,773020,1
-1406969,773175,1
-1406969,773223,5
-1406969,773246,1
-1406969,773302,1
-1406969,773738,1
-1406969,773932,1
-1406969,773942,9
-1406969,773976,1
-1406969,773991,2
-1406969,773994,1
-1406969,774025,1
-1406969,774026,1
-1406969,774227,1
-1406969,774326,1
-1406969,774331,1
-1406968,769715,1
-1406968,770577,1
-1406968,771369,1
-1406968,771899,1
-1406968,771969,1
-1406968,772030,1
-1406968,772174,1
-1406968,772183,1
-1406968,772332,1
-1406968,772708,1
-1406968,772859,1
-1406968,772880,1
-1406968,772894,1
-1406968,773027,1
-1406968,773302,1
-1406968,773591,1
-1406968,773735,1
-1406968,773736,1
-1406968,773862,1
-1406968,773926,1
-1406968,773927,1
-1406968,773965,1
-1406968,773979,1
-1406968,774098,1
-1406968,774191,1
-1406968,774207,3
-1406968,774213,4
-1406968,774319,1
-1406968,774353,1
-1406967,771394,1
-1406967,771403,1
-1406967,771786,1
-1406967,771824,1
-1406967,771919,1
-1406967,772183,1
-1406967,772290,1
-1406967,772293,1
-1406967,772845,1
-1406967,772853,1
-1406967,772875,1
-1406967,772881,1
-1406967,772886,1
-1406967,772988,1
-1406967,772995,1
-1406967,773005,1
-1406967,773022,1
-1406967,773027,1
-1406967,773141,1
-1406967,773317,1
-1406967,773382,1
-1406967,773574,1
-1406967,773598,1
-1406967,773718,1
-1406967,773722,1
-1406967,773927,1
-1406967,773997,1
-1406967,774206,1
-1406967,774341,1
-1406966,769726,1
-1406966,769961,1
-1406966,770512,1
-1406966,771371,1
-1406966,771377,1
-1406966,772881,1
-1406966,772905,1
-1406966,773014,1
-1406966,773287,1
-1406966,773318,1
-1406966,773596,1
-1406966,773739,5
-1406966,773748,1
-1406966,773768,1
-1406966,773775,21
-1406966,773846,1
-1406966,773860,1
-1406966,773925,6
-1406966,773931,1
-1406966,773935,2
-1406966,773996,2
-1406966,774074,1
-1406966,774206,1
-1406966,774224,1
-1406966,774343,1
-1406966,774347,1
-1406966,774351,1
-1406965,769684,1
-1406965,769687,1
-1406965,771945,1
-1406965,771949,1
-1406965,771952,1
-1406965,772143,1
-1406965,772161,1
-1406965,772165,1
-1406965,772181,1
-1406965,772622,1
-1406965,772734,1
-1406965,772805,1
-1406965,772871,1
-1406965,772968,1
-1406965,773022,1
-1406965,773189,1
-1406965,773327,1
-1406965,773332,1
-1406965,773347,1
-1406965,773585,1
-1406965,773924,1
-1406965,773925,1
-1406965,773980,1
-1406965,773991,1
-1406965,774208,1
-1406965,774211,1
-1406965,774218,2
-1406965,774346,1
-1406964,771403,1
-1406964,771938,1
-1406964,771953,1
-1406964,771974,1
-1406964,772149,1
-1406964,772867,1
-1406964,772975,1
-1406964,773023,1
-1406964,773050,1
-1406964,773168,1
-1406964,773242,1
-1406964,773375,1
-1406964,773528,1
-1406964,773559,1
-1406964,773882,1
-1406964,773925,2
-1406964,773995,1
-1406964,774195,1
-1406964,774349,1
-1406963,770663,1
-1406963,771377,1
-1406963,771625,1
-1406963,771978,1
-1406963,771981,1
-1406963,772160,1
-1406963,772174,1
-1406963,772184,3
-1406963,772188,1
-1406963,772202,2
-1406963,772204,1
-1406963,772205,1
-1406963,772214,1
-1406963,772427,1
-1406963,772877,1
-1406963,772905,1
-1406963,773002,1
-1406963,773268,1
-1406963,773306,1
-1406963,773789,1
-1406963,773881,1
-1406963,773924,1
-1406963,773934,1
-1406963,773960,1
-1406963,773970,1
-1406963,774027,1
-1406963,774058,1
-1406963,774078,2
-1406962,771873,3
-1406962,771978,1
-1406962,772113,1
-1406962,772120,3
-1406962,772144,1
-1406962,772414,1
-1406962,772697,1
-1406962,772734,1
-1406962,772888,1
-1406962,772890,1
-1406962,773246,1
-1406962,773304,1
-1406962,773323,1
-1406962,773367,1
-1406962,773382,2
-1406962,773397,1
-1406962,773731,1
-1406962,773742,1
-1406962,773924,2
-1406962,773946,1
-1406962,773961,2
-1406962,774013,1
-1406962,774022,1
-1406962,774042,1
-1406962,774085,1
-1406962,774205,6
-1406962,774208,1
-1406961,771901,1
-1406961,771906,1
-1406961,771922,1
-1406961,771978,1
-1406961,772196,1
-1406961,772255,1
-1406961,772733,1
-1406961,772956,1
-1406961,773006,1
-1406961,773024,1
-1406961,773330,1
-1406961,773348,1
-1406961,773380,1
-1406961,773425,1
-1406961,773718,1
-1406961,773919,1
-1406961,773928,1
-1406961,773930,3
-1406961,773931,1
-1406961,773984,1
-1406961,773995,2
-1406961,774205,1
-1406961,774206,1
-1406961,774221,1
-1406960,770241,1
-1406960,771105,1
-1406960,771108,1
-1406960,772012,1
-1406960,772018,1
-1406960,772030,1
-1406960,772035,1
-1406960,772730,1
-1406960,772859,1
-1406960,772864,1
-1406960,772866,1
-1406960,772941,1
-1406960,773048,1
-1406960,773245,1
-1406960,773370,1
-1406960,773710,5
-1406960,773744,1
-1406960,773954,1
-1406960,774063,1
-1406960,774088,1
-1406960,774200,2
-1406960,774215,1
-1406960,774318,1
-1406959,771406,1
-1406959,772010,1
-1406959,772095,1
-1406959,772168,1
-1406959,772373,1
-1406959,772430,1
-1406959,772621,1
-1406959,772684,1
-1406959,772901,1
-1406959,773009,1
-1406959,773013,1
-1406959,773161,1
-1406959,773207,1
-1406959,773380,1
-1406959,773475,1
-1406959,773914,1
-1406959,773921,1
-1406959,773926,2
-1406959,773977,1
-1406959,773996,1
-1406959,774019,1
-1406959,774024,1
-1406959,774025,1
-1406959,774036,1
-1406959,774037,1
-1406959,774207,1
-1406959,774219,2
-1406959,774220,1
-1406958,771809,1
-1406958,772032,1
-1406958,772109,1
-1406958,772695,1
-1406958,772829,1
-1406958,772860,1
-1406958,773008,1
-1406958,773025,1
-1406958,773029,1
-1406958,773032,1
-1406958,773170,1
-1406958,773238,1
-1406958,773252,1
-1406958,773282,1
-1406958,773291,1
-1406958,773480,1
-1406958,773585,1
-1406958,773602,1
-1406958,773718,1
-1406958,773779,1
-1406958,773785,1
-1406958,773798,1
-1406958,773890,2
-1406958,773970,1
-1406958,773982,2
-1406958,774004,1
-1406958,774006,1
-1406958,774070,1
-1406958,774080,1
-1406958,774200,1
-1406957,769896,1
-1406957,771611,1
-1406957,772008,1
-1406957,772206,1
-1406957,772207,1
-1406957,772289,1
-1406957,772845,1
-1406957,772859,1
-1406957,772883,1
-1406957,772902,1
-1406957,772972,1
-1406957,773003,1
-1406957,773027,1
-1406957,773263,1
-1406957,773338,1
-1406957,773348,1
-1406957,773476,1
-1406957,773499,1
-1406957,773707,1
-1406957,773711,1
-1406957,773777,1
-1406957,773831,1
-1406957,773925,1
-1406957,773926,3
-1406957,773927,2
-1406957,773928,2
-1406957,773942,2
-1406957,773993,1
-1406957,773996,1
-1406957,774025,1
-1406957,774039,1
-1406957,774108,1
-1406956,771953,1
-1406956,772096,1
-1406956,772201,1
-1406956,772340,1
-1406956,772362,1
-1406956,772402,1
-1406956,772638,1
-1406956,772678,1
-1406956,772771,1
-1406956,772834,1
-1406956,772974,1
-1406956,773029,1
-1406956,773084,1
-1406956,773269,1
-1406956,773299,1
-1406956,773313,1
-1406956,773332,1
-1406956,773383,2
-1406956,773466,1
-1406956,773761,1
-1406956,773884,1
-1406956,774105,1
-1406956,774217,1
-1406955,769870,1
-1406955,771406,1
-1406955,771609,1
-1406955,771613,1
-1406955,771624,1
-1406955,771966,1
-1406955,772000,1
-1406955,772037,1
-1406955,772166,1
-1406955,772172,1
-1406955,772204,1
-1406955,772213,1
-1406955,772573,1
-1406955,772844,1
-1406955,772954,1
-1406955,773006,1
-1406955,773023,1
-1406955,773235,1
-1406955,773384,1
-1406955,773513,1
-1406955,773525,1
-1406955,773580,1
-1406955,773612,1
-1406955,773732,1
-1406955,773836,1
-1406955,773909,1
-1406955,773917,1
-1406955,773923,4
-1406955,773924,1
-1406955,774209,2
-1406955,774214,7
-1406954,769854,1
-1406954,771555,1
-1406954,771951,1
-1406954,771960,1
-1406954,772002,1
-1406954,772091,1
-1406954,772156,1
-1406954,772574,1
-1406954,772749,1
-1406954,772830,1
-1406954,772885,1
-1406954,772930,1
-1406954,772937,1
-1406954,773016,1
-1406954,773124,1
-1406954,773298,1
-1406954,773522,1
-1406954,773698,1
-1406954,773705,1
-1406954,773782,1
-1406954,773933,1
-1406954,773982,1
-1406954,774035,1
-1406954,774060,1
-1406954,774065,1
-1406954,774075,1
-1406954,774107,1
-1406954,774141,13
-1406954,774214,1
-1406953,769999,1
-1406953,771131,1
-1406953,771417,1
-1406953,771950,1
-1406953,771970,1
-1406953,771986,1
-1406953,772172,1
-1406953,772327,1
-1406953,772443,1
-1406953,772819,1
-1406953,772839,1
-1406953,772850,1
-1406953,772858,1
-1406953,772873,1
-1406953,773021,1
-1406953,773026,1
-1406953,773200,1
-1406953,773201,1
-1406953,773204,1
-1406953,773287,1
-1406953,773470,1
-1406953,773478,1
-1406953,773520,1
-1406953,773552,1
-1406953,773809,1
-1406953,773895,1
-1406953,773921,1
-1406953,774005,1
-1406953,774020,1
-1406953,774072,1
-1406953,774179,1
-1406953,774199,5
-1406953,774200,1
-1406952,770778,1
-1406952,771434,1
-1406952,771927,1
-1406952,772097,1
-1406952,772203,1
-1406952,772796,1
-1406952,772850,1
-1406952,772873,2
-1406952,773201,1
-1406952,773282,1
-1406952,773594,4
-1406952,773703,1
-1406952,773764,1
-1406952,773775,1
-1406952,773785,1
-1406952,773918,1
-1406952,774023,1
-1406952,774082,1
-1406952,774086,2
-1406952,774216,1
-1406952,774243,1
-1406951,770016,1
-1406951,770042,1
-1406951,770632,1
-1406951,771147,1
-1406951,771382,1
-1406951,772609,1
-1406951,772814,1
-1406951,772873,1
-1406951,772955,1
-1406951,773024,1
-1406951,773194,1
-1406951,773307,1
-1406951,773357,1
-1406951,773494,7
-1406951,773518,1
-1406951,773697,1
-1406951,773704,1
-1406951,773919,1
-1406951,773952,6
-1406951,773975,1
-1406951,774001,1
-1406951,774009,4
-1406951,774011,1
-1406951,774032,1
-1406951,774194,1
-1406950,771162,1
-1406950,771953,1
-1406950,771999,1
-1406950,772355,1
-1406950,772560,1
-1406950,772686,1
-1406950,772751,1
-1406950,773007,1
-1406950,773009,1
-1406950,773189,1
-1406950,773383,1
-1406950,773436,1
-1406950,773507,1
-1406950,773513,1
-1406950,773684,1
-1406950,773923,1
-1406950,773927,1
-1406950,774173,1
-1406950,774231,1
-1406949,771990,1
-1406949,772164,1
-1406949,772180,1
-1406949,772569,1
-1406949,772688,1
-1406949,772723,1
-1406949,772950,1
-1406949,773021,1
-1406949,773077,1
-1406949,773361,1
-1406949,773510,1
-1406949,773683,1
-1406949,773691,1
-1406949,773862,1
-1406949,773918,2
-1406949,773992,2
-1406949,773995,1
-1406949,774008,3
-1406949,774053,5
-1406949,774109,5
-1406949,774194,1
-1406949,774219,1
-1406948,771395,1
-1406948,771551,1
-1406948,771953,1
-1406948,771957,1
-1406948,772158,1
-1406948,772165,2
-1406948,772169,1
-1406948,772536,1
-1406948,772762,1
-1406948,772836,1
-1406948,772942,1
-1406948,773030,1
-1406948,773206,2
-1406948,773382,1
-1406948,773393,1
-1406948,773452,1
-1406948,773481,1
-1406948,773679,1
-1406948,773707,2
-1406948,773772,1
-1406948,773774,1
-1406948,773782,2
-1406948,773918,1
-1406948,773919,1
-1406948,773925,1
-1406948,774007,1
-1406948,774025,1
-1406948,774194,2
-1406948,774218,2
-1406947,769976,1
-1406947,772154,1
-1406947,772162,1
-1406947,772548,1
-1406947,772750,1
-1406947,772775,1
-1406947,772812,1
-1406947,772904,1
-1406947,773080,1
-1406947,773284,1
-1406947,773302,1
-1406947,773530,1
-1406947,773896,1
-1406947,773916,1
-1406947,773977,1
-1406947,773990,1
-1406947,774078,1
-1406947,774226,1
-1406947,774229,1
-1406946,769707,1
-1406946,770004,1
-1406946,771179,1
-1406946,771953,2
-1406946,772171,1
-1406946,772173,1
-1406946,772291,1
-1406946,772688,1
-1406946,772848,1
-1406946,772856,1
-1406946,772954,1
-1406946,772984,1
-1406946,773377,1
-1406946,773399,1
-1406946,773530,1
-1406946,773531,1
-1406946,773778,1
-1406946,773905,1
-1406946,774009,2
-1406946,774012,1
-1406946,774193,1
-1406945,771079,1
-1406945,771190,1
-1406945,771603,1
-1406945,771924,1
-1406945,771963,1
-1406945,771995,1
-1406945,772161,1
-1406945,772177,1
-1406945,772184,1
-1406945,772190,1
-1406945,772292,1
-1406945,772725,1
-1406945,772835,1
-1406945,772952,1
-1406945,773073,1
-1406945,773082,1
-1406945,773393,1
-1406945,773730,1
-1406945,773754,1
-1406945,773806,1
-1406945,773914,1
-1406945,773968,1
-1406945,774006,1
-1406945,774042,1
-1406945,774111,1
-1406945,774178,1
-1406945,774187,3
-1406945,774189,1
-1406945,774242,1
-1406944,770604,1
-1406944,771241,1
-1406944,771944,1
-1406944,772770,1
-1406944,773056,1
-1406944,773292,1
-1406944,773381,2
-1406944,773533,1
-1406944,773565,1
-1406944,773735,1
-1406944,773758,1
-1406944,773797,1
-1406944,773802,2
-1406944,773825,2
-1406944,773916,2
-1406944,773923,1
-1406944,773958,2
-1406944,773973,1
-1406944,774047,1
-1406944,774051,1
-1406944,774194,1
-1406943,770074,1
-1406943,771934,1
-1406943,771960,1
-1406943,771994,1
-1406943,772146,1
-1406943,772217,1
-1406943,772834,1
-1406943,772842,1
-1406943,772858,1
-1406943,773300,1
-1406943,773460,1
-1406943,773470,1
-1406943,773783,1
-1406943,773827,1
-1406943,773910,1
-1406943,773917,1
-1406943,773918,3
-1406943,773966,1
-1406943,774190,5
-1406943,774194,1
-1406943,774198,1
-1406942,771627,1
-1406942,771961,1
-1406942,771974,1
-1406942,772081,1
-1406942,772167,2
-1406942,772851,2
-1406942,772955,1
-1406942,772968,1
-1406942,773002,1
-1406942,773006,1
-1406942,773010,1
-1406942,773023,1
-1406942,773032,1
-1406942,773591,1
-1406942,773768,1
-1406942,773798,3
-1406942,773879,1
-1406942,773889,1
-1406942,773958,1
-1406942,774055,1
-1406942,774178,1
-1406942,774229,1
-1406941,771908,1
-1406941,771973,1
-1406941,771993,1
-1406941,772189,1
-1406941,772362,1
-1406941,772588,1
-1406941,773056,1
-1406941,773071,1
-1406941,773075,1
-1406941,773207,1
-1406941,773267,1
-1406941,773290,1
-1406941,773453,1
-1406941,773460,1
-1406941,773719,1
-1406941,773793,1
-1406941,773879,1
-1406941,773898,1
-1406941,773958,1
-1406941,774018,1
-1406941,774041,7
-1406941,774083,1
-1406941,774178,1
-1406941,774189,1
-1406940,769713,1
-1406940,769945,1
-1406940,770077,1
-1406940,771990,1
-1406940,772176,1
-1406940,772204,1
-1406940,772290,1
-1406940,772689,1
-1406940,772954,1
-1406940,772955,1
-1406940,772968,1
-1406940,773023,1
-1406940,773398,2
-1406940,773598,1
-1406940,773779,1
-1406940,773872,1
-1406940,773899,1
-1406940,773916,2
-1406940,773919,1
-1406940,773920,1
-1406940,773926,1
-1406940,774314,1
-1406939,771410,1
-1406939,771962,1
-1406939,771982,1
-1406939,772000,1
-1406939,772161,1
-1406939,772180,1
-1406939,772181,1
-1406939,772188,1
-1406939,772190,1
-1406939,772192,1
-1406939,772864,1
-1406939,772919,1
-1406939,773008,1
-1406939,773022,1
-1406939,773037,1
-1406939,773292,1
-1406939,773394,1
-1406939,773522,1
-1406939,773630,1
-1406939,773675,1
-1406939,773682,1
-1406939,773796,1
-1406939,773901,1
-1406939,773917,5
-1406939,773997,1
-1406939,774005,1
-1406938,770598,1
-1406938,772161,1
-1406938,772190,1
-1406938,772410,1
-1406938,772751,1
-1406938,773057,1
-1406938,773078,1
-1406938,773287,1
-1406938,773288,1
-1406938,773294,1
-1406938,773526,1
-1406938,773815,3
-1406938,773830,27
-1406938,773907,1
-1406938,773915,1
-1406938,773976,1
-1406938,774233,1
-1406937,771616,1
-1406937,771765,1
-1406937,771807,1
-1406937,772014,1
-1406937,772191,1
-1406937,772201,1
-1406937,772574,1
-1406937,772705,1
-1406937,772831,1
-1406937,772861,1
-1406937,773022,1
-1406937,773096,1
-1406937,773458,1
-1406937,773512,1
-1406937,773591,1
-1406937,773804,1
-1406937,773917,3
-1406937,773922,2
-1406937,773948,1
-1406937,774019,1
-1406937,774027,1
-1406937,774035,1
-1406937,774188,1
-1406937,774190,1
-1406937,774195,1
-1406936,770713,1
-1406936,771798,5
-1406936,771961,3
-1406936,771970,1
-1406936,772143,1
-1406936,772185,1
-1406936,772187,1
-1406936,772223,1
-1406936,772228,1
-1406936,773711,1
-1406936,773900,1
-1406936,773901,1
-1406936,773913,1
-1406936,773945,1
-1406936,773994,1
-1406936,774010,2
-1406936,774018,1
-1406936,774056,1
-1406936,774175,1
-1406936,774184,1
-1406936,774186,1
-1406935,770142,1
-1406935,771369,1
-1406935,771424,1
-1406935,771636,1
-1406935,771896,1
-1406935,771958,1
-1406935,772090,1
-1406935,772143,1
-1406935,772185,1
-1406935,772187,1
-1406935,772196,1
-1406935,772829,1
-1406935,772992,1
-1406935,773026,1
-1406935,773028,1
-1406935,773081,1
-1406935,773213,1
-1406935,773245,1
-1406935,773403,1
-1406935,773465,1
-1406935,773711,1
-1406935,773813,1
-1406935,773902,2
-1406935,773918,1
-1406935,773977,1
-1406935,774021,1
-1406935,774056,1
-1406935,774184,23
-1406935,774204,1
-1406934,769766,1
-1406934,771949,1
-1406934,771956,1
-1406934,771959,1
-1406934,771972,1
-1406934,771975,1
-1406934,772062,1
-1406934,772114,1
-1406934,772161,1
-1406934,772185,1
-1406934,772186,1
-1406934,773005,1
-1406934,773025,1
-1406934,773060,1
-1406934,773081,2
-1406934,773082,1
-1406934,773454,1
-1406934,773665,1
-1406934,773704,1
-1406934,773791,1
-1406934,773795,1
-1406934,773822,1
-1406934,773850,1
-1406934,774183,1
-1406934,774204,1
-1406934,774206,1
-1406933,770778,1
-1406933,771793,1
-1406933,771957,2
-1406933,771960,1
-1406933,771985,1
-1406933,772177,1
-1406933,772183,1
-1406933,772406,1
-1406933,772599,1
-1406933,772900,1
-1406933,772933,1
-1406933,773026,1
-1406933,773085,2
-1406933,773118,1
-1406933,773286,1
-1406933,773471,1
-1406933,773585,1
-1406933,773812,1
-1406933,773914,1
-1406933,773955,1
-1406933,773976,1
-1406933,773981,1
-1406933,774018,1
-1406933,774027,1
-1406933,774180,1
-1406932,771364,2
-1406932,771894,1
-1406932,771922,1
-1406932,771955,1
-1406932,771964,1
-1406932,771975,1
-1406932,772034,1
-1406932,772113,1
-1406932,772188,1
-1406932,772495,1
-1406932,773046,1
-1406932,773083,1
-1406932,773084,1
-1406932,773085,1
-1406932,773274,1
-1406932,773770,1
-1406932,773790,1
-1406932,773822,1
-1406932,773828,1
-1406932,773914,1
-1406932,773917,1
-1406932,773924,1
-1406932,774023,1
-1406932,774051,2
-1406932,774075,1
-1406932,774187,1
-1406932,774199,1
-1406931,769714,1
-1406931,771364,1
-1406931,771626,1
-1406931,771952,1
-1406931,771955,3
-1406931,771962,2
-1406931,772013,1
-1406931,772447,1
-1406931,772690,1
-1406931,773027,1
-1406931,773033,1
-1406931,773082,1
-1406931,773084,1
-1406931,773198,1
-1406931,773277,1
-1406931,773397,1
-1406931,773432,1
-1406931,773457,1
-1406931,773691,1
-1406931,773854,1
-1406931,773898,1
-1406931,773911,1
-1406931,773914,2
-1406931,773920,1
-1406931,773928,2
-1406931,774002,4
-1406931,774010,1
-1406931,774012,2
-1406931,774014,2
-1406931,774021,1
-1406930,770708,1
-1406930,770711,1
-1406930,771955,1
-1406930,771968,1
-1406930,772166,1
-1406930,772431,1
-1406930,772695,1
-1406930,773017,1
-1406930,773029,1
-1406930,773425,1
-1406930,773534,1
-1406930,773548,1
-1406930,773665,1
-1406930,773816,1
-1406930,774024,1
-1406930,774184,1
-1406930,774203,1
-1406930,774214,1
-1406930,774388,1
-1406929,770704,1
-1406929,770714,1
-1406929,771404,1
-1406929,771624,1
-1406929,771625,1
-1406929,771789,1
-1406929,771920,1
-1406929,772008,1
-1406929,772116,1
-1406929,772372,1
-1406929,772688,1
-1406929,772852,1
-1406929,773410,1
-1406929,773417,1
-1406929,773431,1
-1406929,773434,1
-1406929,773453,2
-1406929,773587,1
-1406929,773647,1
-1406929,773664,2
-1406929,773684,1
-1406929,774184,1
-1406929,774185,1
-1406929,774186,1
-1406929,774208,1
-1406928,769708,1
-1406928,769717,1
-1406928,771623,2
-1406928,771625,1
-1406928,771694,1
-1406928,771956,1
-1406928,772233,2
-1406928,772276,1
-1406928,772298,1
-1406928,772370,1
-1406928,772867,1
-1406928,772965,1
-1406928,773033,1
-1406928,773261,1
-1406928,773391,1
-1406928,773445,1
-1406928,773449,1
-1406928,773468,1
-1406928,773472,1
-1406928,773504,1
-1406928,773541,1
-1406928,773664,1
-1406928,773788,2
-1406928,773790,1
-1406928,773911,1
-1406928,773949,1
-1406928,773954,1
-1406928,773986,1
-1406928,774005,1
-1406928,774015,1
-1406928,774019,1
-1406928,774200,1
-1406927,771916,1
-1406927,771924,1
-1406927,771925,1
-1406927,771953,1
-1406927,771967,1
-1406927,771968,1
-1406927,772034,1
-1406927,772117,1
-1406927,772223,1
-1406927,772809,1
-1406927,773081,1
-1406927,773241,1
-1406927,773452,1
-1406927,773660,1
-1406927,773715,1
-1406927,773912,1
-1406927,774179,1
-1406927,774183,1
-1406927,774206,1
-1406926,770078,1
-1406926,770416,1
-1406926,771438,1
-1406926,771950,1
-1406926,771951,1
-1406926,771956,2
-1406926,772000,1
-1406926,772262,1
-1406926,772363,1
-1406926,772375,1
-1406926,772388,1
-1406926,772390,1
-1406926,772848,1
-1406926,772919,1
-1406926,772934,1
-1406926,773035,1
-1406926,773335,1
-1406926,773339,1
-1406926,773350,1
-1406926,773398,1
-1406926,773408,1
-1406926,773415,1
-1406926,773418,1
-1406926,773422,1
-1406926,773431,2
-1406926,773579,5
-1406926,773584,1
-1406926,773851,1
-1406926,773905,2
-1406926,773912,1
-1406926,773926,5
-1406926,773969,4
-1406926,774020,1
-1406926,774174,1
-1406926,774182,1
-1406926,774185,1
-1406925,770026,1
-1406925,771883,1
-1406925,771921,1
-1406925,771952,1
-1406925,771962,1
-1406925,772429,1
-1406925,772535,1
-1406925,772978,1
-1406925,773302,1
-1406925,773338,1
-1406925,773400,1
-1406925,773411,1
-1406925,773417,1
-1406925,773418,1
-1406925,773420,1
-1406925,773902,1
-1406925,773919,1
-1406925,774002,1
-1406925,774015,1
-1406925,774021,4
-1406925,774079,1
-1406925,774185,1
-1406925,774316,1
-1406924,770080,1
-1406924,770585,1
-1406924,770594,1
-1406924,771463,1
-1406924,771480,1
-1406924,771871,1
-1406924,771953,1
-1406924,772005,1
-1406924,772328,1
-1406924,772364,1
-1406924,772365,1
-1406924,772683,1
-1406924,772752,1
-1406924,772830,1
-1406924,772846,1
-1406924,772849,5
-1406924,773036,1
-1406924,773037,1
-1406924,773243,1
-1406924,773289,1
-1406924,773292,1
-1406924,773322,1
-1406924,773332,1
-1406924,773337,1
-1406924,773338,1
-1406924,773360,1
-1406924,773410,1
-1406924,773769,1
-1406924,773834,1
-1406924,773851,1
-1406924,773857,1
-1406924,773860,1
-1406924,774185,1
-1406924,774200,1
-1406923,771975,1
-1406923,772018,1
-1406923,772151,1
-1406923,772204,2
-1406923,772234,1
-1406923,772361,1
-1406923,772362,1
-1406923,772455,1
-1406923,773087,1
-1406923,773245,1
-1406923,773339,1
-1406923,773340,1
-1406923,773350,1
-1406923,773397,1
-1406923,773436,1
-1406923,773452,1
-1406923,773689,1
-1406923,773714,1
-1406923,773734,1
-1406923,773820,1
-1406923,773839,1
-1406923,773860,4
-1406923,773872,1
-1406923,774001,1
-1406923,774019,1
-1406923,774179,1
-1406922,771614,1
-1406922,771953,1
-1406922,771958,1
-1406922,771974,1
-1406922,771983,1
-1406922,772009,1
-1406922,772192,1
-1406922,772262,1
-1406922,772441,1
-1406922,772452,1
-1406922,772901,1
-1406922,773091,1
-1406922,773212,1
-1406922,773280,1
-1406922,773311,1
-1406922,773426,1
-1406922,773444,1
-1406922,773449,1
-1406922,773454,1
-1406922,773492,1
-1406922,773789,1
-1406922,773824,1
-1406922,773840,1
-1406922,773853,1
-1406922,773854,1
-1406922,773862,2
-1406922,773863,2
-1406922,773923,1
-1406922,773925,1
-1406922,773933,2
-1406922,774013,1
-1406922,774182,1
-1406922,774188,1
-1406922,774345,1
-1406921,771497,1
-1406921,771948,1
-1406921,771953,1
-1406921,772013,1
-1406921,772059,1
-1406921,772570,1
-1406921,772681,1
-1406921,772856,1
-1406921,773001,1
-1406921,773036,1
-1406921,773037,1
-1406921,773043,1
-1406921,773047,1
-1406921,773221,1
-1406921,773301,1
-1406921,773307,1
-1406921,773348,1
-1406921,773396,1
-1406921,773423,2
-1406921,773426,1
-1406921,773446,1
-1406921,773683,1
-1406921,773822,1
-1406921,773841,1
-1406921,773864,1
-1406921,773915,1
-1406921,773927,1
-1406921,774010,1
-1406921,774017,1
-1406921,774106,1
-1406921,774181,2
-1406921,774190,1
-1406921,774191,1
-1406920,769904,1
-1406920,770015,1
-1406920,771504,1
-1406920,771952,1
-1406920,771953,1
-1406920,771954,8
-1406920,771962,1
-1406920,771984,1
-1406920,772146,1
-1406920,772365,1
-1406920,772514,1
-1406920,772693,1
-1406920,773014,2
-1406920,773311,2
-1406920,773347,1
-1406920,773432,1
-1406920,773547,1
-1406920,773598,1
-1406920,773763,1
-1406920,773767,1
-1406920,773832,2
-1406920,773854,1
-1406920,773862,1
-1406920,773874,1
-1406920,773901,1
-1406920,773911,1
-1406920,773913,2
-1406920,773919,1
-1406920,773962,2
-1406920,774022,1
-1406920,774180,1
-1406919,770661,1
-1406919,771307,1
-1406919,771322,1
-1406919,771616,2
-1406919,771938,1
-1406919,771949,1
-1406919,771954,1
-1406919,771957,1
-1406919,771960,1
-1406919,771961,1
-1406919,772459,1
-1406919,772476,1
-1406919,772657,1
-1406919,772780,1
-1406919,772793,1
-1406919,772830,1
-1406919,772911,1
-1406919,772915,1
-1406919,772999,1
-1406919,773070,1
-1406919,773317,1
-1406919,773341,1
-1406919,773417,1
-1406919,773714,1
-1406919,773775,1
-1406919,773853,2
-1406919,773856,1
-1406919,773858,3
-1406919,773869,1
-1406919,773871,1
-1406919,773900,1
-1406919,773914,1
-1406919,773915,1
-1406919,773919,1
-1406919,774023,1
-1406919,774182,1
-1406918,769862,1
-1406918,769879,1
-1406918,769997,1
-1406918,770551,1
-1406918,770557,1
-1406918,771849,1
-1406918,771851,1
-1406918,771855,1
-1406918,771993,1
-1406918,771994,3
-1406918,772001,1
-1406918,773228,1
-1406918,773405,1
-1406918,773546,1
-1406918,773555,1
-1406918,773620,1
-1406918,773713,1
-1406918,773842,1
-1406918,773853,1
-1406918,773856,1
-1406918,773862,1
-1406918,773868,2
-1406918,773873,1
-1406918,773881,1
-1406918,773900,1
-1406918,773904,1
-1406918,773953,1
-1406918,773974,1
-1406918,773995,1
-1406918,774017,1
-1406918,774018,1
-1406918,774026,1
-1406918,774181,1
-1406918,774188,1
-1406918,774189,1
-1406918,774192,1
-1406918,774193,1
-1406917,769685,1
-1406917,769721,1
-1406917,769886,1
-1406917,769890,1
-1406917,770078,1
-1406917,771481,1
-1406917,771851,1
-1406917,771857,1
-1406917,771952,1
-1406917,771969,1
-1406917,771970,1
-1406917,771985,1
-1406917,772097,1
-1406917,772277,1
-1406917,772364,1
-1406917,772593,1
-1406917,772695,1
-1406917,772792,2
-1406917,772844,1
-1406917,773030,1
-1406917,773038,1
-1406917,773084,1
-1406917,773424,1
-1406917,773439,1
-1406917,773445,1
-1406917,773469,1
-1406917,773653,1
-1406917,773681,1
-1406917,773699,1
-1406917,773773,1
-1406917,773837,1
-1406917,773851,2
-1406917,773852,2
-1406917,773858,3
-1406917,773860,1
-1406917,773863,1
-1406917,773867,3
-1406917,773913,1
-1406917,774018,3
-1406917,774065,1
-1406917,774181,1
-1406916,771424,8
-1406916,771609,1
-1406916,771824,1
-1406916,771858,1
-1406916,771986,1
-1406916,771991,26
-1406916,772003,1
-1406916,772004,1
-1406916,772006,1
-1406916,772213,1
-1406916,772311,1
-1406916,772822,1
-1406916,772851,2
-1406916,772855,1
-1406916,772999,1
-1406916,773006,1
-1406916,773304,1
-1406916,773313,1
-1406916,773340,1
-1406916,773404,1
-1406916,773415,1
-1406916,773768,1
-1406916,773853,2
-1406916,773854,2
-1406916,773857,1
-1406916,773858,2
-1406916,773865,1
-1406916,773897,1
-1406916,773902,1
-1406916,773903,1
-1406916,773912,1
-1406916,773916,1
-1406916,773917,1
-1406916,773924,1
-1406916,774068,1
-1406916,774074,1
-1406916,774185,1
-1406915,771140,1
-1406915,771422,1
-1406915,771848,1
-1406915,771958,1
-1406915,771962,1
-1406915,771963,1
-1406915,771969,1
-1406915,771975,1
-1406915,771985,1
-1406915,771993,1
-1406915,771995,1
-1406915,772319,1
-1406915,772791,1
-1406915,772792,1
-1406915,772894,1
-1406915,772910,1
-1406915,772991,1
-1406915,773039,1
-1406915,773048,1
-1406915,773086,1
-1406915,773326,1
-1406915,773346,1
-1406915,773435,1
-1406915,773437,1
-1406915,773469,1
-1406915,773588,1
-1406915,773662,1
-1406915,773847,2
-1406915,773850,1
-1406915,773853,2
-1406915,773856,2
-1406915,773858,2
-1406915,773895,2
-1406915,773905,1
-1406915,773907,1
-1406915,773910,1
-1406915,773921,4
-1406915,774025,1
-1406915,774070,1
-1406915,774100,1
-1406915,774180,1
-1406914,769720,1
-1406914,770410,1
-1406914,770646,1
-1406914,771516,1
-1406914,771612,2
-1406914,771846,1
-1406914,771921,1
-1406914,771949,1
-1406914,771956,1
-1406914,771983,1
-1406914,772000,1
-1406914,772002,1
-1406914,772204,1
-1406914,772395,1
-1406914,772527,1
-1406914,772831,1
-1406914,773278,1
-1406914,773310,1
-1406914,773417,1
-1406914,773421,1
-1406914,773464,1
-1406914,773597,1
-1406914,773620,1
-1406914,773852,1
-1406914,773855,1
-1406914,773862,4
-1406914,773866,1
-1406914,773869,1
-1406914,773872,1
-1406914,774018,1
-1406914,774019,3
-1406914,774026,1
-1406914,774185,1
-1406913,770543,1
-1406913,770550,6
-1406913,770638,1
-1406913,771565,1
-1406913,771847,1
-1406913,771875,1
-1406913,771951,1
-1406913,771986,11
-1406913,772002,1
-1406913,772592,1
-1406913,772674,1
-1406913,772796,1
-1406913,772831,1
-1406913,772895,1
-1406913,772907,1
-1406913,773232,1
-1406913,773267,1
-1406913,773341,1
-1406913,773584,1
-1406913,773686,1
-1406913,773828,1
-1406913,773854,1
-1406913,773855,1
-1406913,773862,2
-1406913,773901,1
-1406913,773923,1
-1406913,773983,1
-1406913,774077,1
-1406913,774083,4
-1406913,774327,1
-1406912,769710,1
-1406912,770472,1
-1406912,771411,1
-1406912,771714,1
-1406912,771808,4
-1406912,771870,1
-1406912,771969,4
-1406912,771986,1
-1406912,772001,1
-1406912,772447,1
-1406912,772592,1
-1406912,773418,1
-1406912,773436,1
-1406912,773455,1
-1406912,773587,1
-1406912,773733,1
-1406912,773861,2
-1406912,773863,2
-1406912,773872,1
-1406912,773875,1
-1406912,773883,1
-1406912,774080,1
-1406912,774081,1
-1406912,774082,1
-1406912,774184,1
-1406912,774190,1
-1406911,769691,2
-1406911,769733,1
-1406911,769793,1
-1406911,770503,1
-1406911,771079,1
-1406911,771383,7
-1406911,771882,3
-1406911,771960,1
-1406911,771991,3
-1406911,771996,1
-1406911,772006,1
-1406911,772007,1
-1406911,772013,1
-1406911,772019,1
-1406911,772205,1
-1406911,772389,1
-1406911,772398,1
-1406911,772884,6
-1406911,772979,1
-1406911,773004,1
-1406911,773321,1
-1406911,773374,1
-1406911,773447,1
-1406911,773456,1
-1406911,773857,7
-1406911,773858,1
-1406911,773859,1
-1406911,773869,6
-1406911,773878,2
-1406911,773903,1
-1406911,773920,1
-1406911,773987,2
-1406911,774013,2
-1406911,774020,2
-1406911,774085,2
-1406911,774180,1
-1406911,774207,1
-1406910,770641,1
-1406910,771128,1
-1406910,771214,1
-1406910,771477,1
-1406910,771825,1
-1406910,771940,1
-1406910,771945,1
-1406910,771950,1
-1406910,771959,1
-1406910,771962,1
-1406910,771991,1
-1406910,771996,1
-1406910,771997,1
-1406910,772004,1
-1406910,772011,1
-1406910,772036,1
-1406910,772383,1
-1406910,772621,1
-1406910,772758,1
-1406910,772879,1
-1406910,772996,1
-1406910,772999,1
-1406910,773002,1
-1406910,773004,2
-1406910,773005,5
-1406910,773006,12
-1406910,773132,1
-1406910,773306,1
-1406910,773318,1
-1406910,773542,1
-1406910,773548,1
-1406910,773857,3
-1406910,773861,4
-1406910,773862,5
-1406910,773872,1
-1406910,773873,1
-1406910,773886,1
-1406910,773894,5
-1406910,773901,3
-1406910,774023,2
-1406910,774027,1
-1406910,774028,1
-1406909,769706,1
-1406909,769904,6
-1406909,770355,1
-1406909,770495,1
-1406909,770529,1
-1406909,771377,1
-1406909,771399,1
-1406909,771487,1
-1406909,771840,1
-1406909,771853,1
-1406909,771955,1
-1406909,771979,1
-1406909,771989,1
-1406909,771995,5
-1406909,772030,1
-1406909,772689,1
-1406909,772997,1
-1406909,773005,2
-1406909,773006,2
-1406909,773007,1
-1406909,773019,1
-1406909,773036,1
-1406909,773084,1
-1406909,773275,1
-1406909,773301,1
-1406909,773448,1
-1406909,773546,1
-1406909,773659,1
-1406909,773854,1
-1406909,773862,2
-1406909,773866,1
-1406909,773876,3
-1406909,773909,3
-1406909,773913,2
-1406909,773915,1
-1406909,774075,1
-1406909,774080,1
-1406909,774208,1
-1406908,769713,1
-1406908,770175,1
-1406908,770635,1
-1406908,771381,1
-1406908,771386,1
-1406908,771974,1
-1406908,771992,1
-1406908,772001,1
-1406908,772390,1
-1406908,772393,1
-1406908,772535,1
-1406908,772890,1
-1406908,772896,1
-1406908,773050,1
-1406908,773065,1
-1406908,773332,1
-1406908,773436,1
-1406908,773449,2
-1406908,773453,1
-1406908,773536,2
-1406908,773662,1
-1406908,773864,1
-1406908,773865,5
-1406908,773876,1
-1406908,773893,1
-1406908,773894,1
-1406908,773911,1
-1406908,773919,1
-1406908,774020,1
-1406908,774054,1
-1406908,774073,1
-1406908,774080,2
-1406908,774185,1
-1406907,769685,1
-1406907,769860,2
-1406907,769890,1
-1406907,770560,1
-1406907,771493,1
-1406907,771498,1
-1406907,771819,1
-1406907,771879,1
-1406907,771996,1
-1406907,772053,1
-1406907,772109,1
-1406907,772118,1
-1406907,772143,1
-1406907,772389,1
-1406907,772621,1
-1406907,772903,1
-1406907,772974,1
-1406907,773318,1
-1406907,773325,1
-1406907,773441,1
-1406907,773657,1
-1406907,773865,1
-1406907,773867,1
-1406907,773886,1
-1406907,773887,1
-1406907,773893,2
-1406907,773898,1
-1406907,773906,2
-1406907,773975,2
-1406907,774023,1
-1406907,774072,2
-1406907,774073,1
-1406907,774087,1
-1406907,774091,1
-1406907,774161,1
-1406907,774176,1
-1406907,774179,1
-1406907,774379,1
-1406906,770180,1
-1406906,770255,1
-1406906,771372,1
-1406906,771837,1
-1406906,771861,1
-1406906,771976,1
-1406906,771992,1
-1406906,771993,1
-1406906,772770,1
-1406906,772907,1
-1406906,772933,1
-1406906,773379,1
-1406906,773457,1
-1406906,773534,1
-1406906,773826,1
-1406906,773865,1
-1406906,773866,2
-1406906,773876,1
-1406906,773884,1
-1406906,773898,1
-1406906,773900,1
-1406906,773905,3
-1406906,773908,2
-1406906,773915,1
-1406906,773974,2
-1406906,773991,2
-1406906,774059,1
-1406906,774077,3
-1406906,774091,1
-1406906,774179,1
-1406906,774185,1
-1406905,770429,1
-1406905,770517,1
-1406905,770524,1
-1406905,771126,1
-1406905,771830,1
-1406905,771852,1
-1406905,771956,1
-1406905,771987,1
-1406905,771990,1
-1406905,771991,1
-1406905,771999,1
-1406905,772003,2
-1406905,772299,1
-1406905,772477,1
-1406905,772807,1
-1406905,773005,1
-1406905,773029,1
-1406905,773085,1
-1406905,773316,1
-1406905,773339,1
-1406905,773341,1
-1406905,773376,1
-1406905,773400,1
-1406905,773425,1
-1406905,773455,1
-1406905,773457,1
-1406905,773468,1
-1406905,773550,1
-1406905,773792,1
-1406905,773860,1
-1406905,773863,1
-1406905,773867,1
-1406905,773878,1
-1406905,773888,1
-1406905,773895,1
-1406905,773899,3
-1406905,773908,2
-1406905,773971,1
-1406905,774017,2
-1406905,774026,1
-1406905,774034,1
-1406905,774058,1
-1406905,774064,3
-1406905,774076,1
-1406904,770107,1
-1406904,771802,1
-1406904,771957,1
-1406904,771971,1
-1406904,772007,1
-1406904,772465,1
-1406904,772874,1
-1406904,772888,1
-1406904,772898,1
-1406904,773084,1
-1406904,773330,1
-1406904,773483,1
-1406904,773700,1
-1406904,773704,1
-1406904,773863,1
-1406904,773864,1
-1406904,773866,2
-1406904,773868,1
-1406904,773954,1
-1406904,774000,1
-1406904,774027,1
-1406904,774055,1
-1406904,774064,1
-1406904,774070,2
-1406904,774073,1
-1406904,774198,1
-1406903,769936,1
-1406903,770463,1
-1406903,770616,1
-1406903,771116,1
-1406903,771378,1
-1406903,771833,1
-1406903,771870,1
-1406903,771879,1
-1406903,771894,1
-1406903,771938,1
-1406903,771948,1
-1406903,771949,1
-1406903,771954,1
-1406903,771993,1
-1406903,772004,1
-1406903,772006,2
-1406903,772889,1
-1406903,773537,1
-1406903,773611,1
-1406903,773829,1
-1406903,773911,1
-1406903,773925,1
-1406903,773961,2
-1406903,773993,1
-1406903,774042,2
-1406903,774051,3
-1406903,774060,2
-1406903,774179,1
-1406903,774182,1
-1406903,774197,1
-1406902,769716,1
-1406902,771634,1
-1406902,771833,1
-1406902,771875,1
-1406902,771994,1
-1406902,772347,1
-1406902,772461,1
-1406902,772601,1
-1406902,772865,1
-1406902,772891,1
-1406902,772975,1
-1406902,772990,1
-1406902,773038,1
-1406902,773352,1
-1406902,773462,1
-1406902,773659,1
-1406902,773863,1
-1406902,773867,8
-1406902,773868,1
-1406902,773870,1
-1406902,773871,1
-1406902,773913,1
-1406902,773926,1
-1406902,774046,1
-1406902,774052,2
-1406902,774055,3
-1406902,774064,3
-1406902,774072,1
-1406902,774076,2
-1406902,774180,1
-1406902,774185,1
-1406902,774280,1
-1406901,769945,1
-1406901,770524,1
-1406901,770563,1
-1406901,771477,1
-1406901,771855,1
-1406901,771968,1
-1406901,771996,1
-1406901,771997,1
-1406901,772000,1
-1406901,772006,1
-1406901,772049,1
-1406901,772146,1
-1406901,772212,1
-1406901,772848,1
-1406901,772887,1
-1406901,773007,1
-1406901,773264,1
-1406901,773355,1
-1406901,773455,1
-1406901,773457,1
-1406901,773660,1
-1406901,773701,1
-1406901,773867,3
-1406901,773868,1
-1406901,773884,2
-1406901,773897,1
-1406901,773907,16
-1406901,773961,1
-1406901,774016,1
-1406901,774019,1
-1406901,774045,4
-1406901,774055,2
-1406901,774057,2
-1406901,774068,1
-1406901,774069,3
-1406901,774070,2
-1406901,774075,7
-1406901,774078,1
-1406901,774270,1
-1406900,769716,1
-1406900,769860,1
-1406900,771218,1
-1406900,771219,1
-1406900,771525,1
-1406900,771831,1
-1406900,771884,3
-1406900,771944,1
-1406900,771951,3
-1406900,771975,1
-1406900,771987,1
-1406900,772006,1
-1406900,772130,1
-1406900,772141,1
-1406900,772370,1
-1406900,772446,1
-1406900,772864,1
-1406900,772878,1
-1406900,772894,1
-1406900,772905,1
-1406900,773066,1
-1406900,773070,1
-1406900,773196,1
-1406900,773725,1
-1406900,773744,1
-1406900,773755,1
-1406900,773868,1
-1406900,773895,1
-1406900,773905,1
-1406900,773995,1
-1406900,774008,1
-1406900,774017,4
-1406900,774046,8
-1406900,774053,1
-1406900,774057,1
-1406900,774059,8
-1406900,774069,2
-1406900,774077,1
-1406900,774187,1
-1406900,774392,1
-1406899,771404,11
-1406899,771869,1
-1406899,771950,1
-1406899,771965,1
-1406899,772001,1
-1406899,772003,1
-1406899,772004,1
-1406899,772027,1
-1406899,772226,1
-1406899,772432,1
-1406899,772441,1
-1406899,772881,1
-1406899,772947,1
-1406899,773040,2
-1406899,773042,1
-1406899,773146,1
-1406899,773229,1
-1406899,773375,1
-1406899,773459,1
-1406899,773482,1
-1406899,773501,1
-1406899,773652,1
-1406899,773866,1
-1406899,773868,1
-1406899,773878,2
-1406899,773896,1
-1406899,774008,1
-1406899,774051,1
-1406899,774052,1
-1406899,774053,1
-1406899,774054,13
-1406899,774060,4
-1406899,774064,4
-1406899,774069,10
-1406899,774078,2
-1406899,774080,3
-1406899,774095,1
-1406899,774180,1
-1406899,774199,2
-1406898,771854,1
-1406898,771960,1
-1406898,772416,1
-1406898,772433,1
-1406898,772858,1
-1406898,772965,1
-1406898,773867,1
-1406898,773890,1
-1406898,774019,1
-1406898,774042,6
-1406898,774048,2
-1406898,774049,2
-1406898,774056,1
-1406898,774057,3
-1406898,774059,1
-1406898,774077,7
-1406898,774088,2
-1406898,774182,1
-1406898,774188,2
-1406898,774190,1
-1406898,774284,1
-1406897,771352,1
-1406897,771526,1
-1406897,771570,1
-1406897,771881,1
-1406897,771984,1
-1406897,771995,1
-1406897,772001,1
-1406897,772005,1
-1406897,772019,1
-1406897,772429,1
-1406897,772430,2
-1406897,772431,3
-1406897,772501,1
-1406897,772573,1
-1406897,772575,1
-1406897,772855,1
-1406897,772858,1
-1406897,773043,1
-1406897,773559,1
-1406897,773620,1
-1406897,773822,2
-1406897,773867,2
-1406897,773869,1
-1406897,773870,1
-1406897,773931,1
-1406897,773933,1
-1406897,773988,2
-1406897,774039,2
-1406897,774049,3
-1406897,774055,1
-1406897,774057,1
-1406897,774064,1
-1406897,774074,2
-1406897,774077,4
-1406897,774090,3
-1406896,769937,1
-1406896,771972,1
-1406896,772040,1
-1406896,772118,1
-1406896,772194,1
-1406896,772424,1
-1406896,772428,1
-1406896,772429,9
-1406896,772430,1
-1406896,772435,1
-1406896,772448,1
-1406896,772500,1
-1406896,773011,1
-1406896,773096,1
-1406896,773379,1
-1406896,773429,1
-1406896,773548,1
-1406896,773865,1
-1406896,773866,4
-1406896,773867,1
-1406896,773901,1
-1406896,774023,1
-1406896,774042,6
-1406896,774045,1
-1406896,774052,1
-1406896,774059,1
-1406896,774065,1
-1406896,774078,1
-1406896,774079,1
-1406896,774145,3
-1406895,769692,1
-1406895,769746,1
-1406895,769937,1
-1406895,769940,1
-1406895,769941,1
-1406895,771144,1
-1406895,771524,1
-1406895,771802,1
-1406895,771958,1
-1406895,771995,1
-1406895,771998,1
-1406895,772429,1
-1406895,772430,1
-1406895,772453,1
-1406895,772835,1
-1406895,773038,1
-1406895,773094,1
-1406895,773197,1
-1406895,773350,1
-1406895,773547,1
-1406895,773822,2
-1406895,773855,1
-1406895,773862,8
-1406895,773866,3
-1406895,773867,2
-1406895,773910,1
-1406895,773911,16
-1406895,774023,3
-1406895,774024,1
-1406895,774035,2
-1406895,774046,3
-1406895,774054,1
-1406895,774060,1
-1406895,774073,2
-1406895,774094,7
-1406895,774136,1
-1406895,774144,4
-1406894,769864,1
-1406894,770418,1
-1406894,771347,1
-1406894,771510,2
-1406894,771867,1
-1406894,771876,1
-1406894,771953,1
-1406894,771982,1
-1406894,772023,1
-1406894,772289,1
-1406894,772439,1
-1406894,772497,1
-1406894,772914,1
-1406894,773041,1
-1406894,773460,1
-1406894,773870,2
-1406894,773874,1
-1406894,773876,1
-1406894,773898,1
-1406894,773965,1
-1406894,773990,1
-1406894,774003,1
-1406894,774022,1
-1406894,774024,2
-1406894,774037,4
-1406894,774040,1
-1406894,774047,1
-1406894,774050,3
-1406894,774060,1
-1406894,774064,2
-1406894,774101,1
-1406894,774159,1
-1406894,774198,1
-1406894,774201,1
-1406893,769745,1
-1406893,770017,1
-1406893,771216,1
-1406893,771349,1
-1406893,771494,1
-1406893,771889,1
-1406893,771982,1
-1406893,771996,1
-1406893,772000,1
-1406893,772002,1
-1406893,772202,1
-1406893,772493,1
-1406893,772855,1
-1406893,773043,1
-1406893,773046,1
-1406893,773092,1
-1406893,773101,1
-1406893,773567,1
-1406893,773771,1
-1406893,773863,1
-1406893,773866,1
-1406893,773867,3
-1406893,774035,1
-1406893,774050,1
-1406893,774051,2
-1406893,774052,1
-1406893,774059,1
-1406893,774066,1
-1406893,774182,1
-1406893,774184,1
-1406893,774206,1
-1406893,774234,1
-1406892,769772,1
-1406892,769942,1
-1406892,770195,1
-1406892,771203,1
-1406892,771996,83
-1406892,771997,1
-1406892,772011,1
-1406892,772427,1
-1406892,772493,1
-1406892,773030,1
-1406892,773300,1
-1406892,773497,1
-1406892,773865,1
-1406892,773866,3
-1406892,773870,2
-1406892,773871,3
-1406892,773892,1
-1406892,774035,1
-1406892,774043,6
-1406892,774044,1
-1406892,774058,1
-1406892,774059,1
-1406892,774088,2
-1406892,774104,1
-1406892,774317,1
-1406891,769931,1
-1406891,771085,1
-1406891,771810,1
-1406891,771854,1
-1406891,771944,1
-1406891,771967,1
-1406891,771985,1
-1406891,771995,1
-1406891,772002,1
-1406891,772003,1
-1406891,772005,1
-1406891,772007,1
-1406891,772017,1
-1406891,772219,1
-1406891,772731,1
-1406891,772964,1
-1406891,773036,1
-1406891,773037,1
-1406891,773100,1
-1406891,773465,1
-1406891,773503,1
-1406891,773573,1
-1406891,773642,1
-1406891,773863,1
-1406891,773997,1
-1406891,774033,1
-1406891,774053,1
-1406891,774060,1
-1406891,774082,1
-1406891,774086,1
-1406891,774147,1
-1406891,774192,1
-1406890,769872,1
-1406890,769928,1
-1406890,769974,1
-1406890,770451,1
-1406890,770466,1
-1406890,771911,1
-1406890,771954,1
-1406890,771956,1
-1406890,771969,15
-1406890,771973,1
-1406890,771989,2
-1406890,771995,1
-1406890,771996,9
-1406890,772288,1
-1406890,772420,1
-1406890,772746,1
-1406890,772985,1
-1406890,773036,1
-1406890,773040,1
-1406890,773361,1
-1406890,773493,1
-1406890,773549,1
-1406890,773862,2
-1406890,773865,1
-1406890,773867,3
-1406890,773869,1
-1406890,773892,1
-1406890,774046,1
-1406890,774063,1
-1406890,774069,1
-1406890,774090,3
-1406890,774092,1
-1406890,774180,1
-1406890,774199,1
-1406889,769937,1
-1406889,769973,1
-1406889,771117,1
-1406889,771950,1
-1406889,771991,3
-1406889,772426,1
-1406889,772728,1
-1406889,773037,1
-1406889,773040,2
-1406889,773086,1
-1406889,773088,1
-1406889,773091,1
-1406889,773177,1
-1406889,773458,1
-1406889,773507,1
-1406889,773867,8
-1406889,773905,1
-1406889,773916,1
-1406889,773952,4
-1406889,773974,2
-1406889,774059,1
-1406889,774060,1
-1406889,774078,1
-1406889,774081,1
-1406889,774087,1
-1406889,774138,1
-1406889,774191,1
-1406889,774200,1
-1406888,769697,1
-1406888,769931,1
-1406888,769936,1
-1406888,769940,1
-1406888,770455,1
-1406888,770484,1
-1406888,771096,1
-1406888,771120,1
-1406888,771885,1
-1406888,771938,1
-1406888,771950,1
-1406888,771966,1
-1406888,771989,1
-1406888,771996,1
-1406888,771998,1
-1406888,771999,1
-1406888,772008,1
-1406888,772032,1
-1406888,772105,1
-1406888,772416,1
-1406888,772818,1
-1406888,772850,1
-1406888,772987,1
-1406888,773037,2
-1406888,773039,1
-1406888,773042,1
-1406888,773095,1
-1406888,773595,1
-1406888,773614,1
-1406888,773865,1
-1406888,773868,1
-1406888,773920,1
-1406888,773957,2
-1406888,774033,1
-1406888,774046,1
-1406888,774050,1
-1406888,774051,1
-1406888,774057,1
-1406888,774072,1
-1406888,774074,1
-1406888,774081,1
-1406888,774085,3
-1406888,774189,1
-1406887,769668,1
-1406887,769670,1
-1406887,769696,1
-1406887,769930,1
-1406887,769931,1
-1406887,769933,1
-1406887,769935,1
-1406887,769941,1
-1406887,770429,1
-1406887,771522,1
-1406887,771816,1
-1406887,771883,1
-1406887,771994,1
-1406887,771995,1
-1406887,772000,1
-1406887,772002,1
-1406887,772011,1
-1406887,773039,1
-1406887,773054,1
-1406887,773087,1
-1406887,773099,1
-1406887,773374,1
-1406887,773481,1
-1406887,773504,1
-1406887,773796,1
-1406887,773869,1
-1406887,773964,2
-1406887,774005,1
-1406887,774031,15
-1406887,774038,1
-1406887,774040,1
-1406887,774060,1
-1406887,774171,1
-1406887,774177,1
-1406887,774189,1
-1406887,774204,1
-1406886,769931,1
-1406886,769932,1
-1406886,770456,1
-1406886,771432,1
-1406886,771846,1
-1406886,771887,1
-1406886,771967,1
-1406886,771982,1
-1406886,772000,20
-1406886,772005,1
-1406886,772025,1
-1406886,772330,1
-1406886,773039,1
-1406886,773096,1
-1406886,773482,1
-1406886,773532,1
-1406886,773609,1
-1406886,773869,1
-1406886,773870,2
-1406886,773894,1
-1406886,773966,2
-1406886,774114,1
-1406885,770330,1
-1406885,771390,4
-1406885,771526,1
-1406885,771947,1
-1406885,771950,1
-1406885,771960,1
-1406885,771989,1
-1406885,771995,2
-1406885,771997,1
-1406885,771999,1
-1406885,772425,1
-1406885,772688,1
-1406885,772702,1
-1406885,772845,1
-1406885,772989,1
-1406885,773034,1
-1406885,773039,1
-1406885,773454,1
-1406885,773616,1
-1406885,773974,1
-1406885,774030,1
-1406885,774048,1
-1406885,774050,1
-1406885,774058,1
-1406885,774077,1
-1406885,774083,1
-1406885,774085,3
-1406885,774086,2
-1406885,774133,1
-1406885,774175,1
-1406884,769674,1
-1406884,770457,1
-1406884,770486,1
-1406884,771369,1
-1406884,771822,1
-1406884,771949,1
-1406884,771961,1
-1406884,771982,1
-1406884,771986,1
-1406884,771992,1
-1406884,771996,1
-1406884,772004,1
-1406884,772007,1
-1406884,772092,1
-1406884,772097,1
-1406884,772112,1
-1406884,772228,1
-1406884,772806,1
-1406884,773039,1
-1406884,773385,1
-1406884,773542,1
-1406884,773609,1
-1406884,773860,1
-1406884,773862,1
-1406884,773871,1
-1406884,773875,1
-1406884,773891,1
-1406884,773991,1
-1406884,774040,1
-1406884,774043,7
-1406884,774069,2
-1406884,774070,1
-1406884,774076,1
-1406884,774088,1
-1406884,774181,1
-1406883,769672,1
-1406883,770029,1
-1406883,770510,1
-1406883,771095,1
-1406883,771365,2
-1406883,771977,1
-1406883,771989,1
-1406883,772007,1
-1406883,772019,1
-1406883,772115,1
-1406883,772841,1
-1406883,773505,1
-1406883,773522,1
-1406883,773542,1
-1406883,773617,1
-1406883,773754,1
-1406883,773863,1
-1406883,774007,1
-1406883,774017,1
-1406883,774019,1
-1406883,774059,1
-1406883,774070,2
-1406883,774071,3
-1406883,774081,1
-1406883,774090,2
-1406883,774093,1
-1406883,774201,1
-1406882,769668,1
-1406882,769669,1
-1406882,769671,1
-1406882,770468,1
-1406882,770477,1
-1406882,771362,2
-1406882,771383,3
-1406882,771524,1
-1406882,771996,1
-1406882,771998,2
-1406882,772000,1
-1406882,772002,1
-1406882,772007,1
-1406882,772011,1
-1406882,772355,1
-1406882,772465,1
-1406882,772475,1
-1406882,773031,1
-1406882,773035,1
-1406882,773038,2
-1406882,773098,1
-1406882,773637,1
-1406882,773861,1
-1406882,773869,1
-1406882,773870,1
-1406882,773872,3
-1406882,773906,1
-1406882,773935,1
-1406882,774038,1
-1406882,774081,1
-1406881,769664,1
-1406881,769796,1
-1406881,769797,1
-1406881,769947,1
-1406881,769955,1
-1406881,770525,1
-1406881,770553,1
-1406881,771351,1
-1406881,771767,1
-1406881,771995,1
-1406881,772012,1
-1406881,772573,1
-1406881,773087,1
-1406881,773098,1
-1406881,773392,1
-1406881,773434,1
-1406881,773465,1
-1406881,773502,1
-1406881,773512,1
-1406881,773526,1
-1406881,773863,1
-1406881,773868,9
-1406881,773869,6
-1406881,773878,1
-1406881,773917,1
-1406881,773928,1
-1406881,774013,1
-1406881,774039,1
-1406881,774076,6
-1406881,774083,1
-1406881,774084,1
-1406881,774127,1
-1406881,774179,2
-1406880,770439,1
-1406880,770502,1
-1406880,770529,1
-1406880,770961,1
-1406880,771087,1
-1406880,771382,1
-1406880,771517,1
-1406880,771993,1
-1406880,771997,2
-1406880,771998,1
-1406880,772001,1
-1406880,772077,1
-1406880,772715,1
-1406880,772909,1
-1406880,773098,1
-1406880,773099,1
-1406880,773434,1
-1406880,773487,1
-1406880,773526,1
-1406880,773527,1
-1406880,773536,1
-1406880,773868,1
-1406880,773977,1
-1406880,774008,1
-1406880,774035,10
-1406880,774047,4
-1406880,774067,2
-1406880,774076,1
-1406880,774100,1
-1406880,774107,1
-1406879,769736,1
-1406879,770417,1
-1406879,770545,1
-1406879,771784,1
-1406879,771874,1
-1406879,772004,1
-1406879,772442,1
-1406879,772846,1
-1406879,773033,1
-1406879,773035,1
-1406879,773512,1
-1406879,773526,1
-1406879,773529,1
-1406879,773641,1
-1406879,773861,2
-1406879,773865,1
-1406879,773932,2
-1406879,774040,1
-1406879,774073,1
-1406879,774075,1
-1406879,774079,1
-1406879,774083,1
-1406879,774140,1
-1406879,774180,1
-1406878,770522,1
-1406878,770531,1
-1406878,770952,1
-1406878,771174,1
-1406878,771380,10
-1406878,771381,1
-1406878,771382,6
-1406878,771491,1
-1406878,771819,1
-1406878,771821,1
-1406878,771835,1
-1406878,771950,1
-1406878,771990,1
-1406878,771996,1
-1406878,772000,1
-1406878,772001,1
-1406878,772002,2
-1406878,772008,1
-1406878,772205,1
-1406878,772828,1
-1406878,773037,1
-1406878,773098,1
-1406878,773555,1
-1406878,773557,1
-1406878,773867,3
-1406878,773868,5
-1406878,773904,51
-1406878,774068,1
-1406878,774182,1
-1406878,774187,1
-1406877,770579,1
-1406877,771362,1
-1406877,771514,1
-1406877,771955,1
-1406877,771959,1
-1406877,771995,1
-1406877,771996,1
-1406877,771998,1
-1406877,771999,1
-1406877,772000,1
-1406877,772001,1
-1406877,772004,1
-1406877,772385,1
-1406877,772826,1
-1406877,773035,2
-1406877,773064,1
-1406877,773099,1
-1406877,773376,1
-1406877,773523,1
-1406877,773549,1
-1406877,773550,1
-1406877,773556,1
-1406877,773568,1
-1406877,773613,1
-1406877,773866,1
-1406877,773867,1
-1406877,773902,1
-1406877,774035,1
-1406877,774038,2
-1406877,774083,1
-1406877,774095,8
-1406877,774182,1
-1406876,769685,1
-1406876,771383,2
-1406876,771488,1
-1406876,771834,1
-1406876,771848,1
-1406876,771953,1
-1406876,771995,1
-1406876,771998,1
-1406876,772001,1
-1406876,772002,1
-1406876,772013,1
-1406876,772324,1
-1406876,772461,1
-1406876,772804,1
-1406876,773037,1
-1406876,773046,1
-1406876,773100,1
-1406876,773103,1
-1406876,773516,1
-1406876,773526,1
-1406876,773548,1
-1406876,773856,1
-1406876,773866,1
-1406876,773868,1
-1406876,773879,1
-1406876,773911,1
-1406876,773954,1
-1406876,773981,1
-1406876,774035,1
-1406876,774036,1
-1406876,774040,2
-1406876,774182,3
-1406875,770550,1
-1406875,771380,1
-1406875,771808,1
-1406875,771943,1
-1406875,771975,1
-1406875,772003,1
-1406875,772013,1
-1406875,772362,1
-1406875,772376,1
-1406875,772803,1
-1406875,773032,1
-1406875,773045,1
-1406875,773490,1
-1406875,773500,1
-1406875,773521,1
-1406875,773554,1
-1406875,773555,1
-1406875,773603,1
-1406875,773864,2
-1406875,773865,2
-1406875,773958,4
-1406875,774032,1
-1406875,774037,1
-1406875,774038,1
-1406875,774056,1
-1406875,774063,1
-1406875,774158,1
-1406875,774162,1
-1406875,774181,1
-1406874,770252,1
-1406874,770480,1
-1406874,771785,1
-1406874,771854,1
-1406874,771938,1
-1406874,771957,1
-1406874,771981,1
-1406874,771989,1
-1406874,771996,1
-1406874,772003,1
-1406874,772851,1
-1406874,772883,1
-1406874,773032,1
-1406874,773037,1
-1406874,773480,1
-1406874,773492,1
-1406874,773993,1
-1406874,774003,1
-1406874,774018,1
-1406874,774034,1
-1406874,774035,1
-1406874,774039,6
-1406874,774056,1
-1406874,774073,1
-1406874,774075,2
-1406874,774183,2
-1406873,769843,1
-1406873,770136,1
-1406873,771345,1
-1406873,771353,1
-1406873,771384,3
-1406873,771884,1
-1406873,771930,1
-1406873,771995,2
-1406873,772000,1
-1406873,772001,2
-1406873,772002,1
-1406873,772006,1
-1406873,773033,1
-1406873,773054,1
-1406873,773064,1
-1406873,773100,1
-1406873,773101,1
-1406873,773108,1
-1406873,773478,1
-1406873,773502,1
-1406873,773514,1
-1406873,773515,1
-1406873,773551,1
-1406873,773559,1
-1406873,773571,1
-1406873,773578,1
-1406873,773663,1
-1406873,773833,1
-1406873,773865,3
-1406873,773866,3
-1406873,773887,1
-1406873,773951,1
-1406873,774031,2
-1406873,774043,1
-1406873,774073,1
-1406873,774077,2
-1406873,774174,1
-1406873,774177,1
-1406872,769812,1
-1406872,770071,1
-1406872,770138,1
-1406872,770150,1
-1406872,770530,1
-1406872,770556,1
-1406872,771095,1
-1406872,771382,1
-1406872,771386,1
-1406872,771521,1
-1406872,771554,1
-1406872,771579,1
-1406872,771796,1
-1406872,771957,1
-1406872,771963,1
-1406872,771986,1
-1406872,771990,1
-1406872,771995,1
-1406872,771997,2
-1406872,771998,1
-1406872,771999,1
-1406872,772001,1
-1406872,772004,3
-1406872,772008,1
-1406872,772019,1
-1406872,772976,1
-1406872,773025,1
-1406872,773068,1
-1406872,773353,4
-1406872,773393,3
-1406872,773803,1
-1406872,773866,2
-1406872,773868,1
-1406872,773912,1
-1406872,773915,1
-1406872,774028,5
-1406872,774029,2
-1406872,774039,3
-1406872,774040,3
-1406872,774066,1
-1406872,774162,1
-1406871,769681,1
-1406871,769683,1
-1406871,769859,1
-1406871,770016,20
-1406871,770482,1
-1406871,771012,1
-1406871,771132,1
-1406871,771952,1
-1406871,771976,1
-1406871,771990,1
-1406871,771991,1
-1406871,772001,1
-1406871,772052,1
-1406871,773084,1
-1406871,773091,1
-1406871,773605,2
-1406871,773865,1
-1406871,773866,4
-1406871,773867,1
-1406871,773930,1
-1406871,773966,1
-1406871,774038,2
-1406871,774039,1
-1406871,774040,1
-1406871,774065,1
-1406871,774092,1
-1406871,774140,1
-1406871,774167,1
-1406870,770142,1
-1406870,771943,1
-1406870,771994,1
-1406870,771997,1
-1406870,771999,1
-1406870,772001,2
-1406870,772007,1
-1406870,772143,1
-1406870,773070,1
-1406870,773866,1
-1406870,773867,1
-1406870,773868,1
-1406870,773888,2
-1406870,773943,1
-1406870,774034,1
-1406870,774036,3
-1406870,774038,7
-1406870,774042,1
-1406870,774053,2
-1406870,774075,1
-1406870,774082,1
-1406870,774128,1
-1406869,769757,1
-1406869,769854,1
-1406869,770557,1
-1406869,770585,1
-1406869,770666,1
-1406869,771121,1
-1406869,771403,1
-1406869,771960,1
-1406869,771984,1
-1406869,771997,2
-1406869,772004,1
-1406869,772012,1
-1406869,772161,1
-1406869,773076,1
-1406869,773504,1
-1406869,773572,1
-1406869,773939,1
-1406869,773955,1
-1406869,774004,1
-1406869,774032,3
-1406869,774097,1
-1406869,774179,1
-1406869,774182,1
-1406869,774203,1
-1406868,769846,32
-1406868,769847,1
-1406868,770380,1
-1406868,770404,1
-1406868,770533,1
-1406868,770640,1
-1406868,770678,1
-1406868,771932,1
-1406868,772007,1
-1406868,772228,1
-1406868,772371,1
-1406868,772382,1
-1406868,772383,1
-1406868,772923,1
-1406868,773025,1
-1406868,773033,1
-1406868,773044,1
-1406868,773100,1
-1406868,773477,1
-1406868,773499,1
-1406868,773538,1
-1406868,773564,1
-1406868,773630,1
-1406868,773801,1
-1406868,773839,1
-1406868,773866,2
-1406868,773867,1
-1406868,773868,2
-1406868,774037,2
-1406868,774048,1
-1406868,774051,1
-1406868,774064,2
-1406868,774071,1
-1406868,774087,1
-1406868,774160,1
-1406867,769766,1
-1406867,769928,1
-1406867,770407,1
-1406867,771352,1
-1406867,771388,1
-1406867,771447,1
-1406867,771752,1
-1406867,771950,1
-1406867,771974,1
-1406867,771987,1
-1406867,771989,1
-1406867,771990,1
-1406867,771993,2
-1406867,771998,1
-1406867,772000,1
-1406867,772004,1
-1406867,772834,1
-1406867,773034,1
-1406867,773043,1
-1406867,773104,1
-1406867,773465,1
-1406867,773507,1
-1406867,773525,1
-1406867,773537,1
-1406867,773574,1
-1406867,773803,1
-1406867,773868,4
-1406867,773939,1
-1406867,773969,1
-1406867,774026,1
-1406867,774027,2
-1406867,774032,3
-1406867,774033,1
-1406867,774043,1
-1406867,774057,1
-1406867,774067,1
-1406867,774080,1
-1406867,774096,1
-1406867,774180,1
-1406866,769855,1
-1406866,769856,1
-1406866,769970,1
-1406866,771560,1
-1406866,771880,1
-1406866,771886,1
-1406866,771956,1
-1406866,771991,1
-1406866,771994,1
-1406866,772017,1
-1406866,772376,1
-1406866,772627,1
-1406866,772799,1
-1406866,772800,1
-1406866,773029,1
-1406866,773076,1
-1406866,773089,1
-1406866,773117,1
-1406866,773454,1
-1406866,773576,1
-1406866,773582,1
-1406866,773868,1
-1406866,773873,1
-1406866,774017,1
-1406866,774035,1
-1406866,774069,1
-1406866,774070,1
-1406866,774077,1
-1406866,774152,1
-1406866,774168,1
-1406866,774184,1
-1406865,769989,1
-1406865,770537,1
-1406865,770548,1
-1406865,771058,1
-1406865,771934,1
-1406865,771956,1
-1406865,771994,1
-1406865,772003,1
-1406865,772279,1
-1406865,772360,1
-1406865,772841,2
-1406865,773025,1
-1406865,773032,1
-1406865,773059,1
-1406865,773460,1
-1406865,773571,1
-1406865,773578,1
-1406865,773866,3
-1406865,773868,6
-1406865,773884,1
-1406865,773892,2
-1406865,774030,1
-1406865,774033,1
-1406865,774070,1
-1406865,774180,1
-1406865,774182,1
-1406865,774183,1
-1406865,774184,1
-1406865,774199,1
-1406865,774217,1
-1406864,770498,1
-1406864,770552,1
-1406864,770566,1
-1406864,770637,1
-1406864,771893,1
-1406864,771951,1
-1406864,771988,1
-1406864,771994,1
-1406864,771996,1
-1406864,771997,13
-1406864,771998,1
-1406864,772006,1
-1406864,772007,1
-1406864,772040,1
-1406864,772061,1
-1406864,772228,1
-1406864,772574,1
-1406864,772936,1
-1406864,773030,1
-1406864,773032,1
-1406864,773044,1
-1406864,773538,1
-1406864,773569,1
-1406864,773577,1
-1406864,773679,1
-1406864,773869,1
-1406864,773905,1
-1406864,774022,1
-1406864,774025,11
-1406864,774031,4
-1406864,774066,1
-1406864,774073,1
-1406864,774079,1
-1406864,774177,1
-1406864,774180,1
-1406863,769934,1
-1406863,770282,1
-1406863,770428,1
-1406863,770544,1
-1406863,770620,1
-1406863,771396,1
-1406863,771412,1
-1406863,771807,1
-1406863,771959,1
-1406863,771964,1
-1406863,771993,1
-1406863,772026,1
-1406863,772147,1
-1406863,772344,1
-1406863,772346,1
-1406863,772499,1
-1406863,772838,1
-1406863,773016,1
-1406863,773029,1
-1406863,773111,1
-1406863,773506,1
-1406863,773610,2
-1406863,773801,1
-1406863,773866,9
-1406863,773868,6
-1406863,773869,1
-1406863,773870,1
-1406863,773880,1
-1406863,773901,1
-1406863,774009,1
-1406863,774023,1
-1406863,774031,1
-1406863,774033,1
-1406863,774043,1
-1406863,774067,1
-1406863,774086,1
-1406863,774109,1
-1406863,774155,1
-1406863,774169,1
-1406863,774176,1
-1406863,774181,1
-1406863,774189,1
-1406862,770547,1
-1406862,770550,1
-1406862,770614,1
-1406862,771410,1
-1406862,771810,1
-1406862,771962,1
-1406862,771981,1
-1406862,771996,1
-1406862,772300,1
-1406862,772334,1
-1406862,772970,1
-1406862,773040,1
-1406862,773060,1
-1406862,773089,1
-1406862,773507,1
-1406862,773581,1
-1406862,773869,1
-1406862,774065,1
-1406862,774107,1
-1406862,774152,1
-1406862,774167,1
-1406862,774168,1
-1406862,774180,1
-1406861,769816,1
-1406861,769905,1
-1406861,770396,1
-1406861,770630,3
-1406861,771545,1
-1406861,771779,1
-1406861,771791,1
-1406861,771798,1
-1406861,771958,1
-1406861,772007,1
-1406861,772024,1
-1406861,772265,1
-1406861,772364,1
-1406861,772836,1
-1406861,772880,1
-1406861,772886,1
-1406861,773034,1
-1406861,773128,1
-1406861,773385,1
-1406861,773404,2
-1406861,773476,1
-1406861,773592,1
-1406861,773867,2
-1406861,773869,2
-1406861,773870,1
-1406861,773886,1
-1406861,773995,1
-1406861,774028,1
-1406861,774030,5
-1406861,774031,5
-1406861,774035,1
-1406861,774079,1
-1406861,774088,1
-1406861,774149,1
-1406861,774166,1
-1406861,774169,1
-1406861,774175,1
-1406861,774205,1
-1406860,769730,1
-1406860,769859,2
-1406860,769984,1
-1406860,769985,1
-1406860,769986,1
-1406860,770001,1
-1406860,770408,1
-1406860,770528,1
-1406860,771038,1
-1406860,771723,1
-1406860,771807,1
-1406860,771840,1
-1406860,772007,1
-1406860,772193,1
-1406860,773110,1
-1406860,773454,1
-1406860,773606,1
-1406860,773609,1
-1406860,773867,1
-1406860,773868,3
-1406860,773869,5
-1406860,773872,1
-1406860,773883,1
-1406860,773901,1
-1406860,774020,5
-1406860,774070,1
-1406860,774144,1
-1406860,774163,1
-1406860,774166,1
-1406859,769666,2
-1406859,769675,1
-1406859,769678,1
-1406859,769826,1
-1406859,769857,1
-1406859,769986,1
-1406859,771824,1
-1406859,773017,1
-1406859,773021,1
-1406859,773226,1
-1406859,773359,1
-1406859,773406,1
-1406859,773473,1
-1406859,773578,1
-1406859,773605,1
-1406859,773606,1
-1406859,773610,1
-1406859,773870,4
-1406859,773974,1
-1406859,774166,1
-1406859,774169,1
-1406859,774174,1
-1406859,774186,1
-1406859,774225,1
-1406858,769710,1
-1406858,769712,16
-1406858,769728,57
-1406858,769985,1
-1406858,769993,1
-1406858,770562,1
-1406858,771332,1
-1406858,771395,1
-1406858,771958,1
-1406858,771995,1
-1406858,772010,1
-1406858,772728,1
-1406858,772896,1
-1406858,772902,1
-1406858,772917,1
-1406858,773007,1
-1406858,773009,1
-1406858,773019,1
-1406858,773058,1
-1406858,773473,1
-1406858,773488,1
-1406858,773592,1
-1406858,773607,1
-1406858,773868,6
-1406858,773881,1
-1406858,773919,1
-1406858,773990,1
-1406858,774024,1
-1406858,774074,2
-1406858,774080,1
-1406858,774164,2
-1406857,769669,1
-1406857,769700,1
-1406857,769836,1
-1406857,769839,1
-1406857,769954,1
-1406857,769983,1
-1406857,771789,1
-1406857,771951,1
-1406857,771978,1
-1406857,772242,1
-1406857,772430,1
-1406857,772558,1
-1406857,772645,1
-1406857,772723,1
-1406857,773581,1
-1406857,773608,1
-1406857,773609,1
-1406857,773691,1
-1406857,773867,1
-1406857,773870,1
-1406857,773871,1
-1406857,773874,1
-1406857,773888,1
-1406857,773920,1
-1406857,774016,1
-1406857,774019,1
-1406857,774024,1
-1406857,774070,1
-1406857,774165,2
-1406857,774167,4
-1406857,774169,1
-1406857,774173,1
-1406857,774174,1
-1406857,774181,1
-1406856,769766,8
-1406856,769836,1
-1406856,769841,1
-1406856,770593,1
-1406856,771399,1
-1406856,771480,2
-1406856,771797,1
-1406856,771842,1
-1406856,771960,1
-1406856,771993,1
-1406856,771995,1
-1406856,771999,1
-1406856,772000,1
-1406856,772430,1
-1406856,773023,1
-1406856,773025,1
-1406856,773030,1
-1406856,773032,1
-1406856,773035,1
-1406856,773580,1
-1406856,773606,1
-1406856,773833,1
-1406856,773919,1
-1406856,773928,1
-1406856,774019,1
-1406856,774020,1
-1406856,774021,1
-1406856,774022,3
-1406856,774025,1
-1406856,774073,1
-1406856,774074,1
-1406856,774171,1
-1406856,774177,5
-1406855,769809,1
-1406855,769821,1
-1406855,769830,1
-1406855,769833,1
-1406855,769843,1
-1406855,770473,1
-1406855,771079,1
-1406855,771801,1
-1406855,771954,1
-1406855,771991,1
-1406855,771992,1
-1406855,771993,1
-1406855,772000,1
-1406855,772798,1
-1406855,772988,1
-1406855,773027,1
-1406855,773123,1
-1406855,773214,1
-1406855,773385,1
-1406855,773422,1
-1406855,773480,1
-1406855,773579,1
-1406855,773605,1
-1406855,773867,1
-1406855,773870,2
-1406855,773871,9
-1406855,774016,4
-1406855,774020,4
-1406855,774021,2
-1406855,774031,1
-1406855,774079,1
-1406855,774162,1
-1406855,774178,1
-1406855,774191,1
-1406854,769764,1
-1406854,769778,1
-1406854,769782,1
-1406854,769823,1
-1406854,769833,1
-1406854,769835,1
-1406854,769839,1
-1406854,769840,1
-1406854,770561,3
-1406854,770619,1
-1406854,771342,1
-1406854,771362,1
-1406854,771400,1
-1406854,771787,3
-1406854,771993,1
-1406854,771994,1
-1406854,772000,1
-1406854,772156,1
-1406854,773045,1
-1406854,773521,1
-1406854,773574,1
-1406854,773575,1
-1406854,773576,1
-1406854,773592,1
-1406854,773612,1
-1406854,773620,1
-1406854,773641,1
-1406854,773870,1
-1406854,773877,1
-1406854,773878,1
-1406854,773968,1
-1406854,774015,1
-1406854,774018,1
-1406854,774019,4
-1406854,774023,2
-1406854,774024,4
-1406854,774046,1
-1406854,774098,1
-1406854,774172,1
-1406854,774176,1
-1406853,769823,1
-1406853,769830,1
-1406853,771339,4
-1406853,771783,1
-1406853,771796,1
-1406853,771982,1
-1406853,771992,1
-1406853,772001,1
-1406853,772002,1
-1406853,772876,1
-1406853,772942,1
-1406853,773025,1
-1406853,773119,1
-1406853,773385,1
-1406853,773413,1
-1406853,773494,1
-1406853,773602,1
-1406853,773624,1
-1406853,773868,2
-1406853,773872,2
-1406853,773873,1
-1406853,774002,1
-1406853,774021,1
-1406853,774075,1
-1406853,774162,1
-1406853,774171,1
-1406853,774175,1
-1406852,769831,1
-1406852,770375,1
-1406852,771339,3
-1406852,771443,1
-1406852,771956,1
-1406852,773592,1
-1406852,773593,1
-1406852,773818,1
-1406852,773872,1
-1406852,773873,1
-1406852,773949,1
-1406852,773964,1
-1406852,774015,9
-1406852,774017,2
-1406852,774072,1
-1406852,774082,2
-1406852,774088,1
-1406852,774173,1
-1406852,774176,1
-1406851,769686,1
-1406851,769839,1
-1406851,770642,1
-1406851,771435,1
-1406851,771846,1
-1406851,771942,1
-1406851,771975,1
-1406851,771987,1
-1406851,771994,1
-1406851,772007,1
-1406851,772668,1
-1406851,773409,1
-1406851,773595,1
-1406851,773606,2
-1406851,773611,1
-1406851,773874,2
-1406851,773878,1
-1406851,774019,1
-1406851,774025,2
-1406851,774089,1
-1406851,774091,1
-1406851,774164,1
-1406851,774168,1
-1406851,774175,1
-1406851,774193,1
-1406851,774247,1
-1406850,769815,1
-1406850,770178,1
-1406850,770508,1
-1406850,771360,1
-1406850,771928,1
-1406850,771929,1
-1406850,771973,1
-1406850,773585,1
-1406850,773600,1
-1406850,773607,1
-1406850,773872,6
-1406850,773946,2
-1406850,774014,1
-1406850,774015,1
-1406850,774016,1
-1406850,774062,1
-1406850,774067,1
-1406850,774075,1
-1406850,774154,1
-1406850,774159,1
-1406850,774160,1
-1406850,774171,1
-1406850,774181,1
-1406850,774185,1
-1406850,774193,1
-1406850,774291,1
-1406849,769712,1
-1406849,769817,1
-1406849,769935,1
-1406849,770016,1
-1406849,770216,1
-1406849,770589,1
-1406849,771373,1
-1406849,771490,1
-1406849,771965,1
-1406849,772005,1
-1406849,772495,1
-1406849,773584,1
-1406849,773602,1
-1406849,773606,5
-1406849,773612,1
-1406849,773825,1
-1406849,773869,1
-1406849,773871,1
-1406849,773872,1
-1406849,773873,1
-1406849,773874,3
-1406849,773875,2
-1406849,773876,1
-1406849,773914,2
-1406849,774011,1
-1406849,774015,1
-1406849,774018,1
-1406849,774022,1
-1406849,774042,1
-1406849,774075,1
-1406849,774080,1
-1406849,774092,1
-1406849,774173,1
-1406848,769821,1
-1406848,770281,16
-1406848,770359,1
-1406848,771354,1
-1406848,772006,1
-1406848,772746,1
-1406848,772799,1
-1406848,773005,1
-1406848,773056,1
-1406848,773466,1
-1406848,773523,1
-1406848,773608,1
-1406848,773620,1
-1406848,773622,1
-1406848,773876,1
-1406848,773901,1
-1406848,773929,1
-1406848,774014,4
-1406848,774069,1
-1406848,774087,1
-1406848,774164,1
-1406848,774166,2
-1406848,774171,1
-1406848,774188,1
-1406848,774196,6
-1406848,774198,4
-1406848,774206,2
-1406847,769887,1
-1406847,770551,1
-1406847,770629,1
-1406847,771363,1
-1406847,771410,1
-1406847,771802,1
-1406847,771958,1
-1406847,771965,1
-1406847,772800,1
-1406847,773503,1
-1406847,773609,1
-1406847,773872,2
-1406847,773875,2
-1406847,773878,1
-1406847,773879,1
-1406847,773891,1
-1406847,774004,1
-1406847,774010,1
-1406847,774023,1
-1406847,774073,1
-1406847,774083,1
-1406847,774097,1
-1406847,774163,1
-1406847,774166,1
-1406847,774169,1
-1406847,774170,1
-1406847,774174,1
-1406847,774182,1
-1406846,769827,1
-1406846,769836,4
-1406846,769999,1
-1406846,771364,1
-1406846,771773,1
-1406846,771945,1
-1406846,771960,1
-1406846,772604,1
-1406846,772802,1
-1406846,772934,1
-1406846,773050,1
-1406846,773316,1
-1406846,773578,1
-1406846,773598,1
-1406846,773874,2
-1406846,773875,2
-1406846,773881,1
-1406846,773883,1
-1406846,773948,1
-1406846,773989,1
-1406846,773992,1
-1406846,773995,1
-1406846,774013,13
-1406846,774074,1
-1406846,774132,1
-1406846,774159,1
-1406846,774168,1
-1406846,774170,1
-1406846,774174,1
-1406846,774187,1
-1406846,774198,1
-1406845,769681,1
-1406845,769761,1
-1406845,769792,1
-1406845,769836,8
-1406845,771367,3
-1406845,771764,1
-1406845,771844,1
-1406845,771952,1
-1406845,771970,1
-1406845,771989,1
-1406845,772393,1
-1406845,772840,1
-1406845,772861,1
-1406845,772936,1
-1406845,772990,1
-1406845,773034,1
-1406845,773111,1
-1406845,773275,1
-1406845,773599,1
-1406845,773874,11
-1406845,773877,1
-1406845,773878,2
-1406845,773880,1
-1406845,773914,1
-1406845,774013,3
-1406845,774017,1
-1406845,774072,1
-1406845,774092,1
-1406845,774157,1
-1406845,774166,1
-1406845,774168,1
-1406845,774169,2
-1406845,774171,1
-1406845,774191,1
-1406845,774192,1
-1406845,774195,2
-1406844,769734,1
-1406844,769801,1
-1406844,769841,1
-1406844,769905,1
-1406844,769906,1
-1406844,770649,1
-1406844,771375,3
-1406844,771815,1
-1406844,771993,1
-1406844,772094,1
-1406844,772452,1
-1406844,772901,1
-1406844,772910,1
-1406844,773039,1
-1406844,773043,1
-1406844,773052,1
-1406844,773119,1
-1406844,773126,1
-1406844,773378,1
-1406844,773591,1
-1406844,773736,1
-1406844,773875,2
-1406844,773879,8
-1406844,773961,1
-1406844,774021,3
-1406844,774069,1
-1406844,774078,1
-1406844,774107,1
-1406844,774168,1
-1406844,774180,1
-1406844,774184,1
-1406843,770481,1
-1406843,770580,1
-1406843,770602,1
-1406843,770638,1
-1406843,771431,1
-1406843,771746,1
-1406843,771948,1
-1406843,771955,3
-1406843,771956,1
-1406843,771962,1
-1406843,772908,1
-1406843,772910,1
-1406843,772965,1
-1406843,773048,1
-1406843,773591,1
-1406843,773618,1
-1406843,773728,1
-1406843,773877,1
-1406843,773878,1
-1406843,773885,1
-1406843,773987,1
-1406843,774090,1
-1406843,774159,1
-1406843,774187,1
-1406843,774192,1
-1406842,769867,1
-1406842,770128,1
-1406842,770203,1
-1406842,770205,1
-1406842,771303,1
-1406842,771326,1
-1406842,771950,1
-1406842,771954,1
-1406842,772806,1
-1406842,772906,1
-1406842,773031,1
-1406842,773037,1
-1406842,773522,1
-1406842,773577,1
-1406842,773595,1
-1406842,773879,1
-1406842,773880,2
-1406842,773910,1
-1406842,773914,1
-1406842,774010,2
-1406842,774011,6
-1406842,774067,1
-1406842,774079,1
-1406842,774088,1
-1406842,774154,1
-1406842,774184,1
-1406842,774210,1
-1406841,769682,1
-1406841,771362,1
-1406841,771374,1
-1406841,771508,2
-1406841,771741,1
-1406841,771754,1
-1406841,771799,1
-1406841,771914,1
-1406841,771949,1
-1406841,771959,1
-1406841,772016,1
-1406841,772766,1
-1406841,773040,1
-1406841,773089,1
-1406841,773368,1
-1406841,773375,1
-1406841,773670,2
-1406841,773731,1
-1406841,773873,1
-1406841,773876,1
-1406841,773877,2
-1406841,773880,4
-1406841,773881,4
-1406841,773882,1
-1406841,773920,1
-1406841,773926,1
-1406841,773979,1
-1406841,773983,1
-1406841,773984,1
-1406841,773990,1
-1406841,774011,1
-1406841,774062,1
-1406841,774078,1
-1406841,774148,2
-1406841,774157,1
-1406841,774164,1
-1406841,774179,1
-1406841,774196,1
-1406841,774197,1
-1406840,769812,1
-1406840,770177,1
-1406840,771446,1
-1406840,771975,1
-1406840,772006,1
-1406840,772975,1
-1406840,773004,1
-1406840,773035,1
-1406840,773036,1
-1406840,773091,1
-1406840,773105,1
-1406840,773418,1
-1406840,773598,1
-1406840,773607,1
-1406840,773878,4
-1406840,773879,6
-1406840,773881,5
-1406840,773882,2
-1406840,773884,1
-1406840,773956,1
-1406840,773967,1
-1406840,773998,1
-1406840,774007,1
-1406840,774024,1
-1406840,774151,1
-1406840,774152,3
-1406840,774153,1
-1406840,774154,1
-1406840,774155,1
-1406839,769815,1
-1406839,771355,1
-1406839,771371,2
-1406839,771741,1
-1406839,771951,1
-1406839,771979,1
-1406839,772735,1
-1406839,773480,1
-1406839,773745,1
-1406839,773880,1
-1406839,773881,4
-1406839,773898,2
-1406839,773911,3
-1406839,773914,1
-1406839,773946,1
-1406839,773951,1
-1406839,773983,1
-1406839,774002,1
-1406839,774004,1
-1406839,774005,3
-1406839,774013,1
-1406839,774148,1
-1406839,774149,1
-1406839,774153,1
-1406839,774160,1
-1406839,774162,1
-1406839,774167,1
-1406839,774174,1
-1406839,774191,2
-1406839,774193,1
-1406838,769789,1
-1406838,769818,1
-1406838,769829,1
-1406838,770356,1
-1406838,771352,1
-1406838,771744,1
-1406838,771941,1
-1406838,771976,1
-1406838,771987,1
-1406838,771989,1
-1406838,772011,1
-1406838,772299,1
-1406838,772300,1
-1406838,772740,1
-1406838,772975,1
-1406838,773036,1
-1406838,773047,1
-1406838,773087,1
-1406838,773451,1
-1406838,773610,1
-1406838,773734,1
-1406838,773746,1
-1406838,773883,1
-1406838,773890,1
-1406838,773938,1
-1406838,774006,1
-1406838,774104,1
-1406838,774144,1
-1406838,774149,1
-1406838,774151,1
-1406838,774152,1
-1406838,774153,1
-1406838,774157,1
-1406838,774172,1
-1406838,774177,1
-1406837,769672,1
-1406837,769703,1
-1406837,769763,1
-1406837,769793,1
-1406837,769849,1
-1406837,770114,1
-1406837,771782,1
-1406837,771881,1
-1406837,771967,1
-1406837,773038,1
-1406837,773089,1
-1406837,773879,1
-1406837,773880,1
-1406837,773885,1
-1406837,773886,2
-1406837,773894,1
-1406837,773896,1
-1406837,773923,7
-1406837,774004,1
-1406837,774101,1
-1406837,774152,3
-1406837,774154,1
-1406837,774160,1
-1406837,774163,1
-1406837,774183,1
-1406837,774184,1
-1406836,769671,1
-1406836,769830,1
-1406836,770360,1
-1406836,771334,1
-1406836,771366,1
-1406836,771506,1
-1406836,771743,1
-1406836,771744,1
-1406836,771827,1
-1406836,771953,1
-1406836,772351,1
-1406836,772605,1
-1406836,772622,1
-1406836,773407,1
-1406836,773745,1
-1406836,773878,1
-1406836,773881,1
-1406836,773882,5
-1406836,773884,1
-1406836,773886,1
-1406836,773902,1
-1406836,773906,3
-1406836,773943,1
-1406836,773951,6
-1406836,774005,1
-1406836,774008,1
-1406836,774066,2
-1406836,774090,1
-1406836,774145,1
-1406836,774149,1
-1406836,774163,1
-1406836,774167,1
-1406836,774183,1
-1406836,774308,1
-1406835,769698,1
-1406835,769759,1
-1406835,770361,1
-1406835,770562,1
-1406835,771365,1
-1406835,771367,1
-1406835,771371,3
-1406835,771739,1
-1406835,771944,1
-1406835,771950,3
-1406835,771966,1
-1406835,771973,1
-1406835,771996,1
-1406835,772016,1
-1406835,772430,1
-1406835,772667,1
-1406835,772719,1
-1406835,772723,1
-1406835,772945,1
-1406835,773037,1
-1406835,773039,2
-1406835,773081,1
-1406835,773111,1
-1406835,773877,4
-1406835,773882,14
-1406835,773884,1
-1406835,773885,1
-1406835,773893,1
-1406835,773909,3
-1406835,773914,2
-1406835,773988,1
-1406835,774009,3
-1406835,774010,2
-1406835,774077,2
-1406835,774103,1
-1406835,774112,1
-1406835,774144,1
-1406835,774156,2
-1406835,774161,1
-1406835,774164,1
-1406835,774180,1
-1406835,774188,1
-1406834,769685,1
-1406834,769730,1
-1406834,770241,1
-1406834,771388,1
-1406834,771737,1
-1406834,772862,1
-1406834,773369,3
-1406834,773401,1
-1406834,773883,1
-1406834,773884,1
-1406834,773889,1
-1406834,773892,2
-1406834,773893,1
-1406834,773897,6
-1406834,773965,1
-1406834,773997,1
-1406834,774002,19
-1406834,774003,1
-1406834,774008,2
-1406834,774027,1
-1406834,774106,1
-1406834,774108,1
-1406834,774115,1
-1406834,774147,1
-1406834,774148,2
-1406834,774155,1
-1406834,774179,1
-1406834,774180,1
-1406834,774181,1
-1406834,774190,1
-1406833,769693,1
-1406833,769694,1
-1406833,769757,17
-1406833,769790,1
-1406833,769796,1
-1406833,769829,16
-1406833,769859,2
-1406833,771737,1
-1406833,771741,1
-1406833,771989,1
-1406833,772289,1
-1406833,772453,1
-1406833,772728,1
-1406833,772929,1
-1406833,773046,1
-1406833,773356,2
-1406833,773357,1
-1406833,773399,1
-1406833,773432,1
-1406833,773717,1
-1406833,773878,1
-1406833,773884,1
-1406833,773886,2
-1406833,773887,2
-1406833,773889,2
-1406833,773900,2
-1406833,773901,1
-1406833,773904,2
-1406833,773907,1
-1406833,773915,2
-1406833,773919,1
-1406833,773982,1
-1406833,773990,1
-1406833,774074,2
-1406833,774089,1
-1406833,774103,1
-1406833,774106,1
-1406833,774111,1
-1406833,774122,1
-1406833,774153,1
-1406833,774161,1
-1406833,774165,1
-1406833,774176,1
-1406833,774182,1
-1406833,774184,2
-1406833,774210,1
-1406832,769734,1
-1406832,769748,1
-1406832,769829,1
-1406832,769957,1
-1406832,769968,1
-1406832,770049,8
-1406832,770263,1
-1406832,771371,1
-1406832,771502,1
-1406832,771735,1
-1406832,771737,1
-1406832,771739,1
-1406832,771740,1
-1406832,771994,2
-1406832,772518,1
-1406832,772851,1
-1406832,773038,1
-1406832,773044,1
-1406832,773047,1
-1406832,773091,1
-1406832,773418,2
-1406832,773442,1
-1406832,773597,1
-1406832,773748,1
-1406832,773885,2
-1406832,773886,1
-1406832,773889,3
-1406832,773891,9
-1406832,773893,1
-1406832,773919,1
-1406832,773933,2
-1406832,773983,1
-1406832,773991,1
-1406832,773996,1
-1406832,774001,1
-1406832,774007,1
-1406832,774144,1
-1406832,774145,1
-1406832,774154,1
-1406832,774161,1
-1406832,774205,1
-1406831,769740,1
-1406831,769754,1
-1406831,769757,1
-1406831,769882,1
-1406831,770257,1
-1406831,770617,1
-1406831,771363,1
-1406831,771367,1
-1406831,771382,1
-1406831,771499,1
-1406831,771745,1
-1406831,771827,1
-1406831,772009,1
-1406831,772230,1
-1406831,772455,1
-1406831,772861,1
-1406831,772922,1
-1406831,772968,1
-1406831,773031,1
-1406831,773039,1
-1406831,773181,1
-1406831,773360,1
-1406831,773369,1
-1406831,773407,1
-1406831,773885,1
-1406831,773886,2
-1406831,773889,1
-1406831,773899,1
-1406831,773908,1
-1406831,773911,2
-1406831,773913,1
-1406831,773918,1
-1406831,773922,1
-1406831,773935,1
-1406831,773959,1
-1406831,773995,1
-1406831,773997,1
-1406831,774076,1
-1406831,774121,1
-1406831,774122,1
-1406831,774160,1
-1406831,774161,1
-1406831,774162,1
-1406831,774179,1
-1406831,774204,1
-1406831,774445,1
-1406830,769691,1
-1406830,769727,1
-1406830,769756,6
-1406830,769785,1
-1406830,769868,1
-1406830,770047,1
-1406830,770127,1
-1406830,771371,2
-1406830,771396,1
-1406830,771851,1
-1406830,771879,1
-1406830,771917,1
-1406830,772012,1
-1406830,772271,1
-1406830,772374,1
-1406830,772375,1
-1406830,772823,1
-1406830,773078,1
-1406830,773477,1
-1406830,773897,3
-1406830,773898,1
-1406830,773900,2
-1406830,773904,1
-1406830,773907,2
-1406830,773951,1
-1406830,773956,1
-1406830,773990,1
-1406830,773995,1
-1406830,773998,2
-1406830,773999,1
-1406830,774006,1
-1406830,774077,1
-1406830,774115,1
-1406830,774128,1
-1406830,774145,1
-1406830,774217,1
-1406830,774318,1
-1406829,769666,3
-1406829,769667,1
-1406829,769796,1
-1406829,770013,1
-1406829,770024,1
-1406829,770251,1
-1406829,770363,1
-1406829,770497,1
-1406829,771415,1
-1406829,771425,1
-1406829,772012,1
-1406829,772161,3
-1406829,772284,1
-1406829,773473,1
-1406829,773616,1
-1406829,773883,3
-1406829,773888,1
-1406829,773891,1
-1406829,773896,5
-1406829,773902,1
-1406829,773903,2
-1406829,773905,5
-1406829,773918,2
-1406829,773951,1
-1406829,773992,7
-1406829,773994,2
-1406829,773996,4
-1406829,773999,1
-1406829,774002,2
-1406829,774010,1
-1406829,774077,1
-1406829,774081,1
-1406829,774099,1
-1406829,774107,1
-1406829,774122,1
-1406829,774143,1
-1406829,774161,1
-1406829,774163,1
-1406829,774201,1
-1406829,774205,1
-1406828,769740,1
-1406828,769748,1
-1406828,769762,1
-1406828,769795,1
-1406828,769824,1
-1406828,769832,8
-1406828,769852,1
-1406828,769913,1
-1406828,769954,1
-1406828,769956,1
-1406828,769959,1
-1406828,769960,1
-1406828,769979,1
-1406828,771804,1
-1406828,771906,1
-1406828,772221,1
-1406828,772239,1
-1406828,772501,1
-1406828,772723,1
-1406828,773033,1
-1406828,773043,1
-1406828,773856,1
-1406828,773884,1
-1406828,773890,3
-1406828,773893,1
-1406828,773898,1
-1406828,773919,2
-1406828,773924,2
-1406828,773945,1
-1406828,773948,1
-1406828,773959,1
-1406828,773977,2
-1406828,773981,1
-1406828,773984,1
-1406828,773986,1
-1406828,773989,3
-1406828,773990,1
-1406828,773996,1
-1406828,774008,1
-1406828,774074,2
-1406828,774090,1
-1406828,774158,1
-1406828,774160,1
-1406828,774203,1
-1406828,774205,1
-1406827,769704,1
-1406827,769793,1
-1406827,769945,1
-1406827,769960,1
-1406827,769963,1
-1406827,769982,1
-1406827,771358,1
-1406827,771468,1
-1406827,772229,1
-1406827,772287,1
-1406827,772723,5
-1406827,772769,1
-1406827,773032,1
-1406827,773051,1
-1406827,773364,1
-1406827,773383,1
-1406827,773878,1
-1406827,773899,1
-1406827,773910,1
-1406827,773927,1
-1406827,773933,1
-1406827,773942,1
-1406827,773957,1
-1406827,773959,1
-1406827,773960,1
-1406827,773961,1
-1406827,773964,1
-1406827,773966,1
-1406827,773969,1
-1406827,773975,1
-1406827,773980,2
-1406827,773981,6
-1406827,773983,2
-1406827,773985,5
-1406827,773987,1
-1406827,773991,1
-1406827,774066,1
-1406827,774079,1
-1406827,774115,1
-1406827,774138,1
-1406827,774143,1
-1406827,774165,1
-1406827,774166,1
-1406827,774206,1
-1406827,774212,1
-1406827,774217,1
-1406826,769752,1
-1406826,769962,1
-1406826,770259,1
-1406826,770544,1
-1406826,770685,1
-1406826,771487,1
-1406826,771526,1
-1406826,771794,1
-1406826,771915,1
-1406826,772464,1
-1406826,772849,1
-1406826,773032,1
-1406826,773048,1
-1406826,773870,5
-1406826,773887,3
-1406826,773901,4
-1406826,773903,1
-1406826,773918,1
-1406826,773922,3
-1406826,773926,1
-1406826,773940,1
-1406826,773951,2
-1406826,773953,1
-1406826,773957,1
-1406826,773960,4
-1406826,773962,1
-1406826,773963,2
-1406826,773969,1
-1406826,773978,15
-1406826,773984,1
-1406826,773985,3
-1406826,773990,1
-1406826,774002,1
-1406826,774095,1
-1406826,774131,1
-1406826,774134,1
-1406826,774136,1
-1406826,774143,1
-1406826,774158,1
-1406826,774162,1
-1406826,774167,1
-1406826,774206,1
-1406826,774212,1
-1406826,774430,1
-1406825,769691,1
-1406825,769873,1
-1406825,769945,1
-1406825,770111,1
-1406825,770127,1
-1406825,771374,1
-1406825,771735,1
-1406825,771953,1
-1406825,772255,1
-1406825,772329,1
-1406825,773042,1
-1406825,773123,1
-1406825,773395,1
-1406825,773521,1
-1406825,773602,2
-1406825,773603,1
-1406825,773903,1
-1406825,773905,1
-1406825,773924,1
-1406825,773929,1
-1406825,773930,2
-1406825,773942,1
-1406825,773952,1
-1406825,773955,1
-1406825,773968,3
-1406825,773970,1
-1406825,773975,2
-1406825,773993,3
-1406825,774111,1
-1406825,774113,1
-1406825,774118,1
-1406825,774134,1
-1406825,774135,4
-1406825,774147,1
-1406825,774156,1
-1406825,774164,1
-1406825,774203,2
-1406825,774204,1
-1406825,774207,1
-1406825,774210,1
-1406824,769759,2
-1406824,769869,1
-1406824,769947,1
-1406824,769958,1
-1406824,769963,1
-1406824,770022,1
-1406824,770091,1
-1406824,770141,1
-1406824,771366,1
-1406824,771382,1
-1406824,771742,1
-1406824,772085,1
-1406824,772088,1
-1406824,772664,1
-1406824,773119,1
-1406824,773602,1
-1406824,773874,1
-1406824,773887,1
-1406824,773894,3
-1406824,773909,1
-1406824,773919,1
-1406824,773921,1
-1406824,773923,2
-1406824,773927,3
-1406824,773929,2
-1406824,773931,2
-1406824,773937,2
-1406824,773952,1
-1406824,773953,2
-1406824,773954,1
-1406824,773956,3
-1406824,773960,2
-1406824,773962,1
-1406824,773965,1
-1406824,773967,2
-1406824,773968,1
-1406824,773972,1
-1406824,773976,2
-1406824,774020,1
-1406824,774093,1
-1406824,774099,2
-1406824,774122,1
-1406824,774127,1
-1406824,774135,1
-1406824,774137,1
-1406824,774139,1
-1406824,774141,1
-1406824,774170,1
-1406824,774176,1
-1406824,774190,1
-1406824,774206,1
-1406824,774207,1
-1406824,774213,1
-1406824,774219,1
-1406823,769755,1
-1406823,769938,5
-1406823,769939,2
-1406823,769967,6
-1406823,769972,1
-1406823,770014,1
-1406823,770138,1
-1406823,770244,1
-1406823,771388,1
-1406823,771427,1
-1406823,771588,1
-1406823,772086,1
-1406823,772238,1
-1406823,772248,1
-1406823,772249,1
-1406823,772902,1
-1406823,772942,1
-1406823,773006,1
-1406823,773042,1
-1406823,773044,1
-1406823,773373,1
-1406823,773434,1
-1406823,773506,1
-1406823,773888,1
-1406823,773922,1
-1406823,773923,2
-1406823,773928,1
-1406823,773929,1
-1406823,773933,1
-1406823,773935,1
-1406823,773938,1
-1406823,773945,2
-1406823,773950,1
-1406823,773957,1
-1406823,773959,3
-1406823,773967,2
-1406823,773990,1
-1406823,773998,1
-1406823,774079,1
-1406823,774086,1
-1406823,774089,1
-1406823,774122,1
-1406823,774125,1
-1406823,774132,1
-1406823,774136,1
-1406823,774148,1
-1406823,774171,1
-1406823,774193,1
-1406823,774194,1
-1406823,774201,2
-1406823,774202,1
-1406823,774204,1
-1406823,774207,2
-1406822,769721,1
-1406822,769756,1
-1406822,769882,1
-1406822,769897,1
-1406822,769907,1
-1406822,769940,1
-1406822,769968,1
-1406822,769969,1
-1406822,769972,2
-1406822,769974,1
-1406822,769976,1
-1406822,770036,1
-1406822,770139,1
-1406822,770178,1
-1406822,770180,1
-1406822,770299,1
-1406822,770455,1
-1406822,771372,1
-1406822,771957,1
-1406822,772264,1
-1406822,772291,1
-1406822,772379,1
-1406822,772980,1
-1406822,773062,1
-1406822,773396,1
-1406822,773547,1
-1406822,773599,1
-1406822,773601,1
-1406822,773870,2
-1406822,773878,7
-1406822,773887,1
-1406822,773889,1
-1406822,773892,2
-1406822,773895,2
-1406822,773922,2
-1406822,773936,1
-1406822,773939,1
-1406822,773940,1
-1406822,773944,3
-1406822,773948,1
-1406822,773954,2
-1406822,773955,1
-1406822,773960,5
-1406822,773995,1
-1406822,774080,2
-1406822,774087,1
-1406822,774124,1
-1406822,774162,1
-1406822,774168,1
-1406822,774177,1
-1406822,774178,1
-1406822,774184,1
-1406822,774194,1
-1406822,774200,2
-1406822,774201,1
-1406822,774203,1
-1406822,774204,3
-1406822,774205,3
-1406822,774206,1
-1406822,774207,1
-1406822,774208,1
-1406822,774217,1
-1406821,769796,2
-1406821,769909,1
-1406821,769964,1
-1406821,769969,1
-1406821,769973,1
-1406821,769975,1
-1406821,770008,2
-1406821,770030,1
-1406821,770137,1
-1406821,770147,1
-1406821,770251,4
-1406821,771411,1
-1406821,771877,1
-1406821,771932,4
-1406821,771994,1
-1406821,772087,1
-1406821,772093,1
-1406821,772819,1
-1406821,773063,1
-1406821,773112,1
-1406821,773134,1
-1406821,773737,1
-1406821,773900,1
-1406821,773902,1
-1406821,773918,3
-1406821,773925,4
-1406821,773934,1
-1406821,773942,1
-1406821,773944,1
-1406821,773946,1
-1406821,773947,1
-1406821,773954,5
-1406821,773970,1
-1406821,773976,1
-1406821,774078,1
-1406821,774110,1
-1406821,774129,1
-1406821,774146,1
-1406821,774175,1
-1406821,774187,1
-1406821,774202,1
-1406820,769810,1
-1406820,769909,2
-1406820,769912,1
-1406820,769960,1
-1406820,769964,1
-1406820,769974,1
-1406820,769975,2
-1406820,769976,1
-1406820,770053,1
-1406820,770176,1
-1406820,770267,1
-1406820,771367,1
-1406820,771381,1
-1406820,771737,1
-1406820,771837,1
-1406820,771867,1
-1406820,771907,1
-1406820,771908,2
-1406820,771918,1
-1406820,771956,2
-1406820,772080,1
-1406820,772282,2
-1406820,772668,2
-1406820,773042,1
-1406820,773431,1
-1406820,773744,1
-1406820,773883,1
-1406820,773888,4
-1406820,773889,1
-1406820,773901,1
-1406820,773944,1
-1406820,773947,1
-1406820,773985,1
-1406820,774067,6
-1406820,774101,2
-1406820,774107,1
-1406820,774110,1
-1406820,774147,1
-1406820,774148,2
-1406820,774184,2
-1406820,774197,1
-1406820,774203,1
-1406820,774205,1
-1406820,774208,1
-1406820,774211,1
-1406820,774214,1
-1406820,774422,1
-1406819,769806,1
-1406819,769913,1
-1406819,769915,1
-1406819,769930,4
-1406819,769948,1
-1406819,769955,1
-1406819,769971,2
-1406819,769975,1
-1406819,769978,1
-1406819,770010,1
-1406819,770020,1
-1406819,770037,1
-1406819,770109,1
-1406819,770139,1
-1406819,770252,1
-1406819,770256,1
-1406819,771415,1
-1406819,771438,1
-1406819,771499,1
-1406819,771841,1
-1406819,772225,1
-1406819,772880,1
-1406819,773040,1
-1406819,773050,1
-1406819,773067,1
-1406819,773095,1
-1406819,773890,1
-1406819,773893,1
-1406819,773929,1
-1406819,773938,1
-1406819,773939,1
-1406819,773961,1
-1406819,773981,1
-1406819,773983,1
-1406819,774015,1
-1406819,774093,1
-1406819,774111,1
-1406819,774135,1
-1406819,774167,1
-1406819,774201,1
-1406819,774205,1
-1406819,774213,1
-1406818,769807,1
-1406818,769808,2
-1406818,769810,1
-1406818,769969,1
-1406818,769972,1
-1406818,769977,1
-1406818,770012,1
-1406818,770039,1
-1406818,770124,6
-1406818,770127,1
-1406818,770198,1
-1406818,770323,1
-1406818,771399,1
-1406818,771450,1
-1406818,771762,1
-1406818,773048,1
-1406818,773062,1
-1406818,773868,4
-1406818,773880,1
-1406818,773882,1
-1406818,773899,1
-1406818,773930,1
-1406818,773940,3
-1406818,773942,1
-1406818,773947,1
-1406818,773995,1
-1406818,774076,2
-1406818,774077,1
-1406818,774082,2
-1406818,774092,1
-1406818,774179,1
-1406818,774184,1
-1406818,774186,1
-1406818,774198,1
-1406818,774202,1
-1406818,774205,1
-1406818,774211,1
-1406818,774426,1
-1406817,769809,1
-1406817,769929,1
-1406817,769976,1
-1406817,770004,1
-1406817,770007,1
-1406817,770009,1
-1406817,770035,1
-1406817,770043,1
-1406817,770119,1
-1406817,770186,1
-1406817,771381,1
-1406817,771479,1
-1406817,771759,1
-1406817,771847,1
-1406817,772770,1
-1406817,772993,1
-1406817,773041,1
-1406817,773047,1
-1406817,773519,1
-1406817,773886,1
-1406817,773895,1
-1406817,773898,1
-1406817,773908,1
-1406817,773946,1
-1406817,773965,1
-1406817,774072,2
-1406817,774073,1
-1406817,774088,1
-1406817,774096,1
-1406817,774201,1
-1406817,774203,1
-1406817,774206,1
-1406817,774221,1
-1406817,774419,1
-1406817,774430,1
-1406816,769910,1
-1406816,769926,2
-1406816,769927,1
-1406816,769975,1
-1406816,770007,1
-1406816,770011,1
-1406816,770037,1
-1406816,770136,1
-1406816,770143,1
-1406816,770596,1
-1406816,770761,1
-1406816,771374,1
-1406816,771734,1
-1406816,771735,1
-1406816,771839,10
-1406816,771970,1
-1406816,772098,1
-1406816,772254,1
-1406816,773052,1
-1406816,773067,1
-1406816,773106,1
-1406816,773881,1
-1406816,773888,1
-1406816,773891,3
-1406816,773930,1
-1406816,773935,1
-1406816,773944,1
-1406816,773960,1
-1406816,773976,1
-1406816,774092,1
-1406816,774097,1
-1406816,774120,1
-1406816,774187,2
-1406816,774201,7
-1406816,774204,2
-1406816,774205,1
-1406815,769926,1
-1406815,769927,1
-1406815,769934,1
-1406815,769942,1
-1406815,770007,1
-1406815,770010,1
-1406815,770016,1
-1406815,770114,1
-1406815,770218,1
-1406815,770254,1
-1406815,771371,1
-1406815,771375,1
-1406815,771441,1
-1406815,771973,1
-1406815,772040,1
-1406815,772249,1
-1406815,772823,1
-1406815,772892,1
-1406815,772894,1
-1406815,772976,1
-1406815,773026,1
-1406815,773103,1
-1406815,773487,1
-1406815,773886,2
-1406815,773903,5
-1406815,773907,1
-1406815,774100,1
-1406815,774171,1
-1406815,774183,1
-1406815,774202,1
-1406815,774205,1
-1406815,774206,1
-1406814,769939,1
-1406814,769943,1
-1406814,769961,1
-1406814,770007,1
-1406814,770009,2
-1406814,770010,4
-1406814,770016,1
-1406814,770018,1
-1406814,770137,1
-1406814,770149,1
-1406814,770255,1
-1406814,770283,1
-1406814,770321,1
-1406814,771370,1
-1406814,771371,1
-1406814,771395,8
-1406814,771759,1
-1406814,771763,1
-1406814,771832,1
-1406814,772238,1
-1406814,772249,11
-1406814,772397,1
-1406814,772976,1
-1406814,773092,1
-1406814,773376,1
-1406814,773872,4
-1406814,773888,1
-1406814,773893,1
-1406814,773899,1
-1406814,773939,1
-1406814,773942,1
-1406814,773953,1
-1406814,773973,1
-1406814,774097,1
-1406814,774102,1
-1406814,774105,1
-1406814,774175,1
-1406814,774202,1
-1406814,774220,3
-1406814,774418,1
-1406813,769907,1
-1406813,769966,1
-1406813,769987,1
-1406813,769999,1
-1406813,770002,1
-1406813,770009,2
-1406813,770010,5
-1406813,770011,3
-1406813,770014,1
-1406813,770016,1
-1406813,770020,1
-1406813,770025,1
-1406813,770130,1
-1406813,770184,1
-1406813,770186,1
-1406813,770516,1
-1406813,770519,1
-1406813,771821,1
-1406813,771965,1
-1406813,772119,1
-1406813,772221,1
-1406813,772314,1
-1406813,773063,1
-1406813,773082,1
-1406813,773885,2
-1406813,773931,3
-1406813,773940,4
-1406813,773951,1
-1406813,774073,1
-1406813,774105,1
-1406813,774106,1
-1406813,774107,1
-1406813,774203,1
-1406813,774204,1
-1406813,774207,1
-1406813,774208,1
-1406813,774414,1
-1406813,774422,1
-1406813,774426,1
-1406812,770010,2
-1406812,770011,1
-1406812,770012,1
-1406812,770013,1
-1406812,770022,1
-1406812,770063,1
-1406812,770071,1
-1406812,770105,1
-1406812,770136,1
-1406812,770217,1
-1406812,770243,1
-1406812,770287,1
-1406812,770520,1
-1406812,771331,1
-1406812,771829,1
-1406812,771831,4
-1406812,771834,1
-1406812,772103,1
-1406812,772246,1
-1406812,772256,1
-1406812,773069,1
-1406812,773088,1
-1406812,773404,1
-1406812,773880,2
-1406812,773903,1
-1406812,773942,1
-1406812,773944,1
-1406812,774077,1
-1406812,774079,1
-1406812,774083,1
-1406812,774086,1
-1406812,774093,1
-1406812,774104,1
-1406812,774107,1
-1406812,774118,1
-1406812,774190,1
-1406812,774195,1
-1406812,774201,4
-1406812,774202,1
-1406812,774212,1
-1406811,769708,1
-1406811,770019,1
-1406811,770020,1
-1406811,770039,1
-1406811,770043,1
-1406811,770049,1
-1406811,771374,1
-1406811,771441,1
-1406811,771460,1
-1406811,771483,1
-1406811,771488,1
-1406811,771780,1
-1406811,772233,1
-1406811,772416,1
-1406811,772535,1
-1406811,772958,1
-1406811,773223,1
-1406811,773745,2
-1406811,773932,2
-1406811,774098,1
-1406811,774099,1
-1406811,774110,1
-1406811,774128,1
-1406811,774191,1
-1406811,774204,1
-1406811,774403,1
-1406810,770062,1
-1406810,770239,1
-1406810,771347,1
-1406810,771742,1
-1406810,771903,1
-1406810,771918,1
-1406810,771921,1
-1406810,772080,1
-1406810,772238,1
-1406810,772318,1
-1406810,772792,1
-1406810,772875,1
-1406810,772883,1
-1406810,772986,1
-1406810,773021,1
-1406810,773078,1
-1406810,773881,1
-1406810,773913,1
-1406810,773951,1
-1406810,773981,2
-1406810,774010,1
-1406810,774071,1
-1406810,774105,2
-1406810,774110,2
-1406810,774204,1
-1406810,774205,1
-1406809,770005,1
-1406809,770021,1
-1406809,770029,1
-1406809,770241,4
-1406809,771441,1
-1406809,771900,1
-1406809,771920,1
-1406809,772101,1
-1406809,772823,1
-1406809,773388,1
-1406809,773886,2
-1406809,773936,1
-1406809,773978,2
-1406809,774066,1
-1406809,774080,1
-1406809,774102,1
-1406809,774187,1
-1406809,774193,1
-1406809,774203,32
-1406809,774205,3
-1406809,774431,1
-1406808,769663,1
-1406808,770020,2
-1406808,770028,1
-1406808,770033,1
-1406808,770062,1
-1406808,770139,1
-1406808,770252,1
-1406808,770262,2
-1406808,771353,1
-1406808,771380,1
-1406808,771407,1
-1406808,771412,1
-1406808,771825,1
-1406808,771945,1
-1406808,771992,1
-1406808,772234,1
-1406808,772370,1
-1406808,772416,1
-1406808,773071,1
-1406808,773675,1
-1406808,774057,1
-1406808,774073,1
-1406808,774080,1
-1406808,774103,1
-1406808,774205,1
-1406808,774412,1
-1406807,770018,1
-1406807,770020,1
-1406807,770025,1
-1406807,770041,1
-1406807,770128,1
-1406807,770179,2
-1406807,771392,4
-1406807,771742,1
-1406807,771784,1
-1406807,771918,1
-1406807,771920,1
-1406807,772326,1
-1406807,772506,1
-1406807,773074,1
-1406807,773603,1
-1406807,773883,6
-1406807,773886,2
-1406807,773887,2
-1406807,773938,1
-1406807,774069,1
-1406807,774110,1
-1406806,770043,1
-1406806,770564,1
-1406806,771343,1
-1406806,771399,3
-1406806,771431,1
-1406806,771917,1
-1406806,772239,1
-1406806,772306,1
-1406806,772621,1
-1406806,773440,1
-1406806,774110,1
-1406806,774194,2
-1406806,774198,1
-1406805,771830,77
-1406805,772017,1
-1406805,772271,1
-1406805,773872,8
-1406805,773890,1
-1406805,773944,1
-1406805,774075,2
-1406805,774078,1
-1406805,774155,1
-1406805,774192,1
-1406804,769968,1
-1406804,770046,1
-1406804,771392,1
-1406804,771916,1
-1406804,771960,1
-1406804,772480,1
-1406804,773874,2
-1406804,773881,1
-1406804,774090,1
-1406804,774111,1
-1406804,774160,1
-1406804,774192,1
-1406804,774195,1
-1406804,774197,1
-1406803,770081,1
-1406803,771370,1
-1406803,772094,1
-1406803,772566,1
-1406803,773080,1
-1406803,773884,1
-1406803,773886,3
-1406803,773906,1
-1406803,774033,1
-1406803,774077,1
-1406803,774091,1
-1406803,774193,1
-1406803,774194,1
-1406803,774196,1
-1406802,769785,1
-1406802,771419,1
-1406802,771789,1
-1406802,771896,1
-1406802,772951,1
-1406802,772961,1
-1406802,773030,1
-1406802,773095,1
-1406802,773389,1
-1406802,773571,1
-1406802,773885,3
-1406802,773945,2
-1406802,774025,2
-1406802,774080,1
-1406802,774085,1
-1406802,774091,1
-1406802,774097,1
-1406802,774206,1
-1406801,770173,1
-1406801,771784,1
-1406801,771911,1
-1406801,771912,1
-1406801,771913,8
-1406801,772094,1
-1406801,772934,1
-1406801,773079,1
-1406801,773842,1
-1406801,773881,3
-1406801,773885,5
-1406801,774060,1
-1406801,774105,1
-1406801,774198,1
-1406801,774199,1
-1406800,770221,1
-1406800,771752,1
-1406800,771911,5
-1406800,771956,1
-1406800,771967,1
-1406800,772139,1
-1406800,772893,2
-1406800,772894,1
-1406800,773370,1
-1406800,773500,1
-1406800,773867,3
-1406800,773894,1
-1406800,773967,8
-1406800,774011,1
-1406800,774075,1
-1406800,774076,1
-1406800,774192,1
-1406799,770214,2
-1406799,771425,1
-1406799,771976,1
-1406799,772013,1
-1406799,772336,1
-1406799,772673,5
-1406799,773032,1
-1406799,773043,1
-1406799,773097,1
-1406799,773140,1
-1406799,773457,1
-1406799,773886,1
-1406799,774075,1
-1406799,774086,1
-1406799,774165,1
-1406799,774192,1
-1406799,774194,1
-1406799,774204,1
-1406798,769713,1
-1406798,770006,1
-1406798,770087,1
-1406798,771425,1
-1406798,771694,1
-1406798,771784,1
-1406798,771820,1
-1406798,772325,2
-1406798,772327,1
-1406798,772538,1
-1406798,773425,1
-1406798,773461,1
-1406798,773621,1
-1406798,773885,1
-1406798,774019,1
-1406798,774083,1
-1406798,774203,1
-1406798,774204,1
-1406797,770132,1
-1406797,771379,12
-1406797,771412,1
-1406797,771445,1
-1406797,771911,1
-1406797,772018,1
-1406797,772222,2
-1406797,772326,1
-1406797,772859,1
-1406797,772881,1
-1406797,773083,1
-1406797,773801,1
-1406797,773870,1
-1406797,773876,6
-1406797,774007,1
-1406797,774078,1
-1406797,774079,3
-1406797,774080,2
-1406797,774081,1
-1406797,774083,1
-1406797,774193,1
-1406797,774199,1
-1406796,770189,1
-1406796,770570,1
-1406796,771381,1
-1406796,771770,1
-1406796,771826,1
-1406796,771887,1
-1406796,771890,1
-1406796,772327,1
-1406796,772329,1
-1406796,772877,1
-1406796,772878,4
-1406796,772893,1
-1406796,773103,1
-1406796,773392,1
-1406796,773811,1
-1406796,773868,6
-1406796,773879,1
-1406796,773903,1
-1406796,774037,1
-1406796,774065,1
-1406796,774090,1
-1406796,774197,1
-1406795,770061,1
-1406795,770132,1
-1406795,771911,1
-1406795,771998,1
-1406795,772164,1
-1406795,772330,1
-1406795,772335,1
-1406795,772835,1
-1406795,772875,1
-1406795,772878,3
-1406795,772879,1
-1406795,772880,1
-1406795,773394,1
-1406795,773550,1
-1406795,773783,1
-1406795,773803,1
-1406795,773804,1
-1406795,773847,1
-1406795,773878,1
-1406795,774072,3
-1406795,774077,1
-1406795,774081,1
-1406795,774205,1
-1406795,774213,1
-1406794,770131,1
-1406794,770132,1
-1406794,771783,1
-1406794,771826,2
-1406794,772327,2
-1406794,772331,2
-1406794,772332,1
-1406794,772980,1
-1406794,773475,1
-1406794,773501,1
-1406794,773866,2
-1406794,774080,1
-1406794,774192,1
-1406794,774208,1
-1406793,770639,1
-1406793,771458,1
-1406793,771769,1
-1406793,771938,1
-1406793,772016,1
-1406793,772166,1
-1406793,772324,1
-1406793,772331,2
-1406793,772332,1
-1406793,772335,1
-1406793,772337,1
-1406793,773899,1
-1406793,773947,1
-1406793,774086,1
-1406793,774187,1
-1406793,774188,3
-1406793,774190,1
-1406793,774421,1
-1406792,770195,1
-1406792,771756,1
-1406792,771926,1
-1406792,772044,1
-1406792,772760,1
-1406792,772812,1
-1406792,772924,1
-1406792,773092,1
-1406792,773797,1
-1406792,773802,1
-1406792,773803,1
-1406792,773867,2
-1406792,773869,3
-1406792,773892,1
-1406792,773918,1
-1406792,773960,1
-1406792,773967,1
-1406792,774010,1
-1406792,774031,1
-1406792,774078,2
-1406792,774087,1
-1406792,774093,1
-1406792,774105,1
-1406791,770183,1
-1406791,770572,1
-1406791,771453,1
-1406791,771764,1
-1406791,771874,2
-1406791,773095,1
-1406791,773106,1
-1406791,773423,1
-1406791,773801,1
-1406791,773876,2
-1406791,773878,2
-1406791,773968,1
-1406791,774039,1
-1406791,774074,1
-1406791,774093,1
-1406790,770183,1
-1406790,770202,1
-1406790,770203,1
-1406790,771442,1
-1406790,771744,1
-1406790,771770,1
-1406790,771776,1
-1406790,772322,1
-1406790,772334,1
-1406790,773799,1
-1406790,773809,1
-1406790,773867,2
-1406790,773880,3
-1406790,774040,2
-1406789,770832,1
-1406789,771438,2
-1406789,771719,5
-1406789,771925,1
-1406789,771926,1
-1406789,771961,1
-1406789,772171,1
-1406789,772320,1
-1406789,772327,1
-1406789,772336,1
-1406789,772376,1
-1406789,773451,1
-1406789,773504,1
-1406789,773865,1
-1406789,773882,2
-1406789,774074,1
-1406789,774098,1
-1406788,770085,1
-1406788,770634,1
-1406788,771360,1
-1406788,771406,1
-1406788,771460,1
-1406788,771777,1
-1406788,771878,1
-1406788,772090,1
-1406788,772830,1
-1406788,773872,3
-1406788,773876,1
-1406788,773891,1
-1406788,774061,1
-1406788,774090,1
-1406788,774093,1
-1406788,774094,1
-1406788,774095,1
-1406787,769882,1
-1406787,771294,1
-1406787,771740,1
-1406787,772181,1
-1406787,773098,1
-1406787,773449,1
-1406787,773476,1
-1406787,773557,1
-1406787,773675,1
-1406787,773802,1
-1406787,773874,2
-1406787,773974,1
-1406787,774081,1
-1406787,774087,2
-1406786,770230,1
-1406786,770728,1
-1406786,771367,1
-1406786,771423,1
-1406786,771716,5
-1406786,772852,1
-1406786,774068,3
-1406786,774087,1
-1406786,774093,1
-1406785,772001,1
-1406785,772176,1
-1406785,772336,1
-1406785,772629,1
-1406785,772876,1
-1406785,773546,1
-1406785,773656,1
-1406785,773821,1
-1406785,773871,2
-1406785,773875,1
-1406785,774045,1
-1406785,774072,1
-1406785,774431,1
-1406784,771741,1
-1406784,771802,1
-1406784,771925,1
-1406784,772014,1
-1406784,772373,1
-1406784,772603,1
-1406784,773877,1
-1406784,773883,1
-1406783,771289,1
-1406783,771728,1
-1406783,771760,1
-1406783,771773,1
-1406783,771776,1
-1406783,771873,1
-1406783,772169,1
-1406783,772374,1
-1406783,772472,1
-1406783,773109,2
-1406783,773873,1
-1406783,773878,1
-1406783,773888,1
-1406783,774045,1
-1406783,774090,1
-1406783,774107,1
-1406782,771725,1
-1406782,771727,1
-1406782,771775,1
-1406782,771875,1
-1406782,772022,1
-1406782,772028,1
-1406782,772038,1
-1406782,772191,1
-1406782,772875,1
-1406782,773571,1
-1406782,773910,1
-1406782,773965,1
-1406781,771775,1
-1406781,772011,1
-1406781,772169,1
-1406781,772172,1
-1406781,772193,1
-1406781,772584,1
-1406781,772629,1
-1406781,772836,1
-1406781,773091,1
-1406781,773114,1
-1406781,773873,1
-1406781,774076,1
-1406781,774085,1
-1406781,774106,1
-1406780,769762,1
-1406780,771877,1
-1406780,772169,1
-1406780,772194,1
-1406780,772197,1
-1406780,772293,1
-1406780,773551,1
-1406780,773723,1
-1406780,773780,1
-1406780,773787,1
-1406780,774083,1
-1406780,774091,1
-1406779,771813,1
-1406779,771922,1
-1406779,771956,1
-1406779,772181,1
-1406779,772183,1
-1406779,772199,1
-1406779,772209,1
-1406779,772232,1
-1406779,773554,1
-1406779,773868,5
-1406778,771648,1
-1406778,772184,1
-1406778,772313,1
-1406778,773121,1
-1406778,773371,1
-1406778,773781,1
-1406778,773797,1
-1406778,773862,3
-1406778,773869,1
-1406777,771787,1
-1406777,771868,1
-1406777,772949,1
-1406777,773112,1
-1406777,773404,1
-1406777,773688,1
-1406777,773862,1
-1406777,773866,1
-1406777,774073,1
-1406777,774078,1
-1406777,774083,1
-1406776,771376,1
-1406776,771726,1
-1406776,771742,1
-1406776,771961,1
-1406776,772093,1
-1406776,772373,2
-1406776,772410,1
-1406776,773108,1
-1406776,773133,1
-1406776,773869,1
-1406776,773976,1
-1406776,774072,1
-1406776,774112,1
-1406776,774142,1
-1406776,774278,1
-1406776,774293,1
-1406775,771727,1
-1406775,772088,1
-1406775,772183,1
-1406775,772202,1
-1406775,773968,1
-1406775,773994,1
-1406775,774008,1
-1406775,774063,1
-1406775,774070,1
-1406774,771774,1
-1406774,771778,1
-1406774,771791,1
-1406774,771849,1
-1406774,772000,1
-1406774,772039,1
-1406774,772181,1
-1406774,772200,1
-1406774,773108,1
-1406774,773741,1
-1406774,773883,1
-1406773,770679,1
-1406773,771961,1
-1406773,772095,1
-1406773,772198,1
-1406773,772573,1
-1406773,772662,1
-1406773,773047,1
-1406773,773651,1
-1406773,773981,1
-1406773,774060,1
-1406773,774083,1
-1406773,774094,1
-1406773,774360,1
-1406772,769763,1
-1406772,771407,2
-1406772,771773,2
-1406772,772018,1
-1406772,772317,1
-1406772,772848,1
-1406772,773117,1
-1406772,773421,1
-1406772,774059,1
-1406771,769838,1
-1406771,771740,1
-1406771,771961,1
-1406771,772061,1
-1406771,772130,1
-1406771,772149,1
-1406771,772151,1
-1406771,772170,1
-1406771,772175,2
-1406771,772180,1
-1406771,772186,1
-1406771,772187,1
-1406771,772193,1
-1406771,772194,1
-1406771,772196,2
-1406771,772514,1
-1406771,773085,1
-1406771,773119,1
-1406771,773137,1
-1406771,773427,1
-1406771,773862,1
-1406771,774087,1
-1406770,771885,1
-1406770,771961,1
-1406770,771962,1
-1406770,771970,1
-1406770,772096,1
-1406770,772130,1
-1406770,772149,2
-1406770,772164,1
-1406770,772175,1
-1406770,772189,1
-1406770,772191,3
-1406770,772193,1
-1406770,772196,1
-1406770,772204,1
-1406770,772321,1
-1406770,772811,1
-1406770,772928,1
-1406770,772958,1
-1406770,773026,1
-1406770,773079,1
-1406770,773095,1
-1406770,773115,1
-1406770,773844,1
-1406770,774071,1
-1406770,774088,1
-1406770,774248,1
-1406769,771767,3
-1406769,771768,4
-1406769,771773,1
-1406769,771856,1
-1406769,771924,1
-1406769,772058,1
-1406769,772189,1
-1406769,772190,2
-1406769,772213,1
-1406769,772654,1
-1406769,772671,1
-1406769,772694,1
-1406769,772724,1
-1406769,772736,1
-1406769,772753,1
-1406769,772888,1
-1406769,773028,1
-1406769,773034,1
-1406769,773132,1
-1406769,773754,1
-1406769,773870,2
-1406769,773879,1
-1406769,773994,1
-1406769,774141,1
-1406768,771776,1
-1406768,771787,1
-1406768,771890,1
-1406768,771911,3
-1406768,771928,1
-1406768,771944,1
-1406768,772198,1
-1406768,772661,1
-1406768,772703,2
-1406768,772869,1
-1406768,773081,1
-1406768,773732,1
-1406768,773876,1
-1406767,769744,1
-1406767,771852,1
-1406767,772177,1
-1406767,772684,1
-1406767,772714,1
-1406767,772737,1
-1406767,772875,1
-1406767,772944,1
-1406767,773852,1
-1406767,773874,1
-1406767,773983,1
-1406767,773996,1
-1406767,774005,10
-1406767,774043,1
-1406767,774044,1
-1406766,771758,3
-1406766,771948,1
-1406766,771987,1
-1406766,772444,1
-1406766,772666,1
-1406766,772698,1
-1406766,772775,1
-1406766,772869,1
-1406766,773862,1
-1406766,773868,1
-1406766,773981,1
-1406765,771854,1
-1406765,771925,1
-1406765,772186,1
-1406765,772202,1
-1406765,772371,1
-1406765,772659,1
-1406765,772662,1
-1406765,773898,1
-1406765,773998,1
-1406765,774015,1
-1406765,774028,1
-1406765,774056,1
-1406765,774081,1
-1406764,771806,1
-1406764,771920,1
-1406764,772155,1
-1406764,772679,1
-1406764,774016,1
-1406764,774077,1
-1406764,774081,1
-1406763,771386,1
-1406763,771954,1
-1406763,772090,1
-1406763,772095,1
-1406763,772174,1
-1406763,772666,1
-1406763,772670,1
-1406763,773081,1
-1406763,773628,1
-1406763,773891,1
-1406763,774021,1
-1406763,774092,1
-1406763,774268,1
-1406763,774306,1
-1406762,771331,1
-1406762,771784,1
-1406762,772083,1
-1406762,772330,1
-1406762,772665,1
-1406762,772964,1
-1406762,773094,1
-1406762,773108,1
-1406762,774084,1
-1406761,771714,1
-1406761,771832,1
-1406761,772072,1
-1406761,772170,1
-1406761,772379,1
-1406761,773065,1
-1406761,774090,1
-1406760,771784,1
-1406760,771890,1
-1406760,772193,1
-1406760,772716,1
-1406760,773105,1
-1406760,773986,1
-1406759,770851,1
-1406759,772694,1
-1406759,772743,1
-1406759,772945,1
-1406759,774345,1
-1406758,771794,1
-1406758,771873,1
-1406758,771944,1
-1406758,771971,1
-1406758,772716,1
-1406758,774414,1
-1406757,772024,1
-1406757,772169,1
-1406757,772658,1
-1406757,772698,5
-1406757,772699,2
-1406757,774074,1
-1406757,774287,1
-1406756,771659,1
-1406756,771801,1
-1406756,773039,1
-1406756,773846,1
-1406755,771735,1
-1406755,771859,1
-1406755,771933,1
-1406755,772663,1
-1406755,773100,1
-1406754,771771,1
-1406754,771804,1
-1406754,771874,1
-1406754,772658,1
-1406754,772660,1
-1406754,772663,1
-1406754,772668,1
-1406754,773096,1
-1406753,771784,1
-1406753,771801,1
-1406753,771973,1
-1406753,772169,1
-1406753,772337,1
-1406753,772717,1
-1406753,772732,1
-1406753,772739,1
-1406753,774001,1
-1406752,771945,1
-1406752,772707,1
-1406752,772734,1
-1406752,773520,1
-1406752,774377,1
-1406751,771258,1
-1406751,771958,1
-1406751,772208,1
-1406751,772675,1
-1406751,772713,1
-1406751,772872,1
-1406751,774092,1
-1406751,774158,1
-1406750,771777,1
-1406750,771781,1
-1406750,771808,1
-1406750,771922,1
-1406750,772375,1
-1406750,772670,1
-1406750,772677,1
-1406750,773296,1
-1406750,773910,1
-1406749,771942,1
-1406749,771953,1
-1406749,772026,1
-1406749,772128,1
-1406749,772208,1
-1406749,772676,1
-1406749,773604,1
-1406749,773890,1
-1406748,771806,1
-1406748,771957,1
-1406748,771959,1
-1406748,772188,1
-1406748,772660,1
-1406748,774390,1
-1406747,771956,1
-1406747,771957,13
-1406747,771967,1
-1406747,772133,1
-1406747,772134,1
-1406747,772170,1
-1406747,772171,1
-1406747,772198,1
-1406746,771819,1
-1406746,771876,1
-1406746,771951,1
-1406746,771955,1
-1406746,771957,1
-1406746,772039,1
-1406746,772658,1
-1406746,773111,1
-1406746,774332,1
-1406745,771737,1
-1406745,771738,1
-1406745,771780,1
-1406745,771787,1
-1406745,771864,1
-1406745,771955,1
-1406745,771961,1
-1406745,772133,1
-1406745,772680,1
-1406745,772701,1
-1406745,772710,1
-1406745,773128,1
-1406745,774188,1
-1406744,771814,1
-1406744,771824,1
-1406744,771957,1
-1406744,771961,1
-1406744,772682,1
-1406744,773667,1
-1406744,773714,1
-1406744,774203,2
-1406743,770614,1
-1406743,772294,1
-1406743,772319,1
-1406743,772568,1
-1406743,772676,1
-1406743,773029,1
-1406743,774085,1
-1406742,771810,1
-1406742,771828,1
-1406742,771922,1
-1406742,771965,1
-1406742,772133,1
-1406742,772407,1
-1406742,772736,1
-1406742,774185,1
-1406742,774194,1
-1406741,771754,1
-1406741,771783,1
-1406741,771829,1
-1406741,773371,1
-1406741,774203,1
-1406740,771994,1
-1406740,772236,1
-1406740,772298,1
-1406740,772449,1
-1406740,772451,1
-1406740,772570,1
-1406740,772584,1
-1406740,772679,1
-1406740,772788,1
-1406740,772944,1
-1406740,773131,1
-1406740,773496,1
-1406740,773715,1
-1406739,771827,2
-1406739,771830,1
-1406739,771931,1
-1406739,772566,1
-1406739,772655,1
-1406739,772791,1
-1406739,773712,1
-1406739,774443,1
-1406738,771830,3
-1406738,771906,1
-1406738,772304,1
-1406738,772655,1
-1406738,772681,1
-1406738,772954,1
-1406738,773114,1
-1406738,773393,1
-1406737,771415,1
-1406737,771800,1
-1406737,771844,1
-1406737,771845,1
-1406737,772298,1
-1406737,772792,1
-1406737,774177,1
-1406736,771830,1
-1406736,771842,1
-1406736,772102,1
-1406736,772220,1
-1406736,772261,1
-1406736,772370,1
-1406736,772381,1
-1406736,772826,17
-1406736,772914,1
-1406736,773110,1
-1406736,773173,1
-1406736,773292,1
-1406735,771803,1
-1406735,771835,1
-1406735,772500,1
-1406735,772827,1
-1406735,772929,1
-1406735,773712,1
-1406735,773752,1
-1406735,774205,1
-1406735,774295,1
-1406735,774358,1
-1406734,771835,1
-1406734,771836,2
-1406734,771840,1
-1406734,771940,1
-1406734,771973,1
-1406734,772295,1
-1406734,772570,1
-1406734,773340,1
-1406734,774139,1
-1406733,771847,1
-1406733,771972,1
-1406733,771986,1
-1406733,772430,1
-1406733,772458,1
-1406733,772869,1
-1406732,772537,1
-1406732,773345,1
-1406731,770022,1
-1406731,771206,1
-1406731,771764,1
-1406731,772062,1
-1406731,772457,1
-1406730,772262,1
-1406730,772337,1
-1406730,772655,1
-1406730,773970,1
-1406730,773978,1
-1406730,774294,1
-1406730,774316,1
-1406730,774407,1
-1406729,771377,1
-1406729,771836,2
-1406729,772259,1
-1406729,772363,1
-1406729,773706,1
-1406729,774206,1
-1406728,771993,1
-1406728,772049,1
-1406728,772100,1
-1406728,772209,1
-1406728,772778,1
-1406728,774158,5
-1406728,774411,1
-1406727,771842,1
-1406727,772245,2
-1406727,773084,1
-1406727,773399,1
-1406727,773978,1
-1406726,771669,1
-1406726,771742,1
-1406726,771788,1
-1406726,771958,1
-1406726,772026,1
-1406726,772250,1
-1406726,772261,1
-1406725,771815,1
-1406725,771949,1
-1406725,771981,1
-1406725,772007,1
-1406725,772229,1
-1406725,772238,1
-1406725,772241,1
-1406725,772251,1
-1406725,772252,1
-1406724,771790,5
-1406724,771821,1
-1406724,771824,1
-1406724,772241,1
-1406724,772259,1
-1406723,771817,1
-1406723,772013,1
-1406723,772111,1
-1406723,772368,1
-1406723,773962,4
-1406723,773969,1
-1406722,771803,1
-1406722,772120,1
-1406722,772209,1
-1406722,772253,1
-1406722,772255,2
-1406722,772256,1
-1406722,772350,1
-1406721,771796,1
-1406721,771826,1
-1406721,771934,1
-1406721,772056,1
-1406721,772092,1
-1406721,774387,1
-1406720,770591,1
-1406720,771793,1
-1406720,771795,1
-1406720,771973,1
-1406720,772066,1
-1406720,772116,1
-1406720,772431,1
-1406720,772852,1
-1406719,772117,1
-1406718,772000,1
-1406718,772106,1
-1406717,771797,1
-1406717,771820,1
-1406717,771945,1
-1406717,771962,1
-1406717,771993,1
-1406717,772002,1
-1406717,772011,1
-1406717,772023,1
-1406717,772128,1
-1406717,773938,1
-1406717,774352,1
-1406716,770685,1
-1406716,771811,1
-1406716,771948,1
-1406716,771963,3
-1406716,772072,1
-1406716,772074,1
-1406716,772131,1
-1406716,772135,1
-1406716,772370,1
-1406716,772552,1
-1406715,771931,1
-1406715,771962,1
-1406715,771972,1
-1406715,771995,1
-1406715,773899,1
-1406715,774073,1
-1406715,774307,1
-1406715,774389,1
-1406714,771803,1
-1406714,771963,1
-1406714,772125,1
-1406714,772665,1
-1406714,774295,1
-1406714,774395,1
-1406713,771818,1
-1406713,772009,1
-1406713,772401,1
-1406713,772711,1
-1406712,771942,1
-1406712,771962,1
-1406712,771963,1
-1406712,771975,1
-1406712,772019,1
-1406712,772051,1
-1406712,772226,1
-1406712,772357,1
-1406712,772873,1
-1406711,772296,1
-1406711,772976,1
-1406710,771957,1
-1406710,771968,1
-1406710,771993,1
-1406710,772118,1
-1406710,773945,1
-1406710,774351,1
-1406709,772102,1
-1406709,772103,1
-1406709,772104,1
-1406709,772142,1
-1406708,771810,1
-1406708,772016,2
-1406708,772431,1
-1406707,771813,1
-1406707,771959,1
-1406707,772005,1
-1406707,772400,1
-1406707,772856,1
-1406707,772857,1
-1406706,771946,1
-1406706,771979,1
-1406706,771988,1
-1406706,772000,1
-1406706,772087,1
-1406706,772118,1
-1406705,771799,1
-1406705,772004,1
-1406705,772013,1
-1406705,772344,1
-1406705,772570,1
-1406705,772878,2
-1406705,772920,1
-1406705,774395,1
-1406704,771588,1
-1406704,772001,1
-1406704,772082,1
-1406704,772101,1
-1406703,771586,1
-1406703,771974,1
-1406703,772004,1
-1406703,772116,1
-1406703,772853,1
-1406703,772996,1
-1406703,773031,1
-1406703,773062,1
-1406703,773650,1
-1406702,771997,1
-1406702,772108,1
-1406702,772989,1
-1406702,773038,1
-1406702,773094,1
-1406702,774067,1
-1406701,770996,1
-1406701,771409,1
-1406701,771932,1
-1406701,771990,1
-1406701,772108,1
-1406701,772856,1
-1406701,772970,1
-1406701,773085,1
-1406701,773188,1
-1406701,774415,1
-1406700,771589,1
-1406700,771972,1
-1406700,772006,1
-1406699,771994,1
-1406698,771992,1
-1406698,772654,1
-1406697,771777,14
-1406697,772911,1
-1406697,773897,2
-1406697,773950,1
-1406696,771993,1
-1406696,772916,1
-1406695,771954,1
-1406695,772669,1
-1406695,773694,1
-1406694,771974,1
-1406694,772021,1
-1406693,771995,1
-1406693,771996,1
-1406693,772016,1
-1406693,773498,1
-1406693,774402,1
-1406692,771769,1
-1406692,772110,1
-1406692,772228,1
-1406692,772883,1
-1406692,774363,1
-1406691,772034,1
-1406691,772368,1
-1406691,773038,1
-1406690,771030,1
-1406690,771810,1
-1406690,771950,1
-1406690,772122,1
-1406690,772242,1
-1406690,774198,1
-1406689,772117,1
-1406689,774309,1
-1406688,772422,1
-1406687,771764,1
-1406687,771955,1
-1406687,771997,1
-1406687,772115,1
-1406687,772117,1
-1406687,774318,1
-1406686,771577,1
-1406686,771793,1
-1406686,771943,1
-1406686,772058,1
-1406686,772101,1
-1406686,772114,1
-1406686,772172,1
-1406686,773207,1
-1406686,773741,1
-1406685,771553,1
-1406685,771811,1
-1406685,771949,1
-1406685,772052,1
-1406685,772184,1
-1406685,772356,1
-1406685,772552,1
-1406685,772743,1
-1406685,772899,1
-1406685,772900,1
-1406685,773478,1
-1406685,773485,1
-1406685,773506,1
-1406684,771996,1
-1406684,772205,1
-1406684,773292,1
-1406684,773654,4
-1406683,771963,1
-1406683,771983,1
-1406683,772709,1
-1406683,773086,1
-1406682,771966,1
-1406682,771983,1
-1406682,772922,1
-1406682,773483,1
-1406682,774307,1
-1406681,771974,1
-1406681,772049,1
-1406681,773267,1
-1406681,773272,1
-1406680,771933,1
-1406680,771940,1
-1406680,772008,1
-1406680,772253,2
-1406680,773446,1
-1406680,774067,10
-1406680,774146,1
-1406680,774198,1
-1406680,774199,1
-1406680,774326,1
-1406679,771647,1
-1406679,771749,1
-1406679,771985,1
-1406679,772021,1
-1406679,772248,1
-1406679,772255,1
-1406679,772256,1
-1406679,774037,1
-1406679,774192,1
-1406679,774193,1
-1406679,774194,1
-1406679,774201,1
-1406678,771748,1
-1406678,771985,1
-1406678,772177,2
-1406678,772254,2
-1406678,773516,1
-1406678,774194,1
-1406678,774195,1
-1406678,774196,1
-1406678,774197,1
-1406678,774204,1
-1406678,774381,1
-1406677,771971,1
-1406677,771976,1
-1406677,771984,1
-1406677,772256,1
-1406677,772880,2
-1406677,773068,1
-1406677,773241,1
-1406677,774193,1
-1406677,774195,1
-1406677,774196,1
-1406676,771745,1
-1406676,771952,1
-1406676,772258,1
-1406676,773138,1
-1406676,773519,1
-1406676,774199,1
-1406676,774200,1
-1406676,774298,1
-1406675,771840,1
-1406675,771852,1
-1406675,771967,1
-1406675,772017,1
-1406675,772259,1
-1406675,773136,1
-1406675,773879,1
-1406674,771950,1
-1406674,771967,1
-1406674,771972,1
-1406674,771975,1
-1406674,772028,1
-1406674,772172,1
-1406674,772654,1
-1406674,773070,1
-1406674,773072,1
-1406674,773074,1
-1406674,773130,1
-1406674,774201,1
-1406673,771575,1
-1406673,772257,1
-1406673,772336,1
-1406673,773070,1
-1406673,773130,1
-1406673,773131,1
-1406673,773132,1
-1406673,774370,1
-1406673,774424,1
-1406672,771972,1
-1406672,773073,1
-1406672,773135,1
-1406672,774404,1
-1406671,771814,1
-1406671,772099,1
-1406671,773430,1
-1406671,773439,3
-1406671,773500,1
-1406671,774351,1
-1406670,771852,1
-1406670,771946,1
-1406670,772010,1
-1406670,772232,1
-1406669,771542,1
-1406669,771974,1
-1406669,772368,1
-1406669,773091,1
-1406669,773511,1
-1406669,774413,1
-1406668,771979,1
-1406668,771985,1
-1406668,772247,1
-1406668,772249,1
-1406668,774321,1
-1406667,771553,1
-1406667,771946,1
-1406667,771961,1
-1406667,771968,1
-1406667,772165,1
-1406667,772242,1
-1406667,772350,1
-1406667,772374,1
-1406667,774416,1
-1406666,772249,1
-1406666,772384,1
-1406666,772954,1
-1406666,773027,4
-1406666,774192,1
-1406666,774417,1
-1406666,774418,1
-1406665,771973,1
-1406665,772113,1
-1406665,772245,1
-1406665,772942,1
-1406665,774363,1
-1406665,774397,1
-1406664,770286,1
-1406664,772015,1
-1406664,772022,1
-1406664,773443,1
-1406664,774421,1
-1406663,771730,1
-1406663,771972,1
-1406663,772013,1
-1406663,772107,1
-1406663,772374,1
-1406663,772375,2
-1406663,772382,1
-1406663,774421,1
-1406662,772139,1
-1406662,772141,1
-1406662,772956,1
-1406662,774229,6
-1406662,774389,1
-1406662,774424,1
-1406661,772087,1
-1406661,772390,1
-1406660,771971,1
-1406660,771972,2
-1406660,772198,1
-1406660,773708,1
-1406659,771973,1
-1406659,772372,1
-1406659,773016,1
-1406659,774392,1
-1406658,771971,1
-1406658,771972,1
-1406658,771973,1
-1406658,772422,1
-1406658,774358,1
-1406657,771971,1
-1406657,771972,2
-1406657,772164,1
-1406657,773497,1
-1406657,774348,1
-1406656,771949,1
-1406656,772454,1
-1406656,773447,1
-1406656,774265,1
-1406656,774424,1
-1406655,771929,1
-1406654,771828,1
-1406654,772013,1
-1406654,772874,1
-1406654,772898,1
-1406654,774315,1
-1406654,774369,1
-1406653,771964,1
-1406653,771970,1
-1406653,772962,1
-1406653,773018,1
-1406652,771948,1
-1406652,771999,2
-1406652,772005,1
-1406652,772246,1
-1406652,772249,1
-1406652,774417,1
-1406651,771941,1
-1406651,771973,1
-1406651,771991,1
-1406651,772016,1
-1406651,772017,1
-1406651,772429,1
-1406651,772485,1
-1406651,773131,1
-1406650,771738,1
-1406650,771940,1
-1406650,772015,1
-1406650,772060,1
-1406650,772882,1
-1406649,774355,1
-1406648,772012,1
-1406648,772266,1
-1406648,772435,1
-1406648,773524,1
-1406648,774308,1
-1406648,774341,1
-1406648,774406,1
-1406647,772836,1
-1406647,772962,1
-1406647,772995,1
-1406646,771924,1
-1406646,772018,1
-1406646,772019,1
-1406646,772989,1
-1406646,772994,1
-1406645,772160,1
-1406645,772428,1
-1406645,772429,1
-1406645,772436,1
-1406645,772491,1
-1406645,772536,1
-1406645,772950,1
-1406645,772989,9
-1406645,773015,1
-1406645,773103,1
-1406645,773440,1
-1406644,771968,1
-1406644,771985,1
-1406644,772422,1
-1406644,772427,1
-1406644,772428,2
-1406644,772429,2
-1406644,772430,5
-1406644,772465,1
-1406644,772526,1
-1406644,772643,1
-1406644,773090,1
-1406644,773875,3
-1406644,774324,1
-1406643,772430,1
-1406643,772434,1
-1406643,772449,1
-1406643,772473,1
-1406643,772648,1
-1406643,773002,1
-1406643,774420,1
-1406642,772429,1
-1406641,771939,1
-1406641,772025,1
-1406641,772779,1
-1406641,774415,1
-1406640,771535,1
-1406640,772001,1
-1406640,772254,1
-1406640,772567,1
-1406640,772875,1
-1406640,773015,1
-1406640,774375,1
-1406639,772954,1
-1406639,773434,1
-1406639,774351,1
-1406638,771457,1
-1406638,772264,1
-1406638,772599,1
-1406638,774374,1
-1406637,771927,1
-1406637,771965,1
-1406637,772271,1
-1406637,772405,2
-1406637,773014,1
-1406636,771466,1
-1406636,771972,1
-1406636,772585,1
-1406636,774107,1
-1406635,771970,1
-1406635,771971,1
-1406635,772018,1
-1406635,772206,3
-1406635,772584,1
-1406635,774398,1
-1406634,771275,1
-1406634,771504,1
-1406634,771970,1
-1406634,771971,1
-1406634,771985,1
-1406634,772476,1
-1406634,772581,1
-1406634,772583,1
-1406634,772604,1
-1406634,773014,1
-1406634,773261,1
-1406634,773728,1
-1406633,771961,1
-1406633,772256,1
-1406633,772257,1
-1406633,772445,1
-1406633,774109,1
-1406632,772298,1
-1406632,772443,1
-1406632,772584,1
-1406632,772586,1
-1406632,774110,1
-1406631,771687,1
-1406631,771941,1
-1406631,771957,1
-1406631,772584,1
-1406631,772791,1
-1406631,772829,1
-1406631,774061,1
-1406631,774366,1
-1406631,774417,1
-1406630,771969,1
-1406630,771970,1
-1406630,772575,1
-1406630,772583,1
-1406630,772621,1
-1406630,773090,1
-1406630,773265,1
-1406629,771977,1
-1406629,772000,1
-1406629,772005,1
-1406629,772016,1
-1406629,772426,1
-1406629,772439,1
-1406629,772582,1
-1406629,772967,1
-1406628,771946,1
-1406628,772013,1
-1406628,772876,1
-1406627,771775,1
-1406627,771933,1
-1406627,771969,1
-1406627,771981,1
-1406627,771997,1
-1406627,772845,1
-1406627,774311,1
-1406626,771477,1
-1406626,771815,1
-1406626,772346,1
-1406626,772582,1
-1406626,772929,1
-1406626,773014,1
-1406626,773017,1
-1406625,772926,1
-1406625,773017,1
-1406625,773100,1
-1406625,773271,1
-1406624,771501,1
-1406624,771931,1
-1406624,771942,1
-1406624,772004,1
-1406624,772009,1
-1406624,772028,1
-1406624,772141,1
-1406624,772528,1
-1406622,771933,1
-1406622,771941,1
-1406622,771944,1
-1406622,771961,1
-1406622,771965,1
-1406622,772653,1
-1406622,772919,1
-1406622,772965,1
-1406622,772972,1
-1406621,771513,1
-1406621,772224,1
-1406620,771692,1
-1406620,771992,1
-1406620,772058,1
-1406620,772238,1
-1406619,771911,1
-1406619,772022,1
-1406619,772041,1
-1406619,772095,1
-1406619,772535,1
-1406619,773432,1
-1406619,774428,1
-1406619,774435,1
-1406618,771899,1
-1406618,771989,1
-1406618,772283,1
-1406618,773016,1
-1406618,774138,1
-1406617,771945,1
-1406617,771994,1
-1406617,772001,1
-1406617,772415,1
-1406617,774130,1
-1406617,774412,1
-1406616,771675,1
-1406616,771893,1
-1406616,771973,1
-1406616,772057,1
-1406616,772165,1
-1406616,772188,1
-1406616,774303,1
-1406615,771929,1
-1406615,771972,1
-1406615,771997,1
-1406615,772348,1
-1406615,773438,1
-1406615,774136,2
-1406614,771887,1
-1406614,771910,1
-1406614,772002,3
-1406614,772018,1
-1406614,772020,1
-1406614,772036,1
-1406614,772083,1
-1406614,772165,1
-1406614,772232,1
-1406614,772815,1
-1406614,774136,1
-1406613,770225,1
-1406613,771719,1
-1406613,771853,1
-1406613,772010,1
-1406613,772907,1
-1406613,773121,1
-1406613,773997,1
-1406612,771422,1
-1406612,771624,1
-1406612,771769,1
-1406612,771926,1
-1406612,772000,1
-1406612,772165,1
-1406612,773130,1
-1406612,774007,1
-1406611,771997,1
-1406611,771999,1
-1406611,772064,1
-1406611,772307,1
-1406611,772377,1
-1406611,774136,2
-1406610,771448,3
-1406610,771926,1
-1406610,771957,1
-1406610,771987,1
-1406610,772003,1
-1406610,772978,1
-1406610,774353,1
-1406609,771510,1
-1406609,771928,1
-1406609,772072,1
-1406609,772254,1
-1406609,772444,1
-1406609,772977,1
-1406609,774130,1
-1406609,774137,1
-1406608,771428,1
-1406608,771759,4
-1406608,771769,1
-1406608,771788,1
-1406608,771961,1
-1406608,771996,1
-1406608,772072,1
-1406608,772847,1
-1406608,772982,1
-1406608,774128,1
-1406608,774131,1
-1406607,771472,1
-1406607,771672,1
-1406607,771763,1
-1406607,771985,1
-1406607,772015,1
-1406607,772980,1
-1406607,772981,1
-1406607,772982,1
-1406606,771604,1
-1406606,771770,1
-1406606,771978,1
-1406606,772072,1
-1406606,772286,2
-1406606,772620,1
-1406606,772985,1
-1406606,772988,1
-1406606,774128,1
-1406606,774133,1
-1406606,774135,1
-1406605,771364,1
-1406605,771422,1
-1406605,771766,1
-1406605,771903,1
-1406605,772014,1
-1406605,772080,1
-1406605,772146,1
-1406605,772986,2
-1406605,772991,1
-1406605,773016,1
-1406605,774400,1
-1406604,771426,5
-1406604,772016,1
-1406604,772085,1
-1406604,772243,1
-1406604,773036,1
-1406604,773134,1
-1406604,774047,1
-1406604,774136,1
-1406604,774287,1
-1406603,771763,1
-1406603,771932,27
-1406603,771939,1
-1406603,772013,1
-1406603,772017,1
-1406603,772228,1
-1406603,772892,1
-1406603,772903,1
-1406603,772995,1
-1406603,774135,1
-1406602,771936,1
-1406602,771970,1
-1406602,771971,1
-1406602,771980,1
-1406602,772964,1
-1406602,772973,1
-1406602,772998,1
-1406602,774136,1
-1406602,774379,1
-1406602,774390,1
-1406601,771392,1
-1406601,771423,1
-1406601,771430,1
-1406601,771916,1
-1406601,771980,1
-1406601,772011,1
-1406601,773001,1
-1406601,773003,1
-1406601,773018,1
-1406601,774136,1
-1406601,774138,1
-1406601,774280,1
-1406601,774297,1
-1406601,774378,1
-1406600,771982,1
-1406600,772019,1
-1406600,772020,1
-1406600,772842,1
-1406600,773000,2
-1406600,773016,1
-1406600,773024,1
-1406600,773031,1
-1406600,773663,1
-1406600,774138,1
-1406599,771753,1
-1406599,771929,1
-1406599,771958,1
-1406599,771990,1
-1406599,772014,1
-1406599,772236,1
-1406599,772372,1
-1406599,772687,1
-1406599,772689,1
-1406599,773001,2
-1406599,773026,1
-1406599,773038,1
-1406598,771623,2
-1406598,771761,1
-1406598,771941,1
-1406598,771971,1
-1406598,771978,1
-1406598,772012,1
-1406598,772531,1
-1406598,772686,1
-1406598,772828,1
-1406598,772961,1
-1406598,773062,1
-1406598,773365,2
-1406598,773419,1
-1406598,774137,1
-1406598,774443,1
-1406597,771421,1
-1406597,771743,1
-1406597,771750,1
-1406597,771982,1
-1406597,772001,1
-1406597,772017,1
-1406597,772196,1
-1406597,772551,4
-1406597,774135,1
-1406596,771930,1
-1406596,771964,1
-1406596,771970,1
-1406596,771971,1
-1406596,771981,1
-1406596,771997,1
-1406596,772010,1
-1406596,772016,2
-1406596,772069,1
-1406596,772267,1
-1406596,772328,1
-1406596,772817,1
-1406596,772973,1
-1406596,773021,1
-1406596,774134,1
-1406595,770614,1
-1406595,771425,1
-1406595,771936,1
-1406595,771937,1
-1406595,771974,1
-1406595,772015,1
-1406595,772016,1
-1406595,772076,1
-1406595,772345,1
-1406595,772814,1
-1406595,774299,1
-1406594,771385,1
-1406594,771669,1
-1406594,771918,1
-1406594,772226,1
-1406594,772701,1
-1406594,772814,1
-1406593,771407,1
-1406593,771627,1
-1406593,771765,1
-1406593,771912,1
-1406593,771975,1
-1406593,771977,1
-1406593,771982,1
-1406593,772815,1
-1406592,771744,1
-1406592,771762,1
-1406592,771925,1
-1406592,771927,1
-1406592,771932,1
-1406592,771934,1
-1406592,771986,1
-1406592,772015,1
-1406592,772070,1
-1406592,772243,1
-1406592,773312,1
-1406592,774131,1
-1406591,771935,1
-1406591,771974,2
-1406591,772015,1
-1406591,772141,1
-1406591,772219,1
-1406591,772222,1
-1406591,772596,1
-1406591,772616,1
-1406591,773036,1
-1406590,771396,1
-1406590,771500,1
-1406590,771976,1
-1406590,772976,1
-1406590,773219,1
-1406590,774229,1
-1406589,771534,1
-1406589,771652,1
-1406589,771744,1
-1406589,771745,1
-1406589,771751,1
-1406589,771927,1
-1406589,771967,1
-1406588,771609,1
-1406588,771709,1
-1406588,771745,1
-1406588,771967,1
-1406588,772011,1
-1406588,772014,1
-1406588,772016,1
-1406588,772656,1
-1406588,773437,1
-1406587,771359,1
-1406587,771434,1
-1406587,771452,1
-1406587,771628,1
-1406587,771933,1
-1406587,771934,1
-1406587,771963,1
-1406587,771970,3
-1406587,772017,1
-1406586,771928,1
-1406586,771931,1
-1406586,771961,1
-1406586,772015,2
-1406586,772695,1
-1406586,774262,1
-1406585,770506,1
-1406585,771395,1
-1406585,771979,1
-1406585,771985,1
-1406585,772015,1
-1406585,772017,1
-1406585,772028,1
-1406584,771465,1
-1406584,771626,1
-1406584,771656,1
-1406584,771776,1
-1406584,771921,1
-1406584,771974,1
-1406584,771981,1
-1406584,771986,1
-1406584,771987,1
-1406584,772037,1
-1406584,772442,1
-1406584,773055,1
-1406584,774242,1
-1406583,771958,1
-1406583,772006,1
-1406583,772037,1
-1406583,772215,1
-1406583,772371,1
-1406583,772430,1
-1406582,771953,1
-1406582,771954,1
-1406582,771968,1
-1406582,771970,1
-1406582,771975,1
-1406582,771979,1
-1406582,772005,1
-1406582,772013,1
-1406582,772369,1
-1406582,772371,1
-1406581,771980,2
-1406581,772036,1
-1406581,772068,1
-1406581,772231,1
-1406581,773954,1
-1406580,771344,1
-1406580,771394,1
-1406580,771954,1
-1406580,771988,1
-1406580,772003,1
-1406580,772018,1
-1406580,773194,1
-1406579,771373,5
-1406579,771378,1
-1406579,771756,1
-1406579,771912,1
-1406579,771933,1
-1406579,771951,1
-1406579,771955,1
-1406579,771963,3
-1406579,771970,1
-1406579,771975,1
-1406579,771989,1
-1406579,771999,22
-1406579,772001,1
-1406579,772009,1
-1406579,772010,1
-1406579,772013,1
-1406579,772353,1
-1406579,773171,1
-1406578,771294,3
-1406578,771626,2
-1406578,771799,1
-1406578,771940,1
-1406578,771941,1
-1406578,771949,1
-1406578,771969,1
-1406578,771988,1
-1406578,771992,1
-1406578,771999,1
-1406578,772001,1
-1406578,772013,3
-1406578,772014,1
-1406578,772016,2
-1406578,772017,1
-1406578,772024,1
-1406578,772113,1
-1406578,772133,1
-1406578,772169,1
-1406578,772238,1
-1406578,772252,1
-1406578,772931,1
-1406578,773237,1
-1406578,774218,1
-1406577,771580,3
-1406577,771842,1
-1406577,771912,3
-1406577,771924,1
-1406577,771928,16
-1406577,771935,1
-1406577,771939,1
-1406577,771966,1
-1406577,771968,1
-1406577,771973,1
-1406577,771986,1
-1406577,772015,1
-1406577,772016,2
-1406577,772068,1
-1406577,772281,1
-1406576,771732,1
-1406576,771922,1
-1406576,771932,1
-1406576,771964,1
-1406576,772031,1
-1406576,772228,1
-1406576,773036,1
-1406575,771590,1
-1406575,771951,1
-1406575,771962,1
-1406575,771983,1
-1406575,771996,1
-1406575,771999,1
-1406575,772009,1
-1406575,772014,1
-1406575,772026,1
-1406575,772029,1
-1406575,773242,1
-1406575,773687,2
-1406575,773850,1
-1406574,771929,1
-1406574,771980,1
-1406574,772000,2
-1406574,772175,1
-1406574,772860,1
-1406574,773970,1
-1406573,771982,1
-1406573,772015,1
-1406573,772147,1
-1406573,773880,1
-1406573,773969,1
-1406573,773970,1
-1406573,774105,1
-1406573,774114,1
-1406572,771817,1
-1406572,771983,1
-1406572,772252,1
-1406572,773680,1
-1406572,773684,1
-1406572,773901,1
-1406572,773968,1
-1406572,773969,1
-1406571,771360,1
-1406571,771719,1
-1406571,771933,1
-1406571,771977,1
-1406571,771983,1
-1406571,772006,1
-1406571,773900,1
-1406570,771777,1
-1406570,771956,1
-1406570,771966,1
-1406570,771974,1
-1406570,772011,1
-1406570,772274,1
-1406570,773893,1
-1406570,773899,1
-1406569,771472,5
-1406569,771612,1
-1406569,771701,1
-1406569,771725,1
-1406569,771748,1
-1406569,771755,1
-1406569,771856,1
-1406569,771924,1
-1406569,771927,1
-1406569,771934,1
-1406569,771961,1
-1406569,771972,1
-1406569,771975,1
-1406569,772013,1
-1406569,773172,1
-1406569,773599,1
-1406569,773684,1
-1406569,773895,1
-1406569,773896,1
-1406569,773897,1
-1406569,773917,1
-1406568,771927,1
-1406568,771931,1
-1406568,771969,1
-1406568,771972,1
-1406568,771973,1
-1406568,772020,1
-1406568,773687,1
-1406568,773897,3
-1406567,770597,1
-1406567,771325,1
-1406567,771749,1
-1406567,771932,1
-1406567,771934,1
-1406567,771955,3
-1406567,771982,1
-1406567,772000,1
-1406567,772377,1
-1406567,773043,1
-1406567,773685,1
-1406567,773815,1
-1406567,773896,1
-1406567,773897,1
-1406567,773899,1
-1406567,773900,1
-1406567,774085,1
-1406566,770399,1
-1406566,771929,1
-1406566,771943,1
-1406566,771985,1
-1406566,772005,1
-1406566,772011,1
-1406566,772140,1
-1406566,773043,1
-1406566,773438,1
-1406566,773894,2
-1406566,774087,1
-1406565,771933,1
-1406565,771935,1
-1406565,771969,1
-1406565,772942,1
-1406565,773028,1
-1406565,773898,1
-1406565,774085,1
-1406564,771747,1
-1406564,771748,1
-1406564,771930,1
-1406564,771965,1
-1406564,772251,3
-1406564,773690,1
-1406564,774083,1
-1406563,771919,1
-1406563,773477,1
-1406563,773693,1
-1406563,773896,1
-1406562,771458,1
-1406562,771747,1
-1406562,771965,1
-1406562,771991,1
-1406562,772018,1
-1406562,772168,1
-1406562,773174,1
-1406562,773687,2
-1406562,773695,1
-1406561,771270,4
-1406561,771939,1
-1406561,771943,1
-1406561,771987,1
-1406561,771991,1
-1406561,772969,1
-1406561,773047,1
-1406561,773187,1
-1406561,773476,1
-1406561,773896,1
-1406560,771584,1
-1406560,771746,1
-1406560,771777,1
-1406560,771937,1
-1406560,771971,1
-1406560,771998,1
-1406560,771999,1
-1406560,772013,1
-1406560,772113,1
-1406560,772203,1
-1406560,772664,1
-1406560,773048,1
-1406560,773211,1
-1406559,771968,1
-1406559,771974,1
-1406559,771978,1
-1406559,771991,1
-1406559,771998,1
-1406559,772134,1
-1406559,772570,1
-1406559,773128,1
-1406559,773253,1
-1406559,773478,1
-1406558,771916,1
-1406558,771994,1
-1406558,772019,1
-1406558,772116,1
-1406558,772207,1
-1406558,772271,3
-1406558,773683,1
-1406558,774103,1
-1406558,774105,1
-1406557,771999,1
-1406557,772116,1
-1406557,772173,2
-1406557,772176,1
-1406556,769710,1
-1406556,770837,1
-1406556,771301,1
-1406556,771755,1
-1406556,771937,1
-1406556,771976,1
-1406556,771982,1
-1406556,772003,1
-1406556,772174,1
-1406556,772630,1
-1406556,773038,1
-1406555,771335,1
-1406555,771709,1
-1406555,771726,1
-1406555,771938,1
-1406555,771962,1
-1406555,771976,1
-1406555,771983,1
-1406555,771995,1
-1406555,772006,1
-1406555,772009,1
-1406555,772016,1
-1406555,773624,1
-1406554,771714,1
-1406554,771732,1
-1406554,771912,1
-1406554,771975,1
-1406554,771984,1
-1406554,772011,1
-1406554,773560,1
-1406554,773561,3
-1406553,771673,1
-1406553,771676,1
-1406553,771678,1
-1406553,771759,1
-1406553,771973,1
-1406553,771976,1
-1406553,772001,1
-1406552,771672,1
-1406552,771705,1
-1406552,771733,1
-1406552,771943,1
-1406552,771949,1
-1406552,771955,1
-1406552,771971,1
-1406552,771974,1
-1406552,771990,1
-1406552,772012,1
-1406552,772029,1
-1406552,773577,1
-1406552,773595,1
-1406552,774203,1
-1406552,774220,1
-1406552,774224,1
-1406551,769698,1
-1406551,771265,1
-1406551,771565,1
-1406551,771735,1
-1406551,771915,9
-1406551,771971,1
-1406551,771980,1
-1406551,771990,1
-1406551,772009,1
-1406551,772172,1
-1406550,770827,1
-1406550,771703,1
-1406550,771925,1
-1406550,771926,1
-1406550,771970,1
-1406550,771979,1
-1406550,771987,1
-1406550,771994,1
-1406550,772003,1
-1406550,774088,1
-1406550,774090,1
-1406549,771297,1
-1406549,771690,1
-1406549,771703,1
-1406549,771886,1
-1406549,771897,1
-1406549,771915,1
-1406549,771929,1
-1406549,771955,1
-1406549,771964,1
-1406549,771966,1
-1406549,771984,1
-1406549,771996,1
-1406549,772005,1
-1406549,772007,1
-1406549,772008,1
-1406549,772136,1
-1406549,772337,1
-1406549,772861,1
-1406549,773818,1
-1406548,769709,1
-1406548,771315,1
-1406548,771703,1
-1406548,771984,1
-1406548,771990,1
-1406548,771991,1
-1406548,771994,1
-1406548,771996,2
-1406548,771999,1
-1406548,772000,1
-1406548,772001,1
-1406548,772009,1
-1406548,772167,1
-1406548,772172,1
-1406548,772579,1
-1406547,771367,1
-1406547,771700,1
-1406547,771864,1
-1406547,771876,1
-1406547,771922,1
-1406547,771963,1
-1406547,771975,1
-1406547,771985,1
-1406547,771988,1
-1406547,771990,1
-1406547,771995,2
-1406547,772000,1
-1406547,772001,2
-1406547,772007,2
-1406547,772009,2
-1406547,772010,1
-1406547,772024,1
-1406547,772027,1
-1406547,772166,1
-1406547,772169,1
-1406547,772173,1
-1406547,773790,1
-1406547,774224,1
-1406546,771272,1
-1406546,771291,1
-1406546,771695,1
-1406546,771725,1
-1406546,771763,1
-1406546,771984,40
-1406546,771986,1
-1406546,771989,1
-1406546,771994,1
-1406546,771996,1
-1406546,771997,6
-1406546,772000,1
-1406546,772001,1
-1406546,772731,1
-1406546,772978,1
-1406545,771416,1
-1406545,771612,1
-1406545,771697,1
-1406545,771700,1
-1406545,771986,1
-1406545,771989,1
-1406545,771992,1
-1406545,771994,1
-1406545,772001,1
-1406545,772006,1
-1406545,772007,2
-1406545,772008,1
-1406545,772012,1
-1406545,772018,1
-1406545,772023,1
-1406545,772026,1
-1406545,772213,1
-1406545,772242,1
-1406545,773030,1
-1406545,773067,1
-1406544,771226,2
-1406544,771594,1
-1406544,771937,1
-1406544,771995,2
-1406544,771996,1
-1406544,771997,1
-1406544,772000,1
-1406544,772004,2
-1406544,772006,1
-1406544,772008,1
-1406544,772009,1
-1406544,772011,1
-1406544,772013,1
-1406544,772372,1
-1406544,772656,1
-1406544,773821,1
-1406544,773838,1
-1406544,774052,1
-1406544,774218,1
-1406543,771295,1
-1406543,771537,1
-1406543,771689,1
-1406543,771694,1
-1406543,771992,2
-1406543,772003,1
-1406543,772009,1
-1406543,772012,1
-1406543,772029,1
-1406543,772157,1
-1406543,772170,1
-1406543,772369,1
-1406543,773836,1
-1406543,774165,1
-1406542,771690,1
-1406542,771881,1
-1406542,771915,1
-1406542,771973,1
-1406542,772006,3
-1406542,772484,1
-1406542,773834,1
-1406541,771690,2
-1406541,771947,1
-1406541,771983,1
-1406541,771994,1
-1406541,772007,1
-1406541,772010,2
-1406541,772364,1
-1406541,772394,1
-1406541,774051,1
-1406541,774053,1
-1406541,774402,1
-1406540,771972,1
-1406540,771985,1
-1406540,772015,1
-1406540,772024,1
-1406539,771857,1
-1406539,771932,1
-1406539,771936,1
-1406539,771998,1
-1406539,774334,1
-1406539,774367,1
-1406538,770574,1
-1406538,771270,1
-1406538,771343,1
-1406538,771557,1
-1406538,771924,1
-1406538,771930,1
-1406538,771931,1
-1406538,771932,1
-1406538,771934,3
-1406538,771936,2
-1406538,771947,1
-1406538,772061,1
-1406538,772096,1
-1406538,772131,1
-1406538,774202,1
-1406537,769709,1
-1406537,770732,1
-1406537,771255,1
-1406537,771573,1
-1406537,771892,1
-1406537,771919,1
-1406537,771926,5
-1406537,771927,1
-1406537,771984,1
-1406537,772996,1
-1406536,771891,1
-1406536,771899,1
-1406536,771926,5
-1406536,771933,1
-1406536,771943,1
-1406536,771953,1
-1406536,771980,1
-1406536,772304,1
-1406536,772711,1
-1406535,771292,5
-1406535,771374,1
-1406535,771713,1
-1406535,771901,1
-1406535,771918,1
-1406535,771927,1
-1406535,771955,1
-1406535,772010,1
-1406535,772317,1
-1406535,772442,1
-1406534,771295,1
-1406534,771544,1
-1406534,771570,1
-1406534,771895,1
-1406534,771897,1
-1406534,771908,1
-1406534,771916,1
-1406534,771924,1
-1406534,772948,1
-1406534,774388,1
-1406533,771278,1
-1406533,771573,1
-1406533,771626,1
-1406533,771914,1
-1406533,771915,1
-1406533,771969,1
-1406533,771994,1
-1406533,772009,1
-1406533,772010,2
-1406533,772021,1
-1406533,772890,1
-1406533,773188,1
-1406533,774045,1
-1406533,774046,1
-1406533,774207,1
-1406533,774393,1
-1406532,771239,1
-1406532,773188,1
-1406532,774393,1
-1406531,771239,1
-1406531,771679,1
-1406531,771773,1
-1406531,771934,1
-1406531,771995,1
-1406531,772000,2
-1406531,772168,1
-1406531,772699,1
-1406531,773191,1
-1406531,774202,1
-1406531,774214,1
-1406530,771922,1
-1406530,771942,1
-1406530,771986,1
-1406530,771999,1
-1406530,772000,1
-1406530,772822,1
-1406530,773579,1
-1406530,773599,1
-1406530,774219,1
-1406530,774406,1
-1406530,774430,1
-1406529,771307,1
-1406529,771493,1
-1406529,771524,1
-1406529,771971,1
-1406529,772012,1
-1406529,773100,1
-1406529,773188,9
-1406529,774256,1
-1406528,771244,1
-1406528,771294,1
-1406528,771506,1
-1406528,771922,1
-1406528,772747,1
-1406528,772826,1
-1406528,774414,1
-1406527,771230,1
-1406527,771914,1
-1406527,771925,1
-1406527,771961,1
-1406527,772000,1
-1406527,772025,1
-1406527,772066,1
-1406527,772259,1
-1406527,774213,1
-1406527,774376,1
-1406526,771227,1
-1406526,771264,1
-1406526,771322,1
-1406526,771484,1
-1406526,771693,1
-1406526,771923,1
-1406526,771924,1
-1406526,771928,1
-1406526,771933,1
-1406526,771951,1
-1406526,771990,1
-1406526,772003,1
-1406526,773189,1
-1406526,774442,1
-1406525,770629,1
-1406525,770797,1
-1406525,771506,1
-1406525,771932,1
-1406525,771982,1
-1406525,771996,1
-1406525,772073,1
-1406525,772137,1
-1406525,772180,1
-1406525,773553,1
-1406525,773578,1
-1406525,774223,1
-1406525,774243,1
-1406525,774406,1
-1406524,771169,1
-1406524,771291,1
-1406524,771297,1
-1406524,771346,3
-1406524,771766,1
-1406524,771995,1
-1406524,772109,1
-1406524,772570,1
-1406523,771297,1
-1406523,771663,1
-1406523,771947,1
-1406523,771974,2
-1406523,772002,1
-1406523,772016,1
-1406523,772031,1
-1406523,772061,1
-1406523,772318,1
-1406523,773552,1
-1406523,774197,1
-1406522,771242,1
-1406522,771265,1
-1406522,771889,2
-1406522,771926,9
-1406522,771947,7
-1406522,771998,1
-1406522,771999,1
-1406522,772000,13
-1406522,772003,1
-1406522,772036,1
-1406522,772065,1
-1406522,772230,1
-1406522,772239,1
-1406522,772733,1
-1406522,772924,1
-1406522,773111,1
-1406521,771300,1
-1406521,771388,1
-1406521,771951,1
-1406521,771980,1
-1406521,771984,1
-1406521,771990,1
-1406521,772002,2
-1406521,772017,1
-1406521,772067,1
-1406521,772165,1
-1406521,772193,1
-1406521,772272,1
-1406521,772907,1
-1406521,772926,1
-1406521,773585,1
-1406521,774209,1
-1406521,774338,1
-1406520,771264,1
-1406520,771521,1
-1406520,771947,8
-1406520,771983,1
-1406520,771990,1
-1406520,772425,1
-1406520,772618,1
-1406520,772763,1
-1406520,773946,1
-1406520,774181,1
-1406520,774393,1
-1406519,771212,1
-1406519,771280,2
-1406519,771292,1
-1406519,771403,2
-1406519,771467,1
-1406519,771488,1
-1406519,771951,1
-1406519,771969,1
-1406519,771983,1
-1406519,771996,1
-1406519,773042,1
-1406519,773192,1
-1406519,773531,1
-1406519,774190,1
-1406519,774202,1
-1406518,770831,1
-1406518,771239,1
-1406518,771241,1
-1406518,771283,1
-1406518,771310,1
-1406518,771480,1
-1406518,771941,1
-1406518,771985,1
-1406518,772013,1
-1406518,772016,1
-1406518,772244,4
-1406518,773036,1
-1406518,773797,1
-1406518,774182,1
-1406518,774220,1
-1406517,771301,1
-1406517,771316,1
-1406517,771485,1
-1406517,771702,1
-1406517,771703,1
-1406517,771946,1
-1406517,771987,1
-1406517,772425,1
-1406517,772692,1
-1406517,774214,1
-1406517,774216,1
-1406516,771208,1
-1406516,771263,1
-1406516,771460,1
-1406516,771480,1
-1406516,771755,1
-1406516,771879,1
-1406516,771889,1
-1406516,771986,1
-1406516,771988,1
-1406516,772250,2
-1406516,773946,1
-1406516,774184,1
-1406516,774186,1
-1406515,771471,1
-1406515,771703,1
-1406515,771947,1
-1406515,771948,1
-1406515,771985,1
-1406515,771988,1
-1406515,772061,1
-1406515,773340,1
-1406515,773943,1
-1406515,774111,1
-1406515,774178,1
-1406515,774190,1
-1406515,774191,1
-1406514,771241,1
-1406514,771242,12
-1406514,771263,1
-1406514,771307,1
-1406514,771445,1
-1406514,771453,1
-1406514,771938,1
-1406514,771950,17
-1406514,771989,1
-1406514,772307,1
-1406514,773973,1
-1406514,773982,1
-1406514,774177,1
-1406514,774195,1
-1406513,771218,2
-1406513,771324,1
-1406513,771350,1
-1406513,771748,1
-1406513,771942,1
-1406513,771978,1
-1406513,771995,1
-1406513,772012,1
-1406513,772925,1
-1406513,773499,1
-1406513,773943,1
-1406512,771211,1
-1406512,771284,1
-1406512,771303,1
-1406512,771412,1
-1406512,771709,1
-1406512,771719,1
-1406512,771950,1
-1406512,771968,1
-1406512,771988,1
-1406512,772014,1
-1406512,772140,1
-1406512,772148,1
-1406512,772925,2
-1406512,772926,1
-1406512,772927,1
-1406512,772929,1
-1406512,772939,1
-1406512,773033,1
-1406512,773177,1
-1406512,773555,1
-1406512,773567,1
-1406512,773574,2
-1406512,773941,1
-1406512,773946,1
-1406512,774182,1
-1406512,774187,1
-1406512,774224,1
-1406511,771202,24
-1406511,771256,2
-1406511,771287,1
-1406511,771319,1
-1406511,771322,1
-1406511,771483,1
-1406511,771570,1
-1406511,771644,1
-1406511,771916,1
-1406511,772584,1
-1406511,772911,1
-1406511,772926,4
-1406511,772927,8
-1406511,772928,4
-1406511,772929,1
-1406511,772932,1
-1406511,773501,1
-1406511,773565,1
-1406511,773566,1
-1406511,773945,1
-1406511,773946,1
-1406511,774067,1
-1406510,771502,1
-1406510,771518,1
-1406510,771972,1
-1406510,772022,1
-1406510,772145,1
-1406510,773553,1
-1406510,773939,1
-1406510,773946,1
-1406510,773947,1
-1406510,774176,1
-1406510,774191,1
-1406509,771194,12
-1406509,771375,1
-1406509,771451,1
-1406509,771480,1
-1406509,771491,1
-1406509,771885,1
-1406509,772711,1
-1406509,774173,1
-1406509,774288,1
-1406508,770796,1
-1406508,771234,1
-1406508,771321,1
-1406508,771656,1
-1406508,771703,1
-1406508,771796,1
-1406508,771929,1
-1406508,771947,1
-1406508,771966,1
-1406508,772439,1
-1406508,772925,1
-1406508,772926,1
-1406508,774170,1
-1406508,774195,1
-1406508,774197,1
-1406508,774366,1
-1406507,771774,1
-1406507,771953,1
-1406507,772924,1
-1406507,774193,2
-1406507,774367,1
-1406506,770833,1
-1406506,771268,1
-1406506,771655,1
-1406506,771701,1
-1406506,774170,1
-1406506,774192,1
-1406505,771237,1
-1406505,771247,1
-1406505,771707,1
-1406505,771712,1
-1406505,771912,1
-1406505,771980,1
-1406505,772018,1
-1406505,772111,1
-1406505,772197,1
-1406505,772214,1
-1406505,772448,1
-1406505,772924,1
-1406505,773032,1
-1406505,774161,1
-1406505,774192,1
-1406505,774209,1
-1406505,774390,3
-1406504,771276,1
-1406504,771292,1
-1406504,771383,1
-1406504,771975,1
-1406504,772167,1
-1406504,772886,3
-1406504,772909,1
-1406504,773953,1
-1406504,774165,1
-1406504,774194,1
-1406504,774195,1
-1406504,774202,1
-1406503,771253,1
-1406503,771373,1
-1406503,771701,1
-1406503,771947,1
-1406503,771965,1
-1406503,771967,1
-1406503,772036,1
-1406503,772073,1
-1406503,772510,1
-1406503,772909,1
-1406503,772910,1
-1406503,773490,1
-1406503,774192,1
-1406503,774193,1
-1406503,774204,1
-1406503,774385,1
-1406503,774422,1
-1406502,771223,1
-1406502,771306,1
-1406502,771699,1
-1406502,771703,1
-1406502,771962,1
-1406502,772091,1
-1406502,772908,2
-1406502,772909,1
-1406502,772954,1
-1406502,773287,1
-1406502,773561,1
-1406502,774163,1
-1406502,774186,1
-1406502,774199,1
-1406502,774266,1
-1406501,771681,1
-1406501,771697,1
-1406501,771737,1
-1406501,771789,1
-1406501,772542,1
-1406501,772672,1
-1406501,772908,1
-1406501,774164,1
-1406501,774165,1
-1406501,774189,1
-1406501,774199,1
-1406501,774200,5
-1406501,774420,1
-1406500,771703,1
-1406500,771704,1
-1406500,771728,1
-1406500,771832,1
-1406500,771959,1
-1406500,772051,1
-1406500,772302,1
-1406500,772798,1
-1406500,773914,1
-1406500,774176,1
-1406500,774200,1
-1406500,774238,1
-1406499,771452,1
-1406499,772062,1
-1406499,772926,1
-1406499,774180,1
-1406499,774446,1
-1406498,771718,1
-1406498,771864,1
-1406498,771923,2
-1406498,771926,1
-1406498,774158,1
-1406497,771711,1
-1406497,771715,1
-1406497,771925,1
-1406497,772745,1
-1406497,772928,1
-1406497,774155,1
-1406496,771881,1
-1406496,771908,1
-1406496,771925,1
-1406496,772199,1
-1406496,772540,1
-1406496,772722,2
-1406496,774270,1
-1406495,771373,1
-1406495,771467,1
-1406495,771864,1
-1406495,771940,1
-1406495,771945,2
-1406495,771968,1
-1406495,772219,3
-1406495,772220,1
-1406495,772536,1
-1406495,772943,1
-1406495,773850,1
-1406495,774150,2
-1406495,774158,2
-1406495,774183,1
-1406495,774193,1
-1406494,770551,1
-1406494,771169,2
-1406494,771916,1
-1406494,771944,1
-1406494,771980,1
-1406494,771986,1
-1406494,772134,1
-1406494,772410,1
-1406494,772781,1
-1406494,774199,1
-1406493,771716,1
-1406493,771863,1
-1406493,771870,1
-1406493,771960,1
-1406493,771969,1
-1406493,772241,1
-1406493,772935,1
-1406493,773148,1
-1406493,773850,1
-1406493,774153,1
-1406493,774157,1
-1406493,774196,1
-1406492,771870,1
-1406492,771946,1
-1406492,771980,1
-1406492,772848,1
-1406492,772904,1
-1406492,772934,1
-1406492,773037,1
-1406492,774142,1
-1406492,774193,1
-1406492,774231,1
-1406492,774237,1
-1406491,771349,1
-1406491,771868,1
-1406491,771869,1
-1406491,771871,2
-1406491,771946,1
-1406491,771967,1
-1406491,771969,1
-1406491,772197,1
-1406491,772735,1
-1406491,772746,1
-1406491,772830,1
-1406491,772837,1
-1406491,774174,1
-1406491,774213,1
-1406490,771861,1
-1406490,771873,1
-1406490,771916,5
-1406490,772768,1
-1406490,773144,1
-1406490,774154,1
-1406490,774248,1
-1406489,771969,1
-1406489,772032,1
-1406489,772065,1
-1406489,772747,1
-1406489,772911,1
-1406489,773146,1
-1406489,774126,1
-1406488,771982,1
-1406488,772064,1
-1406488,772760,1
-1406488,772815,1
-1406488,773034,1
-1406488,773038,2
-1406488,773041,1
-1406488,773143,1
-1406488,774120,1
-1406487,771817,1
-1406487,771865,1
-1406487,773143,1
-1406487,774123,1
-1406486,771864,1
-1406486,771969,1
-1406486,774126,1
-1406486,774176,1
-1406486,774344,1
-1406486,774391,1
-1406485,771106,1
-1406485,771404,1
-1406485,771950,1
-1406485,771959,1
-1406485,772696,1
-1406485,772879,1
-1406485,772949,1
-1406484,770784,1
-1406484,770786,1
-1406484,771974,1
-1406484,772161,1
-1406484,772698,1
-1406484,773041,1
-1406484,773158,1
-1406484,774121,1
-1406483,771916,1
-1406483,772724,1
-1406483,772828,1
-1406483,772912,1
-1406483,773209,1
-1406482,770784,1
-1406482,771328,1
-1406482,771915,1
-1406482,771974,1
-1406482,772017,1
-1406482,772233,1
-1406482,772711,1
-1406482,772811,1
-1406482,774122,1
-1406481,771918,1
-1406481,771940,1
-1406481,771977,1
-1406481,772009,1
-1406481,772930,1
-1406481,772990,1
-1406481,773389,1
-1406481,774110,1
-1406481,774137,1
-1406481,774184,1
-1406481,774249,1
-1406480,771669,1
-1406480,771914,1
-1406480,772677,1
-1406480,772748,1
-1406480,773114,1
-1406479,770773,1
-1406479,771914,1
-1406479,771915,1
-1406479,771916,1
-1406479,771975,1
-1406479,772039,1
-1406479,772249,1
-1406479,772711,1
-1406479,772725,1
-1406479,772814,1
-1406479,773040,1
-1406479,774122,1
-1406479,774146,1
-1406479,774193,1
-1406478,771590,1
-1406478,771930,1
-1406478,771972,1
-1406478,772256,3
-1406478,773316,1
-1406478,774007,1
-1406478,774180,1
-1406478,774185,1
-1406477,770500,1
-1406477,771915,1
-1406477,771925,1
-1406477,772702,2
-1406477,772770,1
-1406477,773042,1
-1406477,773768,1
-1406476,770427,1
-1406476,771545,1
-1406476,771949,1
-1406476,771988,1
-1406476,772721,1
-1406476,772728,1
-1406476,772740,7
-1406476,772754,1
-1406476,773006,1
-1406476,774120,1
-1406476,774125,2
-1406476,774126,1
-1406476,774132,1
-1406475,771685,1
-1406475,771916,1
-1406475,771959,1
-1406475,772244,1
-1406475,772596,1
-1406475,772598,1
-1406475,772720,1
-1406475,772913,1
-1406475,772930,1
-1406475,773986,1
-1406474,771596,1
-1406474,771608,9
-1406474,771804,1
-1406474,771917,1
-1406474,771925,1
-1406474,771977,2
-1406474,772075,1
-1406474,772126,1
-1406474,772300,1
-1406474,772725,1
-1406474,772844,1
-1406474,772914,1
-1406473,771949,1
-1406473,771952,1
-1406473,772238,1
-1406473,772930,9
-1406473,773703,1
-1406473,774094,1
-1406473,774114,1
-1406473,774128,1
-1406472,772136,1
-1406472,772721,1
-1406472,772770,1
-1406472,772929,1
-1406472,772938,1
-1406472,773731,1
-1406472,773983,1
-1406472,774099,1
-1406472,774105,1
-1406472,774130,1
-1406471,771593,1
-1406471,771917,1
-1406471,771946,1
-1406471,771965,1
-1406471,772126,1
-1406471,772536,1
-1406471,772717,1
-1406471,772751,1
-1406471,774132,1
-1406470,771856,1
-1406470,772719,1
-1406470,772931,1
-1406470,772954,1
-1406470,773769,1
-1406470,774090,1
-1406470,774103,1
-1406470,774122,1
-1406470,774429,2
-1406469,771716,1
-1406469,771823,1
-1406469,771922,1
-1406469,771972,1
-1406469,772565,5
-1406469,772698,1
-1406469,772723,1
-1406469,772725,1
-1406469,773976,1
-1406469,774388,1
-1406469,774421,1
-1406468,771916,1
-1406468,772000,5
-1406468,772204,2
-1406468,772247,1
-1406468,772716,1
-1406468,772741,1
-1406467,771979,1
-1406467,771999,1
-1406467,772017,1
-1406467,772098,1
-1406467,772194,1
-1406467,772195,6
-1406467,772722,1
-1406467,772724,1
-1406467,772875,1
-1406467,774177,1
-1406466,771572,1
-1406466,771883,1
-1406466,771911,1
-1406466,771916,1
-1406466,771917,1
-1406466,771926,1
-1406466,772068,1
-1406466,772195,2
-1406466,772716,1
-1406466,772717,1
-1406466,774126,1
-1406465,769888,1
-1406465,771922,1
-1406465,771927,4
-1406465,771953,1
-1406465,772170,1
-1406465,772218,1
-1406465,772715,1
-1406465,773043,1
-1406465,773975,1
-1406465,774081,1
-1406465,774234,1
-1406465,774378,1
-1406464,771947,1
-1406464,771964,1
-1406464,772716,1
-1406464,774294,1
-1406464,774303,1
-1406463,770970,1
-1406463,771935,1
-1406463,772172,1
-1406463,772706,1
-1406463,772714,1
-1406463,772721,1
-1406463,772742,1
-1406462,771534,1
-1406462,771948,1
-1406462,771987,1
-1406462,772706,1
-1406462,772707,1
-1406462,772716,1
-1406462,772717,1
-1406462,772719,1
-1406462,772720,1
-1406462,772753,1
-1406462,773044,1
-1406462,774022,1
-1406462,774416,1
-1406461,769696,1
-1406461,771810,1
-1406461,771944,1
-1406461,772025,1
-1406461,772671,1
-1406461,772710,1
-1406461,773831,1
-1406461,774131,1
-1406460,771704,1
-1406460,771876,1
-1406460,771883,1
-1406460,771947,1
-1406460,771982,1
-1406460,772702,1
-1406460,772717,1
-1406460,772723,1
-1406460,772724,4
-1406460,772725,1
-1406460,772727,1
-1406460,773239,1
-1406460,774249,1
-1406459,770630,1
-1406459,772037,2
-1406459,772711,1
-1406459,772717,1
-1406459,772718,1
-1406459,772724,1
-1406459,772727,2
-1406459,772897,1
-1406458,771912,1
-1406458,771985,1
-1406458,772565,1
-1406458,772712,1
-1406458,772717,1
-1406458,772736,8
-1406458,772991,1
-1406458,773014,1
-1406458,773031,1
-1406458,774121,1
-1406458,774123,1
-1406458,774135,1
-1406457,772652,1
-1406457,772680,1
-1406457,772744,1
-1406457,772846,1
-1406457,773935,1
-1406457,774240,1
-1406457,774312,1
-1406456,771650,1
-1406456,771885,1
-1406456,771954,1
-1406456,771963,1
-1406456,772706,1
-1406456,772707,5
-1406456,772709,1
-1406456,772712,1
-1406456,772715,1
-1406456,772728,1
-1406456,772737,1
-1406456,772845,1
-1406456,773011,1
-1406456,773025,1
-1406456,773036,1
-1406456,773238,1
-1406456,773826,1
-1406456,773960,1
-1406456,774364,1
-1406455,771954,1
-1406455,771983,1
-1406455,772707,1
-1406455,772708,1
-1406455,772709,2
-1406455,774198,1
-1406454,770621,1
-1406454,771545,1
-1406454,771557,1
-1406454,771867,1
-1406454,771953,1
-1406454,771954,1
-1406454,772710,1
-1406454,772990,1
-1406454,773903,1
-1406453,771971,1
-1406453,772143,1
-1406453,772305,1
-1406453,772708,1
-1406453,772710,3
-1406453,772711,1
-1406453,772716,1
-1406453,772761,1
-1406453,772996,2
-1406453,774065,1
-1406452,771699,1
-1406452,772737,1
-1406452,772767,1
-1406452,772897,1
-1406452,772992,1
-1406451,771869,1
-1406451,772002,1
-1406451,772167,1
-1406451,772672,1
-1406451,772704,1
-1406451,772706,2
-1406451,772714,4
-1406451,772715,1
-1406451,772736,2
-1406451,772985,1
-1406451,774057,1
-1406450,770652,1
-1406450,771945,1
-1406450,771970,1
-1406450,772143,1
-1406450,772970,1
-1406450,772979,1
-1406449,772711,1
-1406449,772972,1
-1406449,773862,1
-1406449,774331,1
-1406448,772141,1
-1406448,772709,1
-1406448,772710,1
-1406448,772716,1
-1406448,772718,1
-1406448,772737,1
-1406448,772780,1
-1406448,772919,1
-1406448,773127,1
-1406448,773861,1
-1406448,774055,1
-1406447,770698,1
-1406447,772143,1
-1406447,772153,1
-1406447,772961,1
-1406447,774207,1
-1406446,771710,1
-1406446,772702,1
-1406446,772955,1
-1406445,771556,1
-1406445,771875,1
-1406445,771899,1
-1406445,772152,1
-1406445,772710,1
-1406445,772919,1
-1406445,772944,1
-1406444,769718,1
-1406444,771941,1
-1406444,772157,1
-1406444,772200,1
-1406444,773859,1
-1406443,771981,1
-1406443,772677,1
-1406443,772944,1
-1406443,773284,1
-1406443,774107,1
-1406443,774220,1
-1406442,771553,1
-1406442,772719,1
-1406442,772938,1
-1406441,771982,1
-1406441,771984,1
-1406441,772080,1
-1406441,772711,1
-1406441,774043,5
-1406440,771977,1
-1406440,772922,1
-1406440,772933,1
-1406440,773293,1
-1406440,773328,1
-1406440,773330,2
-1406439,771081,1
-1406439,771918,1
-1406439,771955,1
-1406439,771960,1
-1406439,771974,1
-1406439,772166,1
-1406439,772347,1
-1406439,772727,1
-1406439,772907,1
-1406439,772927,1
-1406439,773293,1
-1406439,773341,1
-1406439,773473,4
-1406439,774089,1
-1406438,771318,1
-1406438,771945,1
-1406438,771975,1
-1406438,771985,1
-1406438,772769,1
-1406438,773339,1
-1406438,773842,1
-1406438,774365,1
-1406437,771974,1
-1406437,772706,1
-1406437,772728,1
-1406437,772926,1
-1406437,773338,1
-1406437,773341,1
-1406437,773342,1
-1406437,774038,1
-1406437,774044,1
-1406437,774148,1
-1406436,772078,1
-1406436,772161,1
-1406436,772226,1
-1406436,772810,5
-1406436,773300,1
-1406436,773341,1
-1406435,772315,1
-1406435,772908,2
-1406435,773292,1
-1406435,773293,1
-1406434,771664,1
-1406434,771979,1
-1406434,772797,1
-1406434,772913,1
-1406434,772916,1
-1406434,773339,1
-1406434,774220,1
-1406433,771947,1
-1406433,772906,1
-1406433,772910,1
-1406433,772938,1
-1406433,773290,1
-1406433,774131,8
-1406432,771952,1
-1406432,772906,1
-1406432,772909,2
-1406432,773280,1
-1406432,773620,1
-1406431,771295,1
-1406431,772690,1
-1406431,773084,1
-1406431,773280,1
-1406430,772902,1
-1406430,772906,1
-1406430,773272,1
-1406430,773285,1
-1406430,773292,1
-1406430,773973,1
-1406429,770784,1
-1406429,771233,1
-1406429,772612,1
-1406429,772806,9
-1406429,772888,1
-1406429,773280,1
-1406429,773980,1
-1406428,771951,1
-1406428,772143,1
-1406428,772909,1
-1406428,773277,1
-1406428,774130,1
-1406427,771872,1
-1406427,772669,3
-1406427,772787,1
-1406427,773727,1
-1406427,773853,1
-1406426,771663,1
-1406426,772906,2
-1406426,772909,1
-1406426,772917,1
-1406426,773091,1
-1406426,773338,1
-1406426,774168,1
-1406425,771800,1
-1406425,771982,1
-1406425,773335,1
-1406425,773653,1
-1406425,773916,1
-1406424,771683,1
-1406424,771978,1
-1406424,772697,1
-1406424,772904,1
-1406423,771919,1
-1406423,771961,2
-1406423,772094,2
-1406423,772702,1
-1406423,772703,1
-1406423,772893,1
-1406423,774351,1
-1406422,771556,1
-1406422,771922,1
-1406422,772042,1
-1406422,772055,1
-1406422,772082,1
-1406422,772169,19
-1406422,772729,1
-1406422,772908,1
-1406422,773863,1
-1406422,773915,1
-1406422,773917,1
-1406422,774329,1
-1406422,774430,1
-1406421,772699,1
-1406421,772911,1
-1406421,774021,1
-1406420,769915,1
-1406420,769976,1
-1406420,771725,1
-1406420,772162,1
-1406420,772255,1
-1406420,772498,1
-1406420,772619,1
-1406420,772699,1
-1406420,772912,1
-1406420,772913,2
-1406419,771255,1
-1406419,771649,1
-1406419,771848,1
-1406419,771977,1
-1406419,772791,1
-1406419,772922,1
-1406419,773767,1
-1406419,773999,1
-1406418,771906,1
-1406418,771923,1
-1406418,771926,1
-1406418,771985,1
-1406418,772000,1
-1406418,772109,1
-1406418,772232,1
-1406418,772661,1
-1406418,774257,1
-1406417,771239,1
-1406417,771811,1
-1406417,772266,2
-1406417,772703,1
-1406417,773306,1
-1406417,774149,1
-1406416,769880,1
-1406416,771346,1
-1406416,771765,1
-1406416,771770,1
-1406416,771938,1
-1406416,771974,1
-1406416,773308,1
-1406416,773911,1
-1406415,771951,1
-1406415,771988,1
-1406414,771939,1
-1406414,772920,1
-1406414,773288,1
-1406414,773591,1
-1406414,773870,1
-1406414,774389,1
-1406413,771768,1
-1406413,771920,1
-1406413,771973,1
-1406413,773587,1
-1406412,769996,1
-1406412,771806,1
-1406412,773969,1
-1406411,771928,1
-1406411,771941,1
-1406411,771948,1
-1406411,772628,1
-1406411,772798,2
-1406410,771944,1
-1406410,774006,1
-1406410,774038,1
-1406409,769905,1
-1406409,770028,1
-1406409,771955,1
-1406409,772257,1
-1406409,772368,1
-1406409,773969,1
-1406409,774363,1
-1406408,770625,1
-1406408,771999,1
-1406408,772092,1
-1406408,774021,1
-1406408,774043,1
-1406407,771935,1
-1406407,773578,1
-1406406,771929,1
-1406406,771934,1
-1406406,772635,12
-1406406,774314,1
-1406405,769944,1
-1406405,771922,1
-1406405,771980,1
-1406405,772067,1
-1406405,772335,1
-1406405,774020,1
-1406405,774342,1
-1406404,770015,1
-1406404,771926,1
-1406404,771930,10
-1406404,771933,1
-1406404,771940,1
-1406404,771956,1
-1406404,774271,1
-1406403,769944,1
-1406403,771939,1
-1406403,772666,1
-1406403,772956,1
-1406403,773643,1
-1406402,769961,1
-1406402,771258,1
-1406402,771932,1
-1406402,773969,2
-1406402,774021,1
-1406401,769946,1
-1406401,770631,1
-1406401,771928,1
-1406401,771929,1
-1406401,773969,1
-1406401,774039,1
-1406400,769673,1
-1406400,771737,1
-1406400,771965,1
-1406400,771987,1
-1406400,772205,1
-1406400,772472,1
-1406399,769832,1
-1406399,771934,1
-1406398,769912,1
-1406398,769990,1
-1406398,771847,1
-1406398,771933,1
-1406398,771989,1
-1406398,773965,1
-1406398,774050,1
-1406397,769900,1
-1406397,771930,1
-1406397,771959,1
-1406397,772090,1
-1406397,773634,1
-1406397,773635,1
-1406397,774392,1
-1406396,770283,1
-1406396,770605,1
-1406396,771846,1
-1406396,771951,1
-1406396,772016,1
-1406396,773127,1
-1406396,773964,1
-1406396,773965,1
-1406395,771925,1
-1406395,771932,1
-1406395,771950,1
-1406395,772076,2
-1406395,773193,1
-1406395,773580,1
-1406395,773659,1
-1406395,774128,14
-1406395,774408,1
-1406394,771926,1
-1406394,771929,1
-1406394,772013,1
-1406394,772075,1
-1406394,772605,1
-1406394,773776,1
-1406394,774329,1
-1406394,774395,1
-1406393,771928,1
-1406393,771932,1
-1406393,774034,1
-1406392,770277,1
-1406392,771928,1
-1406392,771929,1
-1406392,771933,1
-1406392,772009,1
-1406391,771674,1
-1406391,771919,2
-1406391,771940,1
-1406391,771942,2
-1406390,769936,1
-1406390,770616,1
-1406390,771923,1
-1406390,771926,1
-1406390,771927,1
-1406390,771929,1
-1406390,771932,1
-1406390,771934,2
-1406390,771938,1
-1406390,771991,1
-1406389,770614,1
-1406389,770616,1
-1406389,770617,1
-1406389,770623,1
-1406389,771930,1
-1406389,771935,2
-1406389,771936,2
-1406389,771937,1
-1406389,772069,1
-1406389,773083,1
-1406389,774072,1
-1406388,770613,1
-1406388,770616,1
-1406388,771931,1
-1406388,771936,2
-1406388,772000,1
-1406388,772150,1
-1406387,769977,1
-1406387,770618,1
-1406387,770619,2
-1406387,771918,1
-1406387,771920,1
-1406387,771933,1
-1406387,771935,17
-1406387,773629,4
-1406387,773964,1
-1406387,774307,2
-1406387,774308,1
-1406386,771923,1
-1406386,771931,1
-1406386,771936,2
-1406386,771944,1
-1406386,772068,1
-1406386,772292,1
-1406386,773941,1
-1406386,774032,1
-1406385,771547,1
-1406385,771917,1
-1406385,771922,1
-1406385,772201,1
-1406384,769933,1
-1406384,771883,1
-1406384,773972,1
-1406384,774075,1
-1406383,770621,1
-1406383,771919,1
-1406383,774376,1
-1406382,771602,1
-1406382,771926,1
-1406382,771932,1
-1406382,772502,1
-1406382,773645,1
-1406382,773703,1
-1406382,773705,1
-1406381,771866,1
-1406381,773701,2
-1406380,771941,1
-1406380,773287,1
-1406380,773702,1
-1406380,773706,1
-1406380,773714,1
-1406380,774374,1
-1406379,771937,1
-1406379,773713,1
-1406379,774376,1
-1406378,769981,1
-1406378,771896,1
-1406378,771903,1
-1406378,773287,1
-1406378,773615,1
-1406378,773701,1
-1406378,773713,1
-1406378,773714,1
-1406378,773716,1
-1406377,769925,1
-1406377,770642,1
-1406377,771949,2
-1406377,771994,1
-1406377,772837,1
-1406377,773706,1
-1406377,773911,1
-1406376,771932,1
-1406376,772189,6
-1406376,773714,1
-1406376,773715,1
-1406376,773975,1
-1406376,774016,1
-1406375,769934,1
-1406375,771919,1
-1406375,771920,1
-1406375,773634,1
-1406375,773695,1
-1406375,774012,1
-1406374,771943,1
-1406374,771992,1
-1406374,773625,1
-1406374,773710,1
-1406374,773713,1
-1406374,773716,1
-1406373,769998,1
-1406373,771948,1
-1406373,772642,1
-1406373,772667,1
-1406373,772905,1
-1406373,773611,1
-1406373,773620,1
-1406373,773914,1
-1406373,773953,1
-1406372,771924,1
-1406372,771943,1
-1406372,773978,1
-1406372,774020,1
-1406372,774351,1
-1406372,774401,1
-1406371,771908,1
-1406371,771960,4
-1406371,771961,1
-1406370,771922,1
-1406370,771925,1
-1406370,771929,1
-1406370,771934,1
-1406370,771936,1
-1406370,771939,1
-1406370,773596,1
-1406369,769994,1
-1406369,771920,3
-1406369,771925,1
-1406369,771926,1
-1406369,771928,2
-1406369,771962,1
-1406368,771723,1
-1406368,771853,1
-1406368,771916,1
-1406368,771931,1
-1406368,771962,1
-1406368,773696,1
-1406368,773715,1
-1406368,773957,1
-1406367,771361,1
-1406367,771915,1
-1406367,771931,1
-1406367,771956,1
-1406367,771973,1
-1406367,774430,1
-1406367,774431,1
-1406367,774433,1
-1406367,774439,1
-1406366,771366,3
-1406366,771922,1
-1406366,771925,1
-1406366,771964,1
-1406366,773607,1
-1406366,774170,1
-1406366,774267,2
-1406365,769908,1
-1406365,771920,2
-1406365,771923,9
-1406365,771924,6
-1406365,771935,1
-1406365,771936,1
-1406365,772197,1
-1406365,772854,1
-1406365,773292,1
-1406365,774011,1
-1406365,774017,1
-1406364,770639,1
-1406364,771914,1
-1406364,771923,1
-1406364,771927,1
-1406364,771929,1
-1406364,772683,1
-1406364,773582,1
-1406364,774116,12
-1406364,774174,1
-1406363,771720,1
-1406363,771927,1
-1406363,771962,1
-1406363,773598,1
-1406363,774102,1
-1406363,774119,1
-1406363,774421,1
-1406362,771923,2
-1406362,771924,2
-1406362,773959,1
-1406362,774433,1
-1406361,771384,43
-1406361,771924,2
-1406361,771935,1
-1406361,771999,1
-1406361,772527,1
-1406361,773953,1
-1406361,774102,1
-1406361,774283,1
-1406361,774432,1
-1406360,771871,1
-1406360,771925,1
-1406360,771926,1
-1406360,771928,1
-1406360,772178,2
-1406360,773657,1
-1406360,773660,1
-1406360,773912,1
-1406360,774285,1
-1406359,771912,1
-1406359,771922,2
-1406359,771926,1
-1406359,771927,1
-1406359,771940,2
-1406359,771981,1
-1406359,771983,1
-1406359,774065,1
-1406359,774099,1
-1406359,774390,1
-1406358,771929,1
-1406358,771956,2
-1406358,771965,1
-1406358,774081,1
-1406358,774098,1
-1406358,774128,3
-1406358,774217,1
-1406358,774309,1
-1406357,769908,1
-1406357,771384,1
-1406357,771916,1
-1406357,771925,1
-1406357,771977,1
-1406357,772199,1
-1406357,772217,1
-1406357,772302,1
-1406357,773619,1
-1406357,774098,1
-1406357,774102,1
-1406357,774305,1
-1406356,771926,1
-1406356,771931,1
-1406356,771949,1
-1406356,771951,1
-1406356,771989,1
-1406356,772504,1
-1406356,773993,1
-1406356,774098,1
-1406356,774277,1
-1406355,771923,5
-1406355,771926,1
-1406355,771928,1
-1406355,771937,1
-1406355,771945,1
-1406355,771961,1
-1406355,771965,4
-1406355,773891,1
-1406354,771823,1
-1406354,771925,1
-1406354,771933,1
-1406354,771941,1
-1406354,771963,1
-1406354,771964,1
-1406354,771966,1
-1406354,771970,1
-1406354,771980,1
-1406354,771984,1
-1406353,771412,1
-1406353,771940,1
-1406353,771942,1
-1406353,771948,1
-1406353,771949,1
-1406353,771962,2
-1406353,771963,1
-1406353,771985,1
-1406353,771987,1
-1406353,772619,1
-1406353,773586,1
-1406353,774137,1
-1406353,774164,1
-1406353,774426,1
-1406353,774435,1
-1406352,770041,1
-1406352,771911,1
-1406352,771923,1
-1406352,771924,1
-1406352,771925,2
-1406352,771932,1
-1406352,771963,6
-1406352,771964,1
-1406352,771971,1
-1406352,772113,1
-1406352,773522,1
-1406352,773981,1
-1406352,774136,1
-1406351,771351,1
-1406351,771930,1
-1406351,771932,1
-1406351,771949,1
-1406351,771963,1
-1406351,771964,1
-1406351,771965,1
-1406351,771985,1
-1406351,772202,1
-1406351,773308,1
-1406351,773649,1
-1406351,773656,1
-1406351,774134,1
-1406351,774358,10
-1406350,771350,1
-1406350,771913,1
-1406350,771924,1
-1406350,771932,1
-1406350,771944,1
-1406350,771963,1
-1406350,771965,2
-1406350,771969,1
-1406350,771971,1
-1406350,771984,1
-1406350,773953,1
-1406350,774136,1
-1406349,771338,1
-1406349,771920,1
-1406349,771922,1
-1406349,771929,2
-1406349,771949,1
-1406349,771951,1
-1406349,771961,1
-1406349,771964,2
-1406349,773604,1
-1406349,773657,1
-1406349,774092,1
-1406349,774132,1
-1406349,774136,2
-1406349,774138,1
-1406349,774201,1
-1406349,774442,1
-1406348,769927,1
-1406348,771346,1
-1406348,771929,1
-1406348,771930,1
-1406348,771931,2
-1406348,771959,1
-1406348,771962,2
-1406348,771983,1
-1406348,771987,1
-1406348,772502,1
-1406348,773623,1
-1406348,774092,1
-1406348,774094,1
-1406348,774133,1
-1406348,774443,1
-1406347,771921,1
-1406347,771924,1
-1406347,771934,1
-1406347,771963,2
-1406347,771968,23
-1406347,771977,1
-1406347,771980,1
-1406347,773594,1
-1406347,773660,1
-1406347,774129,2
-1406347,774131,3
-1406347,774133,1
-1406346,771233,1
-1406346,771258,1
-1406346,771920,1
-1406346,771923,1
-1406346,771934,1
-1406346,771978,1
-1406346,773658,1
-1406346,774132,1
-1406346,774133,1
-1406346,774212,1
-1406345,770719,1
-1406345,771342,1
-1406345,771922,1
-1406345,771927,1
-1406345,771958,1
-1406345,771974,1
-1406345,771979,1
-1406345,774126,1
-1406345,774128,1
-1406345,774136,1
-1406345,774217,1
-1406345,774329,1
-1406345,774337,1
-1406344,771905,1
-1406344,771927,1
-1406344,771932,1
-1406344,771933,1
-1406344,771934,2
-1406344,771939,1
-1406344,771941,1
-1406344,771961,1
-1406344,771964,1
-1406344,771965,1
-1406344,771968,1
-1406344,771973,1
-1406344,772191,1
-1406344,772934,1
-1406344,773627,1
-1406344,774012,1
-1406344,774125,1
-1406344,774133,1
-1406344,774318,1
-1406343,769925,1
-1406343,771881,1
-1406343,771927,1
-1406343,771934,1
-1406343,771935,1
-1406343,771977,1
-1406343,771982,1
-1406343,771984,1
-1406343,773608,1
-1406343,773956,1
-1406343,774128,1
-1406343,774137,3
-1406343,774214,1
-1406342,771918,1
-1406342,771928,3
-1406342,771937,1
-1406342,771938,1
-1406342,771947,1
-1406342,771979,1
-1406342,773957,1
-1406342,773986,1
-1406342,774059,1
-1406342,774139,1
-1406341,769931,1
-1406341,771514,1
-1406341,771657,1
-1406341,771901,1
-1406341,771906,1
-1406341,771926,1
-1406341,771932,1
-1406341,771938,1
-1406341,771979,1
-1406341,772143,1
-1406341,773614,1
-1406341,773656,1
-1406341,773952,1
-1406341,773960,1
-1406341,774129,1
-1406341,774138,1
-1406341,774201,1
-1406341,774289,1
-1406340,771916,1
-1406340,771917,2
-1406340,771922,2
-1406340,771936,1
-1406340,771948,1
-1406340,771983,1
-1406340,773957,1
-1406340,774127,1
-1406340,774145,1
-1406340,774153,1
-1406340,774221,1
-1406339,771349,1
-1406339,771895,1
-1406339,771922,1
-1406339,771923,2
-1406339,771924,1
-1406339,771926,1
-1406339,771927,1
-1406339,771935,1
-1406339,771950,1
-1406339,771953,1
-1406339,771954,1
-1406339,771984,1
-1406339,772128,2
-1406339,772152,2
-1406339,773563,1
-1406339,773595,1
-1406339,773598,1
-1406339,773957,1
-1406339,774129,2
-1406339,774130,1
-1406339,774208,1
-1406339,774211,1
-1406338,770043,1
-1406338,770049,1
-1406338,771926,48
-1406338,771932,1
-1406338,771933,1
-1406338,771934,1
-1406338,771976,1
-1406338,772000,1
-1406338,774122,1
-1406338,774132,1
-1406338,774135,1
-1406338,774140,1
-1406338,774230,1
-1406337,770050,1
-1406337,770414,1
-1406337,771362,1
-1406337,771905,1
-1406337,771923,1
-1406337,771935,1
-1406337,771941,1
-1406337,771954,1
-1406337,772190,1
-1406337,773701,1
-1406337,774062,8
-1406337,774122,1
-1406337,774130,1
-1406337,774132,2
-1406337,774144,1
-1406336,770399,1
-1406336,771932,1
-1406336,771934,1
-1406336,771935,1
-1406336,771937,2
-1406336,772629,1
-1406336,773176,1
-1406336,773669,1
-1406336,773943,1
-1406336,774210,1
-1406335,769928,1
-1406335,770064,9
-1406335,771455,1
-1406335,771897,1
-1406335,771903,1
-1406335,771938,1
-1406335,772007,1
-1406335,772153,1
-1406335,772165,1
-1406335,774123,1
-1406335,774207,1
-1406334,769983,7
-1406334,771902,1
-1406334,771927,1
-1406334,771929,1
-1406334,771936,1
-1406334,771973,1
-1406334,773655,1
-1406334,773952,1
-1406334,774163,1
-1406333,770704,1
-1406333,771341,1
-1406333,771430,1
-1406333,771458,1
-1406333,771902,1
-1406333,771925,1
-1406333,771933,1
-1406333,771958,1
-1406333,773599,1
-1406333,774010,1
-1406333,774165,1
-1406333,774176,1
-1406332,771539,1
-1406332,771923,1
-1406332,771934,1
-1406332,771970,1
-1406332,771974,1
-1406332,773689,2
-1406332,774176,1
-1406332,774226,1
-1406332,774378,1
-1406331,771957,1
-1406331,771967,1
-1406331,772015,1
-1406331,772027,1
-1406331,774165,1
-1406331,774167,1
-1406331,774170,1
-1406331,774224,2
-1406330,771332,1
-1406330,771336,1
-1406330,771357,1
-1406330,771781,1
-1406330,771892,1
-1406330,771927,1
-1406330,771938,1
-1406330,771953,1
-1406330,771983,1
-1406330,773234,1
-1406329,769914,1
-1406329,770748,1
-1406329,771352,1
-1406329,771916,4
-1406329,772010,1
-1406329,772124,1
-1406329,772504,1
-1406329,773605,1
-1406329,773674,1
-1406329,774234,1
-1406328,769917,2
-1406328,771349,1
-1406328,771351,1
-1406328,771908,1
-1406328,771915,1
-1406328,771960,3
-1406328,772014,1
-1406328,772466,1
-1406328,772504,1
-1406328,772697,1
-1406328,772699,1
-1406327,769673,1
-1406327,769914,1
-1406327,770067,1
-1406327,772213,1
-1406327,772421,1
-1406327,774173,1
-1406326,769950,1
-1406326,771342,1
-1406326,771344,1
-1406326,771346,2
-1406326,771935,1
-1406326,771996,1
-1406326,772006,1
-1406326,772471,1
-1406326,772528,1
-1406326,773302,15
-1406326,774183,1
-1406326,774189,6
-1406325,769905,1
-1406325,769937,1
-1406325,771348,1
-1406325,771919,1
-1406325,771968,1
-1406325,772551,1
-1406325,773319,1
-1406325,773996,1
-1406325,774115,1
-1406325,774171,1
-1406324,771335,1
-1406324,771345,1
-1406324,771349,2
-1406324,771870,1
-1406324,772140,1
-1406324,773591,1
-1406324,773672,2
-1406324,773957,1
-1406323,770248,1
-1406323,771933,1
-1406323,772121,2
-1406323,772825,1
-1406323,773705,1
-1406323,773939,1
-1406323,773945,1
-1406322,771351,1
-1406322,771955,1
-1406322,771963,1
-1406322,772005,1
-1406322,774211,1
-1406321,769935,1
-1406321,771914,1
-1406321,771934,1
-1406321,773711,1
-1406320,771879,1
-1406320,772016,1
-1406320,773895,1
-1406320,774163,1
-1406320,774165,1
-1406320,774171,1
-1406320,774252,1
-1406320,774416,1
-1406319,771966,1
-1406319,772619,15
-1406319,773433,1
-1406319,773617,1
-1406319,773892,1
-1406319,774406,1
-1406318,771877,1
-1406318,773961,1
-1406318,773989,1
-1406317,771348,1
-1406317,771374,3
-1406317,771873,1
-1406317,771924,1
-1406317,772099,1
-1406317,772470,1
-1406317,774162,1
-1406316,769947,1
-1406316,770731,1
-1406316,770754,1
-1406316,773964,1
-1406315,771361,1
-1406315,771928,1
-1406315,774108,1
-1406314,769895,1
-1406314,772674,1
-1406314,773965,1
-1406314,774420,1
-1406313,770043,23
-1406313,771383,88
-1406313,772471,1
-1406313,773328,1
-1406313,773339,1
-1406313,774197,2
-1406313,774236,1
-1406312,770064,12
-1406312,771651,1
-1406312,771716,1
-1406312,771925,1
-1406312,771933,1
-1406312,772011,1
-1406312,772467,1
-1406312,774221,1
-1406311,769890,1
-1406311,770812,1
-1406311,771518,1
-1406311,771995,1
-1406311,772468,1
-1406311,772469,1
-1406311,773962,1
-1406311,774144,1
-1406311,774154,1
-1406311,774424,1
-1406310,771985,1
-1406310,772470,1
-1406310,774078,1
-1406309,769945,1
-1406309,770134,1
-1406309,771966,1
-1406309,772135,1
-1406309,773478,1
-1406309,774201,1
-1406308,771325,1
-1406308,772078,1
-1406308,772499,1
-1406308,773897,1
-1406307,771379,1
-1406307,771980,1
-1406307,772015,1
-1406307,772456,1
-1406307,772582,1
-1406307,772617,1
-1406307,773370,1
-1406307,773964,1
-1406307,774084,1
-1406307,774120,8
-1406307,774123,1
-1406307,774146,1
-1406306,769878,1
-1406306,772010,1
-1406306,772044,1
-1406305,770392,1
-1406305,771955,1
-1406305,773499,1
-1406305,774118,6
-1406305,774177,1
-1406304,769881,1
-1406304,771519,5
-1406304,771978,1
-1406304,772011,1
-1406304,772022,1
-1406304,773500,1
-1406304,774141,1
-1406304,774316,1
-1406303,771937,1
-1406303,772006,1
-1406303,773890,1
-1406303,774179,1
-1406303,774188,1
-1406302,769679,1
-1406302,769926,1
-1406302,772068,1
-1406302,774139,1
-1406302,774180,1
-1406302,774206,3
-1406301,769877,1
-1406301,770159,6
-1406301,770292,1
-1406301,772006,1
-1406301,773499,1
-1406301,773500,1
-1406300,773969,1
-1406300,774142,1
-1406300,774155,1
-1406300,774163,1
-1406299,771497,1
-1406299,771509,1
-1406299,771573,1
-1406299,771929,1
-1406299,772556,2
-1406299,774088,1
-1406299,774134,1
-1406299,774147,1
-1406299,774202,1
-1406298,769879,1
-1406298,769881,1
-1406298,769944,1
-1406298,770779,1
-1406298,771969,1
-1406298,771991,1
-1406298,772011,1
-1406298,772616,1
-1406298,773496,1
-1406298,774223,1
-1406297,769953,1
-1406297,771529,1
-1406297,771937,1
-1406297,772016,1
-1406297,772503,1
-1406297,774138,1
-1406296,769919,5
-1406296,771514,1
-1406296,771521,1
-1406296,771524,1
-1406296,772116,5
-1406296,773497,1
-1406296,773950,1
-1406296,774118,1
-1406296,774214,6
-1406295,771560,1
-1406295,771892,1
-1406295,771903,1
-1406295,771916,1
-1406295,773899,1
-1406295,774170,1
-1406294,771889,1
-1406294,771933,2
-1406294,771947,1
-1406294,771984,1
-1406294,772006,1
-1406294,772086,3
-1406294,774114,1
-1406293,769879,1
-1406293,772074,1
-1406293,772484,1
-1406293,773934,1
-1406293,773967,1
-1406293,774139,1
-1406293,774142,1
-1406292,771939,3
-1406292,773909,1
-1406292,773950,1
-1406292,774136,1
-1406292,774142,1
-1406292,774183,1
-1406292,774209,11
-1406292,774214,6
-1406291,772014,1
-1406291,773279,18
-1406291,773932,1
-1406291,773933,1
-1406291,774082,1
-1406291,774118,1
-1406290,771920,1
-1406290,771938,1
-1406290,773912,1
-1406290,773960,1
-1406290,774276,1
-1406289,770098,1
-1406289,771931,1
-1406289,773972,1
-1406289,774109,1
-1406289,774118,1
-1406288,769895,1
-1406288,771719,1
-1406288,773912,1
-1406288,774112,1
-1406288,774185,10
-1406288,774208,1
-1406287,769875,1
-1406287,769933,1
-1406287,771404,1
-1406287,773968,1
-1406287,774118,1
-1406287,774129,1
-1406287,774130,1
-1406287,774137,1
-1406287,774138,1
-1406287,774172,1
-1406287,774193,1
-1406286,769859,1
-1406286,771867,1
-1406286,771876,1
-1406286,771968,1
-1406286,772036,1
-1406286,773911,1
-1406286,773974,1
-1406286,774141,1
-1406285,769974,1
-1406285,769978,1
-1406285,771516,1
-1406285,773911,1
-1406285,773973,1
-1406285,774108,1
-1406285,774130,1
-1406285,774184,1
-1406284,771925,1
-1406284,774111,1
-1406284,774126,1
-1406284,774128,2
-1406284,774197,6
-1406284,774198,6
-1406283,771521,1
-1406283,772011,1
-1406283,774126,1
-1406283,774192,1
-1406283,774387,1
-1406282,769716,1
-1406282,769964,1
-1406282,771513,1
-1406282,771916,1
-1406282,774091,1
-1406281,769962,1
-1406281,771513,1
-1406281,771936,1
-1406281,772009,1
-1406281,772041,1
-1406281,772082,1
-1406281,773510,1
-1406281,773970,1
-1406281,774189,1
-1406280,769957,1
-1406280,771928,1
-1406280,772078,1
-1406280,772616,1
-1406280,773504,1
-1406280,774117,1
-1406280,774124,1
-1406280,774271,1
-1406279,771266,1
-1406279,771516,1
-1406279,772422,1
-1406279,773504,1
-1406279,774185,7
-1406278,769911,8
-1406278,772073,1
-1406278,772081,1
-1406278,772435,1
-1406278,773504,1
-1406278,773507,1
-1406278,773976,1
-1406278,774194,1
-1406278,774269,4
-1406277,770803,1
-1406277,771759,1
-1406277,773509,1
-1406277,773974,1
-1406277,774120,1
-1406276,771893,1
-1406276,772096,1
-1406276,773505,1
-1406276,773507,1
-1406276,773509,1
-1406276,773516,1
-1406276,773980,1
-1406276,774141,1
-1406276,774144,1
-1406275,769944,1
-1406275,770599,1
-1406275,771395,2
-1406275,771959,2
-1406275,772124,2
-1406275,773503,1
-1406275,773506,3
-1406275,773508,2
-1406275,773975,1
-1406275,773977,1
-1406275,773978,1
-1406275,774173,2
-1406275,774192,1
-1406275,774210,1
-1406274,771956,1
-1406274,772083,1
-1406274,772089,1
-1406274,772096,2
-1406274,772211,1
-1406274,772428,1
-1406274,773308,1
-1406274,773510,1
-1406274,773974,1
-1406274,773976,1
-1406274,773978,1
-1406274,773979,1
-1406274,773982,2
-1406274,774121,1
-1406274,774130,1
-1406273,772052,2
-1406273,772056,1
-1406273,772107,5
-1406273,772122,1
-1406273,772141,1
-1406273,773508,2
-1406273,773934,1
-1406273,773975,1
-1406273,773977,2
-1406273,773978,1
-1406273,773981,1
-1406273,773982,1
-1406273,774175,1
-1406272,769966,1
-1406272,771923,1
-1406272,772007,3
-1406272,772051,1
-1406272,773509,1
-1406272,773975,1
-1406272,773976,1
-1406272,773978,1
-1406272,773982,1
-1406272,774149,1
-1406272,774168,1
-1406272,774187,1
-1406272,774193,5
-1406271,772051,1
-1406271,773508,2
-1406271,773510,1
-1406271,773973,1
-1406271,773975,1
-1406271,773978,1
-1406271,774171,1
-1406271,774423,1
-1406270,769855,6
-1406270,769943,1
-1406270,772081,1
-1406270,773473,1
-1406270,773933,1
-1406270,773937,1
-1406270,773975,1
-1406270,773977,1
-1406270,774072,1
-1406270,774206,1
-1406269,770141,1
-1406269,771916,1
-1406269,772000,1
-1406269,772055,1
-1406269,772073,1
-1406269,773509,1
-1406269,773976,2
-1406269,773987,1
-1406268,770250,1
-1406268,771968,9
-1406268,772199,1
-1406268,772208,1
-1406268,772559,1
-1406268,773861,5
-1406268,773932,1
-1406268,773975,1
-1406268,774101,1
-1406268,774147,1
-1406267,769927,1
-1406267,771589,1
-1406267,771980,1
-1406267,772031,1
-1406267,772053,1
-1406267,772102,1
-1406267,773933,1
-1406267,773986,1
-1406267,774189,1
-1406267,774253,1
-1406266,769921,1
-1406266,772011,1
-1406266,773979,1
-1406266,774023,1
-1406266,774175,1
-1406265,772049,1
-1406265,772074,1
-1406265,774173,1
-1406265,774190,1
-1406265,774387,1
-1406264,769730,1
-1406264,769975,1
-1406264,773923,1
-1406264,773979,1
-1406264,774287,1
-1406263,773977,1
-1406263,774384,1
-1406262,771695,1
-1406262,771994,1
-1406262,772010,1
-1406262,773524,1
-1406261,770113,12
-1406261,771748,1
-1406261,772031,1
-1406261,772408,1
-1406261,773927,1
-1406261,774196,1
-1406260,771909,1
-1406260,772183,1
-1406260,773636,1
-1406260,774001,1
-1406260,774253,1
-1406259,771914,1
-1406259,771923,1
-1406259,772335,1
-1406259,773644,1
-1406259,774004,1
-1406258,769967,1
-1406258,771962,4
-1406258,772034,1
-1406258,772088,1
-1406258,773383,1
-1406258,774004,1
-1406258,774257,1
-1406257,772011,1
-1406257,772040,1
-1406257,772045,1
-1406257,772084,1
-1406257,772183,1
-1406256,769925,1
-1406256,771582,1
-1406256,772553,1
-1406256,774176,1
-1406255,772006,1
-1406255,772058,1
-1406255,772102,1
-1406255,772235,1
-1406255,772554,1
-1406255,774206,1
-1406254,770599,1
-1406254,771077,1
-1406254,771561,1
-1406254,771797,1
-1406254,772068,1
-1406254,773847,1
-1406254,774008,1
-1406253,771571,1
-1406253,771965,1
-1406253,772073,2
-1406253,772075,1
-1406252,771967,1
-1406252,771998,1
-1406252,772041,1
-1406252,772468,1
-1406252,773875,1
-1406252,774011,1
-1406252,774130,1
-1406251,774217,1
-1406251,774299,1
-1406250,769864,1
-1406250,769930,1
-1406250,771918,1
-1406250,771919,1
-1406250,772158,1
-1406250,772377,1
-1406249,771577,1
-1406249,771578,1
-1406249,772063,1
-1406249,773416,1
-1406248,771576,1
-1406248,771582,1
-1406248,771990,1
-1406248,771992,1
-1406248,774444,1
-1406247,771897,1
-1406247,771923,1
-1406247,771963,1
-1406247,772007,1
-1406247,773979,1
-1406246,772093,1
-1406246,772097,1
-1406246,772111,1
-1406246,773415,1
-1406245,769905,2
-1406245,772099,1
-1406245,772189,1
-1406245,774020,1
-1406245,774442,1
-1406245,774445,1
-1406244,771553,1
-1406244,771916,1
-1406244,771981,6
-1406244,772030,1
-1406244,772542,1
-1406244,773984,1
-1406243,769899,1
-1406243,772063,1
-1406243,772096,1
-1406242,770152,19
-1406242,771598,1
-1406242,772001,1
-1406242,772123,1
-1406242,773937,1
-1406241,772102,1
-1406241,772384,1
-1406241,773641,1
-1406241,773876,1
-1406241,773939,1
-1406240,769998,1
-1406240,772045,2
-1406240,772093,1
-1406240,773988,1
-1406239,771495,1
-1406239,771585,1
-1406239,771952,1
-1406239,771973,1
-1406239,772000,1
-1406239,772117,1
-1406239,773636,1
-1406238,771654,1
-1406237,771516,1
-1406237,771925,1
-1406237,772181,1
-1406237,774441,1
-1406236,769874,1
-1406236,769903,1
-1406236,771555,1
-1406236,771999,1
-1406236,772096,1
-1406236,772106,1
-1406236,772126,1
-1406236,773993,1
-1406236,774142,1
-1406235,771488,1
-1406235,774139,1
-1406234,770141,1
-1406234,771505,1
-1406234,771943,1
-1406234,772293,1
-1406234,772544,1
-1406234,773630,1
-1406234,774032,1
-1406233,770164,7
-1406233,771701,1
-1406233,771940,1
-1406233,771941,1
-1406233,771942,1
-1406233,771998,1
-1406233,773388,1
-1406233,774312,1
-1406232,771926,2
-1406232,771939,1
-1406232,774298,1
-1406231,771941,1
-1406231,771942,1
-1406231,771943,1
-1406231,771979,1
-1406231,772067,1
-1406231,773866,1
-1406230,769962,1
-1406230,770128,1
-1406230,770141,1
-1406230,771941,1
-1406230,773805,1
-1406230,773904,1
-1406230,774103,1
-1406230,774150,11
-1406230,774419,1
-1406230,774440,1
-1406229,771135,1
-1406229,771938,2
-1406229,771944,1
-1406229,772334,1
-1406229,773864,1
-1406229,774062,1
-1406229,774063,2
-1406229,774296,1
-1406228,769911,1
-1406228,771556,1
-1406228,772077,1
-1406228,772630,1
-1406227,771554,1
-1406227,771836,1
-1406227,771900,1
-1406227,771915,1
-1406227,772121,1
-1406227,772124,1
-1406227,773368,1
-1406227,773940,1
-1406227,773998,1
-1406227,774307,3
-1406227,774309,1
-1406226,770158,31
-1406226,771488,1
-1406226,772081,1
-1406226,772331,1
-1406226,773857,1
-1406226,774309,1
-1406226,774314,1
-1406226,774409,1
-1406225,771920,1
-1406225,771922,1
-1406225,771970,1
-1406225,773645,1
-1406225,773897,1
-1406225,774001,1
-1406225,774036,1
-1406225,774084,1
-1406225,774314,1
-1406225,774315,1
-1406224,770171,1
-1406224,771451,1
-1406224,772070,1
-1406224,772123,1
-1406224,773869,1
-1406224,773884,1
-1406224,774300,1
-1406224,774302,1
-1406224,774308,1
-1406224,774309,1
-1406224,774318,1
-1406224,774343,1
-1406224,774352,1
-1406223,771879,1
-1406223,772069,1
-1406223,772072,1
-1406223,772117,1
-1406223,772119,1
-1406223,772122,1
-1406223,772123,1
-1406223,772124,1
-1406223,772158,1
-1406223,772222,1
-1406223,773352,1
-1406223,773413,1
-1406223,774279,1
-1406223,774311,1
-1406223,774353,1
-1406222,771525,1
-1406222,771526,1
-1406222,771928,1
-1406222,772120,1
-1406222,772122,1
-1406222,772124,1
-1406222,772139,1
-1406222,772175,1
-1406222,772315,1
-1406222,773861,1
-1406222,773884,1
-1406222,773953,1
-1406222,774257,1
-1406222,774302,1
-1406222,774311,1
-1406222,774316,1
-1406222,774357,1
-1406222,774367,1
-1406221,772146,1
-1406221,773370,1
-1406221,773413,1
-1406221,773862,1
-1406221,773875,1
-1406221,774299,1
-1406221,774308,1
-1406221,774312,2
-1406221,774318,1
-1406221,774329,1
-1406221,774335,2
-1406221,774357,1
-1406221,774366,2
-1406220,770193,4
-1406220,771527,1
-1406220,771972,1
-1406220,771973,1
-1406220,772074,1
-1406220,772133,1
-1406220,772173,1
-1406220,772183,1
-1406220,773410,4
-1406220,773892,1
-1406220,774162,1
-1406220,774291,1
-1406220,774305,2
-1406220,774311,1
-1406220,774312,1
-1406220,774328,1
-1406220,774344,1
-1406219,771540,1
-1406219,772093,1
-1406219,772097,1
-1406219,772149,1
-1406219,772154,1
-1406219,772346,1
-1406219,773420,1
-1406219,774165,1
-1406219,774343,1
-1406219,774366,1
-1406219,774442,1
-1406218,771532,1
-1406218,771956,1
-1406218,772114,1
-1406218,772135,1
-1406218,772734,1
-1406218,773422,1
-1406218,774350,1
-1406218,774351,2
-1406218,774354,1
-1406217,771535,1
-1406217,771609,1
-1406217,771932,1
-1406217,772000,1
-1406217,772145,1
-1406217,772158,1
-1406217,773258,1
-1406217,773867,1
-1406217,773915,1
-1406217,774035,1
-1406217,774166,1
-1406217,774297,1
-1406217,774306,1
-1406217,774335,1
-1406217,774350,1
-1406217,774354,2
-1406217,774362,1
-1406216,770231,1
-1406216,772121,1
-1406216,773330,1
-1406216,773556,1
-1406216,773878,1
-1406216,773939,1
-1406216,774338,1
-1406216,774355,1
-1406216,774358,1
-1406216,774371,1
-1406215,771049,1
-1406215,771609,1
-1406215,771623,1
-1406215,772196,1
-1406215,773962,1
-1406215,774005,1
-1406215,774288,1
-1406215,774305,1
-1406215,774308,1
-1406215,774314,1
-1406215,774345,1
-1406215,774352,2
-1406215,774353,1
-1406215,774371,1
-1406214,771933,1
-1406214,771946,1
-1406214,772325,1
-1406214,772331,1
-1406214,772951,1
-1406214,773875,1
-1406214,773911,1
-1406214,773965,1
-1406214,774023,1
-1406214,774033,1
-1406214,774302,1
-1406214,774313,1
-1406214,774316,1
-1406214,774341,1
-1406214,774367,1
-1406214,774441,1
-1406213,770215,1
-1406213,770481,1
-1406213,771656,1
-1406213,771932,1
-1406213,772109,1
-1406213,772155,1
-1406213,772304,1
-1406213,772342,1
-1406213,772354,1
-1406213,773972,1
-1406213,774022,1
-1406213,774279,2
-1406213,774311,1
-1406213,774313,2
-1406213,774325,1
-1406213,774337,1
-1406213,774345,1
-1406213,774355,1
-1406213,774357,1
-1406213,774359,1
-1406213,774362,1
-1406213,774364,1
-1406213,774443,1
-1406212,770252,1
-1406212,771908,1
-1406212,771912,1
-1406212,772164,1
-1406212,772311,1
-1406212,772359,1
-1406212,773415,1
-1406212,773870,1
-1406212,773911,1
-1406212,773969,1
-1406212,773970,1
-1406212,773972,1
-1406212,774025,1
-1406212,774039,1
-1406212,774259,1
-1406212,774301,1
-1406212,774302,1
-1406212,774318,1
-1406212,774320,1
-1406212,774344,1
-1406212,774361,1
-1406211,770206,1
-1406211,771937,1
-1406211,771968,1
-1406211,771988,1
-1406211,773421,1
-1406211,773860,1
-1406211,773872,1
-1406211,773874,1
-1406211,773914,1
-1406211,773934,1
-1406211,773981,1
-1406211,774027,1
-1406211,774038,1
-1406211,774235,1
-1406211,774304,1
-1406211,774322,1
-1406211,774351,1
-1406211,774352,1
-1406211,774354,2
-1406211,774355,1
-1406211,774358,1
-1406211,774374,1
-1406211,774390,1
-1406211,774442,1
-1406210,771688,1
-1406210,771974,1
-1406210,772158,1
-1406210,772173,1
-1406210,773374,1
-1406210,773848,1
-1406210,773874,1
-1406210,773875,3
-1406210,773980,1
-1406210,773988,1
-1406210,774039,1
-1406210,774322,1
-1406210,774340,1
-1406210,774346,1
-1406210,774350,1
-1406210,774355,1
-1406210,774356,1
-1406210,774360,1
-1406210,774365,1
-1406210,774367,1
-1406210,774371,1
-1406209,769913,5
-1406209,771775,1
-1406209,771899,1
-1406209,772167,1
-1406209,773331,2
-1406209,773366,1
-1406209,773415,1
-1406209,773868,1
-1406209,773876,1
-1406209,773880,1
-1406209,773912,1
-1406209,773915,1
-1406209,773918,1
-1406209,774019,1
-1406209,774025,1
-1406209,774029,1
-1406209,774030,1
-1406209,774033,1
-1406209,774299,1
-1406209,774351,1
-1406209,774356,1
-1406209,774359,1
-1406209,774369,1
-1406208,771538,1
-1406208,771939,1
-1406208,772035,1
-1406208,772055,1
-1406208,772155,1
-1406208,772353,1
-1406208,772860,1
-1406208,773350,1
-1406208,773857,1
-1406208,773875,2
-1406208,773876,1
-1406208,773916,2
-1406208,773918,1
-1406208,773972,1
-1406208,774018,2
-1406208,774019,2
-1406208,774035,1
-1406208,774039,1
-1406208,774041,1
-1406208,774297,1
-1406208,774307,1
-1406208,774313,1
-1406208,774325,1
-1406208,774326,3
-1406208,774342,1
-1406208,774346,2
-1406208,774347,1
-1406208,774359,1
-1406208,774363,1
-1406208,774364,1
-1406208,774366,1
-1406208,774379,1
-1406208,774397,1
-1406208,774414,2
-1406207,771530,1
-1406207,771780,1
-1406207,771929,1
-1406207,771930,1
-1406207,771997,1
-1406207,772115,1
-1406207,772153,1
-1406207,772155,2
-1406207,772329,1
-1406207,772340,1
-1406207,773336,2
-1406207,773403,1
-1406207,773878,1
-1406207,773881,1
-1406207,773901,1
-1406207,773906,1
-1406207,773918,1
-1406207,773920,1
-1406207,774029,1
-1406207,774032,1
-1406207,774033,1
-1406207,774035,1
-1406207,774286,1
-1406207,774318,1
-1406207,774330,1
-1406207,774337,1
-1406207,774343,1
-1406207,774357,1
-1406207,774361,1
-1406207,774362,1
-1406207,774363,1
-1406207,774368,1
-1406207,774375,1
-1406207,774382,1
-1406207,774407,1
-1406207,774439,1
-1406207,774442,1
-1406207,774443,1
-1406206,771966,1
-1406206,772049,1
-1406206,772051,1
-1406206,772720,1
-1406206,773293,1
-1406206,773313,1
-1406206,773363,1
-1406206,773877,1
-1406206,773926,1
-1406206,774031,1
-1406206,774032,1
-1406206,774034,2
-1406206,774035,1
-1406206,774036,1
-1406206,774041,1
-1406206,774048,1
-1406206,774290,1
-1406206,774334,1
-1406206,774352,1
-1406206,774360,1
-1406206,774372,1
-1406206,774375,1
-1406206,774387,1
-1406206,774400,1
-1406206,774419,1
-1406206,774435,1
-1406206,774442,1
-1406205,771532,1
-1406205,771748,1
-1406205,773287,1
-1406205,773318,1
-1406205,773869,2
-1406205,773872,1
-1406205,773880,1
-1406205,773884,1
-1406205,773887,1
-1406205,773890,1
-1406205,773917,1
-1406205,773926,1
-1406205,773970,1
-1406205,774028,1
-1406205,774035,2
-1406205,774278,1
-1406205,774287,1
-1406205,774294,1
-1406205,774296,1
-1406205,774327,1
-1406205,774330,1
-1406205,774334,1
-1406205,774368,1
-1406205,774396,1
-1406205,774408,1
-1406205,774414,1
-1406204,771765,1
-1406204,771777,1
-1406204,772052,1
-1406204,772088,1
-1406204,772294,1
-1406204,773287,1
-1406204,773325,1
-1406204,773396,1
-1406204,773410,2
-1406204,773859,1
-1406204,773869,5
-1406204,773886,1
-1406204,773916,1
-1406204,773917,1
-1406204,773919,1
-1406204,773921,1
-1406204,773928,1
-1406204,773937,1
-1406204,773958,1
-1406204,773962,1
-1406204,774013,1
-1406204,774029,1
-1406204,774252,1
-1406204,774297,1
-1406204,774335,1
-1406204,774370,2
-1406204,774373,2
-1406204,774377,1
-1406204,774378,1
-1406204,774388,1
-1406204,774394,1
-1406204,774415,1
-1406204,774432,1
-1406203,770337,1
-1406203,771953,1
-1406203,771964,1
-1406203,772055,1
-1406203,772299,1
-1406203,772559,1
-1406203,773362,1
-1406203,773883,1
-1406203,773917,1
-1406203,773918,1
-1406203,773919,1
-1406203,773921,2
-1406203,773929,1
-1406203,773942,1
-1406203,773964,1
-1406203,773968,1
-1406203,774027,1
-1406203,774214,1
-1406203,774293,1
-1406203,774397,2
-1406203,774404,1
-1406202,769881,1
-1406202,771536,1
-1406202,771710,1
-1406202,773872,1
-1406202,773898,1
-1406202,773901,1
-1406202,773918,16
-1406202,774024,1
-1406202,774247,1
-1406202,774356,1
-1406202,774370,1
-1406202,774374,1
-1406202,774375,1
-1406202,774392,1
-1406202,774411,2
-1406202,774422,1
-1406202,774442,1
-1406201,769881,1
-1406201,771778,1
-1406201,771798,1
-1406201,773377,1
-1406201,773882,1
-1406201,773919,1
-1406201,773931,1
-1406201,773936,1
-1406201,773960,1
-1406201,774250,1
-1406201,774375,1
-1406201,774393,1
-1406201,774395,1
-1406201,774427,1
-1406200,771726,1
-1406200,771937,1
-1406200,771950,1
-1406200,771965,1
-1406200,773374,3
-1406200,773411,1
-1406200,773894,1
-1406200,773896,1
-1406200,773917,1
-1406200,773918,2
-1406200,773919,1
-1406200,773921,1
-1406200,773925,1
-1406200,773950,1
-1406200,774253,1
-1406200,774258,1
-1406200,774374,1
-1406200,774375,1
-1406200,774384,1
-1406200,774388,3
-1406200,774392,1
-1406200,774431,1
-1406200,774441,1
-1406200,774443,1
-1406199,771471,1
-1406199,771796,1
-1406199,771797,1
-1406199,771799,1
-1406199,772151,1
-1406199,772283,1
-1406199,773853,1
-1406199,773858,1
-1406199,773866,1
-1406199,773868,1
-1406199,773923,1
-1406199,773935,1
-1406199,773940,1
-1406199,773947,1
-1406199,774017,1
-1406199,774125,1
-1406199,774255,1
-1406199,774258,3
-1406199,774259,1
-1406199,774269,1
-1406199,774288,1
-1406199,774372,1
-1406199,774374,1
-1406199,774375,1
-1406199,774378,1
-1406199,774393,1
-1406199,774395,1
-1406199,774396,1
-1406199,774406,1
-1406199,774415,1
-1406199,774438,1
-1406199,774445,1
-1406198,771539,1
-1406198,771752,1
-1406198,771767,1
-1406198,772008,1
-1406198,772018,1
-1406198,772424,1
-1406198,772742,1
-1406198,773379,1
-1406198,773390,1
-1406198,773849,1
-1406198,773909,1
-1406198,773939,1
-1406198,773946,1
-1406198,774036,1
-1406198,774254,1
-1406198,774259,1
-1406198,774270,2
-1406198,774280,1
-1406198,774283,1
-1406198,774287,1
-1406198,774294,1
-1406198,774296,1
-1406198,774370,1
-1406198,774384,1
-1406198,774395,2
-1406198,774407,1
-1406198,774410,2
-1406198,774433,1
-1406198,774436,1
-1406197,773279,1
-1406197,773333,1
-1406197,773408,1
-1406197,773847,1
-1406197,773931,1
-1406197,773938,1
-1406197,774124,1
-1406197,774227,1
-1406197,774229,1
-1406197,774233,1
-1406197,774234,2
-1406197,774241,1
-1406197,774246,1
-1406197,774247,1
-1406197,774249,1
-1406197,774250,1
-1406197,774260,1
-1406197,774271,1
-1406197,774274,1
-1406197,774289,1
-1406197,774292,1
-1406197,774382,1
-1406197,774413,1
-1406197,774443,1
-1406196,771995,1
-1406196,773845,1
-1406196,773887,2
-1406196,773894,1
-1406196,773901,1
-1406196,773927,1
-1406196,773931,1
-1406196,773945,2
-1406196,774090,1
-1406196,774239,1
-1406196,774245,1
-1406196,774252,1
-1406196,774277,1
-1406196,774281,1
-1406196,774283,1
-1406196,774285,1
-1406196,774374,1
-1406196,774440,1
-1406195,771469,1
-1406195,771913,1
-1406195,772084,1
-1406195,772594,1
-1406195,773342,1
-1406195,773406,1
-1406195,773858,1
-1406195,773862,1
-1406195,773928,1
-1406195,774069,1
-1406195,774364,1
-1406195,774367,1
-1406195,774377,1
-1406195,774385,1
-1406195,774398,1
-1406195,774403,1
-1406195,774406,1
-1406194,771687,1
-1406194,771845,1
-1406194,772180,1
-1406194,773371,1
-1406194,773409,1
-1406194,773844,1
-1406194,773846,2
-1406194,773929,1
-1406194,773930,1
-1406194,773940,1
-1406194,773943,1
-1406194,774070,1
-1406194,774220,1
-1406194,774263,1
-1406194,774268,1
-1406194,774280,1
-1406194,774282,1
-1406194,774373,1
-1406194,774379,1
-1406194,774381,1
-1406194,774386,1
-1406194,774405,1
-1406194,774412,1
-1406194,774414,1
-1406194,774417,1
-1406194,774431,1
-1406194,774439,1
-1406193,769762,1
-1406193,770228,1
-1406193,771544,1
-1406193,771846,1
-1406193,773350,1
-1406193,773359,1
-1406193,773841,1
-1406193,774087,1
-1406193,774118,1
-1406193,774225,1
-1406193,774229,1
-1406193,774235,1
-1406193,774264,1
-1406193,774276,1
-1406193,774381,1
-1406193,774403,1
-1406193,774435,1
-1406193,774438,1
-1406192,771526,1
-1406192,771967,1
-1406192,771986,1
-1406192,772118,1
-1406192,772780,1
-1406192,773281,1
-1406192,773851,1
-1406192,773874,1
-1406192,773922,1
-1406192,773928,1
-1406192,773933,1
-1406192,774004,2
-1406192,774011,1
-1406192,774073,1
-1406192,774118,1
-1406192,774222,1
-1406192,774226,1
-1406192,774227,1
-1406192,774228,1
-1406192,774245,1
-1406192,774273,1
-1406192,774384,1
-1406192,774393,1
-1406192,774409,1
-1406192,774434,1
-1406192,774437,1
-1406191,769902,1
-1406191,770238,1
-1406191,771683,1
-1406191,772363,1
-1406191,772419,1
-1406191,774008,1
-1406191,774228,1
-1406191,774246,1
-1406191,774277,1
-1406191,774387,1
-1406191,774398,1
-1406191,774415,1
-1406191,774438,1
-1406191,774439,1
-1406191,774444,1
-1406190,771545,1
-1406190,772105,1
-1406190,773270,1
-1406190,773358,2
-1406190,773933,1
-1406190,773935,1
-1406190,773937,2
-1406190,774229,1
-1406190,774242,1
-1406190,774246,1
-1406190,774251,1
-1406190,774253,1
-1406190,774258,1
-1406190,774266,1
-1406190,774423,1
-1406189,771815,1
-1406189,771938,4
-1406189,771963,1
-1406189,772000,1
-1406189,772470,1
-1406189,773846,1
-1406189,773934,1
-1406189,774000,1
-1406189,774244,1
-1406189,774252,1
-1406189,774258,1
-1406189,774263,2
-1406189,774264,1
-1406189,774267,1
-1406189,774269,1
-1406189,774417,1
-1406189,774431,1
-1406189,774437,1
-1406189,774445,1
-1406188,771521,1
-1406188,772585,1
-1406188,773871,1
-1406188,773882,4
-1406188,773936,1
-1406188,773937,1
-1406188,774185,1
-1406188,774226,1
-1406188,774230,1
-1406188,774236,1
-1406188,774239,1
-1406188,774240,1
-1406188,774242,1
-1406188,774246,1
-1406188,774247,1
-1406188,774253,1
-1406188,774255,1
-1406188,774259,1
-1406188,774269,1
-1406188,774421,1
-1406188,774423,1
-1406188,774429,1
-1406188,774436,1
-1406188,774438,1
-1406188,774439,1
-1406187,771463,1
-1406187,771876,1
-1406187,772208,1
-1406187,772298,1
-1406187,772344,1
-1406187,772574,1
-1406187,773881,1
-1406187,774234,1
-1406187,774250,1
-1406187,774256,1
-1406187,774259,2
-1406187,774266,1
-1406187,774416,1
-1406187,774422,1
-1406187,774423,1
-1406187,774431,2
-1406187,774435,1
-1406187,774444,1
-1406186,769922,1
-1406186,769929,1
-1406186,771984,3
-1406186,772296,1
-1406186,772453,1
-1406186,772454,1
-1406186,772826,1
-1406186,773353,2
-1406186,773862,1
-1406186,773881,7
-1406186,773892,1
-1406186,773929,1
-1406186,773934,1
-1406186,773998,1
-1406186,773999,1
-1406186,774226,1
-1406186,774237,1
-1406186,774240,1
-1406186,774242,1
-1406186,774423,1
-1406186,774426,1
-1406186,774430,1
-1406186,774434,1
-1406186,774444,1
-1406185,771776,1
-1406185,771778,2
-1406185,771965,1
-1406185,771984,1
-1406185,773880,1
-1406185,773894,1
-1406185,773897,1
-1406185,773927,1
-1406185,773935,1
-1406185,774223,1
-1406185,774231,1
-1406185,774232,3
-1406185,774233,1
-1406185,774235,1
-1406185,774410,1
-1406185,774411,1
-1406185,774412,1
-1406185,774433,1
-1406184,771984,3
-1406184,772116,1
-1406184,772317,1
-1406184,772367,1
-1406184,773534,1
-1406184,773815,1
-1406184,773863,1
-1406184,773880,1
-1406184,773883,1
-1406184,773889,1
-1406184,773923,1
-1406184,773938,1
-1406184,774050,1
-1406184,774052,1
-1406184,774106,1
-1406184,774125,1
-1406184,774217,1
-1406184,774228,1
-1406184,774230,1
-1406184,774232,1
-1406184,774427,2
-1406184,774433,1
-1406183,771640,1
-1406183,771719,1
-1406183,771779,1
-1406183,772291,1
-1406183,773882,1
-1406183,773888,1
-1406183,773893,1
-1406183,773895,1
-1406183,773926,1
-1406183,773991,1
-1406183,773993,1
-1406183,773994,1
-1406183,773996,1
-1406183,774054,1
-1406183,774230,1
-1406183,774234,1
-1406183,774266,1
-1406183,774412,1
-1406183,774422,1
-1406183,774424,1
-1406183,774428,1
-1406183,774432,1
-1406183,774438,1
-1406183,774441,1
-1406182,770590,1
-1406182,771783,1
-1406182,771910,1
-1406182,773388,1
-1406182,773881,1
-1406182,773883,1
-1406182,773898,1
-1406182,773998,1
-1406182,774047,1
-1406182,774225,1
-1406182,774226,1
-1406182,774228,1
-1406182,774229,1
-1406182,774413,1
-1406182,774433,1
-1406181,769972,1
-1406181,771555,1
-1406181,771718,1
-1406181,771770,1
-1406181,772124,5
-1406181,774225,1
-1406181,774230,2
-1406181,774231,1
-1406181,774241,1
-1406181,774415,2
-1406181,774435,1
-1406181,774437,1
-1406180,769899,1
-1406180,769921,1
-1406180,770221,3
-1406180,773249,1
-1406180,773257,1
-1406180,773878,1
-1406180,773883,1
-1406180,773886,1
-1406180,773888,1
-1406180,773916,1
-1406180,774196,1
-1406180,774220,1
-1406180,774232,1
-1406180,774236,1
-1406180,774416,1
-1406179,771653,1
-1406179,772009,1
-1406179,772148,1
-1406179,772498,1
-1406179,773326,1
-1406179,773989,1
-1406179,774228,2
-1406179,774230,1
-1406179,774415,1
-1406179,774416,1
-1406179,774418,1
-1406178,770214,8
-1406178,771777,1
-1406178,773813,1
-1406178,773881,1
-1406178,773888,1
-1406178,773893,1
-1406178,773894,1
-1406178,774223,1
-1406178,774225,1
-1406178,774228,1
-1406178,774257,1
-1406178,774418,1
-1406178,774426,1
-1406178,774431,1
-1406177,769849,1
-1406177,771565,1
-1406177,771707,1
-1406177,771774,1
-1406177,772017,1
-1406177,773295,1
-1406177,773849,1
-1406177,773873,1
-1406177,773874,1
-1406177,773879,1
-1406177,773883,1
-1406177,773885,1
-1406177,773888,2
-1406177,773891,1
-1406177,773893,1
-1406177,773985,1
-1406177,773993,1
-1406177,774426,1
-1406177,774430,1
-1406176,771643,1
-1406176,772452,1
-1406176,773370,1
-1406176,773812,1
-1406176,773853,1
-1406176,773888,2
-1406176,773891,1
-1406176,773893,1
-1406176,773897,1
-1406176,774029,1
-1406176,774094,1
-1406176,774098,1
-1406176,774224,1
-1406176,774321,1
-1406176,774430,1
-1406175,771768,1
-1406175,771913,1
-1406175,773855,2
-1406175,773867,1
-1406175,773887,1
-1406175,773893,1
-1406175,773938,1
-1406175,774224,1
-1406175,774227,1
-1406175,774311,1
-1406175,774417,1
-1406175,774423,2
-1406175,774430,1
-1406175,774432,1
-1406174,773248,1
-1406174,773881,1
-1406174,774115,1
-1406174,774211,1
-1406174,774228,1
-1406174,774309,1
-1406174,774316,1
-1406174,774426,1
-1406173,771627,1
-1406173,771781,1
-1406173,771796,1
-1406173,773823,1
-1406173,773853,1
-1406173,773890,1
-1406173,773942,1
-1406173,774086,1
-1406173,774210,1
-1406173,774228,1
-1406173,774288,1
-1406173,774306,1
-1406172,771924,1
-1406172,773796,1
-1406172,773886,1
-1406172,773890,2
-1406172,773891,1
-1406172,774059,1
-1406172,774202,1
-1406172,774216,1
-1406172,774314,1
-1406172,774420,1
-1406171,771814,1
-1406171,773803,1
-1406171,773807,1
-1406171,773886,1
-1406171,773887,1
-1406171,773888,2
-1406171,773891,14
-1406171,773892,1
-1406171,773974,1
-1406171,774046,1
-1406171,774101,1
-1406171,774103,1
-1406171,774229,1
-1406171,774232,1
-1406171,774234,1
-1406171,774235,2
-1406171,774238,1
-1406171,774240,1
-1406171,774305,1
-1406171,774422,1
-1406170,770901,1
-1406170,771953,2
-1406170,771982,1
-1406170,773804,1
-1406170,773869,1
-1406170,773888,1
-1406170,773889,1
-1406170,773891,1
-1406170,773892,20
-1406170,773899,1
-1406170,773914,1
-1406170,773915,1
-1406170,774023,1
-1406170,774046,1
-1406170,774206,1
-1406170,774217,1
-1406170,774231,1
-1406170,774234,1
-1406170,774236,1
-1406170,774237,1
-1406170,774238,1
-1406170,774241,1
-1406170,774313,1
-1406170,774419,1
-1406169,769911,1
-1406169,770217,3
-1406169,771658,1
-1406169,771773,1
-1406169,771913,1
-1406169,771969,1
-1406169,772258,1
-1406169,772338,1
-1406169,772365,2
-1406169,772369,1
-1406169,772520,1
-1406169,773883,1
-1406169,773890,1
-1406169,773912,1
-1406169,773974,1
-1406169,774164,1
-1406169,774227,1
-1406169,774240,1
-1406169,774245,1
-1406169,774299,1
-1406169,774312,1
-1406168,771774,1
-1406168,771974,1
-1406168,772089,1
-1406168,772327,1
-1406168,772349,1
-1406168,772375,1
-1406168,773827,1
-1406168,773867,1
-1406168,773890,1
-1406168,774201,1
-1406168,774207,1
-1406168,774308,1
-1406168,774310,1
-1406168,774311,1
-1406168,774418,1
-1406168,774421,1
-1406167,771739,1
-1406167,771775,1
-1406167,771962,1
-1406167,771970,1
-1406167,773456,1
-1406167,773890,2
-1406167,773899,1
-1406167,773965,1
-1406167,773974,1
-1406167,774222,1
-1406167,774309,1
-1406167,774310,1
-1406167,774311,1
-1406167,774313,1
-1406166,771907,1
-1406166,772098,1
-1406166,773889,1
-1406166,773890,1
-1406166,773945,1
-1406166,774194,1
-1406166,774309,1
-1406166,774311,1
-1406166,774312,1
-1406166,774396,1
-1406165,771766,1
-1406165,771767,1
-1406165,771998,1
-1406165,772267,1
-1406165,773453,1
-1406165,773909,1
-1406165,773977,1
-1406165,774098,1
-1406165,774202,1
-1406165,774212,1
-1406165,774216,1
-1406165,774219,1
-1406165,774224,1
-1406165,774252,1
-1406165,774255,1
-1406165,774305,1
-1406164,771793,1
-1406164,771850,1
-1406164,772093,1
-1406164,772453,1
-1406164,773178,1
-1406164,773867,1
-1406164,773897,1
-1406164,773907,2
-1406164,774053,1
-1406164,774193,1
-1406164,774259,1
-1406163,771573,1
-1406163,772485,1
-1406163,772535,1
-1406163,773891,1
-1406163,774229,1
-1406163,774230,1
-1406163,774312,1
-1406163,774314,1
-1406162,771658,1
-1406162,772373,1
-1406162,772419,1
-1406162,772451,1
-1406162,773345,1
-1406162,773898,2
-1406162,773907,1
-1406162,773962,1
-1406162,774046,1
-1406162,774050,1
-1406162,774059,1
-1406162,774204,1
-1406162,774217,1
-1406162,774257,1
-1406162,774309,1
-1406162,774407,1
-1406161,771764,1
-1406161,771959,1
-1406161,772142,1
-1406161,772338,1
-1406161,773895,1
-1406161,773897,2
-1406161,773898,1
-1406161,773962,1
-1406161,774216,1
-1406161,774252,1
-1406161,774312,1
-1406161,774319,1
-1406161,774337,1
-1406160,772143,1
-1406160,773900,1
-1406160,773903,1
-1406160,773904,1
-1406160,773945,1
-1406160,774056,1
-1406160,774180,8
-1406160,774203,1
-1406160,774210,1
-1406160,774211,1
-1406160,774215,1
-1406160,774308,1
-1406160,774312,1
-1406159,771808,1
-1406159,772569,1
-1406159,773899,1
-1406159,773904,1
-1406159,773998,1
-1406159,774050,1
-1406159,774184,1
-1406159,774194,1
-1406159,774211,1
-1406159,774331,1
-1406158,771687,1
-1406158,771705,1
-1406158,772493,1
-1406158,772564,1
-1406158,773891,1
-1406158,774054,1
-1406158,774201,1
-1406158,774209,1
-1406158,774210,1
-1406158,774212,1
-1406158,774213,1
-1406158,774214,1
-1406158,774303,1
-1406157,771772,1
-1406157,772234,2
-1406157,772519,2
-1406157,773903,1
-1406157,774001,1
-1406157,774196,1
-1406157,774208,1
-1406157,774248,1
-1406157,774279,1
-1406156,771647,1
-1406156,771963,1
-1406156,772234,3
-1406156,772516,1
-1406156,773235,1
-1406156,774039,1
-1406156,774052,1
-1406156,774053,1
-1406156,774059,1
-1406156,774194,1
-1406156,774207,1
-1406156,774236,1
-1406156,774251,1
-1406156,774253,1
-1406155,770305,1
-1406155,772512,1
-1406155,773811,1
-1406155,774212,1
-1406155,774255,1
-1406155,774414,1
-1406154,772189,1
-1406154,772413,1
-1406154,772570,1
-1406154,773880,1
-1406154,774179,1
-1406154,774187,1
-1406153,769910,1
-1406153,771611,1
-1406153,771847,1
-1406153,771907,1
-1406153,771954,2
-1406153,772460,1
-1406153,772570,1
-1406153,773417,1
-1406153,774200,1
-1406153,774235,1
-1406153,774262,1
-1406153,774424,1
-1406152,771573,1
-1406152,771678,1
-1406152,771811,1
-1406152,772015,1
-1406152,772233,1
-1406152,773419,1
-1406152,773603,1
-1406152,774025,1
-1406152,774191,1
-1406152,774250,1
-1406151,771461,1
-1406151,771676,1
-1406151,771964,3
-1406151,772256,1
-1406151,773420,1
-1406151,774195,1
-1406151,774199,1
-1406150,774041,1
-1406150,774181,1
-1406150,774254,1
-1406149,772388,1
-1406149,773826,1
-1406149,773884,1
-1406149,774178,1
-1406149,774188,1
-1406149,774194,1
-1406149,774198,1
-1406148,771572,1
-1406148,771719,1
-1406148,771904,1
-1406148,772142,1
-1406148,772466,1
-1406148,774061,1
-1406148,774128,1
-1406148,774188,1
-1406148,774202,1
-1406147,771460,1
-1406147,772937,1
-1406147,773820,1
-1406147,774059,1
-1406147,774173,1
-1406147,774177,1
-1406147,774186,1
-1406146,772187,1
-1406146,772458,1
-1406146,772522,1
-1406146,772568,1
-1406146,774033,1
-1406146,774190,1
-1406145,772932,1
-1406145,773820,1
-1406145,773822,1
-1406145,774069,1
-1406145,774172,1
-1406145,774192,1
-1406144,771277,1
-1406144,771501,1
-1406144,771627,1
-1406144,771651,1
-1406144,772023,1
-1406144,773427,1
-1406144,773820,1
-1406144,774035,1
-1406144,774066,1
-1406144,774182,1
-1406143,771578,1
-1406143,771617,1
-1406143,771852,1
-1406143,772185,1
-1406143,772319,1
-1406143,772400,1
-1406143,772508,1
-1406143,772519,1
-1406143,772550,1
-1406143,772564,1
-1406143,773325,1
-1406143,773930,1
-1406143,774181,1
-1406142,771456,1
-1406142,771778,1
-1406142,771805,1
-1406142,771896,1
-1406142,772060,1
-1406142,772161,1
-1406142,772170,1
-1406142,772250,1
-1406142,772300,1
-1406142,772411,1
-1406142,772424,1
-1406142,772480,1
-1406142,772573,1
-1406142,772774,1
-1406142,773420,1
-1406142,773421,1
-1406142,773426,1
-1406142,773427,1
-1406142,773815,1
-1406142,774060,1
-1406141,771487,1
-1406141,771612,1
-1406141,771968,1
-1406141,771991,1
-1406141,772136,1
-1406141,772150,1
-1406141,772292,1
-1406141,772468,1
-1406141,772470,1
-1406141,772471,1
-1406141,772472,1
-1406141,772477,1
-1406141,772571,1
-1406141,772575,1
-1406141,772655,1
-1406141,773902,1
-1406141,773936,1
-1406141,773943,1
-1406141,774038,1
-1406141,774175,1
-1406141,774186,1
-1406141,774358,1
-1406140,771623,1
-1406140,771847,1
-1406140,772098,1
-1406140,772115,1
-1406140,772190,1
-1406140,772194,1
-1406140,772327,1
-1406140,772385,1
-1406140,772540,1
-1406140,772552,1
-1406140,772554,1
-1406140,772570,1
-1406140,772579,1
-1406140,772586,1
-1406140,772756,1
-1406140,774057,1
-1406140,774068,1
-1406140,774174,1
-1406140,774410,1
-1406139,771569,1
-1406139,771627,1
-1406139,771962,1
-1406139,772307,1
-1406139,772308,1
-1406139,772385,1
-1406139,772429,1
-1406139,772477,1
-1406139,772519,1
-1406139,772522,1
-1406139,772537,1
-1406139,772552,1
-1406139,772592,1
-1406139,772593,1
-1406139,773042,1
-1406139,773924,1
-1406139,773927,1
-1406139,773943,1
-1406139,774176,1
-1406139,774183,1
-1406139,774186,1
-1406139,774323,2
-1406138,771687,1
-1406138,772205,1
-1406138,772286,1
-1406138,772310,1
-1406138,772428,1
-1406138,772479,1
-1406138,772495,1
-1406138,772573,1
-1406138,772576,1
-1406138,772930,1
-1406138,773020,1
-1406138,773322,1
-1406138,773862,1
-1406138,773882,1
-1406138,773933,1
-1406138,774130,1
-1406138,774158,1
-1406138,774170,1
-1406138,774324,1
-1406137,771467,1
-1406137,771711,1
-1406137,771714,1
-1406137,771717,1
-1406137,772308,1
-1406137,772309,1
-1406137,772493,1
-1406137,772586,1
-1406137,772591,1
-1406137,773009,1
-1406137,773884,1
-1406137,774151,1
-1406137,774170,1
-1406137,774262,1
-1406137,774330,1
-1406136,770912,1
-1406136,771694,1
-1406136,771718,1
-1406136,772309,1
-1406136,772587,1
-1406136,772588,1
-1406136,772589,2
-1406136,772590,1
-1406136,773879,1
-1406136,773885,1
-1406136,773923,1
-1406136,774183,1
-1406136,774259,1
-1406136,774326,1
-1406135,771584,1
-1406135,771633,1
-1406135,771679,1
-1406135,771715,1
-1406135,772587,1
-1406135,772588,3
-1406135,772590,2
-1406135,773929,1
-1406135,774178,1
-1406135,774251,1
-1406135,774325,1
-1406134,771466,1
-1406134,771469,1
-1406134,771715,1
-1406134,772008,2
-1406134,772195,1
-1406134,772307,1
-1406134,772442,1
-1406134,772457,1
-1406134,772458,1
-1406134,772478,2
-1406134,772504,1
-1406134,772582,1
-1406134,772583,1
-1406134,772585,2
-1406134,772586,1
-1406134,772590,1
-1406134,772591,1
-1406134,772592,1
-1406134,772593,1
-1406134,772604,1
-1406134,774093,1
-1406134,774259,1
-1406134,774263,1
-1406133,770924,1
-1406133,771463,1
-1406133,772139,1
-1406133,772153,1
-1406133,773017,1
-1406133,773932,1
-1406133,773933,1
-1406133,774181,1
-1406133,774260,1
-1406132,769733,1
-1406132,771460,1
-1406132,771622,1
-1406132,772437,1
-1406132,772451,1
-1406132,772455,1
-1406132,772456,2
-1406132,772586,2
-1406132,772591,1
-1406132,773129,2
-1406132,773298,1
-1406132,773436,1
-1406132,774163,1
-1406132,774175,1
-1406131,771466,1
-1406131,771571,1
-1406131,772585,2
-1406131,772708,1
-1406131,772709,1
-1406131,773060,2
-1406131,773918,1
-1406131,774057,1
-1406130,771766,1
-1406130,772290,1
-1406130,772445,1
-1406130,772587,1
-1406130,774055,2
-1406130,774167,1
-1406130,774237,1
-1406130,774310,1
-1406129,771589,1
-1406129,772291,1
-1406129,772590,1
-1406129,772900,1
-1406129,774140,1
-1406129,774172,1
-1406129,774179,1
-1406128,771571,1
-1406128,771587,1
-1406128,771840,1
-1406128,772285,1
-1406128,772291,2
-1406128,772292,1
-1406128,772310,1
-1406128,772454,1
-1406128,772475,1
-1406128,772582,1
-1406128,772588,1
-1406128,772592,1
-1406128,773007,1
-1406128,773908,1
-1406128,773923,1
-1406128,774044,1
-1406128,774135,1
-1406127,770079,1
-1406127,771585,4
-1406127,771841,1
-1406127,772272,1
-1406127,772288,1
-1406127,772289,1
-1406127,772290,2
-1406127,772292,2
-1406127,772470,1
-1406127,772587,1
-1406127,772597,1
-1406127,772846,1
-1406127,773936,2
-1406127,773991,1
-1406127,774052,1
-1406127,774056,1
-1406127,774166,1
-1406126,771940,1
-1406126,772285,1
-1406126,772755,1
-1406126,773922,2
-1406126,774163,1
-1406126,774173,1
-1406125,771566,1
-1406125,772271,1
-1406125,772272,1
-1406125,772287,1
-1406125,772378,1
-1406125,772479,1
-1406125,772948,1
-1406125,773200,1
-1406125,774002,1
-1406125,774056,1
-1406125,774148,1
-1406125,774290,1
-1406124,771558,1
-1406124,772039,1
-1406124,772237,1
-1406124,772498,1
-1406124,772589,1
-1406124,773712,1
-1406124,773857,1
-1406124,774382,1
-1406124,774432,1
-1406123,771707,1
-1406123,772104,1
-1406123,772496,1
-1406123,772506,1
-1406123,772583,1
-1406123,773709,1
-1406123,773908,1
-1406123,773928,1
-1406123,774385,1
-1406122,771573,1
-1406122,771708,1
-1406122,771789,1
-1406122,772291,1
-1406122,773310,1
-1406122,774167,1
-1406122,774401,1
-1406121,770298,1
-1406121,771832,1
-1406121,774082,1
-1406121,774148,1
-1406121,774164,1
-1406121,774170,1
-1406120,771590,1
-1406120,772362,1
-1406120,772476,1
-1406120,772859,1
-1406120,773921,1
-1406120,773932,1
-1406120,773958,1
-1406120,773994,1
-1406120,774014,1
-1406120,774172,1
-1406120,774177,1
-1406119,771558,1
-1406119,771731,1
-1406119,772134,1
-1406119,772135,1
-1406119,772137,1
-1406119,772143,1
-1406119,772483,1
-1406119,772487,1
-1406119,772588,1
-1406119,772631,1
-1406119,772992,1
-1406119,773955,1
-1406119,774160,1
-1406119,774162,1
-1406119,774170,1
-1406118,769859,1
-1406118,772144,1
-1406118,772586,1
-1406118,774000,1
-1406118,774030,1
-1406118,774149,1
-1406118,774170,1
-1406118,774308,1
-1406117,771579,1
-1406117,772598,1
-1406117,772881,1
-1406117,772919,1
-1406117,772970,4
-1406117,774173,1
-1406116,771649,1
-1406116,772131,1
-1406116,772208,1
-1406116,772495,1
-1406116,772945,1
-1406116,773903,1
-1406115,771620,1
-1406115,771997,1
-1406115,772236,1
-1406115,772630,1
-1406115,773029,1
-1406115,774171,1
-1406114,770974,1
-1406114,771561,1
-1406114,771575,1
-1406114,772142,1
-1406114,772252,1
-1406114,772324,1
-1406114,772360,1
-1406114,772568,1
-1406114,773847,1
-1406114,773995,1
-1406114,774154,1
-1406114,774163,1
-1406113,771561,1
-1406113,771604,1
-1406113,771950,1
-1406113,772167,1
-1406113,772583,2
-1406113,772995,1
-1406113,773434,1
-1406113,773996,1
-1406113,774163,1
-1406113,774166,1
-1406113,774169,1
-1406113,774170,1
-1406112,771612,1
-1406112,771661,1
-1406112,771716,1
-1406112,771823,1
-1406112,771834,1
-1406112,772115,1
-1406112,772274,1
-1406112,772311,1
-1406112,772830,1
-1406112,774165,1
-1406112,774167,2
-1406112,774169,1
-1406112,774382,1
-1406111,771561,1
-1406111,772179,1
-1406111,772389,1
-1406111,772574,1
-1406111,772579,1
-1406111,772874,1
-1406111,773878,1
-1406111,773961,1
-1406111,774164,1
-1406111,774391,1
-1406111,774400,1
-1406110,771710,1
-1406110,771808,1
-1406110,772270,1
-1406110,772562,1
-1406110,772583,1
-1406110,773345,1
-1406110,774151,1
-1406110,774169,1
-1406110,774172,1
-1406110,774397,1
-1406109,771654,1
-1406109,771656,1
-1406109,771722,1
-1406109,772198,2
-1406109,772269,1
-1406109,772423,2
-1406109,772432,2
-1406109,772981,1
-1406109,774166,1
-1406108,771484,1
-1406108,771723,1
-1406108,771764,1
-1406108,771847,1
-1406108,772031,1
-1406108,772563,1
-1406108,772881,1
-1406108,772887,1
-1406108,772981,1
-1406108,772984,1
-1406108,773869,1
-1406108,773993,1
-1406108,774153,1
-1406107,771792,1
-1406107,773280,1
-1406107,773856,1
-1406107,773857,1
-1406106,770629,1
-1406106,771804,1
-1406106,772988,3
-1406106,773016,1
-1406106,773920,1
-1406106,774163,1
-1406106,774171,1
-1406106,774290,1
-1406106,774363,1
-1406105,770188,1
-1406105,771767,1
-1406105,772066,1
-1406105,772181,1
-1406105,772635,1
-1406105,773653,1
-1406105,773987,8
-1406105,774163,1
-1406105,774173,1
-1406105,774175,1
-1406105,774393,1
-1406104,773140,1
-1406104,773651,1
-1406104,774014,1
-1406104,774168,1
-1406104,774178,1
-1406103,770202,1
-1406103,771700,1
-1406103,771969,1
-1406103,772062,1
-1406103,772204,12
-1406103,773271,1
-1406103,773865,1
-1406103,774148,1
-1406102,772548,1
-1406102,773968,1
-1406102,774171,1
-1406102,774430,1
-1406102,774435,1
-1406101,772880,1
-1406101,774147,1
-1406101,774246,1
-1406101,774367,1
-1406101,774370,3
-1406100,772396,1
-1406100,772989,1
-1406100,773498,1
-1406100,774020,1
-1406100,774211,1
-1406099,771310,1
-1406099,771585,1
-1406099,771697,1
-1406099,771819,1
-1406099,772142,1
-1406099,773113,1
-1406099,774152,1
-1406099,774163,1
-1406099,774173,1
-1406099,774209,1
-1406098,771710,1
-1406098,772082,1
-1406098,774151,1
-1406098,774170,1
-1406098,774240,1
-1406098,774367,2
-1406098,774373,1
-1406097,771571,1
-1406097,771923,1
-1406097,772400,1
-1406097,773249,1
-1406096,771570,1
-1406096,771953,1
-1406096,772208,1
-1406096,774146,1
-1406096,774147,1
-1406096,774150,2
-1406096,774171,1
-1406096,774354,1
-1406096,774362,5
-1406095,771704,1
-1406095,771952,1
-1406095,772072,1
-1406095,772302,1
-1406095,773424,1
-1406095,773965,1
-1406095,774373,1
-1406094,771715,1
-1406094,771876,1
-1406094,772109,1
-1406094,773175,1
-1406094,773474,1
-1406094,774143,1
-1406094,774151,1
-1406094,774300,3
-1406094,774372,1
-1406094,774406,1
-1406093,771807,1
-1406093,772053,1
-1406093,772114,1
-1406093,772361,1
-1406093,773964,1
-1406093,774016,1
-1406093,774017,1
-1406093,774163,2
-1406092,771675,1
-1406092,771679,1
-1406092,772409,1
-1406092,773438,1
-1406092,774019,1
-1406092,774134,1
-1406092,774273,1
-1406091,771485,1
-1406091,772411,1
-1406091,772864,1
-1406091,773429,1
-1406091,773966,1
-1406091,773970,1
-1406090,771481,1
-1406090,771567,1
-1406090,772065,1
-1406090,772234,1
-1406090,774018,1
-1406090,774025,1
-1406090,774140,1
-1406090,774152,1
-1406089,772055,1
-1406089,772881,1
-1406089,773019,1
-1406089,774017,1
-1406089,774019,1
-1406089,774023,1
-1406089,774134,1
-1406088,771765,1
-1406088,772873,1
-1406088,773133,1
-1406088,773428,7
-1406088,773872,2
-1406088,773934,1
-1406088,774019,1
-1406088,774092,1
-1406088,774140,1
-1406087,771809,1
-1406087,773988,1
-1406087,774137,1
-1406087,774138,1
-1406087,774151,1
-1406087,774272,1
-1406087,774289,4
-1406086,773968,1
-1406086,774016,1
-1406086,774020,1
-1406086,774160,1
-1406086,774325,1
-1406086,774370,1
-1406086,774422,1
-1406085,771553,1
-1406085,771759,1
-1406085,771835,1
-1406085,771872,1
-1406085,774134,1
-1406085,774159,1
-1406085,774292,1
-1406085,774324,1
-1406085,774365,1
-1406085,774367,2
-1406085,774369,1
-1406084,771478,1
-1406084,771634,1
-1406084,772043,1
-1406084,772179,1
-1406084,772883,1
-1406084,773570,1
-1406084,774133,1
-1406084,774366,1
-1406084,774400,1
-1406084,774411,1
-1406084,774415,1
-1406084,774421,1
-1406084,774422,1
-1406084,774434,1
-1406083,771795,1
-1406083,772085,1
-1406083,772416,1
-1406083,772856,1
-1406083,774026,1
-1406083,774280,1
-1406083,774323,1
-1406083,774339,1
-1406083,774358,1
-1406083,774361,1
-1406083,774403,1
-1406083,774416,1
-1406083,774424,2
-1406083,774428,1
-1406082,772129,1
-1406082,772424,1
-1406082,773964,1
-1406082,774128,1
-1406082,774393,1
-1406082,774396,1
-1406082,774408,1
-1406082,774415,1
-1406082,774420,2
-1406082,774431,2
-1406082,774435,1
-1406082,774438,1
-1406081,771474,1
-1406081,772381,1
-1406081,772421,1
-1406081,772861,1
-1406081,773156,1
-1406081,773175,1
-1406081,773952,1
-1406081,773957,1
-1406081,773962,1
-1406081,773965,1
-1406081,774130,1
-1406081,774322,1
-1406081,774384,1
-1406081,774399,1
-1406081,774400,1
-1406081,774414,1
-1406081,774416,1
-1406081,774446,1
-1406080,772030,1
-1406080,772842,1
-1406080,772876,1
-1406080,774311,1
-1406080,774358,1
-1406080,774385,1
-1406080,774392,1
-1406080,774394,1
-1406080,774402,4
-1406080,774434,1
-1406080,774435,1
-1406079,771352,1
-1406079,771440,1
-1406079,771480,1
-1406079,771867,1
-1406079,771883,1
-1406079,772852,1
-1406079,772868,1
-1406079,773069,3
-1406079,774127,1
-1406079,774130,1
-1406079,774136,1
-1406079,774137,1
-1406079,774277,1
-1406079,774384,2
-1406079,774388,1
-1406079,774390,1
-1406079,774393,1
-1406079,774399,1
-1406079,774403,2
-1406079,774407,1
-1406079,774411,1
-1406079,774415,1
-1406079,774423,1
-1406078,771923,1
-1406078,772083,1
-1406078,773027,1
-1406078,773557,1
-1406078,774127,1
-1406078,774274,1
-1406078,774279,1
-1406078,774353,1
-1406078,774360,1
-1406078,774386,1
-1406078,774387,1
-1406078,774388,1
-1406078,774398,1
-1406078,774402,1
-1406078,774403,1
-1406078,774404,1
-1406078,774408,1
-1406078,774417,1
-1406077,771423,14
-1406077,771901,1
-1406077,772423,1
-1406077,772854,1
-1406077,774111,1
-1406077,774141,1
-1406077,774321,1
-1406077,774381,1
-1406077,774389,1
-1406077,774391,1
-1406077,774396,3
-1406077,774398,1
-1406077,774402,1
-1406077,774403,1
-1406077,774406,1
-1406077,774411,1
-1406077,774417,1
-1406077,774439,1
-1406076,771677,1
-1406076,771762,1
-1406076,772196,1
-1406076,772460,4
-1406076,772654,1
-1406076,773176,1
-1406076,774006,1
-1406076,774120,1
-1406076,774121,1
-1406076,774127,1
-1406076,774365,1
-1406076,774387,1
-1406076,774389,1
-1406076,774404,1
-1406076,774406,1
-1406075,771423,1
-1406075,771473,4
-1406075,771749,1
-1406075,771773,1
-1406075,771775,1
-1406075,771804,1
-1406075,771838,1
-1406075,771907,1
-1406075,772065,1
-1406075,772633,1
-1406075,773196,1
-1406075,774134,1
-1406075,774317,1
-1406075,774385,1
-1406075,774387,1
-1406075,774407,1
-1406075,774410,1
-1406075,774415,1
-1406074,771463,1
-1406074,771474,1
-1406074,771782,1
-1406074,771889,1
-1406074,772163,1
-1406074,772428,1
-1406074,774136,1
-1406074,774337,1
-1406074,774368,1
-1406074,774373,1
-1406074,774375,1
-1406074,774381,1
-1406074,774384,1
-1406074,774407,1
-1406074,774411,1
-1406073,772842,1
-1406073,772852,1
-1406073,773251,1
-1406073,774317,1
-1406073,774390,2
-1406073,774401,2
-1406073,774404,1
-1406072,771366,1
-1406072,771445,2
-1406072,771789,1
-1406072,771868,1
-1406072,772233,1
-1406072,774114,1
-1406072,774362,1
-1406072,774370,1
-1406071,772144,1
-1406071,772178,1
-1406071,772685,1
-1406071,772848,1
-1406071,773058,1
-1406071,774357,2
-1406070,771811,1
-1406070,774112,1
-1406070,774350,5
-1406070,774364,1
-1406069,772844,1
-1406069,772919,1
-1406069,773555,1
-1406069,774107,1
-1406069,774124,1
-1406069,774125,1
-1406069,774127,1
-1406069,774343,1
-1406069,774353,1
-1406069,774355,3
-1406069,774364,1
-1406069,774379,1
-1406069,774382,1
-1406069,774430,1
-1406068,771562,1
-1406068,771813,1
-1406068,772845,1
-1406068,772846,1
-1406068,773125,1
-1406068,773927,1
-1406068,774048,1
-1406068,774139,1
-1406068,774329,1
-1406068,774361,1
-1406068,774377,1
-1406067,772293,2
-1406067,772651,1
-1406067,774122,1
-1406067,774126,1
-1406067,774351,1
-1406067,774352,1
-1406067,774357,1
-1406067,774363,1
-1406066,771639,1
-1406066,771858,1
-1406066,771914,1
-1406066,774037,1
-1406066,774115,2
-1406066,774117,1
-1406066,774301,1
-1406066,774302,1
-1406066,774328,1
-1406065,773430,1
-1406065,774097,1
-1406065,774290,1
-1406065,774297,1
-1406065,774342,60
-1406065,774367,1
-1406064,771545,1
-1406064,773418,1
-1406064,773438,1
-1406064,773932,1
-1406064,774112,1
-1406064,774115,1
-1406064,774290,1
-1406064,774337,1
-1406064,774353,1
-1406064,774411,1
-1406063,771796,1
-1406063,771846,1
-1406063,772143,1
-1406063,773921,1
-1406063,774146,1
-1406063,774148,1
-1406063,774302,1
-1406063,774321,1
-1406063,774344,1
-1406063,774345,1
-1406062,771472,1
-1406062,772235,1
-1406062,772861,1
-1406062,774305,1
-1406061,771556,1
-1406061,772238,1
-1406061,773453,1
-1406061,773494,1
-1406061,774114,1
-1406061,774281,1
-1406061,774335,1
-1406061,774338,1
-1406061,774378,1
-1406060,772146,1
-1406060,772411,1
-1406060,774284,1
-1406060,774317,1
-1406059,771483,1
-1406059,772236,1
-1406059,773436,1
-1406059,774101,1
-1406059,774109,1
-1406059,774297,1
-1406059,774304,1
-1406059,774312,1
-1406059,774338,1
-1406059,774345,1
-1406059,774349,1
-1406059,774352,1
-1406058,771467,1
-1406058,773500,2
-1406058,774101,1
-1406058,774109,1
-1406058,774190,1
-1406058,774291,1
-1406058,774299,1
-1406057,772400,1
-1406057,774107,1
-1406057,774111,1
-1406057,774300,1
-1406057,774308,1
-1406057,774317,1
-1406057,774318,1
-1406057,774337,1
-1406057,774355,1
-1406056,772390,1
-1406056,772392,1
-1406056,773500,1
-1406056,773923,1
-1406056,774105,1
-1406056,774107,2
-1406056,774115,1
-1406056,774160,1
-1406056,774284,1
-1406056,774307,1
-1406056,774336,1
-1406055,773173,1
-1406055,773174,1
-1406055,774105,1
-1406055,774296,1
-1406055,774303,1
-1406055,774348,1
-1406054,772106,1
-1406054,772223,1
-1406054,773102,1
-1406054,774105,1
-1406053,771467,1
-1406053,772232,1
-1406053,772674,1
-1406053,773011,1
-1406053,773496,1
-1406053,774138,1
-1406053,774284,1
-1406053,774293,1
-1406053,774300,1
-1406052,772966,1
-1406052,773173,2
-1406052,773508,1
-1406052,774107,1
-1406052,774291,1
-1406051,771470,1
-1406051,771687,1
-1406051,771898,1
-1406051,771962,1
-1406051,772234,1
-1406051,772402,1
-1406051,773508,1
-1406051,774112,1
-1406050,771407,1
-1406050,771443,1
-1406050,771470,2
-1406050,772194,1
-1406050,772411,1
-1406050,772471,1
-1406050,773206,1
-1406050,774103,1
-1406050,774106,1
-1406050,774280,1
-1406049,771466,1
-1406049,771965,1
-1406049,772428,1
-1406049,774280,1
-1406048,772408,1
-1406048,772415,1
-1406048,773944,1
-1406048,773979,1
-1406047,771475,1
-1406047,771484,1
-1406047,771744,1
-1406047,772413,1
-1406047,772417,1
-1406047,773100,1
-1406047,774105,1
-1406047,774285,1
-1406046,772425,1
-1406046,772814,1
-1406046,772942,1
-1406046,773195,1
-1406046,774105,1
-1406046,774296,1
-1406045,772211,1
-1406045,772293,1
-1406045,772417,1
-1406045,773438,1
-1406045,773565,1
-1406045,774060,1
-1406045,774278,1
-1406045,774289,1
-1406045,774312,1
-1406044,773176,1
-1406044,773567,1
-1406044,774068,1
-1406043,773320,1
-1406043,774047,1
-1406043,774059,1
-1406043,774272,1
-1406043,774433,1
-1406042,771938,1
-1406042,772417,1
-1406042,774036,1
-1406041,771474,1
-1406041,771540,1
-1406041,771964,1
-1406041,772697,1
-1406041,774281,1
-1406041,774286,1
-1406040,771677,1
-1406040,772183,1
-1406040,772700,1
-1406040,774285,1
-1406039,771821,1
-1406039,771849,1
-1406039,772119,1
-1406039,772248,1
-1406039,774041,1
-1406039,774166,1
-1406038,772234,1
-1406038,772411,1
-1406038,772696,1
-1406038,773007,1
-1406038,773024,1
-1406038,774100,1
-1406038,774139,3
-1406038,774140,2
-1406037,771422,1
-1406037,771823,1
-1406037,771841,1
-1406037,771965,1
-1406037,774100,1
-1406037,774284,2
-1406036,772081,1
-1406036,772424,1
-1406036,774277,1
-1406036,774284,1
-1406036,774424,1
-1406035,771458,1
-1406035,771463,1
-1406035,772292,1
-1406035,774281,1
-1406035,774284,2
-1406034,771808,1
-1406034,771851,1
-1406034,771889,1
-1406034,771892,1
-1406034,771983,1
-1406034,774279,1
-1406034,774281,1
-1406033,771545,1
-1406033,771676,1
-1406033,772146,1
-1406033,772154,1
-1406033,772399,1
-1406033,772400,1
-1406033,772881,1
-1406033,772933,1
-1406033,772938,1
-1406033,773006,1
-1406032,771752,1
-1406032,771925,1
-1406032,772104,1
-1406032,772398,1
-1406032,772726,1
-1406032,773013,1
-1406032,773204,1
-1406032,774274,1
-1406032,774281,1
-1406031,771573,1
-1406031,771934,1
-1406031,772253,1
-1406031,773886,1
-1406031,774280,1
-1406030,771083,1
-1406030,772235,1
-1406030,772693,1
-1406030,774099,1
-1406030,774272,1
-1406030,774279,1
-1406030,774280,3
-1406029,771368,1
-1406029,771766,1
-1406029,771846,1
-1406029,772700,1
-1406029,772895,1
-1406029,774097,1
-1406029,774099,1
-1406029,774264,1
-1406028,771568,1
-1406028,773889,1
-1406027,771552,1
-1406027,771675,1
-1406027,772402,1
-1406027,772687,1
-1406027,772895,1
-1406027,773872,1
-1406027,774152,1
-1406026,771612,1
-1406026,771848,1
-1406026,773022,1
-1406026,773027,1
-1406026,773873,1
-1406026,774095,1
-1406026,774278,1
-1406025,771459,11
-1406025,771683,1
-1406025,771926,1
-1406025,772393,1
-1406025,773004,1
-1406025,774088,1
-1406025,774275,1
-1406024,772795,2
-1406024,774269,1
-1406023,771458,1
-1406023,771461,1
-1406023,771795,1
-1406023,773160,1
-1406023,773385,1
-1406023,774094,1
-1406023,774097,1
-1406022,772384,1
-1406022,772678,1
-1406022,774091,1
-1406022,774222,1
-1406021,771538,1
-1406021,771989,1
-1406021,772850,1
-1406021,774047,1
-1406021,774071,1
-1406021,774084,2
-1406021,774091,1
-1406021,774137,1
-1406021,774216,1
-1406020,769879,1
-1406020,772234,1
-1406020,772238,1
-1406020,772286,1
-1406020,772392,1
-1406020,773388,4
-1406020,774268,1
-1406020,774274,1
-1406019,771988,1
-1406019,774092,1
-1406018,769826,1
-1406018,771540,1
-1406018,771979,1
-1406018,772407,2
-1406018,773194,1
-1406018,773874,1
-1406018,774054,1
-1406017,771538,1
-1406017,772295,1
-1406017,773875,1
-1406017,774090,1
-1406017,774094,1
-1406017,774220,1
-1406017,774224,1
-1406017,774227,1
-1406017,774236,1
-1406016,771538,1
-1406016,771603,1
-1406016,774090,1
-1406016,774091,1
-1406016,774219,1
-1406016,774223,4
-1406016,774225,1
-1406016,774226,1
-1406016,774227,2
-1406016,774265,1
-1406015,771542,1
-1406015,772143,1
-1406015,773875,1
-1406015,774095,1
-1406015,774098,1
-1406015,774223,2
-1406015,774224,1
-1406015,774228,1
-1406014,772380,1
-1406014,773204,1
-1406014,773875,1
-1406014,774225,2
-1406014,774226,2
-1406014,774227,1
-1406013,771963,1
-1406013,772071,1
-1406013,772787,1
-1406013,773875,1
-1406013,774097,1
-1406013,774098,1
-1406013,774100,1
-1406013,774221,1
-1406013,774224,1
-1406013,774228,1
-1406013,774268,2
-1406012,771746,1
-1406012,771841,1
-1406012,772248,1
-1406012,772815,1
-1406012,772914,1
-1406012,773875,1
-1406012,773876,1
-1406012,774091,1
-1406012,774098,1
-1406012,774216,1
-1406012,774219,1
-1406012,774222,1
-1406012,774223,1
-1406012,774225,1
-1406012,774228,1
-1406012,774229,1
-1406012,774230,1
-1406012,774232,1
-1406012,774233,1
-1406011,772126,1
-1406011,772249,1
-1406011,772254,2
-1406011,772376,1
-1406011,772940,1
-1406011,774096,1
-1406011,774133,1
-1406011,774218,1
-1406011,774220,1
-1406011,774224,1
-1406011,774225,2
-1406011,774228,1
-1406011,774231,4
-1406011,774252,1
-1406010,771245,1
-1406010,771744,1
-1406010,772169,1
-1406010,772295,1
-1406010,772810,1
-1406010,774116,1
-1406010,774225,1
-1406010,774226,1
-1406010,774229,1
-1406009,772253,1
-1406009,773875,1
-1406009,773879,1
-1406009,774098,1
-1406009,774224,1
-1406009,774237,1
-1406008,771401,1
-1406008,771866,1
-1406008,771922,1
-1406008,773874,1
-1406008,774105,1
-1406008,774227,1
-1406008,774263,1
-1406007,771869,1
-1406007,772276,1
-1406007,772894,1
-1406007,772905,1
-1406007,772920,1
-1406007,773022,2
-1406007,774094,1
-1406007,774103,1
-1406007,774226,1
-1406007,774229,1
-1406007,774230,1
-1406007,774248,1
-1406006,772769,1
-1406006,772809,1
-1406006,773560,1
-1406006,773874,1
-1406006,774081,1
-1406006,774230,1
-1406005,773205,1
-1406005,773565,1
-1406005,774100,1
-1406005,774110,1
-1406005,774238,1
-1406005,774255,1
-1406004,774105,1
-1406004,774106,2
-1406004,774224,1
-1406004,774227,1
-1406004,774237,1
-1406004,774239,1
-1406003,771395,1
-1406003,772293,1
-1406002,772183,1
-1406002,772283,1
-1406002,772284,1
-1406002,772290,2
-1406002,772291,2
-1406002,774107,1
-1406002,774230,1
-1406002,774239,1
-1406001,771459,1
-1406001,772288,1
-1406001,772292,1
-1406001,772293,1
-1406001,773876,13
-1406001,774227,1
-1406001,774241,1
-1406000,771967,1
-1406000,774201,1
-1406000,774237,1
-1405999,771973,1
-1405999,773079,1
-1405999,774231,1
-1405998,772293,1
-1405998,772798,1
-1405998,774015,1
-1405998,774109,1
-1405998,774198,1
-1405998,774226,1
-1405997,771396,1
-1405997,771916,1
-1405997,773432,1
-1405996,772793,1
-1405996,774109,1
-1405995,774194,1
-1405995,774202,1
-1405995,774219,1
-1405994,771397,1
-1405994,771760,1
-1405994,772179,1
-1405994,772242,1
-1405994,772281,1
-1405994,772282,1
-1405994,773439,1
-1405993,771458,1
-1405993,771823,1
-1405993,771968,1
-1405993,772236,1
-1405993,772237,1
-1405993,773434,1
-1405993,774088,1
-1405993,774107,1
-1405992,769843,1
-1405992,771765,1
-1405992,772018,1
-1405992,774135,1
-1405991,771456,1
-1405991,772242,1
-1405991,772283,1
-1405991,772572,1
-1405991,773183,1
-1405991,774112,1
-1405990,771396,1
-1405990,771762,1
-1405990,771891,1
-1405990,772084,1
-1405990,772203,1
-1405990,773010,1
-1405990,773205,1
-1405990,774109,1
-1405990,774115,1
-1405989,772020,1
-1405989,772226,1
-1405989,772886,1
-1405989,773174,1
-1405989,774213,1
-1405989,774225,1
-1405988,771452,1
-1405988,771458,1
-1405988,771792,1
-1405988,771804,1
-1405988,772216,1
-1405988,774231,1
-1405987,770697,1
-1405987,771681,1
-1405987,773020,1
-1405987,773878,1
-1405987,774097,1
-1405987,774183,1
-1405987,774209,1
-1405987,774214,1
-1405986,770698,1
-1405986,771674,1
-1405986,772880,1
-1405986,772929,1
-1405986,772946,1
-1405986,773879,5
-1405985,771676,1
-1405985,771681,1
-1405985,771930,1
-1405985,772848,1
-1405985,773012,1
-1405985,773023,1
-1405985,773579,1
-1405985,774212,1
-1405984,769946,1
-1405984,771675,1
-1405984,771680,1
-1405984,772931,1
-1405984,772932,1
-1405984,772938,1
-1405984,773030,1
-1405984,773117,1
-1405984,773880,1
-1405984,774103,1
-1405984,774213,1
-1405983,771675,1
-1405983,771676,1
-1405983,772803,1
-1405983,772995,1
-1405983,773117,1
-1405982,771676,1
-1405982,771799,1
-1405982,772935,1
-1405982,774113,1
-1405982,774216,1
-1405982,774217,1
-1405982,774221,1
-1405981,771667,1
-1405981,771877,1
-1405981,772959,1
-1405981,774025,1
-1405981,774111,1
-1405981,774199,1
-1405981,774207,1
-1405980,771456,1
-1405980,771811,1
-1405980,772913,1
-1405980,773018,1
-1405980,773101,1
-1405980,773120,1
-1405980,773157,1
-1405980,774113,1
-1405980,774174,1
-1405980,774205,1
-1405979,771677,1
-1405979,772942,1
-1405979,773881,1
-1405979,773882,1
-1405979,774170,1
-1405979,774194,1
-1405979,774197,1
-1405978,771677,1
-1405978,771895,1
-1405978,771936,2
-1405978,772208,1
-1405978,772830,1
-1405978,773881,1
-1405978,774200,1
-1405978,774210,1
-1405977,771684,1
-1405977,771781,1
-1405977,772931,1
-1405977,774106,1
-1405977,774110,1
-1405977,774112,1
-1405977,774144,1
-1405977,774173,1
-1405976,772234,1
-1405976,772833,2
-1405976,772928,1
-1405976,773105,1
-1405976,773882,2
-1405976,774112,1
-1405976,774309,1
-1405975,771828,1
-1405975,772937,1
-1405975,774111,1
-1405975,774172,1
-1405975,774188,1
-1405974,769903,1
-1405974,773118,1
-1405974,773882,1
-1405974,774184,1
-1405973,773039,1
-1405973,773128,1
-1405973,774105,1
-1405973,774114,1
-1405973,774116,1
-1405973,774204,1
-1405972,771463,1
-1405972,771679,1
-1405972,771818,1
-1405972,772140,1
-1405972,772920,1
-1405972,773884,1
-1405972,774180,1
-1405972,774183,1
-1405971,771799,1
-1405971,772925,1
-1405971,774182,1
-1405971,774186,1
-1405970,772842,1
-1405970,774192,1
-1405969,769919,2
-1405969,771944,1
-1405969,771955,1
-1405969,774063,1
-1405969,774197,1
-1405968,771957,1
-1405968,772102,1
-1405968,772104,1
-1405968,772234,1
-1405968,772262,1
-1405968,772894,1
-1405968,772944,1
-1405968,773018,1
-1405968,773883,1
-1405968,774056,1
-1405968,774183,1
-1405967,769904,1
-1405967,769919,1
-1405967,769920,1
-1405967,771468,1
-1405967,772104,1
-1405967,773123,1
-1405967,773883,1
-1405967,773884,1
-1405967,774111,1
-1405967,774187,1
-1405966,772275,1
-1405966,772960,1
-1405966,773059,1
-1405966,773126,1
-1405966,773884,2
-1405966,773885,2
-1405966,774031,1
-1405966,774032,1
-1405966,774145,1
-1405966,774184,1
-1405966,774185,1
-1405965,771973,1
-1405965,773124,1
-1405965,773130,1
-1405965,774068,1
-1405965,774138,1
-1405964,771808,1
-1405964,772845,1
-1405964,773885,1
-1405964,774171,1
-1405963,771680,1
-1405963,772833,1
-1405963,773127,1
-1405963,773884,1
-1405963,773887,1
-1405963,774076,1
-1405962,769908,1
-1405962,772102,1
-1405962,772880,1
-1405962,773887,1
-1405962,774142,1
-1405961,769909,1
-1405961,772119,1
-1405961,773308,1
-1405961,773440,1
-1405961,773885,1
-1405961,774111,1
-1405961,774165,1
-1405960,771804,1
-1405960,771966,1
-1405960,774070,1
-1405960,774116,1
-1405960,774138,1
-1405960,774172,1
-1405960,774198,1
-1405959,769901,1
-1405959,771474,1
-1405959,772114,1
-1405959,772803,1
-1405959,772944,1
-1405959,773011,1
-1405959,773880,1
-1405959,774172,1
-1405958,771660,1
-1405958,771967,1
-1405958,774108,1
-1405958,774110,1
-1405958,774121,1
-1405958,774123,1
-1405958,774157,1
-1405958,774160,1
-1405957,771830,1
-1405957,772689,1
-1405956,771675,1
-1405956,771765,1
-1405956,772823,1
-1405956,773889,1
-1405955,772044,1
-1405955,772945,1
-1405955,774051,1
-1405954,772003,1
-1405954,773122,1
-1405954,773869,1
-1405954,774076,1
-1405954,774109,1
-1405954,774121,1
-1405954,774151,1
-1405953,769918,1
-1405953,771485,1
-1405953,774061,1
-1405953,774126,1
-1405953,774147,1
-1405952,773902,1
-1405952,774110,1
-1405951,771548,1
-1405951,771699,1
-1405951,771761,1
-1405951,772027,1
-1405950,771565,1
-1405950,771862,1
-1405950,771921,1
-1405950,772917,1
-1405950,773894,1
-1405950,774099,1
-1405950,774183,1
-1405949,770069,4
-1405949,771685,1
-1405949,771720,1
-1405949,771801,1
-1405949,772239,1
-1405948,771471,1
-1405948,771753,1
-1405948,771784,1
-1405948,771819,1
-1405948,771848,1
-1405948,771854,1
-1405948,771934,1
-1405948,772264,1
-1405948,773078,1
-1405948,773895,1
-1405948,774037,1
-1405948,774120,1
-1405947,771571,1
-1405947,771572,1
-1405947,771764,1
-1405947,771789,1
-1405947,771792,1
-1405947,771886,1
-1405947,774110,1
-1405947,774122,1
-1405946,771560,1
-1405946,771837,1
-1405946,774067,1
-1405946,774107,1
-1405946,774150,1
-1405945,769936,1
-1405945,771764,1
-1405945,771797,1
-1405945,773890,1
-1405945,773906,1
-1405944,770916,1
-1405944,771559,1
-1405944,771564,1
-1405944,771742,1
-1405944,774110,1
-1405943,771356,1
-1405943,771764,1
-1405943,771970,1
-1405943,773013,1
-1405942,771483,1
-1405942,771686,1
-1405942,771743,1
-1405941,770730,2
-1405941,771785,1
-1405941,773901,1
-1405941,774128,1
-1405940,771486,1
-1405940,771784,1
-1405940,772954,1
-1405939,770935,1
-1405939,771486,1
-1405939,771685,1
-1405939,771783,2
-1405939,771787,1
-1405939,772053,1
-1405939,774091,1
-1405938,771487,1
-1405938,771491,1
-1405938,771779,1
-1405938,771784,2
-1405938,772013,1
-1405938,773894,1
-1405938,774085,1
-1405938,774097,1
-1405937,771476,1
-1405937,771490,1
-1405937,771689,1
-1405937,771787,1
-1405937,771789,1
-1405937,771795,1
-1405937,771934,1
-1405937,773903,1
-1405937,774110,1
-1405937,774112,1
-1405936,771801,1
-1405936,772850,1
-1405936,773878,1
-1405936,773906,1
-1405936,774095,1
-1405935,770783,1
-1405935,771488,1
-1405935,771782,1
-1405935,772886,1
-1405935,773882,1
-1405935,773904,1
-1405934,770737,1
-1405934,770783,1
-1405934,771491,1
-1405934,773907,1
-1405934,774079,1
-1405934,774117,1
-1405933,770785,1
-1405933,771348,1
-1405933,771842,1
-1405933,772798,1
-1405933,773907,1
-1405932,771499,1
-1405932,772237,1
-1405932,772832,1
-1405932,772855,1
-1405932,774147,2
-1405931,771898,2
-1405931,771993,1
-1405931,772179,1
-1405931,772833,1
-1405931,772846,1
-1405931,773087,1
-1405931,773102,1
-1405931,773444,10
-1405931,773911,1
-1405930,771534,1
-1405930,773909,1
-1405930,774072,1
-1405930,774114,1
-1405929,771913,1
-1405929,771953,1
-1405929,772082,1
-1405929,773875,1
-1405929,773910,1
-1405929,774100,1
-1405928,771615,1
-1405928,771829,2
-1405928,772496,1
-1405928,772527,1
-1405928,774046,1
-1405928,774087,1
-1405927,771501,1
-1405927,771925,1
-1405927,771936,1
-1405927,772143,1
-1405927,773098,1
-1405927,773229,1
-1405927,774104,1
-1405926,771460,1
-1405926,771497,1
-1405926,771520,1
-1405926,771539,1
-1405926,772035,1
-1405926,772838,1
-1405925,771927,1
-1405925,773084,1
-1405925,773231,1
-1405925,773913,1
-1405925,773914,1
-1405924,771822,1
-1405924,771907,1
-1405924,772001,1
-1405924,772031,1
-1405924,772836,1
-1405924,773137,1
-1405924,773157,1
-1405924,773914,1
-1405923,771499,1
-1405923,771892,1
-1405923,772218,1
-1405923,772489,1
-1405923,772839,1
-1405923,773032,1
-1405923,774102,1
-1405922,771499,1
-1405922,771501,1
-1405922,771582,1
-1405922,771586,1
-1405922,772829,2
-1405922,773029,1
-1405921,772239,1
-1405921,772297,1
-1405921,772392,1
-1405921,772527,1
-1405921,773882,1
-1405921,774072,1
-1405920,770797,1
-1405920,771591,1
-1405920,774097,1
-1405919,771473,1
-1405919,771501,1
-1405919,771955,1
-1405919,771969,1
-1405919,772319,1
-1405919,772830,1
-1405919,772838,1
-1405919,773033,1
-1405919,773143,1
-1405919,773147,1
-1405918,771486,1
-1405918,771509,1
-1405918,771510,1
-1405918,772017,1
-1405918,773191,1
-1405918,774079,1
-1405918,774103,1
-1405918,774138,1
-1405917,770767,1
-1405917,771487,1
-1405917,772038,1
-1405917,772242,1
-1405917,773224,1
-1405916,772036,1
-1405916,773028,1
-1405916,773042,1
-1405916,773052,1
-1405916,773125,1
-1405916,773140,1
-1405916,773143,1
-1405916,773147,1
-1405916,773185,1
-1405916,773447,1
-1405915,770779,1
-1405915,771964,1
-1405915,773210,1
-1405915,773937,1
-1405915,774100,1
-1405914,770788,1
-1405914,770789,1
-1405914,771482,1
-1405914,771501,1
-1405914,771990,1
-1405914,772036,1
-1405913,771480,1
-1405913,771485,1
-1405913,771486,2
-1405913,772993,1
-1405913,773029,1
-1405913,773215,1
-1405913,774080,1
-1405912,770790,1
-1405912,771492,1
-1405912,771912,1
-1405912,772790,1
-1405912,773207,1
-1405912,773221,3
-1405912,774047,1
-1405912,774103,1
-1405911,770770,1
-1405911,771484,1
-1405911,771489,1
-1405911,773039,1
-1405911,773802,1
-1405911,774105,2
-1405910,774107,1
-1405909,771975,1
-1405909,772268,1
-1405909,773209,1
-1405909,773221,1
-1405909,773924,1
-1405908,771959,1
-1405908,773023,1
-1405908,773033,1
-1405908,773216,1
-1405908,773219,4
-1405908,773928,1
-1405908,774050,1
-1405907,771496,1
-1405907,771989,1
-1405907,772953,1
-1405907,773215,3
-1405906,771993,1
-1405906,772117,1
-1405906,773929,1
-1405906,773930,1
-1405905,770822,1
-1405905,771991,1
-1405905,772117,1
-1405905,773196,1
-1405905,773931,2
-1405905,773948,1
-1405905,774105,1
-1405904,771972,1
-1405904,771973,1
-1405904,771989,1
-1405904,773928,1
-1405903,772311,1
-1405903,773926,2
-1405903,773930,1
-1405903,774010,1
-1405902,770773,1
-1405902,771665,1
-1405902,771951,1
-1405902,773154,1
-1405902,773220,1
-1405902,773225,1
-1405902,773926,1
-1405902,773929,1
-1405902,773934,1
-1405902,773935,1
-1405902,774029,1
-1405902,774107,1
-1405901,770773,9
-1405901,771961,1
-1405901,773935,1
-1405900,773209,1
-1405900,773217,1
-1405900,773659,1
-1405900,774089,1
-1405899,770753,1
-1405899,773012,1
-1405899,773013,1
-1405899,773206,1
-1405899,773211,1
-1405899,773219,3
-1405899,774008,1
-1405899,774095,1
-1405898,771658,1
-1405898,771932,1
-1405898,772076,1
-1405898,773046,4
-1405898,773171,1
-1405898,773209,1
-1405898,773929,1
-1405898,773931,1
-1405898,773937,1
-1405897,773934,1
-1405896,771953,1
-1405896,773928,2
-1405896,773929,1
-1405896,773934,1
-1405895,770746,1
-1405895,771661,1
-1405895,772268,1
-1405895,772993,1
-1405895,773028,1
-1405895,773936,1
-1405895,773940,1
-1405895,773941,1
-1405894,771942,1
-1405894,773939,1
-1405893,771528,1
-1405893,773062,1
-1405893,773930,1
-1405893,773931,2
-1405893,774049,1
-1405892,771819,1
-1405892,773928,1
-1405892,773930,2
-1405892,773932,1
-1405892,773933,2
-1405892,773934,1
-1405892,774037,1
-1405892,774041,1
-1405892,774056,1
-1405892,774057,1
-1405891,770744,1
-1405891,772045,1
-1405891,772111,1
-1405891,773035,1
-1405891,773219,1
-1405891,773932,1
-1405891,773933,1
-1405891,773934,1
-1405891,773935,2
-1405890,770740,1
-1405890,771994,1
-1405890,772915,1
-1405890,773053,1
-1405890,773931,1
-1405890,773933,1
-1405890,773934,1
-1405890,773937,2
-1405889,771780,1
-1405889,772123,2
-1405889,772209,1
-1405889,772990,1
-1405889,773159,1
-1405889,773185,1
-1405889,773186,1
-1405889,773936,1
-1405889,773941,1
-1405889,774038,1
-1405888,770764,1
-1405888,772125,1
-1405888,772990,6
-1405888,772992,1
-1405888,772994,1
-1405888,773074,1
-1405888,773933,1
-1405888,773936,1
-1405888,774031,1
-1405888,774050,1
-1405888,774136,1
-1405887,772073,1
-1405887,772128,1
-1405887,773939,1
-1405886,771107,1
-1405886,771860,1
-1405886,771862,1
-1405886,773036,1
-1405886,773041,1
-1405886,773051,1
-1405886,773932,1
-1405886,774009,1
-1405886,774027,1
-1405886,774031,1
-1405886,774032,1
-1405885,771864,1
-1405885,773040,1
-1405885,773133,1
-1405885,774179,1
-1405884,771845,1
-1405884,771848,1
-1405884,772777,1
-1405884,773037,1
-1405884,773050,1
-1405884,773186,1
-1405884,773937,1
-1405884,774027,1
-1405883,771520,1
-1405883,771864,1
-1405883,773297,1
-1405883,773927,1
-1405883,774024,1
-1405883,774056,1
-1405882,770801,1
-1405882,772547,1
-1405882,773010,1
-1405882,773251,1
-1405881,771613,1
-1405881,772338,1
-1405881,773044,1
-1405881,773048,1
-1405881,773251,1
-1405881,773252,1
-1405881,773261,1
-1405880,773028,1
-1405880,773241,1
-1405880,773243,1
-1405880,773246,1
-1405880,773248,1
-1405880,773254,1
-1405879,769665,1
-1405879,771533,1
-1405879,772064,1
-1405879,772901,1
-1405879,773020,1
-1405879,773033,1
-1405879,773210,1
-1405878,773035,1
-1405878,773036,5
-1405878,773044,1
-1405878,773916,1
-1405877,769673,1
-1405877,772063,1
-1405877,773034,1
-1405877,773049,1
-1405877,773072,1
-1405877,774017,1
-1405876,771428,1
-1405876,771618,1
-1405876,771763,1
-1405876,772356,1
-1405876,773022,1
-1405876,773034,1
-1405876,773041,1
-1405876,774009,1
-1405875,772269,1
-1405875,772272,1
-1405875,772662,1
-1405875,773028,5
-1405875,773041,1
-1405875,773270,1
-1405875,774024,1
-1405874,771540,1
-1405874,772659,1
-1405874,773044,2
-1405874,773050,1
-1405874,773214,1
-1405874,774018,1
-1405874,774020,1
-1405874,774046,1
-1405874,774057,1
-1405873,771397,1
-1405873,771542,1
-1405873,771675,1
-1405873,772659,1
-1405873,772661,1
-1405873,772663,1
-1405873,772677,1
-1405873,773047,1
-1405872,771753,1
-1405872,772252,1
-1405872,772816,1
-1405871,771525,1
-1405871,771563,1
-1405871,773916,1
-1405871,774288,1
-1405870,771666,1
-1405870,771984,1
-1405870,773041,1
-1405870,773058,1
-1405870,773908,1
-1405870,774014,1
-1405870,774024,1
-1405870,774037,1
-1405869,772258,1
-1405869,772674,1
-1405869,773044,1
-1405868,771535,1
-1405868,771982,1
-1405868,773041,1
-1405868,774015,1
-1405868,774040,1
-1405868,774060,1
-1405867,773242,1
-1405867,774021,1
-1405866,771621,1
-1405866,773036,1
-1405866,773047,1
-1405866,773240,1
-1405865,771475,1
-1405864,771664,1
-1405864,772903,1
-1405864,773024,1
-1405864,773051,1
-1405864,773452,1
-1405863,771600,1
-1405863,772175,1
-1405863,772947,1
-1405863,772992,1
-1405863,773914,1
-1405863,774005,1
-1405863,774030,1
-1405862,770750,1
-1405862,772946,1
-1405862,773054,1
-1405861,772948,1
-1405861,774040,1
-1405860,769680,1
-1405860,771630,1
-1405860,771884,1
-1405860,772904,1
-1405860,773971,1
-1405860,774013,1
-1405859,771553,1
-1405859,772884,1
-1405859,772951,1
-1405859,773425,1
-1405859,773432,3
-1405859,773993,1
-1405859,774012,1
-1405858,773031,1
-1405858,773055,1
-1405858,773437,1
-1405857,771670,1
-1405857,771734,1
-1405857,772946,1
-1405857,773416,1
-1405857,773427,1
-1405857,773968,1
-1405857,773972,1
-1405856,771546,1
-1405856,772240,1
-1405856,773038,1
-1405856,773091,2
-1405856,773428,1
-1405856,773436,1
-1405855,773003,1
-1405855,773435,1
-1405855,774028,1
-1405854,771632,1
-1405854,771683,1
-1405854,773972,1
-1405854,774006,1
-1405854,774036,1
-1405853,771587,1
-1405853,773042,1
-1405852,770806,1
-1405852,771802,1
-1405852,772397,1
-1405852,772967,1
-1405852,773972,1
-1405852,773977,1
-1405851,772843,1
-1405851,772891,1
-1405851,773412,1
-1405851,773976,1
-1405850,771554,1
-1405850,771734,1
-1405850,771803,1
-1405850,772127,1
-1405850,772133,1
-1405850,772961,1
-1405850,773041,1
-1405849,769693,1
-1405849,771798,1
-1405849,772183,1
-1405849,773413,1
-1405849,773415,1
-1405849,773425,1
-1405849,773976,1
-1405849,773980,1
-1405849,774013,1
-1405849,774415,1
-1405848,771262,1
-1405848,772848,1
-1405848,773357,1
-1405848,773979,1
-1405848,774021,1
-1405847,771653,1
-1405847,772357,1
-1405847,772904,1
-1405847,773978,1
-1405847,773980,1
-1405846,769700,1
-1405846,771572,1
-1405846,771615,1
-1405846,773415,1
-1405846,773431,2
-1405846,773979,15
-1405845,772128,1
-1405845,773057,1
-1405845,773060,1
-1405845,773064,1
-1405845,773077,1
-1405845,773431,1
-1405845,773974,1
-1405845,773981,1
-1405844,771544,1
-1405844,771670,1
-1405844,772040,1
-1405844,773425,1
-1405844,773977,1
-1405844,774129,1
-1405843,771445,1
-1405843,773423,1
-1405843,773425,1
-1405843,774004,1
-1405842,771444,1
-1405842,771712,1
-1405842,772186,1
-1405842,773422,1
-1405842,773423,2
-1405842,773973,1
-1405842,773995,1
-1405842,774004,1
-1405841,771448,1
-1405841,771554,1
-1405841,773045,1
-1405841,773078,1
-1405841,773408,1
-1405841,773431,1
-1405841,773979,1
-1405841,773982,1
-1405840,771658,1
-1405840,771760,1
-1405840,771807,1
-1405840,771991,1
-1405840,772922,1
-1405840,773061,1
-1405840,773995,1
-1405840,773996,1
-1405839,771458,1
-1405839,771738,1
-1405839,772886,1
-1405839,772913,1
-1405839,773068,1
-1405839,773426,1
-1405839,773995,1
-1405838,772187,1
-1405838,773070,1
-1405838,773134,1
-1405838,773406,1
-1405838,773994,1
-1405837,771423,1
-1405837,771424,1
-1405837,771718,1
-1405837,772891,1
-1405837,772913,1
-1405837,772956,1
-1405837,773076,1
-1405837,773361,1
-1405837,773983,1
-1405837,773993,1
-1405836,771544,1
-1405836,771570,1
-1405836,771584,1
-1405836,771634,1
-1405836,772529,1
-1405836,772662,1
-1405836,773809,1
-1405836,773991,1
-1405836,773993,1
-1405836,774143,1
-1405835,773062,1
-1405835,773985,1
-1405835,773992,1
-1405835,773993,1
-1405834,771556,1
-1405834,772076,1
-1405833,770755,2
-1405833,773084,2
-1405833,773372,1
-1405833,773992,2
-1405832,771342,1
-1405832,773990,1
-1405831,773161,1
-1405831,773961,1
-1405831,773988,1
-1405831,774002,1
-1405830,773995,1
-1405830,773998,1
-1405829,770773,1
-1405829,771240,1
-1405829,771570,1
-1405829,771642,1
-1405829,771745,1
-1405829,773023,1
-1405829,773991,1
-1405829,773992,1
-1405828,771731,1
-1405828,773023,1
-1405828,773072,1
-1405828,773990,1
-1405828,773994,1
-1405827,770756,1
-1405827,771664,1
-1405827,773984,1
-1405826,770722,1
-1405826,771571,1
-1405826,771737,1
-1405826,772880,1
-1405826,773091,1
-1405826,773163,1
-1405826,773990,1
-1405826,773991,1
-1405825,771571,1
-1405825,771936,1
-1405825,773978,1
-1405824,770744,1
-1405824,771651,1
-1405824,771667,1
-1405824,772218,1
-1405824,772916,1
-1405823,771717,1
-1405823,773988,2
-1405823,773994,2
-1405823,773997,2
-1405823,774145,1
-1405823,774154,1
-1405823,774156,1
-1405822,771455,1
-1405822,771737,1
-1405822,773028,1
-1405821,770715,1
-1405821,771140,1
-1405821,772317,1
-1405821,773024,1
-1405821,773404,1
-1405821,773987,1
-1405820,772315,1
-1405820,773082,1
-1405820,773987,1
-1405820,773994,1
-1405819,771560,1
-1405819,771644,1
-1405819,771739,1
-1405819,772932,1
-1405819,772990,1
-1405818,771645,1
-1405818,773986,1
-1405818,773987,1
-1405818,773988,1
-1405818,773998,1
-1405818,774092,1
-1405817,771365,1
-1405817,771766,1
-1405817,772394,1
-1405817,773396,1
-1405817,773998,24
-1405817,774000,1
-1405817,774007,1
-1405817,774026,1
-1405816,771343,1
-1405816,771687,1
-1405816,771698,1
-1405816,773997,1
-1405816,774001,1
-1405816,774009,1
-1405816,774153,1
-1405815,772757,1
-1405815,773170,1
-1405815,773394,1
-1405815,773986,1
-1405815,773988,1
-1405815,774005,1
-1405814,772162,1
-1405814,773997,7
-1405814,774118,1
-1405813,773997,1
-1405813,773998,2
-1405813,774006,1
-1405813,774008,1
-1405813,774279,1
-1405812,771566,1
-1405812,774000,2
-1405812,774002,1
-1405811,770733,1
-1405811,770735,1
-1405811,773999,1
-1405811,774000,1
-1405811,774001,3
-1405811,774170,1
-1405810,770984,8
-1405810,771713,1
-1405810,771945,1
-1405810,774002,1
-1405810,774003,1
-1405809,774003,1
-1405808,774001,1
-1405807,771369,1
-1405807,771713,1
-1405807,773065,1
-1405807,773139,1
-1405807,773410,1
-1405806,771719,1
-1405806,773996,1
-1405806,774010,1
-1405805,770780,1
-1405805,771809,1
-1405805,772898,1
-1405805,773329,1
-1405805,773888,1
-1405805,773983,1
-1405805,773984,1
-1405805,774009,1
-1405804,770759,1
-1405804,771675,1
-1405804,773400,1
-1405803,771735,1
-1405803,773052,1
-1405803,773887,1
-1405803,773995,1
-1405803,774005,2
-1405803,774007,1
-1405802,771254,1
-1405802,772870,1
-1405802,773040,1
-1405802,774001,1
-1405802,774006,1
-1405802,774008,1
-1405802,774009,1
-1405802,774012,1
-1405802,774013,1
-1405801,769934,1
-1405801,771582,1
-1405801,772170,1
-1405801,773987,1
-1405801,774003,1
-1405801,774012,1
-1405801,774013,1
-1405800,771176,1
-1405800,771572,1
-1405800,773990,1
-1405800,774004,1
-1405800,774008,1
-1405800,774010,6
-1405799,771406,1
-1405799,772864,1
-1405799,772870,1
-1405799,774009,1
-1405799,774011,1
-1405799,774014,1
-1405799,774024,1
-1405799,774048,1
-1405798,772865,1
-1405798,773940,1
-1405798,774010,1
-1405797,771659,1
-1405797,772868,1
-1405797,772871,1
-1405797,773994,1
-1405797,774008,2
-1405797,774011,1
-1405797,774012,2
-1405796,771570,1
-1405796,771659,1
-1405796,772867,1
-1405796,772868,1
-1405796,772872,1
-1405796,774014,1
-1405795,774001,1
-1405795,774007,1
-1405795,774010,1
-1405795,774012,1
-1405795,774118,1
-1405795,774151,1
-1405794,774012,1
-1405794,774118,1
-1405794,774119,2
-1405794,774126,1
-1405793,771569,1
-1405793,772894,1
-1405793,774011,1
-1405793,774012,1
-1405793,774013,1
-1405793,774027,1
-1405793,774114,1
-1405792,773993,1
-1405792,774010,1
-1405792,774011,1
-1405792,774012,1
-1405792,774015,1
-1405791,771194,1
-1405791,773065,1
-1405791,774012,1
-1405791,774029,1
-1405791,774056,1
-1405791,774136,1
-1405791,774143,1
-1405790,770836,1
-1405790,771604,2
-1405790,773007,1
-1405790,773063,1
-1405790,774013,2
-1405790,774024,1
-1405790,774094,1
-1405790,774137,1
-1405790,774143,1
-1405789,771500,1
-1405789,773419,1
-1405789,774011,1
-1405789,774012,1
-1405789,774013,2
-1405789,774014,2
-1405789,774015,1
-1405789,774018,1
-1405789,774131,1
-1405789,774134,1
-1405789,774136,2
-1405789,774142,1
-1405788,771253,1
-1405788,773050,1
-1405788,773949,1
-1405788,774013,1
-1405788,774015,1
-1405788,774133,2
-1405788,774134,2
-1405788,774135,1
-1405788,774137,1
-1405788,774139,1
-1405787,771770,1
-1405787,773369,1
-1405787,774012,1
-1405787,774013,1
-1405787,774014,1
-1405787,774016,1
-1405787,774018,1
-1405787,774125,1
-1405787,774127,1
-1405787,774129,1
-1405787,774131,2
-1405787,774133,1
-1405787,774134,1
-1405787,774135,2
-1405787,774136,1
-1405787,774137,1
-1405787,774142,1
-1405787,774145,1
-1405786,773409,1
-1405786,773992,1
-1405786,774010,1
-1405786,774014,9
-1405786,774015,2
-1405786,774130,1
-1405786,774131,1
-1405786,774135,2
-1405786,774137,1
-1405786,774138,1
-1405786,774139,2
-1405786,774161,1
-1405785,771505,1
-1405785,771964,1
-1405785,774014,8
-1405785,774015,1
-1405785,774016,1
-1405785,774017,1
-1405785,774130,1
-1405785,774131,1
-1405785,774133,1
-1405785,774134,1
-1405785,774135,2
-1405785,774137,1
-1405785,774138,1
-1405785,774142,2
-1405784,772572,1
-1405784,774011,1
-1405784,774012,1
-1405784,774014,1
-1405784,774015,2
-1405784,774017,1
-1405784,774021,1
-1405784,774060,1
-1405784,774062,1
-1405784,774120,1
-1405784,774131,1
-1405784,774132,1
-1405784,774133,1
-1405784,774135,1
-1405784,774136,2
-1405784,774137,1
-1405784,774138,1
-1405784,774139,1
-1405783,771581,1
-1405783,772313,1
-1405783,774018,1
-1405783,774021,1
-1405783,774051,1
-1405783,774126,1
-1405783,774131,2
-1405783,774134,2
-1405783,774135,1
-1405783,774136,1
-1405783,774138,2
-1405783,774139,2
-1405783,774147,1
-1405782,772082,1
-1405782,774013,1
-1405782,774014,3
-1405782,774016,2
-1405782,774017,1
-1405782,774018,2
-1405782,774050,1
-1405782,774125,1
-1405782,774126,1
-1405782,774127,2
-1405782,774128,1
-1405782,774129,3
-1405782,774130,2
-1405782,774131,2
-1405782,774135,1
-1405782,774137,1
-1405782,774140,1
-1405781,771759,1
-1405781,771905,1
-1405781,772081,1
-1405781,772974,1
-1405781,774013,1
-1405781,774016,2
-1405781,774018,1
-1405781,774020,1
-1405781,774021,2
-1405781,774022,1
-1405781,774060,1
-1405781,774115,1
-1405781,774125,1
-1405781,774126,3
-1405781,774127,4
-1405781,774128,5
-1405781,774129,7
-1405781,774130,3
-1405781,774131,2
-1405781,774136,1
-1405781,774137,1
-1405781,774140,2
-1405781,774142,1
-1405780,771862,1
-1405780,773900,1
-1405780,774013,1
-1405780,774014,1
-1405780,774015,4
-1405780,774016,1
-1405780,774017,3
-1405780,774022,1
-1405780,774023,1
-1405780,774037,1
-1405780,774124,1
-1405780,774125,2
-1405780,774126,2
-1405780,774127,2
-1405780,774128,7
-1405780,774129,1
-1405780,774131,1
-1405780,774134,1
-1405779,771629,1
-1405779,774015,3
-1405779,774016,2
-1405779,774019,1
-1405779,774021,4
-1405779,774034,1
-1405779,774035,1
-1405779,774125,2
-1405779,774126,2
-1405779,774127,1
-1405779,774128,2
-1405779,774129,2
-1405779,774130,2
-1405779,774131,2
-1405779,774133,1
-1405778,771655,1
-1405778,774011,1
-1405778,774016,1
-1405778,774018,1
-1405778,774019,1
-1405778,774020,2
-1405778,774105,1
-1405778,774123,1
-1405778,774125,1
-1405778,774128,1
-1405778,774129,1
-1405778,774137,1
-1405777,771239,1
-1405777,771617,1
-1405777,774016,12
-1405777,774017,2
-1405777,774019,2
-1405777,774023,2
-1405777,774024,1
-1405777,774027,1
-1405777,774109,1
-1405777,774126,1
-1405777,774129,1
-1405777,774130,2
-1405777,774138,1
-1405777,774146,1
-1405776,773313,1
-1405776,774013,1
-1405776,774017,2
-1405776,774018,2
-1405776,774019,1
-1405776,774020,3
-1405776,774128,1
-1405776,774138,1
-1405776,774141,1
-1405775,770767,1
-1405775,774013,1
-1405775,774017,2
-1405775,774018,2
-1405775,774020,2
-1405775,774022,2
-1405775,774023,2
-1405775,774129,1
-1405775,774146,1
-1405774,770774,1
-1405774,774016,1
-1405774,774018,1
-1405774,774019,1
-1405774,774020,3
-1405774,774026,1
-1405774,774027,1
-1405774,774130,1
-1405773,771884,1
-1405773,774018,1
-1405773,774020,1
-1405773,774022,1
-1405773,774024,1
-1405773,774025,1
-1405773,774026,1
-1405773,774129,1
-1405772,772401,1
-1405772,774017,1
-1405772,774020,1
-1405772,774021,1
-1405772,774023,3
-1405772,774024,2
-1405772,774026,1
-1405772,774027,1
-1405771,771325,1
-1405771,772886,1
-1405771,773940,1
-1405771,774010,1
-1405771,774017,1
-1405771,774020,1
-1405771,774021,2
-1405771,774023,2
-1405771,774024,2
-1405770,770953,1
-1405770,771668,1
-1405770,771913,1
-1405770,774021,3
-1405770,774022,1
-1405770,774023,1
-1405770,774024,3
-1405770,774025,1
-1405770,774026,1
-1405770,774030,1
-1405770,774089,1
-1405770,774101,1
-1405770,774130,1
-1405769,771274,1
-1405769,774015,1
-1405769,774022,1
-1405769,774025,2
-1405769,774026,1
-1405769,774027,1
-1405769,774028,1
-1405768,771554,1
-1405768,771761,1
-1405768,771865,1
-1405768,774020,1
-1405768,774021,2
-1405768,774022,4
-1405768,774023,1
-1405768,774026,1
-1405768,774029,3
-1405768,774030,1
-1405768,774102,1
-1405767,770807,1
-1405767,771554,1
-1405767,771569,1
-1405767,772751,1
-1405767,774019,1
-1405767,774022,2
-1405767,774023,1
-1405767,774025,3
-1405767,774026,3
-1405767,774027,1
-1405767,774028,1
-1405767,774030,1
-1405766,770830,1
-1405766,771612,1
-1405766,774021,2
-1405766,774025,2
-1405766,774027,1
-1405766,774028,1
-1405766,774029,1
-1405765,771632,1
-1405765,772757,1
-1405765,773997,1
-1405765,774012,1
-1405765,774013,1
-1405765,774019,1
-1405765,774020,1
-1405765,774021,1
-1405765,774022,1
-1405765,774023,1
-1405765,774026,1
-1405765,774028,1
-1405765,774029,2
-1405764,772566,1
-1405764,772746,1
-1405764,774017,1
-1405764,774021,1
-1405764,774024,2
-1405764,774026,2
-1405764,774027,4
-1405764,774029,2
-1405764,774030,1
-1405764,774031,1
-1405764,774032,2
-1405763,770877,3
-1405763,772707,1
-1405763,773899,1
-1405763,774015,1
-1405763,774018,1
-1405763,774019,1
-1405763,774024,94
-1405763,774026,2
-1405763,774030,1
-1405762,772044,1
-1405762,774023,1
-1405762,774025,1
-1405762,774030,1
-1405762,774034,1
-1405761,772547,1
-1405761,773028,1
-1405761,774020,1
-1405761,774021,1
-1405761,774022,1
-1405761,774026,1
-1405761,774027,1
-1405761,774028,1
-1405761,774029,1
-1405761,774031,3
-1405761,774034,1
-1405760,771605,1
-1405760,774017,1
-1405760,774024,1
-1405760,774026,1
-1405760,774027,1
-1405760,774035,1
-1405759,771668,1
-1405759,771710,2
-1405759,774024,1
-1405759,774027,1
-1405758,770809,1
-1405758,774026,1
-1405758,774027,2
-1405758,774031,1
-1405758,774034,3
-1405757,770891,1
-1405757,773985,11
-1405757,774024,3
-1405757,774027,1
-1405757,774030,1
-1405757,774032,1
-1405757,774034,2
-1405757,774039,1
-1405756,770793,1
-1405756,770872,1
-1405756,774023,1
-1405756,774026,1
-1405756,774027,1
-1405756,774029,1
-1405756,774030,3
-1405756,774031,1
-1405756,774032,1
-1405756,774033,1
-1405756,774038,1
-1405756,774054,1
-1405755,771520,1
-1405755,772779,1
-1405755,772815,1
-1405755,774027,1
-1405755,774031,2
-1405755,774032,1
-1405755,774035,4
-1405754,772810,1
-1405754,773967,1
-1405754,774009,1
-1405754,774028,1
-1405754,774029,1
-1405754,774030,1
-1405754,774033,1
-1405754,774034,1
-1405754,774036,1
-1405753,771717,1
-1405753,774023,1
-1405753,774032,5
-1405752,771939,1
-1405752,772413,1
-1405752,772813,1
-1405752,774031,1
-1405752,774032,1
-1405751,771789,1
-1405751,772812,1
-1405751,774026,1
-1405751,774029,1
-1405751,774032,2
-1405751,774033,1
-1405751,774036,2
-1405750,770853,1
-1405750,770943,1
-1405750,770958,2
-1405750,771617,1
-1405750,771716,1
-1405750,771857,1
-1405750,772857,1
-1405750,773883,1
-1405750,774032,1
-1405750,774034,1
-1405750,774039,1
-1405749,770796,1
-1405749,771592,1
-1405749,771722,1
-1405749,771942,1
-1405749,773816,1
-1405749,773894,1
-1405749,774031,2
-1405749,774032,1
-1405749,774037,1
-1405749,774040,1
-1405748,773828,1
-1405748,774032,2
-1405748,774033,2
-1405748,774038,1
-1405748,774040,1
-1405748,774041,1
-1405747,773805,1
-1405747,774033,2
-1405747,774034,1
-1405746,770820,1
-1405746,772286,1
-1405746,773837,1
-1405746,774034,2
-1405746,774035,1
-1405746,774036,1
-1405746,774039,1
-1405745,770816,1
-1405745,772758,1
-1405745,773854,1
-1405745,774036,1
-1405745,774037,2
-1405745,774038,1
-1405745,774040,1
-1405745,774041,1
-1405744,770819,1
-1405744,771736,1
-1405744,774036,19
-1405744,774037,2
-1405744,774039,2
-1405744,774047,1
-1405743,771790,1
-1405743,773867,1
-1405743,773868,1
-1405743,774032,1
-1405743,774035,2
-1405743,774036,1
-1405743,774038,2
-1405743,774043,1
-1405742,770819,1
-1405742,774037,1
-1405742,774039,1
-1405742,774042,1
-1405742,774047,1
-1405742,774067,1
-1405741,772797,1
-1405741,774033,1
-1405741,774036,1
-1405741,774037,2
-1405741,774039,2
-1405741,774040,3
-1405741,774041,1
-1405741,774046,1
-1405741,774047,2
-1405741,774048,1
-1405740,771258,1
-1405740,774038,1
-1405740,774040,1
-1405740,774041,2
-1405740,774044,1
-1405740,774045,1
-1405740,774047,1
-1405740,774050,1
-1405739,771262,1
-1405739,771663,1
-1405739,771820,1
-1405739,771822,1
-1405739,774028,1
-1405739,774032,1
-1405739,774036,2
-1405739,774038,1
-1405739,774042,1
-1405739,774047,1
-1405738,770797,1
-1405738,771819,1
-1405738,771824,1
-1405738,772204,1
-1405738,773760,1
-1405738,774032,1
-1405738,774036,1
-1405738,774038,1
-1405738,774039,1
-1405738,774040,1
-1405738,774049,1
-1405737,773756,1
-1405737,774034,1
-1405737,774035,1
-1405737,774039,1
-1405737,774042,1
-1405737,774047,1
-1405736,770832,1
-1405736,771787,1
-1405736,773128,1
-1405736,773738,1
-1405736,774037,1
-1405736,774038,2
-1405736,774039,1
-1405736,774043,1
-1405736,774047,1
-1405736,774048,1
-1405736,774049,1
-1405736,774050,1
-1405735,771710,5
-1405735,771815,1
-1405735,772937,1
-1405735,773840,1
-1405735,774041,1
-1405735,774042,1
-1405734,773829,1
-1405734,774033,1
-1405734,774037,1
-1405734,774039,1
-1405734,774042,1
-1405734,774046,1
-1405734,774048,1
-1405734,774050,1
-1405733,774035,1
-1405733,774039,1
-1405733,774041,1
-1405733,774042,11
-1405733,774043,1
-1405733,774044,1
-1405732,774047,1
-1405732,774049,1
-1405731,771750,1
-1405731,773776,1
-1405731,773834,1
-1405731,774040,1
-1405730,773896,1
-1405730,774037,1
-1405730,774038,1
-1405729,771610,1
-1405729,772804,1
-1405729,774042,1
-1405729,774043,1
-1405728,774043,1
-1405728,774044,1
-1405727,772598,1
-1405727,774043,1
-1405726,771774,1
-1405726,771804,1
-1405726,772925,1
-1405726,773755,1
-1405725,772698,1
-1405725,774043,2
-1405725,774044,1
-1405725,774045,2
-1405725,774051,1
-1405724,771632,1
-1405724,771711,1
-1405724,772210,1
-1405724,773716,1
-1405724,774048,1
-1405724,774049,1
-1405723,772262,1
-1405723,774043,1
-1405722,771742,1
-1405721,771626,1
-1405721,771747,1
-1405721,774053,1
-1405720,771776,1
-1405720,771828,1
-1405720,772030,1
-1405720,774052,1
-1405720,774066,1
-1405719,771682,1
-1405719,771729,1
-1405718,772257,1
-1405718,774047,1
-1405718,774049,1
-1405717,771688,1
-1405717,771694,1
-1405717,771907,1
-1405717,772807,1
-1405717,773573,1
-1405717,773737,1
-1405716,771679,1
-1405716,771717,1
-1405716,772050,1
-1405716,774072,1
-1405715,771746,1
-1405714,771800,1
-1405713,771749,1
-1405713,771764,1
-1405712,771747,1
-1405711,772052,1
-1405711,772843,1
-1405711,773574,1
-1405710,774064,1
-1405709,770878,1
-1405709,771628,1
-1405709,771730,1
-1405709,772266,1
-1405709,773576,1
-1405708,771712,1
-1405708,771758,1
-1405708,771819,6
-1405708,772715,1
-1405707,771720,1
-1405707,771734,1
-1405707,771783,1
-1405707,773585,1
-1405707,773586,1
-1405706,771290,1
-1405706,771819,1
-1405706,772723,1
-1405706,774060,1
-1405705,771632,6
-1405705,771709,1
-1405705,771792,1
-1405704,771629,1
-1405704,771802,1
-1405703,770817,1
-1405703,773544,3
-1405703,774068,1
-1405702,771750,1
-1405701,771711,1
-1405701,771724,1
-1405701,772916,1
-1405701,774065,7
-1405700,771734,1
-1405700,773661,1
-1405700,774078,1
-1405699,770812,1
-1405699,774075,1
-1405698,771698,1
-1405698,771712,1
-1405698,771738,1
-1405698,772599,1
-1405698,773066,1
-1405697,771188,1
-1405697,771605,1
-1405697,771754,1
-1405696,771962,1
-1405696,773653,1
-1405696,774079,1
-1405695,772063,1
-1405695,773706,1
-1405694,772887,1
-1405694,773867,1
-1405694,773889,1
-1405694,773890,1
-1405693,774060,1
-1405692,770799,1
-1405692,773883,1
-1405692,774064,1
-1405691,770882,3
-1405691,772968,1
-1405691,773865,1
-1405690,771742,1
-1405690,773879,2
-1405689,773877,1
-1405688,772074,1
-1405688,772380,1
-1405688,773654,1
-1405688,773873,1
-1405687,771391,1
-1405687,773637,1
-1405687,773870,1
-1405687,773884,1
-1405686,773154,1
-1405686,773883,1
-1405685,771599,1
-1405685,771946,1
-1405685,773868,1
-1405685,774083,1
-1405684,772194,1
-1405683,771700,1
-1405683,772933,1
-1405683,773863,1
-1405683,774073,1
-1405682,773871,1
-1405681,774065,1
-1405681,774089,1
-1405680,771668,1
-1405680,771741,1
-1405680,772246,1
-1405678,771642,1
-1405678,771713,2
-1405678,771723,1
-1405678,771741,1
-1405678,772259,1
-1405678,772918,1
-1405678,773569,1
-1405677,771190,1
-1405676,771197,1
-1405676,772414,1
-1405676,772500,3
-1405676,772864,1
-1405676,773591,1
-1405676,774197,1
-1405675,771639,2
-1405675,772360,1
-1405675,773153,1
-1405675,773781,1
-1405674,772473,5
-1405674,772486,1
-1405673,770871,2
-1405673,771131,1
-1405673,772880,1
-1405673,774079,1
-1405672,770874,1
-1405672,771722,1
-1405672,772007,1
-1405672,773594,1
-1405671,772226,1
-1405671,772752,1
-1405670,772445,1
-1405669,770871,1
-1405669,770875,2
-1405669,771728,1
-1405669,772800,1
-1405669,772906,2
-1405669,772946,1
-1405669,772975,1
-1405668,770875,3
-1405668,774116,1
-1405667,771741,1
-1405667,772388,2
-1405667,774108,1
-1405666,771206,1
-1405666,771232,1
-1405666,771647,1
-1405666,771705,1
-1405666,772114,1
-1405665,771706,1
-1405665,771709,1
-1405664,771649,1
-1405664,771726,1
-1405663,771234,1
-1405663,772113,1
-1405662,771232,1
-1405662,771699,1
-1405662,773548,1
-1405661,771231,1
-1405661,771714,1
-1405661,773648,1
-1405660,772842,1
-1405660,773629,1
-1405659,770536,1
-1405659,771228,1
-1405659,773615,1
-1405659,773637,1
-1405659,774115,1
-1405658,771662,1
-1405658,771706,1
-1405658,772508,1
-1405658,772843,1
-1405658,774119,1
-1405657,772056,1
-1405657,772113,1
-1405657,772543,1
-1405657,774108,1
-1405656,772038,2
-1405655,771967,1
-1405655,772395,1
-1405655,772510,1
-1405655,772913,1
-1405655,773628,1
-1405655,773634,1
-1405654,771199,1
-1405654,774120,1
-1405653,771743,1
-1405653,773641,1
-1405652,772849,1
-1405651,771268,1
-1405651,771716,1
-1405651,772336,1
-1405651,774117,1
-1405650,772410,1
-1405650,772530,1
-1405649,770007,2
-1405649,774127,1
-1405648,772384,1
-1405648,773642,1
-1405647,772382,1
-1405647,772421,1
-1405646,772113,1
-1405646,772412,1
-1405645,772367,1
-1405645,774128,1
-1405644,772332,1
-1405644,772333,1
-1405644,772853,2
-1405644,773600,1
-1405643,771766,1
-1405642,771732,1
-1405642,772400,1
-1405642,772447,1
-1405641,771730,1
-1405641,774191,1
-1405640,770883,1
-1405640,771192,1
-1405640,772119,1
-1405640,772842,1
-1405640,773593,1
-1405639,771680,1
-1405639,774139,1
-1405638,771764,1
-1405638,773157,1
-1405638,774143,1
-1405637,773580,1
-1405636,771745,1
-1405636,771884,1
-1405636,772408,8
-1405635,771265,1
-1405635,771757,2
-1405635,772442,1
-1405635,772965,1
-1405635,774140,1
-1405635,774385,1
-1405634,771268,1
-1405634,771279,1
-1405634,772336,1
-1405634,772960,1
-1405634,772966,1
-1405634,774119,1
-1405633,771719,1
-1405633,771884,1
-1405633,772408,1
-1405633,772425,1
-1405633,772447,1
-1405633,774142,1
-1405632,771763,1
-1405632,772971,1
-1405632,772976,1
-1405632,773508,1
-1405632,774110,1
-1405632,774155,1
-1405631,771039,1
-1405631,771346,1
-1405631,774146,1
-1405630,771678,1
-1405630,772505,1
-1405630,772969,1
-1405629,772342,1
-1405629,772964,1
-1405629,772965,1
-1405629,772972,1
-1405628,771754,1
-1405628,771755,1
-1405628,772340,1
-1405628,772408,1
-1405628,772489,1
-1405628,772501,1
-1405628,774148,1
-1405628,774151,1
-1405627,771269,1
-1405627,771751,1
-1405627,772441,2
-1405627,772445,1
-1405627,772503,1
-1405627,772966,1
-1405627,773586,1
-1405626,772351,1
-1405626,772474,1
-1405626,772542,1
-1405626,773549,1
-1405626,774392,1
-1405625,771131,1
-1405625,771742,1
-1405625,771747,1
-1405625,773591,1
-1405624,771339,1
-1405624,771370,1
-1405624,771747,1
-1405624,771767,1
-1405623,772530,1
-1405623,774151,1
-1405622,769669,1
-1405622,773539,1
-1405621,771756,3
-1405621,772431,1
-1405621,772558,1
-1405621,774385,1
-1405620,771303,1
-1405620,771361,1
-1405620,771757,1
-1405620,772434,1
-1405619,771015,1
-1405619,771735,1
-1405619,772431,1
-1405619,772443,1
-1405619,772478,1
-1405619,772524,1
-1405619,774385,2
-1405618,771730,1
-1405618,772422,1
-1405617,772469,1
-1405617,772478,1
-1405616,771054,1
-1405616,772419,1
-1405616,772424,6
-1405616,772520,1
-1405615,771320,1
-1405615,772461,1
-1405615,772921,1
-1405614,772419,1
-1405614,772454,1
-1405613,771698,1
-1405613,772350,1
-1405613,772487,7
-1405612,771765,1
-1405612,772404,1
-1405612,772452,1
-1405612,772501,1
-1405610,771652,1
-1405609,772229,1
-1405607,772407,1
-1405607,772553,5
-1405607,774373,1
-1405606,771307,1
-1405606,771899,1
-1405606,772462,1
-1405606,772499,1
-1405604,772383,1
-1405604,773512,1
-1405603,772399,1
-1405603,772830,1
-1405603,773506,1
-1405602,771772,1
-1405602,772331,1
-1405602,773161,1
-1405602,774399,1
-1405601,771794,1
-1405601,771986,1
-1405601,773545,1
-1405600,771766,1
-1405600,771806,1
-1405600,772327,1
-1405600,772440,5
-1405599,771945,1
-1405599,772300,1
-1405599,772446,1
-1405598,771783,1
-1405598,771802,1
-1405597,771701,1
-1405597,772437,1
-1405596,771802,1
-1405596,772334,1
-1405596,772343,1
-1405596,772375,1
-1405596,772411,1
-1405596,772424,1
-1405596,773634,1
-1405595,772488,1
-1405594,770841,1
-1405594,773625,4
-1405593,771693,1
-1405593,771765,1
-1405593,772497,1
-1405593,772615,1
-1405592,771382,1
-1405592,771708,1
-1405592,771770,1
-1405592,772368,1
-1405592,772470,1
-1405592,772501,1
-1405592,772823,1
-1405591,771379,1
-1405591,771776,1
-1405591,771813,1
-1405591,771821,1
-1405591,771838,1
-1405591,771840,1
-1405591,772411,1
-1405591,772433,1
-1405591,772507,1
-1405591,772862,1
-1405590,772052,2
-1405589,771716,1
-1405588,771685,1
-1405588,771764,1
-1405588,772397,1
-1405588,772469,1
-1405588,772500,1
-1405588,772509,1
-1405587,772375,1
-1405587,772491,9
-1405587,772505,1
-1405586,771765,1
-1405586,771791,1
-1405586,771818,1
-1405586,771820,1
-1405586,772341,1
-1405586,772369,1
-1405586,772371,1
-1405586,772517,1
-1405586,772621,1
-1405585,771697,1
-1405585,771787,1
-1405585,772345,1
-1405585,772504,1
-1405585,772505,1
-1405585,772515,1
-1405585,773492,1
-1405584,772114,1
-1405584,772407,1
-1405584,772498,4
-1405583,772475,1
-1405582,771411,1
-1405582,772514,1
-1405581,772452,1
-1405581,772494,1
-1405580,772323,1
-1405580,772418,1
-1405580,772452,1
-1405580,772466,1
-1405580,772488,1
-1405580,772494,1
-1405580,772511,1
-1405579,772367,1
-1405579,772492,1
-1405579,772493,1
-1405579,772501,1
-1405579,773713,1
-1405578,772453,1
-1405578,772522,1
-1405578,773772,1
-1405577,772449,1
-1405577,772453,1
-1405577,772495,1
-1405577,772498,1
-1405577,772501,1
-1405577,772657,1
-1405576,771775,1
-1405576,772326,1
-1405576,772345,1
-1405576,772424,1
-1405575,771390,1
-1405575,771766,1
-1405575,772376,1
-1405575,772529,1
-1405575,773478,1
-1405574,771761,1
-1405574,772552,1
-1405574,772869,1
-1405574,772872,1
-1405573,771717,1
-1405573,772405,1
-1405573,772425,1
-1405573,772484,1
-1405573,772550,1
-1405573,772615,1
-1405573,773038,1
-1405573,773170,1
-1405572,772427,1
-1405572,772445,1
-1405572,772498,1
-1405571,771415,1
-1405571,772342,1
-1405571,772489,1
-1405571,773750,1
-1405571,774187,1
-1405570,772350,1
-1405570,772433,1
-1405570,772479,1
-1405570,772510,1
-1405570,772514,1
-1405570,772518,1
-1405570,772534,1
-1405570,772585,19
-1405570,773681,1
-1405569,772493,1
-1405569,773727,1
-1405568,772040,1
-1405568,772439,1
-1405568,772473,1
-1405568,772478,1
-1405568,772611,3
-1405567,771689,1
-1405567,772343,1
-1405567,772439,1
-1405567,772492,1
-1405567,772548,1
-1405566,771760,1
-1405566,772017,1
-1405566,772083,1
-1405566,772429,1
-1405566,772470,1
-1405566,772484,3
-1405566,773113,1
-1405565,771735,1
-1405565,771746,1
-1405565,771810,1
-1405564,772018,1
-1405564,772429,1
-1405564,772473,1
-1405564,773702,1
-1405563,771729,1
-1405563,772007,1
-1405563,772039,1
-1405563,772466,1
-1405563,773775,2
-1405562,772017,1
-1405562,772457,1
-1405562,772467,1
-1405561,771845,1
-1405561,772015,1
-1405561,772412,22
-1405561,772431,2
-1405561,773486,1
-1405560,771744,1
-1405560,772013,1
-1405560,772016,1
-1405560,772017,1
-1405560,772069,1
-1405560,772480,1
-1405560,772491,1
-1405560,772502,1
-1405559,772116,1
-1405559,772119,1
-1405559,772363,1
-1405559,772379,1
-1405559,772473,1
-1405559,772476,1
-1405559,772611,1
-1405559,772853,1
-1405558,771692,1
-1405558,772472,1
-1405558,772502,1
-1405558,772506,1
-1405557,772446,1
-1405557,772450,1
-1405556,772098,1
-1405556,773101,1
-1405556,773758,6
-1405555,772204,1
-1405555,772373,1
-1405555,772441,1
-1405555,772499,1
-1405555,772509,1
-1405555,772511,1
-1405554,769663,1
-1405554,771750,1
-1405554,771754,1
-1405554,772109,1
-1405554,772320,1
-1405554,772366,1
-1405554,772471,1
-1405554,772474,1
-1405554,772492,1
-1405554,772612,2
-1405553,771701,1
-1405553,771984,1
-1405553,772124,1
-1405553,772474,1
-1405553,772485,18
-1405553,772509,1
-1405553,772852,1
-1405553,773142,1
-1405552,771712,1
-1405552,771811,1
-1405552,772474,1
-1405552,772486,1
-1405552,772489,10
-1405552,772497,1
-1405552,772530,1
-1405552,773659,1
-1405551,773152,1
-1405550,771778,1
-1405550,772114,1
-1405550,772446,1
-1405550,772468,1
-1405550,772473,1
-1405550,772475,1
-1405550,772476,1
-1405550,773695,1
-1405549,772465,1
-1405549,772467,1
-1405549,772472,1
-1405549,772474,1
-1405549,772496,3
-1405549,772825,1
-1405548,771680,1
-1405548,771834,1
-1405548,772027,1
-1405548,772438,1
-1405548,772447,1
-1405548,772474,1
-1405548,772475,1
-1405548,772503,1
-1405547,773498,1
-1405547,773722,8
-1405546,772091,1
-1405546,772435,1
-1405546,772474,1
-1405546,772477,2
-1405545,772418,2
-1405545,772443,1
-1405545,772481,1
-1405545,772488,1
-1405545,772531,1
-1405545,773100,1
-1405544,770672,1
-1405544,771730,1
-1405544,771771,6
-1405544,772366,2
-1405544,772464,1
-1405544,773813,1
-1405543,772401,1
-1405543,772488,1
-1405543,772490,2
-1405543,772496,1
-1405543,774360,1
-1405542,771844,1
-1405542,772456,1
-1405542,772481,1
-1405542,772496,1
-1405542,773482,1
-1405541,772476,1
-1405541,772479,1
-1405541,772485,1
-1405541,773104,1
-1405540,771801,1
-1405540,772472,1
-1405540,772477,1
-1405539,771874,1
-1405539,772520,1
-1405539,772560,1
-1405539,773522,1
-1405538,771865,1
-1405538,772373,1
-1405538,772381,2
-1405538,772455,1
-1405538,772477,1
-1405538,773718,1
-1405537,772090,1
-1405537,772476,1
-1405537,772561,1
-1405537,773766,1
-1405536,772436,1
-1405536,772457,1
-1405536,772495,1
-1405536,773656,1
-1405535,771768,1
-1405535,772451,1
-1405535,772495,1
-1405534,771407,1
-1405534,772024,1
-1405534,772435,1
-1405534,772477,1
-1405534,772480,1
-1405534,773751,1
-1405533,770664,1
-1405533,771793,1
-1405533,772090,1
-1405533,772443,1
-1405533,772496,1
-1405533,772578,1
-1405532,772383,1
-1405532,772452,19
-1405531,772387,1
-1405531,772435,1
-1405531,772462,1
-1405531,772475,1
-1405530,771856,1
-1405530,772045,1
-1405530,772476,1
-1405529,772075,1
-1405529,772162,1
-1405529,772388,1
-1405529,772437,1
-1405529,772476,1
-1405528,772475,1
-1405528,772548,1
-1405527,771694,1
-1405527,771996,1
-1405527,772329,1
-1405527,773614,1
-1405526,772431,1
-1405526,772783,1
-1405526,773764,1
-1405526,774327,1
-1405525,772053,1
-1405525,772403,1
-1405525,772465,1
-1405525,772507,2
-1405524,772411,1
-1405524,772441,1
-1405524,772453,1
-1405524,772544,1
-1405524,773422,1
-1405523,772546,1
-1405523,773571,1
-1405522,771846,1
-1405522,772097,1
-1405522,772367,1
-1405522,772459,1
-1405522,774313,1
-1405521,771937,1
-1405521,772076,1
-1405521,772098,1
-1405521,772110,1
-1405521,772438,1
-1405520,771450,1
-1405520,772017,1
-1405520,772042,1
-1405520,772450,1
-1405520,772547,1
-1405520,773566,1
-1405519,772096,28
-1405519,772097,2
-1405519,772453,1
-1405519,772458,1
-1405519,773689,2
-1405519,774317,1
-1405519,774321,1
-1405518,771866,1
-1405518,772095,2
-1405518,772108,1
-1405518,772444,1
-1405518,772572,1
-1405518,774318,1
-1405518,774320,1
-1405518,774324,1
-1405517,771404,1
-1405517,771866,1
-1405517,772023,1
-1405517,772442,1
-1405517,774324,1
-1405517,774334,1
-1405516,771923,1
-1405516,772029,1
-1405516,772053,1
-1405516,772054,1
-1405516,772095,1
-1405516,772401,1
-1405516,772443,1
-1405516,772478,1
-1405516,774319,1
-1405515,771886,1
-1405515,772006,1
-1405515,772026,1
-1405515,772094,1
-1405515,772095,1
-1405515,772099,1
-1405515,772468,18
-1405515,774334,1
-1405515,774348,1
-1405514,771399,1
-1405514,772046,1
-1405514,772094,1
-1405514,772445,1
-1405514,773470,1
-1405513,771416,1
-1405513,772102,1
-1405513,772443,1
-1405513,772476,1
-1405513,772477,1
-1405513,773202,1
-1405513,774330,1
-1405512,771394,1
-1405512,772044,4
-1405512,772087,2
-1405512,772090,1
-1405512,772450,1
-1405512,772488,1
-1405512,774343,1
-1405511,771395,1
-1405511,771871,1
-1405511,771874,1
-1405511,772055,1
-1405511,772444,1
-1405511,772445,3
-1405511,772460,1
-1405511,774342,1
-1405511,774345,1
-1405510,770905,8
-1405510,771391,2
-1405510,772002,1
-1405510,772086,1
-1405510,772088,1
-1405510,772428,1
-1405510,772834,1
-1405510,774333,1
-1405509,771986,1
-1405509,772026,1
-1405509,772083,1
-1405509,772084,2
-1405509,772400,1
-1405509,772418,30
-1405509,772450,1
-1405509,772545,1
-1405509,772748,1
-1405509,774351,1
-1405508,772047,1
-1405508,772059,1
-1405508,772082,1
-1405508,772084,1
-1405508,772382,1
-1405508,774350,1
-1405507,771938,1
-1405507,771940,1
-1405507,772038,2
-1405507,772081,1
-1405507,772082,1
-1405507,772083,2
-1405507,772442,1
-1405507,772443,1
-1405506,771390,1
-1405506,771429,1
-1405506,771985,1
-1405506,772066,1
-1405506,772071,1
-1405506,772085,1
-1405506,772132,1
-1405506,772383,1
-1405506,772389,1
-1405506,772452,1
-1405506,774340,1
-1405505,772413,1
-1405505,772473,1
-1405505,773115,1
-1405505,774340,1
-1405504,772033,1
-1405504,772070,1
-1405504,772115,1
-1405504,772119,1
-1405504,772371,1
-1405504,772426,1
-1405504,772469,1
-1405504,774344,1
-1405504,774355,1
-1405503,771892,1
-1405503,771948,1
-1405503,771983,1
-1405503,772013,1
-1405503,772062,1
-1405503,772070,1
-1405503,772088,1
-1405503,772112,1
-1405503,772401,1
-1405503,772458,1
-1405503,772459,1
-1405503,772506,1
-1405503,772514,1
-1405503,772525,1
-1405502,772013,1
-1405502,772024,1
-1405502,772079,5
-1405502,772441,1
-1405502,772484,1
-1405502,773116,1
-1405502,773121,1
-1405502,774359,1
-1405501,771791,1
-1405501,771891,1
-1405501,771996,2
-1405501,772017,2
-1405501,772077,2
-1405501,772108,1
-1405501,772126,1
-1405501,772405,1
-1405501,773114,2
-1405501,773115,4
-1405501,773118,1
-1405501,773154,1
-1405501,774294,1
-1405500,771630,1
-1405500,771991,1
-1405500,771993,1
-1405500,772045,1
-1405500,772459,1
-1405500,772482,1
-1405500,772641,1
-1405500,773116,1
-1405500,773209,1
-1405500,774351,1
-1405499,771983,1
-1405499,771997,1
-1405499,772076,2
-1405499,772118,1
-1405499,772125,1
-1405499,772238,1
-1405499,772405,1
-1405499,773098,1
-1405499,773151,3
-1405498,770753,1
-1405498,772080,1
-1405498,772497,1
-1405498,773153,1
-1405498,773220,1
-1405498,774356,1
-1405497,771792,1
-1405497,771980,26
-1405497,771984,1
-1405497,772057,1
-1405497,772080,1
-1405497,772089,1
-1405497,772425,1
-1405497,772432,1
-1405496,771992,1
-1405496,772053,1
-1405496,772073,1
-1405496,772492,1
-1405496,772593,1
-1405496,772759,1
-1405496,772822,1
-1405495,771451,1
-1405495,771984,1
-1405495,772067,1
-1405495,772071,5
-1405495,772073,2
-1405495,772121,1
-1405495,772414,1
-1405495,772415,1
-1405495,772421,1
-1405495,772545,1
-1405494,771576,1
-1405494,771899,1
-1405494,771905,1
-1405494,771992,1
-1405494,771993,2
-1405494,771998,1
-1405494,772003,1
-1405494,772039,1
-1405494,772046,23
-1405494,772059,23
-1405494,772067,1
-1405494,772080,1
-1405494,772087,1
-1405494,772421,1
-1405494,772426,1
-1405494,773732,1
-1405493,771376,1
-1405493,771916,1
-1405493,772001,1
-1405493,772006,1
-1405493,772018,2
-1405493,772019,1
-1405493,772030,1
-1405493,772064,5
-1405493,772065,1
-1405493,772070,1
-1405493,772831,1
-1405492,771900,1
-1405492,771973,28
-1405492,772001,1
-1405492,772012,1
-1405492,772018,1
-1405492,772019,1
-1405492,772025,2
-1405492,772028,1
-1405492,772033,2
-1405492,772035,2
-1405492,772042,1
-1405492,772050,1
-1405492,772051,1
-1405492,772055,2
-1405492,772109,1
-1405492,772418,1
-1405492,772445,1
-1405492,772483,8
-1405492,772485,1
-1405491,771888,1
-1405491,771922,1
-1405491,771988,1
-1405491,772001,1
-1405491,772008,1
-1405491,772014,1
-1405491,772016,1
-1405491,772021,1
-1405491,772022,2
-1405491,772023,8
-1405491,772025,6
-1405491,772028,1
-1405491,772033,1
-1405491,772036,1
-1405491,772044,5
-1405491,772045,2
-1405491,772046,1
-1405491,772048,1
-1405491,772062,1
-1405491,772413,1
-1405491,773229,1
-1405490,771965,1
-1405490,772009,1
-1405490,772019,1
-1405490,772029,8
-1405490,772046,1
-1405490,772047,1
-1405490,772052,1
-1405490,772059,1
-1405490,772064,1
-1405490,772065,1
-1405490,772069,1
-1405490,772088,1
-1405490,772118,1
-1405490,772396,1
-1405490,772411,1
-1405490,772439,1
-1405489,771985,1
-1405489,771992,2
-1405489,772020,1
-1405489,772023,8
-1405489,772024,7
-1405489,772028,2
-1405489,772042,1
-1405489,772045,3
-1405489,772046,1
-1405489,772052,1
-1405489,772057,1
-1405489,772094,1
-1405489,772409,1
-1405489,772410,1
-1405489,772462,1
-1405489,772495,1
-1405489,773024,1
-1405488,771996,1
-1405488,772000,1
-1405488,772023,8
-1405488,772040,1
-1405488,772051,1
-1405488,772052,1
-1405488,772056,1
-1405488,772061,1
-1405488,772066,1
-1405488,772070,2
-1405488,772076,30
-1405488,772079,1
-1405488,772467,1
-1405488,772548,1
-1405488,774376,1
-1405487,771985,1
-1405487,772014,1
-1405487,772019,2
-1405487,772022,1
-1405487,772026,1
-1405487,772028,1
-1405487,772035,1
-1405487,772038,1
-1405487,772041,1
-1405487,772048,1
-1405487,772049,2
-1405487,772054,1
-1405487,772055,1
-1405487,772060,1
-1405487,772064,7
-1405487,772069,1
-1405487,772070,1
-1405487,772406,1
-1405487,772410,1
-1405487,772427,1
-1405487,772477,1
-1405487,773129,1
-1405487,774377,1
-1405487,774378,1
-1405486,771987,1
-1405486,772007,1
-1405486,772029,1
-1405486,772033,1
-1405486,772046,2
-1405486,772047,1
-1405486,772049,2
-1405486,772056,2
-1405486,772061,2
-1405486,772077,1
-1405486,772156,1
-1405486,772412,1
-1405486,772427,1
-1405486,773134,1
-1405486,774295,1
-1405486,774377,1
-1405485,771985,52
-1405485,771992,1
-1405485,771994,1
-1405485,772003,1
-1405485,772022,4
-1405485,772023,3
-1405485,772034,7
-1405485,772035,1
-1405485,772036,1
-1405485,772037,3
-1405485,772040,1
-1405485,772046,6
-1405485,772050,2
-1405485,772051,1
-1405485,772053,3
-1405485,772066,1
-1405485,772086,1
-1405485,772096,1
-1405485,772109,1
-1405485,772434,1
-1405485,772435,1
-1405485,772489,1
-1405485,772490,1
-1405484,771791,1
-1405484,772004,1
-1405484,772010,1
-1405484,772013,1
-1405484,772022,1
-1405484,772027,4
-1405484,772031,1
-1405484,772033,4
-1405484,772035,1
-1405484,772040,1
-1405484,772041,1
-1405484,772076,1
-1405484,772432,1
-1405484,772490,1
-1405484,772839,1
-1405484,774199,1
-1405483,771924,1
-1405483,771999,1
-1405483,772008,2
-1405483,772017,3
-1405483,772033,1
-1405483,772036,1
-1405483,772037,2
-1405483,772043,1
-1405483,772044,1
-1405483,772053,1
-1405483,772068,1
-1405483,772195,1
-1405483,772246,1
-1405483,772494,1
-1405483,772566,1
-1405483,772841,1
-1405483,773533,1
-1405483,774382,1
-1405482,771998,1
-1405482,772000,4
-1405482,772008,2
-1405482,772015,1
-1405482,772019,1
-1405482,772022,1
-1405482,772025,1
-1405482,772035,2
-1405482,772038,1
-1405482,772064,1
-1405482,772250,1
-1405482,772414,1
-1405482,772419,1
-1405482,772511,1
-1405481,771642,3
-1405481,771996,1
-1405481,772002,1
-1405481,772011,2
-1405481,772015,2
-1405481,772019,1
-1405481,772023,14
-1405481,772054,1
-1405481,772063,1
-1405481,772485,1
-1405481,772839,1
-1405481,774385,1
-1405481,774388,1
-1405480,771917,1
-1405480,771991,1
-1405480,771997,1
-1405480,772000,1
-1405480,772001,1
-1405480,772010,1
-1405480,772011,1
-1405480,772012,1
-1405480,772013,1
-1405480,772016,1
-1405480,772017,1
-1405480,772022,1
-1405480,772026,1
-1405480,772065,1
-1405480,772093,1
-1405480,772107,1
-1405480,772386,1
-1405480,772420,1
-1405480,772477,1
-1405480,772486,1
-1405479,771800,1
-1405479,772000,1
-1405479,772006,1
-1405479,772008,1
-1405479,772025,1
-1405479,772026,1
-1405479,772075,1
-1405479,772392,1
-1405479,772418,1
-1405479,772464,47
-1405479,772473,1
-1405479,772489,6
-1405479,772838,1
-1405479,774388,1
-1405478,771916,1
-1405478,771928,1
-1405478,771930,1
-1405478,771931,1
-1405478,771994,1
-1405478,772000,1
-1405478,772008,1
-1405478,772009,1
-1405478,772094,1
-1405478,772099,1
-1405478,772386,1
-1405478,772389,1
-1405478,772394,1
-1405478,772427,1
-1405478,772435,1
-1405478,772436,1
-1405478,772458,8
-1405478,772488,585
-1405478,772489,2
-1405477,771929,1
-1405477,771974,1
-1405477,772005,1
-1405477,772119,1
-1405477,772395,1
-1405477,772410,1
-1405477,772500,1
-1405476,771864,1
-1405476,771924,1
-1405476,772387,1
-1405476,772399,1
-1405476,772418,1
-1405476,772419,1
-1405476,772470,36
-1405476,773329,1
-1405476,774021,1
-1405475,771977,1
-1405475,772072,1
-1405475,772084,1
-1405475,772248,1
-1405475,772382,1
-1405475,772385,1
-1405475,772389,2
-1405475,772398,1
-1405475,772416,1
-1405475,772562,1
-1405475,773331,1
-1405474,771365,2
-1405474,771929,1
-1405474,772009,1
-1405474,772106,1
-1405474,772382,5
-1405474,772385,2
-1405474,772388,13
-1405474,772389,1
-1405474,772395,1
-1405474,772420,1
-1405474,772428,1
-1405474,772504,1
-1405473,771978,1
-1405473,772039,1
-1405473,772065,1
-1405473,772385,1
-1405473,772388,2
-1405473,772389,1
-1405473,772405,1
-1405473,772412,1
-1405473,772420,1
-1405473,772531,1
-1405473,772817,1
-1405472,772054,1
-1405472,772058,1
-1405472,772059,1
-1405472,772447,1
-1405472,772836,1
-1405471,772029,1
-1405471,772045,1
-1405471,772057,1
-1405471,772060,1
-1405471,772097,1
-1405471,772396,1
-1405471,772413,1
-1405471,772473,1
-1405471,772505,1
-1405470,771830,1
-1405470,772050,1
-1405470,772089,1
-1405470,772389,1
-1405470,772422,1
-1405470,772427,1
-1405470,772440,1
-1405470,772478,1
-1405470,772892,1
-1405469,771989,1
-1405469,771990,1
-1405469,772031,1
-1405469,772387,2
-1405469,772389,1
-1405469,772423,1
-1405469,772456,1
-1405469,772496,1
-1405469,772832,1
-1405469,772837,1
-1405469,772873,1
-1405469,772890,1
-1405469,772895,1
-1405469,773332,1
-1405469,774134,1
-1405468,771947,1
-1405468,772037,1
-1405468,772042,1
-1405468,772403,1
-1405468,772508,1
-1405468,772832,18
-1405468,772870,1
-1405468,772872,1
-1405468,773335,1
-1405468,773336,6
-1405467,771944,1
-1405467,771995,1
-1405467,772050,1
-1405467,772406,1
-1405467,772834,1
-1405467,773097,1
-1405467,773214,1
-1405467,773336,1
-1405467,773337,1
-1405466,771945,1
-1405466,771949,1
-1405466,772014,1
-1405466,772059,1
-1405466,772081,1
-1405466,772404,1
-1405466,772478,1
-1405466,772485,1
-1405466,772502,1
-1405466,772826,1
-1405466,773207,1
-1405466,773334,28
-1405466,773345,1
-1405465,772212,1
-1405465,772386,2
-1405465,772395,3
-1405465,772398,2
-1405465,772831,1
-1405465,773223,1
-1405464,771670,1
-1405464,771952,1
-1405464,771954,1
-1405464,772036,1
-1405464,772063,1
-1405464,772391,1
-1405464,772417,1
-1405464,772838,1
-1405463,770725,1
-1405463,771670,1
-1405463,771832,1
-1405463,772021,1
-1405463,772030,2
-1405463,772057,39
-1405463,772062,1
-1405463,772392,1
-1405463,772393,1
-1405463,772499,1
-1405463,772833,1
-1405463,772841,1
-1405463,772878,1
-1405463,773337,1
-1405463,773881,7
-1405462,772017,1
-1405462,772027,1
-1405462,772388,1
-1405462,772391,1
-1405462,772418,1
-1405462,772435,1
-1405462,772487,1
-1405462,772500,1
-1405462,772843,1
-1405462,773222,1
-1405462,774217,39
-1405461,770726,1
-1405461,771782,1
-1405461,771989,1
-1405461,772062,1
-1405461,772064,1
-1405461,772279,1
-1405461,772396,1
-1405461,772411,2
-1405461,772416,1
-1405461,772421,1
-1405461,772493,1
-1405461,772494,1
-1405461,772499,1
-1405461,772880,1
-1405460,769822,1
-1405460,770725,1
-1405460,770731,1
-1405460,771958,1
-1405460,771986,1
-1405460,772031,1
-1405460,772061,1
-1405460,772403,1
-1405460,772422,4
-1405460,772435,1
-1405460,772452,1
-1405460,772464,1
-1405460,772491,1
-1405460,772499,1
-1405460,772500,2
-1405460,772503,1
-1405460,772529,1
-1405460,772535,1
-1405459,771419,1
-1405459,771963,1
-1405459,772021,1
-1405459,772058,1
-1405459,772062,1
-1405459,772067,1
-1405459,772099,1
-1405459,772208,1
-1405459,772413,1
-1405459,772414,1
-1405459,772472,6
-1405459,772481,1
-1405459,772484,1
-1405459,772485,1
-1405459,772493,1
-1405459,772507,1
-1405459,772550,3
-1405459,772843,1
-1405459,773407,1
-1405458,771423,1
-1405458,771836,1
-1405458,772052,2
-1405458,772058,1
-1405458,772067,1
-1405458,772073,1
-1405458,772081,1
-1405458,772090,1
-1405458,772413,1
-1405458,772417,1
-1405458,772487,1
-1405458,772492,1
-1405458,773336,1
-1405458,773340,1
-1405457,772394,1
-1405457,772414,1
-1405457,772448,1
-1405457,772484,1
-1405457,772491,1
-1405457,772527,1
-1405457,772557,1
-1405457,773248,1
-1405457,773327,3
-1405456,770726,1
-1405456,771982,1
-1405456,772012,5
-1405456,772060,1
-1405456,772070,1
-1405456,772081,1
-1405456,772289,1
-1405456,772396,1
-1405455,771978,1
-1405455,772067,1
-1405455,772069,1
-1405455,772384,1
-1405455,772422,1
-1405455,772484,1
-1405455,772488,1
-1405455,773248,1
-1405454,771676,1
-1405454,771796,1
-1405454,771947,1
-1405454,771970,1
-1405454,771978,1
-1405454,772015,1
-1405454,772081,1
-1405454,772791,1
-1405454,772852,1
-1405453,771993,1
-1405453,772075,1
-1405453,772087,1
-1405453,772093,1
-1405453,772112,1
-1405453,772180,4
-1405453,772217,1
-1405453,772414,1
-1405453,772423,1
-1405453,772425,1
-1405453,772485,20
-1405453,772491,1
-1405453,772522,1
-1405453,772538,1
-1405453,773059,1
-1405452,771990,1
-1405452,772069,1
-1405452,772073,1
-1405452,772082,1
-1405452,772085,1
-1405452,772413,1
-1405452,772419,1
-1405452,772513,1
-1405452,773059,1
-1405452,774402,1
-1405451,771995,1
-1405451,772018,1
-1405451,772055,1
-1405451,772064,1
-1405451,772081,1
-1405451,772082,1
-1405451,772086,1
-1405451,772092,1
-1405451,772263,1
-1405451,772276,1
-1405451,772414,1
-1405451,772415,1
-1405451,772427,1
-1405451,772465,12
-1405451,772520,1
-1405450,772051,1
-1405450,772071,1
-1405450,772072,1
-1405450,772078,1
-1405450,772084,1
-1405450,772085,1
-1405449,771972,1
-1405449,772019,1
-1405449,772047,1
-1405449,772407,1
-1405449,772416,1
-1405449,773065,1
-1405449,773409,1
-1405448,770953,8
-1405448,772009,1
-1405448,772060,1
-1405448,772076,1
-1405448,772218,1
-1405448,772405,1
-1405448,773187,1
-1405448,774221,1
-1405447,772008,1
-1405447,772013,1
-1405447,772023,1
-1405447,772065,24
-1405447,772074,1
-1405447,772091,1
-1405447,772092,1
-1405447,772095,1
-1405447,772426,1
-1405447,772521,1
-1405447,772527,1
-1405446,772015,1
-1405446,772022,1
-1405446,772062,1
-1405446,772069,1
-1405446,772070,1
-1405446,772071,1
-1405446,772086,1
-1405446,772284,1
-1405446,772419,12
-1405446,772431,1
-1405446,772444,1
-1405446,773080,1
-1405446,774021,1
-1405445,771852,1
-1405445,772021,1
-1405445,772045,1
-1405445,772083,1
-1405445,772089,1
-1405445,772103,1
-1405445,772423,1
-1405445,773435,1
-1405444,772076,1
-1405444,772078,2
-1405444,772088,1
-1405444,772091,1
-1405444,772101,1
-1405444,772408,1
-1405444,772847,1
-1405444,773798,1
-1405444,773873,1
-1405443,772022,1
-1405443,772058,1
-1405443,772060,1
-1405443,772080,1
-1405443,772092,1
-1405443,772099,1
-1405443,772421,1
-1405443,772524,1
-1405443,773343,1
-1405442,772067,1
-1405442,772072,1
-1405442,772101,1
-1405442,772103,1
-1405442,772223,1
-1405442,772250,1
-1405442,772417,2
-1405442,772426,1
-1405442,772441,1
-1405442,772575,1
-1405442,772579,1
-1405442,773044,1
-1405442,773350,1
-1405442,774021,1
-1405441,772037,1
-1405441,772092,1
-1405441,772093,1
-1405441,772101,1
-1405441,772102,1
-1405441,772422,1
-1405440,771945,1
-1405440,771973,1
-1405440,772043,2
-1405440,772067,2
-1405440,772100,1
-1405440,772420,1
-1405440,772438,1
-1405440,772529,1
-1405440,772535,1
-1405440,772540,1
-1405440,773998,1
-1405439,772039,1
-1405439,772055,1
-1405439,772075,1
-1405439,773172,1
-1405439,773178,1
-1405439,773796,1
-1405438,771958,1
-1405438,772039,1
-1405438,772073,1
-1405438,772097,2
-1405438,772402,1
-1405438,772425,1
-1405438,772478,1
-1405438,772537,1
-1405438,773153,1
-1405438,773185,1
-1405438,773962,1
-1405437,772086,1
-1405437,772440,1
-1405437,772467,1
-1405436,771029,1
-1405436,772041,1
-1405436,772068,1
-1405436,773180,1
-1405435,772183,1
-1405435,772324,1
-1405435,772528,1
-1405435,772537,1
-1405435,772542,1
-1405435,772812,1
-1405435,773794,1
-1405434,771938,1
-1405434,772018,1
-1405434,772074,46
-1405434,772082,1
-1405434,772095,1
-1405434,772096,1
-1405434,772107,1
-1405434,773392,1
-1405434,774209,1
-1405433,772056,1
-1405433,772070,1
-1405433,772077,1
-1405433,772081,2
-1405433,772098,1
-1405433,772100,1
-1405433,772420,1
-1405433,772542,1
-1405433,773183,1
-1405432,772073,1
-1405432,772086,1
-1405432,772107,1
-1405432,772251,1
-1405432,772563,1
-1405431,772069,1
-1405431,772278,1
-1405431,772550,1
-1405430,772071,1
-1405430,772072,2
-1405430,772416,1
-1405430,772421,1
-1405430,772469,10
-1405430,772545,1
-1405430,772548,1
-1405430,773147,1
-1405430,773349,1
-1405430,773453,1
-1405429,771878,1
-1405429,772070,2
-1405429,772075,1
-1405429,772084,1
-1405429,772091,1
-1405429,772109,1
-1405429,772545,1
-1405429,772548,1
-1405429,772554,1
-1405428,771808,1
-1405428,772073,1
-1405427,771420,2
-1405427,771436,1
-1405427,772063,1
-1405427,772103,1
-1405427,772233,1
-1405426,771342,3
-1405426,772126,1
-1405426,772562,1
-1405425,772489,1
-1405425,772568,1
-1405425,772571,1
-1405424,770977,1
-1405424,772561,1
-1405424,772786,1
-1405424,774148,1
-1405424,774250,2
-1405423,771897,1
-1405423,772168,1
-1405423,772298,1
-1405422,771352,1
-1405422,772056,1
-1405422,772269,1
-1405422,772557,1
-1405422,773107,1
-1405421,772124,1
-1405421,772568,1
-1405421,772569,1
-1405420,772129,1
-1405420,772426,1
-1405420,772430,1
-1405420,772466,1
-1405420,772566,1
-1405419,772299,1
-1405419,772550,1
-1405419,772563,1
-1405419,772570,1
-1405419,774004,1
-1405418,771330,1
-1405418,771913,1
-1405418,772583,1
-1405417,773088,1
-1405416,771430,1
-1405416,772128,1
-1405415,771715,1
-1405415,772119,1
-1405415,772190,1
-1405415,772281,1
-1405415,772290,1
-1405415,772464,1
-1405415,774159,4
-1405414,772294,1
-1405413,772524,1
-1405412,771948,3
-1405412,772119,1
-1405412,772457,1
-1405411,772218,1
-1405411,772292,1
-1405411,772295,1
-1405411,773086,1
-1405411,774055,1
-1405410,771409,1
-1405410,773063,1
-1405410,774157,1
-1405409,771810,1
-1405409,772123,1
-1405409,772238,1
-1405409,773061,5
-1405409,773062,1
-1405409,774093,1
-1405409,774182,1
-1405408,773061,1
-1405408,773089,1
-1405407,772311,1
-1405407,773100,1
-1405406,772074,1
-1405405,772065,1
-1405405,772149,1
-1405404,772005,1
-1405404,772020,1
-1405404,772542,1
-1405404,773096,1
-1405403,772061,1
-1405403,773220,1
-1405402,771416,1
-1405402,771811,1
-1405402,771924,1
-1405402,772292,2
-1405402,772328,1
-1405402,772456,1
-1405402,772471,1
-1405402,772813,1
-1405402,773908,1
-1405402,774175,3
-1405401,771382,1
-1405401,771783,1
-1405401,772286,1
-1405401,772316,1
-1405400,772078,1
-1405400,772108,1
-1405400,772333,1
-1405399,771994,1
-1405399,772058,2
-1405398,772168,1
-1405398,774226,1
-1405397,771990,1
-1405397,771998,1
-1405397,772015,1
-1405397,772088,1
-1405397,772256,1
-1405396,772284,1
-1405396,772493,1
-1405396,772804,1
-1405395,771863,1
-1405395,772079,1
-1405395,772181,1
-1405395,774189,1
-1405394,771997,1
-1405394,772057,1
-1405394,772148,1
-1405393,772193,1
-1405393,772260,1
-1405392,772002,1
-1405392,772088,1
-1405392,772095,1
-1405392,772153,1
-1405392,774183,1
-1405391,771688,1
-1405391,771689,1
-1405391,772095,1
-1405390,771584,1
-1405390,772143,1
-1405390,772336,1
-1405390,772573,1
-1405389,772152,1
-1405389,772514,1
-1405389,772800,1
-1405389,774176,1
-1405388,771598,1
-1405388,772004,1
-1405388,772074,2
-1405388,772097,1
-1405388,774126,1
-1405387,772040,1
-1405387,772044,1
-1405387,772211,1
-1405387,772221,1
-1405387,772504,1
-1405386,771970,1
-1405386,772002,1
-1405386,772225,1
-1405386,772266,1
-1405386,772784,1
-1405385,771588,1
-1405385,771724,1
-1405385,772380,1
-1405385,773166,1
-1405384,772381,1
-1405384,772500,1
-1405384,772581,1
-1405384,773951,1
-1405383,772101,1
-1405383,774185,1
-1405382,771719,1
-1405382,772117,2
-1405382,772125,1
-1405382,772132,1
-1405382,772142,1
-1405382,774445,9
-1405381,771737,1
-1405381,771739,1
-1405381,772607,1
-1405381,773164,1
-1405380,771672,1
-1405380,772030,1
-1405380,772082,1
-1405380,772219,1
-1405380,774174,4
-1405380,774180,1
-1405380,774182,3
-1405380,774406,1
-1405379,771740,2
-1405379,772068,2
-1405379,773493,1
-1405378,770480,1
-1405378,771739,1
-1405378,772425,1
-1405377,771739,2
-1405377,772081,1
-1405377,772289,1
-1405377,774173,1
-1405377,774176,4
-1405377,774189,1
-1405376,771741,1
-1405376,772369,1
-1405376,772885,1
-1405376,774164,31
-1405376,774172,26
-1405375,771711,4
-1405375,772060,1
-1405375,772067,1
-1405375,772143,1
-1405375,772368,1
-1405374,772110,1
-1405374,772299,1
-1405374,772483,1
-1405374,774175,1
-1405373,772204,1
-1405372,771739,1
-1405372,771741,1
-1405372,772299,1
-1405372,772475,1
-1405372,773180,1
-1405372,774167,1
-1405372,774189,1
-1405371,772110,1
-1405371,772118,1
-1405370,771395,1
-1405370,771741,1
-1405370,772333,1
-1405370,774438,1
-1405369,772054,1
-1405369,774224,1
-1405368,771388,1
-1405368,771392,1
-1405368,772237,1
-1405368,772379,1
-1405368,773310,13
-1405368,773966,1
-1405368,774164,1
-1405367,772137,1
-1405367,772562,1
-1405367,773200,1
-1405366,772125,1
-1405366,772501,1
-1405366,772533,1
-1405365,771612,1
-1405364,771745,1
-1405364,771746,1
-1405364,773336,1
-1405364,774145,1
-1405364,774155,1
-1405363,771399,1
-1405363,771871,1
-1405363,772027,1
-1405363,772276,1
-1405363,773529,1
-1405363,774337,1
-1405362,771871,1
-1405362,771994,1
-1405362,772030,1
-1405362,772898,1
-1405362,773176,1
-1405361,771739,1
-1405361,772128,1
-1405361,772263,1
-1405361,772433,1
-1405357,772246,1
-1405357,772251,1
-1405357,772456,1
-1405357,772568,1
-1405356,774438,1
-1405355,771627,1
-1405355,772454,1
-1405355,772571,1
-1405355,773484,1
-1405355,773499,1
-1405352,771195,1
-1405352,771740,8
-1405352,772454,1
-1405351,771328,1
-1405351,771779,1
-1405351,773594,1
-1405350,771327,1
-1405350,771328,1
-1405350,771329,1
-1405350,771702,1
-1405350,772703,1
-1405350,774412,1
-1405349,771328,4
-1405349,771329,1
-1405349,771589,1
-1405349,772371,1
-1405349,772540,1
-1405348,771329,1
-1405348,771743,4
-1405348,772513,1
-1405348,773014,1
-1405348,773130,1
-1405348,774428,1
-1405347,771671,1
-1405347,771736,1
-1405347,772450,1
-1405346,773716,1
-1405346,774398,1
-1405346,774400,1
-1405345,771192,1
-1405345,771326,5
-1405345,771689,1
-1405345,771747,1
-1405345,773011,1
-1405345,773715,1
-1405345,773938,1
-1405344,771690,1
-1405344,771715,1
-1405344,773500,1
-1405343,771685,1
-1405343,772403,1
-1405343,772748,1
-1405343,772805,1
-1405343,772917,1
-1405342,772534,1
-1405342,772798,1
-1405341,772532,1
-1405341,773385,1
-1405340,771691,1
-1405340,771752,1
-1405340,772372,1
-1405340,772392,1
-1405340,773369,1
-1405340,774384,1
-1405339,771722,1
-1405339,771758,1
-1405339,772439,1
-1405338,772370,1
-1405337,771763,1
-1405337,772378,1
-1405337,772429,1
-1405337,772546,1
-1405336,771779,1
-1405336,772542,1
-1405336,773541,1
-1405335,771697,1
-1405335,772378,1
-1405335,773027,1
-1405335,774406,1
-1405335,774429,1
-1405334,772796,1
-1405334,773714,1
-1405334,774373,1
-1405334,774375,1
-1405334,774388,1
-1405334,774445,1
-1405333,771729,1
-1405333,772567,1
-1405333,774376,1
-1405332,772247,1
-1405332,772405,1
-1405332,773497,1
-1405331,772382,1
-1405331,772403,1
-1405330,772379,1
-1405330,772572,1
-1405329,769911,1
-1405329,772466,1
-1405328,771730,1
-1405328,772406,1
-1405327,772369,1
-1405327,773209,1
-1405326,771766,1
-1405326,772249,1
-1405325,771593,9
-1405325,772433,1
-1405325,773153,1
-1405325,774214,1
-1405324,771735,1
-1405324,772543,1
-1405324,774381,1
-1405323,772787,1
-1405323,773006,1
-1405322,771716,1
-1405322,774367,1
-1405321,774234,1
-1405321,774371,1
-1405320,772475,1
-1405320,773841,1
-1405320,774373,1
-1405320,774378,1
-1405320,774391,1
-1405319,771684,1
-1405317,772512,1
-1405317,772518,1
-1405317,773434,1
-1405316,772445,1
-1405316,772603,1
-1405316,772605,1
-1405314,773357,1
-1405313,773035,1
-1405312,772371,1
-1405311,772104,1
-1405311,774351,1
-1405310,772101,1
-1405310,772114,1
-1405310,772356,1
-1405310,772479,1
-1405310,773502,1
-1405310,774344,1
-1405310,774445,1
-1405309,772291,1
-1405309,773502,1
-1405309,773537,1
-1405309,774355,1
-1405308,772452,1
-1405308,773341,1
-1405307,771600,1
-1405307,771754,1
-1405307,773504,1
-1405307,774412,1
-1405306,772253,1
-1405306,772482,1
-1405306,772529,1
-1405306,773359,1
-1405306,773505,1
-1405306,774246,1
-1405305,771381,1
-1405305,772404,1
-1405305,772503,3
-1405305,774411,1
-1405304,771747,1
-1405304,772307,1
-1405304,772391,1
-1405304,772538,1
-1405304,774400,1
-1405303,772247,1
-1405303,772458,3
-1405303,772529,1
-1405303,772581,1
-1405303,772618,1
-1405303,774343,1
-1405303,774354,1
-1405302,773204,1
-1405302,774357,1
-1405302,774363,1
-1405302,774431,5
-1405301,772397,1
-1405301,774355,1
-1405299,771689,1
-1405299,772483,1
-1405298,770728,1
-1405298,771552,1
-1405298,771630,1
-1405298,772500,1
-1405298,774359,1
-1405298,774425,1
-1405298,774441,2
-1405297,772511,1
-1405297,772926,3
-1405297,773360,1
-1405297,773710,1
-1405297,774446,3
-1405296,772358,1
-1405296,772499,1
-1405295,772466,1
-1405295,772502,2
-1405295,774445,1
-1405294,772449,1
-1405294,772503,1
-1405294,774052,2
-1405294,774053,1
-1405293,771736,1
-1405293,774373,1
-1405293,774379,1
-1405293,774440,1
-1405292,769842,1
-1405292,772434,1
-1405292,772503,1
-1405292,772548,1
-1405292,774294,1
-1405292,774377,1
-1405292,774406,1
-1405292,774417,1
-1405292,774421,1
-1405292,774435,12
-1405291,772442,1
-1405291,772481,1
-1405291,772485,1
-1405291,772489,1
-1405291,772511,1
-1405291,772516,1
-1405291,772828,1
-1405291,774053,3
-1405291,774054,1
-1405291,774367,1
-1405291,774375,22
-1405291,774415,1
-1405290,769708,1
-1405290,772520,1
-1405290,772535,1
-1405290,772544,1
-1405290,772940,3
-1405290,773358,1
-1405290,774052,1
-1405290,774053,1
-1405290,774054,2
-1405290,774258,1
-1405290,774374,1
-1405290,774392,1
-1405289,774306,1
-1405288,772479,1
-1405288,772542,1
-1405288,773190,1
-1405288,774346,1
-1405287,771493,1
-1405287,772258,1
-1405287,772540,1
-1405287,774352,1
-1405287,774356,1
-1405287,774365,3
-1405286,773297,1
-1405286,773463,1
-1405286,773982,1
-1405286,774353,1
-1405286,774405,1
-1405286,774422,1
-1405286,774427,1
-1405286,774437,1
-1405285,769809,1
-1405285,773466,1
-1405285,774371,1
-1405285,774388,1
-1405285,774402,1
-1405284,772488,1
-1405284,772541,1
-1405284,772656,1
-1405284,774057,1
-1405284,774189,1
-1405284,774365,1
-1405284,774390,14
-1405284,774429,3
-1405283,773729,1
-1405283,774348,1
-1405283,774354,1
-1405282,771690,1
-1405282,771746,1
-1405282,772243,1
-1405282,772426,1
-1405282,772505,1
-1405282,772584,1
-1405282,772681,1
-1405282,773468,1
-1405282,774379,1
-1405282,774433,31
-1405281,772521,1
-1405281,772545,1
-1405281,772550,1
-1405281,774347,1
-1405281,774349,1
-1405281,774366,1
-1405280,772314,1
-1405280,772436,1
-1405280,772599,1
-1405280,773980,1
-1405280,774160,1
-1405280,774347,1
-1405280,774350,1
-1405280,774417,1
-1405279,772502,1
-1405279,772548,1
-1405278,774338,1
-1405278,774345,1
-1405278,774440,1
-1405277,771297,1
-1405277,772334,1
-1405277,772622,1
-1405277,774331,12
-1405277,774396,1
-1405276,772482,1
-1405276,774220,1
-1405276,774360,1
-1405276,774436,17
-1405275,772486,1
-1405275,772525,6
-1405275,774010,1
-1405274,771231,1
-1405274,774345,28
-1405274,774346,2
-1405274,774356,1
-1405274,774357,1
-1405274,774358,1
-1405274,774381,1
-1405274,774392,35
-1405274,774419,1
-1405274,774428,4
-1405273,771610,1
-1405273,773038,1
-1405273,774345,1
-1405273,774346,1
-1405273,774359,1
-1405272,772381,11
-1405272,772482,1
-1405272,772486,1
-1405272,772575,1
-1405272,773948,1
-1405272,774426,1
-1405271,772318,1
-1405271,773751,1
-1405271,774395,33
-1405271,774422,1
-1405270,771396,1
-1405270,772613,2
-1405270,773978,1
-1405270,774323,4
-1405270,774353,3
-1405270,774354,1
-1405270,774355,1
-1405269,769728,1
-1405269,773467,1
-1405268,772374,1
-1405268,773932,1
-1405268,774352,1
-1405267,771745,1
-1405267,773326,1
-1405267,773478,1
-1405267,774353,1
-1405267,774354,1
-1405266,771401,1
-1405266,772418,1
-1405266,773478,1
-1405266,773479,1
-1405266,774348,1
-1405266,774429,1
-1405265,771404,1
-1405265,772478,1
-1405265,772514,1
-1405265,773480,1
-1405265,774344,1
-1405265,774387,1
-1405264,771400,1
-1405264,772883,1
-1405264,772936,1
-1405264,773478,1
-1405264,774414,1
-1405263,772489,1
-1405263,772534,1
-1405263,773325,2
-1405263,773478,1
-1405263,773479,1
-1405262,773806,1
-1405262,774242,1
-1405262,774352,1
-1405261,773324,1
-1405261,773325,1
-1405261,773513,1
-1405261,774371,1
-1405261,774423,3
-1405261,774444,1
-1405260,773330,1
-1405260,773334,1
-1405260,773475,1
-1405260,774363,1
-1405260,774439,1
-1405259,771375,1
-1405259,771734,1
-1405259,773354,1
-1405259,773639,1
-1405259,774428,6
-1405258,771720,1
-1405258,772552,1
-1405258,773482,1
-1405258,774367,1
-1405258,774436,1
-1405257,772483,1
-1405257,773323,1
-1405257,774423,1
-1405257,774445,1
-1405256,771172,1
-1405256,771563,1
-1405256,772407,1
-1405256,772499,1
-1405256,773335,1
-1405256,773340,1
-1405255,770309,1
-1405255,772971,1
-1405255,773334,1
-1405255,773351,1
-1405255,773975,1
-1405255,774073,1
-1405254,773594,1
-1405253,772215,1
-1405253,772412,1
-1405253,772587,1
-1405253,773349,1
-1405253,773350,1
-1405252,772411,1
-1405252,773216,1
-1405252,773352,1
-1405252,774444,1
-1405251,772520,1
-1405250,771395,1
-1405250,772230,1
-1405250,772489,1
-1405250,772525,1
-1405250,772950,1
-1405250,773344,1
-1405250,774273,1
-1405249,772457,1
-1405249,773338,1
-1405249,773534,1
-1405249,774224,1
-1405249,774434,1
-1405248,771693,17
-1405248,772210,1
-1405248,772211,1
-1405248,774439,1
-1405247,772481,1
-1405247,772530,1
-1405247,772764,1
-1405247,773906,1
-1405246,771627,1
-1405246,772487,1
-1405246,772834,1
-1405246,773307,1
-1405245,771452,1
-1405245,771569,1
-1405245,772451,1
-1405245,772455,1
-1405245,772476,2
-1405245,772579,2
-1405245,773358,1
-1405245,773969,1
-1405245,774358,1
-1405244,772052,2
-1405244,772210,1
-1405244,772454,1
-1405244,772508,1
-1405244,772640,2
-1405244,774412,13
-1405243,771415,1
-1405243,772467,1
-1405243,772502,1
-1405243,772942,1
-1405243,774229,1
-1405242,772452,1
-1405242,772455,1
-1405242,772457,1
-1405242,772462,1
-1405242,772463,1
-1405242,772464,1
-1405242,772466,1
-1405242,772469,1
-1405242,772513,1
-1405242,772889,1
-1405242,773583,1
-1405241,771774,1
-1405241,772499,1
-1405241,772508,1
-1405241,772520,1
-1405241,772571,1
-1405241,772895,1
-1405240,771248,1
-1405240,772178,1
-1405240,772489,1
-1405240,774431,1
-1405239,772450,1
-1405239,772461,8
-1405239,772467,1
-1405239,772469,1
-1405239,772526,1
-1405239,772792,1
-1405239,773081,1
-1405239,773084,1
-1405239,773311,1
-1405238,771697,1
-1405238,772502,1
-1405238,772510,1
-1405238,772523,1
-1405238,772536,1
-1405238,774133,1
-1405238,774418,1
-1405237,771432,1
-1405237,771462,1
-1405237,771467,1
-1405237,772449,1
-1405237,774356,2
-1405237,774418,1
-1405236,772440,1
-1405236,772549,1
-1405236,772567,1
-1405236,773339,1
-1405236,773584,1
-1405236,774369,1
-1405235,772444,1
-1405235,772534,1
-1405235,773656,1
-1405234,772442,3
-1405234,772483,1
-1405234,772529,1
-1405233,771466,1
-1405233,772435,1
-1405233,772448,1
-1405233,772600,1
-1405233,773583,1
-1405232,771468,1
-1405232,772442,1
-1405232,772521,1
-1405232,772535,1
-1405231,771469,1
-1405231,771474,1
-1405231,771545,1
-1405231,771667,1
-1405231,772502,1
-1405231,772571,1
-1405231,772600,1
-1405231,774325,1
-1405230,771755,1
-1405230,772431,1
-1405230,772438,1
-1405230,773344,1
-1405230,774404,1
-1405229,770204,1
-1405229,772468,12
-1405229,773333,1
-1405229,773370,1
-1405228,770204,2
-1405228,772435,1
-1405228,772453,1
-1405228,772562,1
-1405228,773487,1
-1405227,771753,1
-1405227,772454,2
-1405227,772566,1
-1405227,772570,1
-1405227,774161,1
-1405226,772564,1
-1405226,772818,1
-1405226,773060,1
-1405226,773354,1
-1405226,774387,1
-1405226,774394,3
-1405226,774411,1
-1405226,774445,1
-1405225,771527,1
-1405225,771542,1
-1405225,772410,1
-1405225,772420,1
-1405225,772568,1
-1405225,772802,1
-1405224,771657,1
-1405224,772049,1
-1405224,772064,2
-1405224,772535,1
-1405224,772541,1
-1405224,772562,1
-1405224,772570,1
-1405224,772626,1
-1405224,773935,1
-1405223,771749,1
-1405223,772567,3
-1405223,772569,1
-1405223,772912,1
-1405222,771470,1
-1405222,772547,1
-1405222,772563,1
-1405222,772564,1
-1405222,772566,2
-1405222,772567,3
-1405222,772568,1
-1405222,773439,1
-1405222,773663,1
-1405222,774126,1
-1405221,771754,1
-1405221,772534,1
-1405221,772536,1
-1405221,772564,1
-1405221,772566,1
-1405221,772568,2
-1405221,772573,3
-1405220,771750,1
-1405220,772422,1
-1405220,772451,1
-1405220,772539,2
-1405220,772566,1
-1405220,772568,1
-1405220,773393,1
-1405219,771415,1
-1405219,772413,1
-1405219,772569,1
-1405219,773439,1
-1405218,772539,1
-1405218,772566,1
-1405218,772577,7
-1405218,774175,1
-1405218,774328,2
-1405217,771725,1
-1405217,772457,1
-1405217,772461,28
-1405217,772567,1
-1405217,772839,2
-1405217,773902,1
-1405217,774116,1
-1405217,774441,1
-1405216,771450,1
-1405216,771453,1
-1405216,772441,1
-1405216,772454,1
-1405216,772530,1
-1405215,771653,1
-1405215,772435,8
-1405215,772449,1
-1405215,772574,1
-1405215,773139,1
-1405215,773297,1
-1405215,773392,1
-1405215,773421,1
-1405215,774194,1
-1405214,772531,1
-1405214,773409,1
-1405213,772445,1
-1405213,773418,1
-1405213,773657,1
-1405213,774402,1
-1405213,774431,1
-1405212,771268,1
-1405212,772536,1
-1405212,772774,1
-1405212,773309,1
-1405212,773408,1
-1405212,774431,1
-1405211,771454,1
-1405211,772642,3
-1405211,774149,3
-1405211,774421,1
-1405210,771446,1
-1405210,772508,1
-1405210,772646,1
-1405210,773318,1
-1405210,774423,1
-1405209,771496,1
-1405209,772454,1
-1405209,772534,1
-1405209,772644,1
-1405209,772779,1
-1405209,773359,1
-1405209,773435,1
-1405209,774129,1
-1405209,774139,1
-1405208,771453,1
-1405208,772533,1
-1405208,772537,1
-1405208,772539,1
-1405208,772782,1
-1405208,772785,1
-1405208,773396,1
-1405207,772446,1
-1405207,772541,1
-1405207,772575,1
-1405207,772580,1
-1405207,773348,5
-1405207,773361,9
-1405207,773977,1
-1405206,771653,1
-1405206,772427,1
-1405206,772494,1
-1405206,772573,2
-1405205,771482,1
-1405205,771730,1
-1405205,772445,1
-1405205,772449,7
-1405205,772491,1
-1405205,772546,1
-1405205,772559,1
-1405205,772649,3
-1405205,773382,1
-1405205,774366,1
-1405204,772433,1
-1405204,772527,1
-1405204,772542,1
-1405204,772563,1
-1405204,773372,3
-1405203,771489,1
-1405203,772478,1
-1405203,772535,1
-1405203,772586,1
-1405202,771741,1
-1405202,772015,1
-1405202,772438,1
-1405202,772446,1
-1405202,772447,1
-1405202,772450,1
-1405202,772456,1
-1405202,772511,1
-1405202,772518,1
-1405202,772533,1
-1405202,772535,1
-1405202,774361,1
-1405201,771485,1
-1405201,772531,1
-1405201,772542,1
-1405201,772562,1
-1405201,772895,1
-1405201,773877,1
-1405201,774371,1
-1405200,771540,1
-1405200,771629,1
-1405200,772470,9
-1405200,772531,1
-1405200,772543,2
-1405200,772544,1
-1405200,772561,1
-1405200,774387,1
-1405200,774408,1
-1405199,772024,1
-1405199,772545,1
-1405199,772549,1
-1405199,773390,1
-1405199,773415,1
-1405199,773871,4
-1405199,774312,2
-1405198,772022,1
-1405198,772437,1
-1405198,772441,1
-1405198,772513,1
-1405198,772516,1
-1405198,772537,8
-1405198,772610,2
-1405198,772648,1
-1405198,773290,1
-1405198,773389,1
-1405198,774395,1
-1405197,771492,1
-1405197,772018,1
-1405197,772022,1
-1405197,772516,1
-1405197,772564,1
-1405196,771484,1
-1405196,772016,1
-1405196,772019,1
-1405196,772022,1
-1405196,772023,1
-1405196,772536,1
-1405196,772943,1
-1405195,769797,1
-1405195,771507,1
-1405195,772020,1
-1405195,772496,1
-1405195,772518,1
-1405195,772525,1
-1405195,773313,1
-1405195,773314,1
-1405195,773429,1
-1405195,773464,1
-1405195,773465,1
-1405195,773467,1
-1405195,774152,1
-1405195,774374,1
-1405195,774388,2
-1405194,769827,18
-1405194,772370,1
-1405194,772511,1
-1405194,772538,1
-1405194,772897,1
-1405194,774132,1
-1405194,774391,1
-1405193,771447,1
-1405193,771658,1
-1405193,772394,1
-1405193,772446,1
-1405193,772516,1
-1405193,772525,1
-1405193,772541,1
-1405193,772762,1
-1405193,773315,1
-1405193,774402,1
-1405192,771499,1
-1405192,772032,1
-1405192,772494,1
-1405192,772517,1
-1405192,772536,1
-1405192,772772,1
-1405192,773374,1
-1405192,773380,1
-1405192,773465,1
-1405192,774110,1
-1405192,774409,1
-1405191,771281,1
-1405191,772438,1
-1405191,772508,1
-1405191,772541,1
-1405191,772617,1
-1405191,772647,1
-1405191,772763,1
-1405191,772795,1
-1405191,773374,1
-1405191,773513,1
-1405191,774109,1
-1405191,774344,1
-1405190,769859,1
-1405190,772204,3
-1405190,772540,1
-1405190,772673,2
-1405190,772778,1
-1405190,774367,1
-1405189,771667,1
-1405189,771705,1
-1405189,772421,1
-1405189,772502,1
-1405189,772536,1
-1405189,773310,1
-1405189,773316,1
-1405189,773460,1
-1405189,773475,1
-1405189,774337,1
-1405189,774406,1
-1405188,772358,1
-1405188,772446,1
-1405188,772453,6
-1405188,772518,2
-1405188,772542,1
-1405188,772580,2
-1405188,772581,1
-1405188,772584,1
-1405188,773313,1
-1405188,774345,1
-1405188,774406,1
-1405187,772139,1
-1405187,772444,1
-1405187,772508,1
-1405187,772578,1
-1405187,772579,1
-1405187,772580,2
-1405187,772584,1
-1405187,772586,1
-1405187,772594,7
-1405187,773545,1
-1405187,774192,1
-1405187,774409,1
-1405186,771655,1
-1405186,772426,1
-1405186,772444,2
-1405186,772521,1
-1405186,772578,1
-1405186,772579,3
-1405186,772580,1
-1405186,772583,2
-1405186,772584,1
-1405186,772588,1
-1405186,772591,1
-1405186,773351,1
-1405186,773395,1
-1405186,774375,1
-1405185,772141,1
-1405185,772578,2
-1405185,772580,1
-1405185,772581,2
-1405185,772582,1
-1405185,773414,1
-1405185,774299,1
-1405185,774401,1
-1405184,772397,15
-1405184,772472,1
-1405184,772473,1
-1405184,772540,1
-1405184,772580,2
-1405184,772581,2
-1405184,772583,1
-1405184,772586,1
-1405184,772890,1
-1405184,773348,1
-1405184,774353,1
-1405184,774407,1
-1405183,771671,7
-1405183,772530,1
-1405183,772579,1
-1405183,772580,2
-1405183,773306,1
-1405183,773361,1
-1405183,773861,40
-1405183,774100,1
-1405183,774234,1
-1405183,774379,1
-1405182,772574,1
-1405182,772578,3
-1405182,772584,1
-1405182,773365,1
-1405182,773373,1
-1405182,773385,1
-1405182,774178,1
-1405182,774363,1
-1405181,771673,5
-1405181,772419,3
-1405181,772437,1
-1405181,772531,1
-1405181,772578,2
-1405181,772582,1
-1405181,772594,1
-1405181,773318,1
-1405181,773348,1
-1405181,773865,70
-1405181,774377,1
-1405180,772539,1
-1405180,772541,1
-1405180,772577,1
-1405180,772579,1
-1405180,772582,1
-1405180,773356,1
-1405180,773376,3
-1405180,774131,1
-1405180,774146,1
-1405180,774207,1
-1405180,774399,1
-1405179,772365,1
-1405179,772516,1
-1405179,772527,1
-1405179,772580,1
-1405178,772397,1
-1405178,772472,1
-1405178,772527,1
-1405178,772575,1
-1405178,772578,1
-1405178,772579,1
-1405178,772581,1
-1405178,772595,5
-1405178,772630,1
-1405178,772653,1
-1405178,773367,1
-1405178,774092,1
-1405178,774382,1
-1405178,774403,1
-1405177,772451,1
-1405177,772471,1
-1405177,772516,1
-1405177,772540,1
-1405177,772561,1
-1405177,773309,1
-1405177,773389,1
-1405177,774030,1
-1405177,774094,1
-1405177,774099,1
-1405177,774100,1
-1405177,774222,1
-1405177,774380,1
-1405176,771660,1
-1405176,771741,1
-1405176,772365,1
-1405176,772381,1
-1405176,772527,2
-1405176,772896,5
-1405176,773282,1
-1405176,773339,1
-1405176,774088,1
-1405176,774098,1
-1405176,774135,1
-1405175,772396,1
-1405175,772581,1
-1405175,772584,1
-1405175,772917,1
-1405175,773308,1
-1405175,773338,1
-1405175,773973,1
-1405175,774027,12
-1405175,774127,1
-1405175,774237,1
-1405174,772430,1
-1405174,772552,1
-1405174,773386,1
-1405174,774248,1
-1405174,774322,1
-1405174,774328,1
-1405173,772408,1
-1405173,773340,1
-1405173,773860,1
-1405173,774122,1
-1405173,774362,1
-1405172,772320,1
-1405172,772395,1
-1405172,772441,2
-1405172,772497,1
-1405172,772539,1
-1405172,772576,1
-1405172,772595,22
-1405172,772652,1
-1405172,772885,3
-1405172,773077,1
-1405172,773386,1
-1405172,774094,1
-1405172,774099,1
-1405172,774127,1
-1405172,774375,4
-1405172,774399,1
-1405171,772390,1
-1405171,772394,2
-1405171,772398,1
-1405171,772432,1
-1405171,772492,1
-1405171,772505,1
-1405171,772538,1
-1405171,773073,1
-1405171,773340,1
-1405171,773633,1
-1405171,773857,1
-1405171,774101,1
-1405171,774234,1
-1405171,774347,1
-1405171,774372,1
-1405170,773339,2
-1405170,773343,1
-1405170,773863,1
-1405170,774095,1
-1405170,774132,1
-1405170,774244,1
-1405170,774336,2
-1405169,772393,1
-1405169,772438,1
-1405169,772518,1
-1405169,773084,1
-1405169,773362,1
-1405169,773369,1
-1405169,773869,1
-1405169,774031,1
-1405169,774106,1
-1405169,774232,1
-1405169,774292,1
-1405169,774418,1
-1405168,772491,1
-1405168,772525,1
-1405168,772540,1
-1405168,772886,1
-1405168,773354,1
-1405168,773362,1
-1405168,774178,1
-1405167,771558,1
-1405167,772513,1
-1405167,773851,1
-1405167,774120,1
-1405167,774190,1
-1405167,774236,1
-1405167,774363,1
-1405166,771530,1
-1405166,772365,25
-1405166,773290,1
-1405166,773856,1
-1405166,774022,1
-1405166,774118,1
-1405166,774191,1
-1405166,774232,2
-1405166,774363,1
-1405165,772406,1
-1405165,772485,1
-1405165,772491,1
-1405165,772499,1
-1405165,772513,1
-1405165,772524,1
-1405165,772598,1
-1405165,772613,1
-1405165,772651,2
-1405165,773567,1
-1405165,774157,1
-1405165,774228,1
-1405165,774236,1
-1405165,774361,4
-1405165,774362,1
-1405165,774363,1
-1405164,771562,1
-1405164,772541,1
-1405164,773414,1
-1405164,773732,1
-1405164,773861,1
-1405164,774111,1
-1405164,774118,1
-1405164,774237,1
-1405164,774243,1
-1405164,774246,1
-1405163,771795,1
-1405163,772353,1
-1405163,772522,1
-1405163,772523,1
-1405163,772557,1
-1405163,773357,1
-1405163,773363,1
-1405163,773509,1
-1405163,773889,1
-1405163,773897,55
-1405163,774015,5
-1405163,774082,1
-1405163,774237,1
-1405163,774239,1
-1405163,774240,1
-1405163,774241,1
-1405163,774244,1
-1405163,774245,1
-1405163,774248,1
-1405163,774361,1
-1405163,774367,1
-1405162,771756,1
-1405162,772465,1
-1405162,772483,1
-1405162,772549,1
-1405162,773107,1
-1405162,773360,1
-1405162,773380,1
-1405162,773862,1
-1405162,774079,1
-1405162,774116,21
-1405162,774241,21
-1405162,774243,1
-1405162,774245,2
-1405162,774247,1
-1405162,774250,1
-1405162,774370,1
-1405161,772388,1
-1405161,772428,1
-1405161,772483,1
-1405161,772487,1
-1405161,772561,1
-1405161,772581,1
-1405161,773371,1
-1405161,773861,1
-1405161,774080,1
-1405161,774122,1
-1405161,774237,1
-1405161,774238,1
-1405161,774242,1
-1405161,774244,1
-1405161,774246,1
-1405161,774247,1
-1405161,774249,1
-1405161,774361,2
-1405161,774364,1
-1405161,774365,1
-1405161,774366,1
-1405160,772483,1
-1405160,772484,2
-1405160,772486,2
-1405160,772532,1
-1405160,773368,1
-1405160,773388,1
-1405160,774098,1
-1405160,774111,1
-1405160,774115,1
-1405160,774241,1
-1405160,774252,1
-1405160,774361,1
-1405160,774363,1
-1405160,774364,2
-1405160,774366,1
-1405159,772432,1
-1405159,773865,25
-1405159,774085,1
-1405159,774086,1
-1405159,774090,1
-1405159,774232,1
-1405159,774248,1
-1405159,774249,1
-1405159,774364,3
-1405159,774365,1
-1405158,772482,2
-1405158,772483,1
-1405158,772488,1
-1405158,772508,1
-1405158,774031,1
-1405158,774032,1
-1405158,774036,8
-1405158,774086,1
-1405158,774095,1
-1405158,774179,1
-1405158,774234,1
-1405158,774242,1
-1405158,774359,1
-1405158,774361,1
-1405158,774363,1
-1405158,774435,1
-1405157,771453,1
-1405157,771630,1
-1405157,772481,1
-1405157,772488,1
-1405157,772518,1
-1405157,773430,1
-1405157,773833,1
-1405157,774096,1
-1405157,774122,1
-1405157,774179,1
-1405157,774233,2
-1405157,774244,1
-1405157,774362,1
-1405157,774363,1
-1405157,774364,1
-1405157,774368,2
-1405157,774376,1
-1405157,774432,2
-1405157,774433,1
-1405157,774436,1
-1405156,772422,1
-1405156,772485,1
-1405156,772486,44
-1405156,772487,1
-1405156,772489,1
-1405156,773429,1
-1405156,773851,1
-1405156,773870,19
-1405156,773872,15
-1405156,774080,1
-1405156,774084,1
-1405156,774087,1
-1405156,774089,1
-1405156,774094,10
-1405156,774102,1
-1405156,774117,1
-1405156,774245,1
-1405156,774351,4
-1405156,774364,1
-1405156,774365,1
-1405156,774433,1
-1405155,771696,1
-1405155,771770,1
-1405155,772487,1
-1405155,772878,1
-1405155,773870,24
-1405155,774082,1
-1405155,774107,1
-1405155,774114,1
-1405155,774229,1
-1405155,774364,1
-1405155,774366,1
-1405155,774367,1
-1405155,774373,1
-1405155,774435,2
-1405154,772471,1
-1405154,772498,1
-1405154,772513,1
-1405154,773389,1
-1405154,773871,33
-1405154,774079,2
-1405154,774083,2
-1405154,774087,2
-1405154,774098,1
-1405154,774107,1
-1405154,774358,1
-1405154,774367,2
-1405154,774368,1
-1405154,774436,1
-1405153,772484,1
-1405153,772486,1
-1405153,772504,1
-1405153,773382,1
-1405153,773627,1
-1405153,774111,1
-1405152,772398,2
-1405152,772419,1
-1405152,772478,1
-1405152,772485,1
-1405152,772488,1
-1405152,772491,1
-1405152,772499,3
-1405152,772546,1
-1405152,773291,1
-1405152,774077,1
-1405152,774411,1
-1405152,774433,1
-1405151,772412,1
-1405151,772481,1
-1405151,772486,1
-1405151,772601,2
-1405151,774365,1
-1405151,774366,1
-1405151,774367,1
-1405151,774435,1
-1405150,770575,1
-1405150,772440,1
-1405150,772505,1
-1405150,772508,1
-1405150,772531,1
-1405150,773855,1
-1405150,774078,1
-1405150,774102,1
-1405150,774367,1
-1405149,772108,1
-1405149,772467,19
-1405149,772495,1
-1405149,772503,1
-1405149,772537,1
-1405149,773858,1
-1405149,773870,11
-1405149,774121,1
-1405149,774217,1
-1405149,774224,1
-1405149,774372,1
-1405148,771543,1
-1405148,772418,1
-1405148,773867,1
-1405148,774082,1
-1405148,774084,1
-1405148,774096,1
-1405148,774111,1
-1405148,774114,1
-1405148,774117,1
-1405148,774120,1
-1405148,774195,1
-1405148,774207,1
-1405148,774216,1
-1405148,774245,1
-1405148,774365,1
-1405148,774366,1
-1405148,774367,1
-1405148,774369,1
-1405147,770572,1
-1405147,771794,1
-1405147,772482,1
-1405147,772483,4
-1405147,772497,1
-1405147,772501,1
-1405147,772521,2
-1405147,772906,1
-1405147,774094,1
-1405147,774116,1
-1405146,769932,1
-1405146,771758,1
-1405146,772417,1
-1405146,773561,1
-1405146,773976,1
-1405146,774011,1
-1405146,774018,1
-1405146,774129,1
-1405146,774216,1
-1405146,774222,1
-1405146,774247,1
-1405145,771953,1
-1405145,772484,1
-1405145,772485,1
-1405145,772496,1
-1405145,772498,1
-1405145,772509,1
-1405145,772514,1
-1405145,772595,1
-1405145,773812,1
-1405145,773816,1
-1405145,774006,1
-1405145,774108,1
-1405145,774109,1
-1405145,774366,1
-1405145,774432,1
-1405145,774435,1
-1405144,770572,1
-1405144,770574,1
-1405144,771952,1
-1405144,772388,1
-1405144,772483,1
-1405144,772485,1
-1405144,772506,1
-1405144,772515,1
-1405144,773874,1
-1405144,774105,1
-1405144,774109,1
-1405144,774120,1
-1405144,774121,10
-1405144,774222,1
-1405144,774223,2
-1405144,774227,1
-1405144,774431,1
-1405143,770572,1
-1405143,770574,1
-1405143,770853,1
-1405143,772463,5
-1405143,772511,1
-1405143,773602,1
-1405143,773609,8
-1405143,773883,1
-1405143,774015,1
-1405143,774221,1
-1405143,774375,1
-1405143,774438,1
-1405142,771891,1
-1405142,772485,1
-1405142,772487,1
-1405142,772488,1
-1405142,772495,1
-1405142,772533,1
-1405142,774140,1
-1405142,774427,1
-1405142,774429,1
-1405142,774432,2
-1405141,771952,2
-1405141,772481,1
-1405141,772484,1
-1405141,772486,2
-1405141,772492,1
-1405141,773948,1
-1405141,774008,1
-1405141,774018,1
-1405141,774219,1
-1405141,774238,1
-1405141,774428,1
-1405141,774430,32
-1405140,772384,1
-1405140,772481,1
-1405140,772482,1
-1405140,772485,9
-1405140,772486,1
-1405140,772487,2
-1405140,772488,1
-1405140,772500,1
-1405140,772508,1
-1405140,772531,1
-1405140,772894,1
-1405140,773614,2
-1405140,773866,1
-1405140,773884,14
-1405140,774012,1
-1405140,774018,1
-1405140,774113,1
-1405140,774220,1
-1405140,774221,2
-1405140,774223,1
-1405140,774224,2
-1405140,774323,1
-1405140,774418,1
-1405140,774424,1
-1405140,774432,5
-1405139,771638,1
-1405139,771952,1
-1405139,772417,1
-1405139,772478,1
-1405139,772484,2
-1405139,772486,1
-1405139,772487,1
-1405139,772488,1
-1405139,772538,1
-1405139,772589,6
-1405139,773645,1
-1405139,773871,5
-1405139,774096,1
-1405139,774112,1
-1405139,774222,2
-1405139,774223,1
-1405139,774293,1
-1405139,774356,1
-1405139,774427,1
-1405138,772482,1
-1405138,772484,2
-1405138,772495,1
-1405138,772509,5
-1405138,772521,1
-1405138,772541,1
-1405138,772594,1
-1405138,773610,2
-1405138,773611,1
-1405138,773957,30
-1405138,774007,1
-1405138,774122,1
-1405138,774197,1
-1405138,774221,1
-1405138,774333,1
-1405138,774355,1
-1405138,774404,1
-1405138,774406,1
-1405138,774424,1
-1405137,771897,1
-1405137,772480,3
-1405137,772486,1
-1405137,772487,1
-1405137,772489,1
-1405137,772497,1
-1405137,773892,4
-1405137,774005,1
-1405137,774091,9
-1405137,774100,2
-1405137,774111,1
-1405137,774223,1
-1405137,774414,1
-1405136,771560,1
-1405136,771756,1
-1405136,772480,1
-1405136,772483,1
-1405136,772485,1
-1405136,772486,2
-1405136,772488,1
-1405136,772494,5
-1405136,772500,2
-1405136,772542,1
-1405136,772578,1
-1405136,773869,32
-1405136,774006,1
-1405136,774110,1
-1405136,774218,1
-1405136,774370,1
-1405136,774424,2
-1405136,774426,1
-1405135,772413,1
-1405135,772480,1
-1405135,772483,1
-1405135,772485,1
-1405135,772497,1
-1405135,773937,1
-1405135,773997,28
-1405135,774005,1
-1405135,774112,1
-1405135,774131,1
-1405135,774158,1
-1405135,774194,1
-1405135,774411,2
-1405135,774416,1
-1405134,771280,1
-1405134,772366,1
-1405134,772418,1
-1405134,772419,1
-1405134,772482,1
-1405134,772491,1
-1405134,772495,1
-1405134,772530,1
-1405134,772650,1
-1405134,772667,4
-1405134,772687,1
-1405134,773436,1
-1405134,773879,1
-1405134,774007,1
-1405134,774423,1
-1405134,774428,1
-1405133,772482,1
-1405133,772483,1
-1405133,772487,3
-1405133,772492,1
-1405133,772506,1
-1405133,772518,1
-1405133,773410,1
-1405133,773861,1
-1405133,773868,14
-1405133,774077,1
-1405133,774109,1
-1405133,774423,1
-1405133,774425,1
-1405133,774426,1
-1405132,771718,1
-1405132,771956,1
-1405132,772184,1
-1405132,772360,1
-1405132,772474,1
-1405132,772488,1
-1405132,772489,1
-1405132,772507,1
-1405132,772508,1
-1405132,772593,1
-1405132,772829,1
-1405132,773268,1
-1405132,773414,1
-1405132,773867,3
-1405132,773868,1
-1405132,773880,1
-1405132,773975,1
-1405132,774131,1
-1405132,774153,1
-1405132,774424,5
-1405131,771547,1
-1405131,772183,1
-1405131,772473,1
-1405131,772474,1
-1405131,772484,1
-1405131,772490,1
-1405131,772496,1
-1405131,772500,1
-1405131,772520,1
-1405131,774004,1
-1405131,774005,1
-1405131,774101,1
-1405131,774179,1
-1405131,774238,1
-1405131,774281,1
-1405131,774370,1
-1405131,774421,1
-1405131,774425,1
-1405130,771576,1
-1405130,771957,1
-1405130,772464,1
-1405130,772475,1
-1405130,772476,2
-1405130,772483,1
-1405130,772487,1
-1405130,772491,1
-1405130,772504,1
-1405130,772521,1
-1405130,772543,1
-1405130,773934,1
-1405130,774133,1
-1405130,774222,1
-1405130,774235,1
-1405130,774246,1
-1405130,774423,1
-1405130,774424,1
-1405130,774425,7
-1405130,774426,1
-1405129,771946,1
-1405129,772473,1
-1405129,772489,1
-1405129,772495,1
-1405129,772548,1
-1405129,772605,1
-1405129,774417,1
-1405129,774418,3
-1405129,774422,1
-1405129,774423,2
-1405128,771955,1
-1405128,772343,1
-1405128,772467,1
-1405128,772476,2
-1405128,772487,2
-1405128,772489,2
-1405128,773871,20
-1405128,773939,1
-1405128,773984,1
-1405128,774113,1
-1405128,774170,1
-1405128,774181,1
-1405128,774341,1
-1405128,774417,4
-1405128,774418,2
-1405128,774420,1
-1405128,774424,1
-1405128,774425,1
-1405127,771571,1
-1405127,772411,1
-1405127,772474,1
-1405127,772481,1
-1405127,772488,1
-1405127,772494,18
-1405127,772532,1
-1405127,772533,1
-1405127,772720,1
-1405127,772870,1
-1405127,773855,1
-1405127,774341,1
-1405127,774368,1
-1405127,774417,1
-1405127,774425,1
-1405126,771745,1
-1405126,772436,1
-1405126,772476,1
-1405126,772484,1
-1405126,772486,4
-1405126,772490,1
-1405126,772510,1
-1405126,772543,1
-1405126,772572,1
-1405126,772592,2
-1405126,773291,1
-1405126,773934,1
-1405126,773936,1
-1405126,773956,1
-1405126,773963,9
-1405126,773964,1
-1405126,773983,1
-1405126,773985,2
-1405126,774121,1
-1405126,774417,1
-1405126,774420,8
-1405126,774422,1
-1405126,774425,1
-1405126,774443,1
-1405125,771947,1
-1405125,772003,1
-1405125,772350,1
-1405125,772372,1
-1405125,772485,1
-1405125,772488,1
-1405125,772490,1
-1405125,772493,1
-1405125,772500,1
-1405125,772517,1
-1405125,772680,3
-1405125,772870,1
-1405125,773934,1
-1405125,773937,1
-1405125,773939,1
-1405125,773941,1
-1405125,774112,1
-1405124,772486,3
-1405124,772487,1
-1405124,772488,1
-1405124,772489,1
-1405124,772491,2
-1405124,772519,1
-1405124,772884,1
-1405124,773262,1
-1405124,773938,1
-1405124,773972,1
-1405124,774146,1
-1405124,774424,1
-1405124,774425,2
-1405124,774426,1
-1405124,774427,1
-1405123,771756,1
-1405123,771953,1
-1405123,772392,1
-1405123,772451,1
-1405123,772484,2
-1405123,772485,1
-1405123,772490,1
-1405123,772493,1
-1405123,772495,2
-1405123,772538,1
-1405123,772572,1
-1405123,773737,1
-1405123,773938,1
-1405123,773939,1
-1405123,773942,1
-1405123,773966,1
-1405123,773998,1
-1405123,774101,1
-1405123,774417,1
-1405123,774418,2
-1405123,774421,1
-1405123,774423,1
-1405122,772487,1
-1405122,772493,1
-1405122,772508,1
-1405122,772511,1
-1405122,772514,1
-1405122,772516,1
-1405122,772527,1
-1405122,773838,1
-1405122,773861,1
-1405122,773867,1
-1405122,773966,1
-1405122,774126,1
-1405122,774418,1
-1405122,774419,1
-1405122,774423,1
-1405121,772487,1
-1405121,772488,4
-1405121,772515,1
-1405121,772570,1
-1405121,773132,1
-1405121,773491,1
-1405121,773562,1
-1405121,773735,1
-1405121,773928,25
-1405121,773971,20
-1405121,773985,1
-1405121,774409,1
-1405121,774419,1
-1405121,774422,1
-1405121,774424,1
-1405121,774426,1
-1405120,772071,1
-1405120,772370,1
-1405120,772385,1
-1405120,772488,1
-1405120,772528,2
-1405120,772529,1
-1405120,772538,1
-1405120,772713,1
-1405120,773237,1
-1405120,773891,6
-1405120,773950,1
-1405120,773953,1
-1405120,773965,1
-1405120,773973,2
-1405120,773981,1
-1405120,774354,1
-1405120,774413,1
-1405120,774424,1
-1405120,774426,1
-1405119,771453,1
-1405119,772489,1
-1405119,772490,1
-1405119,772495,1
-1405119,772508,11
-1405119,772544,1
-1405119,772555,1
-1405119,772662,1
-1405119,772701,1
-1405119,773258,1
-1405119,773528,1
-1405119,773940,40
-1405119,773942,1
-1405119,773958,10
-1405119,773994,1
-1405119,774236,1
-1405119,774237,1
-1405119,774424,2
-1405118,772489,1
-1405118,772490,1
-1405118,772524,1
-1405118,772655,1
-1405118,773776,1
-1405118,773880,1
-1405118,773887,2
-1405118,773894,1
-1405118,773940,1
-1405118,773942,2
-1405118,774115,1
-1405118,774166,3
-1405118,774247,1
-1405118,774370,1
-1405118,774419,2
-1405118,774424,2
-1405118,774425,1
-1405118,774430,1
-1405117,771949,1
-1405117,772468,1
-1405117,772488,2
-1405117,772491,1
-1405117,772525,1
-1405117,772544,1
-1405117,773108,1
-1405117,773140,1
-1405117,773209,1
-1405117,773873,1
-1405117,773940,29
-1405117,773941,15
-1405117,774304,1
-1405117,774422,1
-1405117,774423,1
-1405117,774424,1
-1405116,770686,1
-1405116,772119,1
-1405116,772374,1
-1405116,772489,1
-1405116,772490,2
-1405116,772495,1
-1405116,772510,1
-1405116,772515,1
-1405116,773817,11
-1405116,773878,11
-1405116,773921,1
-1405116,773944,5
-1405116,773971,1
-1405116,774380,1
-1405116,774411,1
-1405116,774421,1
-1405116,774422,2
-1405116,774424,1
-1405116,774428,1
-1405115,772488,1
-1405115,772489,2
-1405115,772491,1
-1405115,772492,1
-1405115,772493,1
-1405115,772496,7
-1405115,772503,1
-1405115,772523,3
-1405115,772538,1
-1405115,772803,1
-1405115,772829,1
-1405115,773140,1
-1405115,773836,1
-1405115,773931,1
-1405115,773952,1
-1405115,773995,1
-1405115,774009,1
-1405115,774198,1
-1405115,774421,1
-1405115,774422,2
-1405115,774423,2
-1405114,771891,1
-1405114,772487,1
-1405114,772549,1
-1405114,772668,1
-1405114,772803,1
-1405114,773915,1
-1405114,773920,1
-1405114,773936,1
-1405114,773992,1
-1405114,773993,1
-1405114,774162,1
-1405114,774166,1
-1405114,774410,2
-1405114,774420,1
-1405114,774423,1
-1405113,771840,1
-1405113,772478,1
-1405113,772490,1
-1405113,772554,1
-1405113,772598,2
-1405113,772864,1
-1405113,773109,1
-1405113,773833,1
-1405113,773887,1
-1405113,773991,1
-1405113,774137,1
-1405113,774411,1
-1405113,774422,1
-1405113,774423,1
-1405112,771941,1
-1405112,772483,1
-1405112,772484,1
-1405112,772485,1
-1405112,772491,1
-1405112,772493,1
-1405112,772499,3
-1405112,772519,2
-1405112,772537,1
-1405112,773517,1
-1405112,773889,2
-1405112,773991,1
-1405112,773995,1
-1405112,773997,2
-1405112,774314,1
-1405111,771754,1
-1405111,772486,2
-1405111,772488,1
-1405111,772489,1
-1405111,772493,1
-1405111,772496,1
-1405111,772500,5
-1405111,772545,1
-1405111,772555,1
-1405111,772558,1
-1405111,772647,1
-1405111,772707,1
-1405111,772799,1
-1405111,773828,1
-1405111,773990,1
-1405111,773996,1
-1405111,773997,1
-1405111,773998,1
-1405111,774004,1
-1405111,774183,1
-1405111,774203,1
-1405111,774211,1
-1405111,774258,1
-1405111,774377,1
-1405111,774410,4
-1405111,774421,1
-1405111,774422,1
-1405110,772020,1
-1405110,772489,1
-1405110,772491,2
-1405110,772495,5
-1405110,772519,1
-1405110,772544,1
-1405110,773923,1
-1405110,773957,14
-1405110,773992,1
-1405110,773997,1
-1405110,773998,1
-1405110,773999,1
-1405110,774000,1
-1405110,774121,1
-1405110,774148,1
-1405110,774172,1
-1405110,774188,1
-1405110,774300,1
-1405110,774387,1
-1405110,774415,1
-1405110,774425,1
-1405109,771578,1
-1405109,772003,1
-1405109,772491,1
-1405109,772494,4
-1405109,772528,1
-1405109,773223,1
-1405109,773487,1
-1405109,773830,1
-1405109,773876,1
-1405109,773911,1
-1405109,773987,1
-1405109,773990,6
-1405109,773995,17
-1405109,773996,1
-1405109,773997,932
-1405109,773998,11
-1405109,773999,1
-1405109,774002,1
-1405109,774234,1
-1405109,774410,2
-1405109,774425,1
-1405108,769912,1
-1405108,771817,1
-1405108,772456,1
-1405108,772464,1
-1405108,772488,1
-1405108,772560,1
-1405108,773133,1
-1405108,773231,1
-1405108,773517,1
-1405108,773913,1
-1405108,773972,7
-1405108,773995,1
-1405108,773997,1
-1405108,773998,1
-1405108,773999,2
-1405108,774001,11
-1405108,774004,21
-1405108,774422,1
-1405107,771565,1
-1405107,771730,1
-1405107,771768,1
-1405107,771947,1
-1405107,772488,1
-1405107,772489,1
-1405107,772491,7
-1405107,772494,1
-1405107,772513,1
-1405107,772517,1
-1405107,772518,1
-1405107,772520,1
-1405107,772528,1
-1405107,772614,1
-1405107,772651,2
-1405107,772701,1
-1405107,772867,1
-1405107,772872,1
-1405107,773994,1
-1405107,773995,10
-1405107,773996,3
-1405107,773999,3
-1405107,774000,2
-1405107,774002,1
-1405107,774327,1
-1405107,774369,1
-1405107,774375,1
-1405107,774410,1
-1405107,774413,1
-1405106,772131,1
-1405106,772491,1
-1405106,772492,1
-1405106,772497,1
-1405106,772501,1
-1405106,772753,2
-1405106,772798,1
-1405106,772923,1
-1405106,773121,1
-1405106,773172,1
-1405106,773874,1
-1405106,773898,1
-1405106,773908,1
-1405106,773965,3
-1405106,773972,27
-1405106,773975,4
-1405106,773994,4
-1405106,773999,1
-1405106,774003,1
-1405106,774170,1
-1405106,774236,1
-1405106,774359,1
-1405106,774386,1
-1405106,774410,1
-1405106,774419,1
-1405106,774422,1
-1405105,771945,1
-1405105,772009,1
-1405105,772483,1
-1405105,772493,1
-1405105,772502,1
-1405105,772545,1
-1405105,773154,1
-1405105,773200,1
-1405105,773221,1
-1405105,773225,1
-1405105,773441,1
-1405105,773963,2
-1405105,773971,1
-1405105,773991,1
-1405105,773992,1
-1405105,773993,1
-1405105,773995,14
-1405105,773996,1
-1405105,773997,1
-1405105,774006,1
-1405105,774128,1
-1405105,774311,1
-1405105,774414,1
-1405105,774419,1
-1405104,771934,1
-1405104,772009,1
-1405104,772483,1
-1405104,772488,1
-1405104,772489,1
-1405104,772502,1
-1405104,772507,1
-1405104,772545,1
-1405104,772641,1
-1405104,772751,1
-1405104,773879,1
-1405104,773883,1
-1405104,774001,1
-1405104,774006,1
-1405104,774066,1
-1405104,774167,1
-1405104,774279,1
-1405104,774289,1
-1405104,774431,1
-1405103,772422,1
-1405103,772490,1
-1405103,772498,1
-1405103,772503,31
-1405103,772512,8
-1405103,773162,1
-1405103,773218,1
-1405103,773531,1
-1405103,773933,24
-1405103,774077,1
-1405103,774246,1
-1405103,774393,1
-1405103,774410,1
-1405103,774411,1
-1405103,774412,1
-1405102,772416,1
-1405102,772546,1
-1405102,772559,1
-1405102,773156,1
-1405102,773442,1
-1405102,773833,7
-1405102,773983,3
-1405102,773995,5
-1405102,774190,1
-1405102,774360,1
-1405102,774368,1
-1405102,774402,1
-1405102,774418,1
-1405102,774427,1
-1405101,772009,1
-1405101,772292,1
-1405101,772490,1
-1405101,772491,2
-1405101,772492,1
-1405101,772493,1
-1405101,772516,1
-1405101,772670,2
-1405101,773269,1
-1405101,773443,1
-1405101,773499,1
-1405101,773884,1
-1405101,773889,10
-1405101,773915,1
-1405101,774410,14
-1405101,774415,1
-1405100,771942,1
-1405100,771944,1
-1405100,771947,1
-1405100,772010,1
-1405100,772479,1
-1405100,772498,1
-1405100,772501,14
-1405100,772504,1
-1405100,772512,1
-1405100,772558,1
-1405100,772686,1
-1405100,773267,1
-1405100,773883,1
-1405100,773885,1
-1405100,773927,17
-1405100,773989,1
-1405100,774222,2
-1405100,774223,1
-1405100,774299,1
-1405100,774353,1
-1405100,774354,2
-1405100,774357,1
-1405100,774410,1
-1405100,774412,1
-1405100,774422,1
-1405100,774424,1
-1405100,774426,1
-1405099,771657,1
-1405099,771940,1
-1405099,771941,1
-1405099,772010,1
-1405099,772017,1
-1405099,772461,1
-1405099,772491,1
-1405099,772493,1
-1405099,772495,1
-1405099,772496,2
-1405099,772497,2
-1405099,772504,2
-1405099,772506,1
-1405099,772507,1
-1405099,772509,2
-1405099,772512,1
-1405099,772520,1
-1405099,772521,1
-1405099,772526,1
-1405099,772531,1
-1405099,772665,1
-1405099,773160,1
-1405099,773250,1
-1405099,773256,1
-1405099,773268,1
-1405099,773882,2
-1405099,773932,30
-1405099,773948,5
-1405099,774303,1
-1405099,774336,1
-1405099,774353,1
-1405099,774357,1
-1405099,774373,1
-1405099,774382,1
-1405099,774410,1
-1405099,774417,1
-1405098,771934,1
-1405098,772121,1
-1405098,772500,1
-1405098,772509,1
-1405098,772510,1
-1405098,772513,1
-1405098,772518,2
-1405098,772530,1
-1405098,772664,1
-1405098,772672,1
-1405098,772677,1
-1405098,773439,1
-1405098,773698,1
-1405098,773882,1
-1405098,773888,1
-1405098,774232,1
-1405098,774276,1
-1405098,774277,2
-1405098,774289,1
-1405098,774410,1
-1405098,774423,1
-1405097,771943,1
-1405097,772494,1
-1405097,772495,1
-1405097,772497,1
-1405097,772498,1
-1405097,772504,1
-1405097,772505,1
-1405097,772507,1
-1405097,772508,8
-1405097,772510,1
-1405097,772512,1
-1405097,772513,1
-1405097,772514,1
-1405097,772517,2
-1405097,772518,1
-1405097,772520,1
-1405097,772525,1
-1405097,772553,1
-1405097,772672,3
-1405097,772687,1
-1405097,773825,1
-1405097,773882,1
-1405097,773885,1
-1405097,773890,12
-1405097,773950,18
-1405097,774095,1
-1405097,774276,2
-1405097,774354,2
-1405096,771671,1
-1405096,771936,1
-1405096,772483,3
-1405096,772484,1
-1405096,772496,1
-1405096,772500,2
-1405096,772504,1
-1405096,772508,25
-1405096,772509,1
-1405096,772516,1
-1405096,772521,1
-1405096,772526,1
-1405096,773084,1
-1405096,773142,1
-1405096,773346,1
-1405096,773537,1
-1405096,773739,1
-1405096,773791,1
-1405096,773860,1
-1405096,773987,1
-1405096,773994,1
-1405096,774273,3
-1405096,774274,1
-1405096,774278,1
-1405096,774352,1
-1405096,774420,1
-1405096,774422,1
-1405095,771575,1
-1405095,772490,1
-1405095,772494,1
-1405095,772497,1
-1405095,772498,1
-1405095,772503,11
-1405095,772505,3
-1405095,772508,1
-1405095,772509,4
-1405095,772516,1
-1405095,772518,1
-1405095,772519,1
-1405095,772522,1
-1405095,772553,2
-1405095,772556,1
-1405095,772558,1
-1405095,773145,1
-1405095,773942,1
-1405095,773943,5
-1405095,774235,1
-1405095,774256,1
-1405095,774278,1
-1405095,774396,1
-1405095,774419,1
-1405094,771715,1
-1405094,771925,1
-1405094,771944,1
-1405094,771973,1
-1405094,772477,1
-1405094,772490,1
-1405094,772495,1
-1405094,772504,1
-1405094,772506,1
-1405094,772511,1
-1405094,772514,1
-1405094,772518,1
-1405094,772519,1
-1405094,772520,2
-1405094,772521,1
-1405094,772558,1
-1405094,773152,1
-1405094,773187,1
-1405094,773206,1
-1405094,774228,1
-1405094,774230,1
-1405094,774256,1
-1405094,774279,1
-1405094,774418,1
-1405093,771655,1
-1405093,772264,1
-1405093,772491,1
-1405093,772496,1
-1405093,772497,2
-1405093,772502,1
-1405093,772503,3
-1405093,772505,1
-1405093,772506,1
-1405093,772512,1
-1405093,772520,1
-1405093,772522,1
-1405093,772557,1
-1405093,772559,4
-1405093,772561,1
-1405093,772664,1
-1405093,772671,1
-1405093,772674,1
-1405093,773140,1
-1405093,773859,1
-1405093,773879,1
-1405093,774075,1
-1405093,774140,1
-1405093,774387,1
-1405093,774420,2
-1405092,771711,1
-1405092,772166,1
-1405092,772492,1
-1405092,772494,1
-1405092,772499,1
-1405092,772502,1
-1405092,772504,1
-1405092,772506,1
-1405092,772507,1
-1405092,772511,1
-1405092,772513,2
-1405092,772514,1
-1405092,772516,1
-1405092,772517,1
-1405092,772519,1
-1405092,772670,3
-1405092,772671,1
-1405092,772913,1
-1405092,772920,1
-1405092,773842,1
-1405092,773843,1
-1405092,773890,1
-1405092,774264,1
-1405092,774414,1
-1405091,772102,1
-1405091,772159,1
-1405091,772497,1
-1405091,772500,1
-1405091,772504,1
-1405091,772509,1
-1405091,772512,8
-1405091,772514,1
-1405091,772520,1
-1405091,772521,1
-1405091,772561,1
-1405091,772669,5
-1405091,772670,3
-1405091,773121,1
-1405091,773159,1
-1405091,773484,1
-1405091,773496,1
-1405091,773883,1
-1405091,773975,1
-1405091,774222,1
-1405091,774225,1
-1405091,774339,1
-1405091,774384,1
-1405090,772486,11
-1405090,772496,2
-1405090,772509,1
-1405090,772512,3
-1405090,772514,2
-1405090,772517,1
-1405090,772518,1
-1405090,772520,1
-1405090,772575,1
-1405090,772649,1
-1405090,773058,1
-1405090,773131,1
-1405090,773171,1
-1405090,773358,1
-1405090,773584,1
-1405090,774356,2
-1405090,774374,1
-1405090,774383,1
-1405090,774389,1
-1405089,772496,1
-1405089,772498,3
-1405089,772502,1
-1405089,772503,1
-1405089,772505,1
-1405089,772512,1
-1405089,772518,3
-1405089,772521,1
-1405089,772526,1
-1405089,772651,1
-1405089,772665,1
-1405089,773503,1
-1405089,773885,1
-1405088,772451,4
-1405088,772491,1
-1405088,772492,17
-1405088,772494,1
-1405088,772496,1
-1405088,772497,1
-1405088,772499,1
-1405088,772501,1
-1405088,772502,1
-1405088,772506,1
-1405088,772513,1
-1405088,772514,1
-1405088,772516,1
-1405088,772520,1
-1405088,773125,1
-1405088,773899,7
-1405088,774206,1
-1405087,772494,1
-1405087,772495,1
-1405087,772498,1
-1405087,772499,2
-1405087,772502,2
-1405087,772503,1
-1405087,772506,1
-1405087,772508,1
-1405087,772516,2
-1405087,772517,1
-1405087,772519,1
-1405087,773127,1
-1405087,773164,1
-1405087,773270,1
-1405087,773501,3
-1405087,773503,1
-1405087,773506,1
-1405087,773836,1
-1405087,774145,1
-1405087,774225,1
-1405087,774383,1
-1405087,774418,7
-1405087,774420,1
-1405087,774425,2
-1405086,772484,1
-1405086,772490,1
-1405086,772494,1
-1405086,772497,1
-1405086,772498,2
-1405086,772499,1
-1405086,772507,1
-1405086,772509,1
-1405086,772511,1
-1405086,772514,2
-1405086,772518,1
-1405086,772571,1
-1405086,772671,2
-1405086,772674,1
-1405086,773497,2
-1405086,773501,1
-1405086,773704,1
-1405086,773764,10
-1405086,774226,2
-1405086,774364,1
-1405086,774378,1
-1405086,774379,1
-1405086,774417,1
-1405086,774425,1
-1405086,774426,1
-1405086,774432,1
-1405085,771655,1
-1405085,772505,11
-1405085,772507,1
-1405085,772514,1
-1405085,772524,1
-1405085,772571,1
-1405085,773495,2
-1405085,773496,1
-1405085,773497,1
-1405085,773499,1
-1405085,773501,1
-1405085,773507,1
-1405085,773910,26
-1405085,774228,1
-1405085,774347,1
-1405085,774377,1
-1405085,774395,1
-1405085,774418,1
-1405085,774420,8
-1405085,774425,1
-1405084,771689,1
-1405084,772491,2
-1405084,772495,1
-1405084,772496,1
-1405084,772497,1
-1405084,772499,1
-1405084,772505,1
-1405084,772506,5
-1405084,772509,1
-1405084,772511,1
-1405084,772572,1
-1405084,772654,3
-1405084,772660,8
-1405084,773496,1
-1405084,773497,1
-1405084,774001,22
-1405084,774223,1
-1405084,774377,2
-1405084,774379,1
-1405084,774397,1
-1405084,774413,1
-1405084,774416,1
-1405084,774418,1
-1405084,774437,2
-1405083,772494,1
-1405083,772496,19
-1405083,772498,1
-1405083,772499,1
-1405083,772504,1
-1405083,772507,1
-1405083,772508,3
-1405083,772509,1
-1405083,772510,1
-1405083,772511,1
-1405083,772516,1
-1405083,772517,1
-1405083,772573,1
-1405083,772576,1
-1405083,773062,1
-1405083,773085,1
-1405083,773215,1
-1405083,773865,1
-1405083,773985,1
-1405083,774377,1
-1405083,774380,1
-1405083,774398,1
-1405083,774400,1
-1405083,774416,1
-1405083,774417,1
-1405083,774421,1
-1405082,771574,1
-1405082,772495,1
-1405082,772498,1
-1405082,772500,1
-1405082,772502,2
-1405082,772506,2
-1405082,772507,3
-1405082,772508,1
-1405082,772509,1
-1405082,772510,1
-1405082,772516,1
-1405082,772521,1
-1405082,772522,1
-1405082,772545,8
-1405082,772655,1
-1405082,773162,1
-1405082,773173,1
-1405082,773496,1
-1405082,773510,1
-1405082,773914,1
-1405082,774233,1
-1405082,774278,1
-1405082,774376,1
-1405082,774390,1
-1405082,774418,2
-1405082,774434,1
-1405081,769844,1
-1405081,771641,1
-1405081,772100,1
-1405081,772496,34
-1405081,772497,2
-1405081,772498,1
-1405081,772500,2
-1405081,772501,1
-1405081,772502,2
-1405081,772506,2
-1405081,772508,20
-1405081,772509,1
-1405081,772515,2
-1405081,772518,1
-1405081,772519,2
-1405081,772573,1
-1405081,772575,1
-1405081,772898,1
-1405081,774134,1
-1405081,774234,1
-1405081,774373,1
-1405081,774413,1
-1405081,774416,1
-1405081,774417,1
-1405081,774418,1
-1405081,774419,2
-1405080,771947,1
-1405080,772042,1
-1405080,772165,1
-1405080,772451,26
-1405080,772469,1
-1405080,772493,2
-1405080,772495,1
-1405080,772496,1
-1405080,772499,4
-1405080,772501,2
-1405080,772503,3
-1405080,772504,1
-1405080,772505,2
-1405080,772508,2
-1405080,772511,11
-1405080,772516,1
-1405080,772519,1
-1405080,772521,2
-1405080,773205,1
-1405080,773242,1
-1405080,773982,1
-1405080,774010,1
-1405080,774201,1
-1405080,774385,1
-1405080,774389,1
-1405080,774395,1
-1405080,774406,1
-1405080,774418,2
-1405080,774419,2
-1405080,774420,1
-1405079,771689,1
-1405079,772494,1
-1405079,772498,1
-1405079,772501,1
-1405079,772502,3
-1405079,772503,1
-1405079,772504,8
-1405079,772506,11
-1405079,772507,4
-1405079,772508,15
-1405079,772511,1
-1405079,772512,1
-1405079,772513,1
-1405079,772514,2
-1405079,772516,1
-1405079,772517,1
-1405079,772520,1
-1405079,773206,2
-1405079,774233,1
-1405079,774234,1
-1405079,774334,1
-1405079,774368,2
-1405079,774383,1
-1405079,774387,1
-1405079,774413,1
-1405079,774416,2
-1405079,774417,2
-1405079,774419,2
-1405079,774430,1
-1405078,772046,1
-1405078,772501,1
-1405078,772505,9
-1405078,772506,1
-1405078,772507,2
-1405078,772508,11
-1405078,772510,2
-1405078,772511,1
-1405078,772512,26
-1405078,772575,1
-1405078,772580,1
-1405078,773201,1
-1405078,773205,1
-1405078,773242,1
-1405078,774002,25
-1405078,774228,1
-1405078,774265,1
-1405078,774367,5
-1405078,774383,1
-1405078,774387,1
-1405078,774388,1
-1405078,774390,1
-1405078,774417,1
-1405078,774418,4
-1405078,774419,5
-1405078,774420,1
-1405077,771937,1
-1405077,772475,29
-1405077,772490,71
-1405077,772498,1
-1405077,772500,16
-1405077,772501,1
-1405077,772502,1
-1405077,772503,1
-1405077,772505,9
-1405077,772506,1
-1405077,772507,2
-1405077,772508,2
-1405077,772509,1
-1405077,772511,3
-1405077,772512,2
-1405077,772516,2
-1405077,772517,2
-1405077,772523,1
-1405077,772531,3
-1405077,772565,1
-1405077,772581,1
-1405077,772585,1
-1405077,773197,36
-1405077,774186,1
-1405077,774234,1
-1405077,774383,1
-1405077,774410,1
-1405077,774415,1
-1405077,774417,1
-1405077,774418,5
-1405077,774419,2
-1405076,771937,1
-1405076,772489,1
-1405076,772491,1
-1405076,772497,2
-1405076,772501,1
-1405076,772504,8
-1405076,772505,1
-1405076,772506,55
-1405076,772507,5
-1405076,772509,1
-1405076,772511,1
-1405076,772513,1
-1405076,772516,1
-1405076,772522,1
-1405076,773207,1
-1405076,774185,1
-1405076,774295,1
-1405076,774376,2
-1405076,774377,1
-1405076,774390,428
-1405076,774413,1
-1405076,774417,1
-1405076,774419,2
-1405076,774422,1
-1405075,769925,1
-1405075,770907,1
-1405075,771592,1
-1405075,771942,1
-1405075,772136,1
-1405075,772484,1
-1405075,772495,1
-1405075,772497,1
-1405075,772499,1
-1405075,772500,1
-1405075,772501,1
-1405075,772506,1
-1405075,772507,1
-1405075,772508,1
-1405075,772509,1
-1405075,772510,1
-1405075,772511,2
-1405075,772512,1
-1405075,772515,1
-1405075,772516,1
-1405075,772519,1
-1405075,772526,1
-1405075,772580,1
-1405075,772655,1
-1405075,772887,1
-1405075,773114,1
-1405075,773963,1
-1405075,773985,26
-1405075,774153,1
-1405075,774293,1
-1405075,774414,1
-1405075,774417,1
-1405075,774418,1
-1405075,774420,1
-1405075,774425,1
-1405075,774442,1
-1405074,771592,1
-1405074,771598,1
-1405074,772491,1
-1405074,772495,2
-1405074,772500,1
-1405074,772501,2
-1405074,772502,1
-1405074,772504,11
-1405074,772506,28
-1405074,772508,1
-1405074,772509,2
-1405074,772511,2
-1405074,772514,1
-1405074,772516,3
-1405074,772585,1
-1405074,772589,1
-1405074,772603,1
-1405074,773190,1
-1405074,773194,1
-1405074,773207,1
-1405074,773934,2
-1405074,773982,9
-1405074,774234,1
-1405074,774418,1
-1405074,774435,5
-1405073,771617,1
-1405073,772276,1
-1405073,772277,1
-1405073,772495,1
-1405073,772500,1
-1405073,772502,1
-1405073,772504,2
-1405073,772505,1
-1405073,772507,28
-1405073,772508,1
-1405073,772509,8
-1405073,772510,2
-1405073,772514,1
-1405073,772515,1
-1405073,772524,1
-1405073,772578,1
-1405073,772585,1
-1405073,772586,2
-1405073,772589,1
-1405073,772652,4
-1405073,773204,1
-1405073,773738,1
-1405073,774164,1
-1405073,774180,1
-1405073,774189,8
-1405073,774195,5
-1405073,774197,6
-1405073,774198,3
-1405073,774218,1
-1405073,774220,1
-1405073,774241,1
-1405073,774312,1
-1405073,774337,1
-1405073,774415,1
-1405073,774420,1
-1405072,771933,1
-1405072,772499,1
-1405072,772500,2
-1405072,772504,4
-1405072,772505,2
-1405072,772506,28
-1405072,772507,3
-1405072,772509,2
-1405072,772511,2
-1405072,772513,1
-1405072,772518,1
-1405072,772525,1
-1405072,772887,1
-1405072,773206,1
-1405072,773220,3
-1405072,773837,1
-1405072,774091,1
-1405072,774167,1
-1405072,774182,1
-1405072,774183,3
-1405072,774197,1
-1405072,774223,1
-1405072,774419,1
-1405071,769998,1
-1405071,772490,1
-1405071,772494,1
-1405071,772496,1
-1405071,772497,1
-1405071,772503,1
-1405071,772504,2
-1405071,772505,3
-1405071,772506,4
-1405071,772507,73
-1405071,772508,1
-1405071,772509,2
-1405071,772511,1
-1405071,772513,1
-1405071,772516,1
-1405071,772517,1
-1405071,772523,9
-1405071,772529,1
-1405071,772531,1
-1405071,772583,1
-1405071,772600,1
-1405071,772645,8
-1405071,773141,1
-1405071,773207,1
-1405071,773880,22
-1405071,773944,1
-1405071,773977,1
-1405071,774091,1
-1405071,774092,2
-1405071,774094,2
-1405071,774095,1
-1405071,774163,7
-1405071,774183,1
-1405071,774417,1
-1405071,774418,2
-1405071,774419,1
-1405071,774420,12
-1405070,772464,1
-1405070,772493,1
-1405070,772497,1
-1405070,772502,1
-1405070,772503,1
-1405070,772504,5
-1405070,772505,1
-1405070,772506,1
-1405070,772507,38
-1405070,772508,3
-1405070,772509,1
-1405070,772512,38
-1405070,772513,1
-1405070,772514,4
-1405070,772516,1
-1405070,772536,1
-1405070,772543,1
-1405070,772561,1
-1405070,772688,1
-1405070,773968,14
-1405070,774091,1
-1405070,774335,1
-1405070,774417,1
-1405070,774425,2
-1405069,772493,2
-1405069,772494,1
-1405069,772498,1
-1405069,772499,1
-1405069,772502,1
-1405069,772503,1
-1405069,772504,2
-1405069,772506,1
-1405069,772508,76
-1405069,772509,3
-1405069,772512,2
-1405069,772516,1
-1405069,772518,1
-1405069,772521,1
-1405069,772575,1
-1405069,772584,1
-1405069,772587,1
-1405069,773063,1
-1405069,773196,1
-1405069,773252,1
-1405069,774094,1
-1405069,774161,6
-1405069,774194,1
-1405069,774217,1
-1405069,774221,1
-1405069,774233,1
-1405069,774345,1
-1405069,774347,1
-1405069,774416,1
-1405069,774417,1
-1405069,774432,1
-1405069,774433,1
-1405068,772491,1
-1405068,772497,1
-1405068,772499,1
-1405068,772503,3
-1405068,772504,3
-1405068,772507,2
-1405068,772508,3
-1405068,772509,17
-1405068,772510,1
-1405068,772511,1
-1405068,772512,1
-1405068,772516,1
-1405068,772518,1
-1405068,772522,1
-1405068,773002,1
-1405068,773122,1
-1405068,773952,23
-1405068,773974,6
-1405068,774201,1
-1405068,774221,1
-1405068,774235,1
-1405068,774429,1
-1405068,774432,1
-1405067,771614,1
-1405067,772327,1
-1405067,772465,1
-1405067,772489,1
-1405067,772494,1
-1405067,772496,1
-1405067,772504,9
-1405067,772505,2
-1405067,772506,15
-1405067,772507,16
-1405067,772508,2
-1405067,772511,1
-1405067,772512,1
-1405067,772513,2
-1405067,772520,1
-1405067,773178,37
-1405067,773203,4
-1405067,773457,6
-1405067,773463,1
-1405067,773729,1
-1405067,774087,1
-1405067,774091,1
-1405067,774137,1
-1405067,774302,1
-1405067,774331,2
-1405066,772085,1
-1405066,772455,1
-1405066,772502,1
-1405066,772503,35
-1405066,772505,1
-1405066,772506,43
-1405066,772507,2
-1405066,772508,22
-1405066,772509,2
-1405066,772510,21
-1405066,772511,1
-1405066,772514,1
-1405066,772517,1
-1405066,772518,1
-1405066,772521,2
-1405066,772537,9
-1405066,772551,1
-1405066,772588,1
-1405066,772603,1
-1405066,773963,1
-1405066,773965,13
-1405066,774090,1
-1405066,774180,1
-1405066,774223,1
-1405066,774243,1
-1405066,774430,1
-1405065,771604,1
-1405065,771938,1
-1405065,772495,1
-1405065,772498,1
-1405065,772504,1
-1405065,772505,1
-1405065,772508,43
-1405065,772510,2
-1405065,772511,1
-1405065,772515,2
-1405065,772588,1
-1405065,773107,1
-1405065,773179,26
-1405065,773962,1
-1405065,774089,1
-1405065,774229,1
-1405065,774236,1
-1405065,774277,1
-1405065,774295,1
-1405065,774437,1
-1405064,772495,1
-1405064,772497,1
-1405064,772503,1
-1405064,772505,1
-1405064,772506,2
-1405064,772507,14
-1405064,772509,3792
-1405064,772511,2
-1405064,772513,1
-1405064,772520,1
-1405064,773181,21
-1405064,773217,12
-1405064,773257,1
-1405064,773956,1
-1405064,773959,1
-1405064,774084,1
-1405064,774085,1
-1405064,774123,1
-1405064,774157,1
-1405064,774175,1
-1405064,774181,1
-1405064,774294,1
-1405064,774297,1
-1405063,770851,1
-1405063,770862,1
-1405063,772064,1
-1405063,772315,1
-1405063,772487,1
-1405063,772491,1
-1405063,772495,2
-1405063,772501,2
-1405063,772502,1
-1405063,772503,6
-1405063,772505,1
-1405063,772506,30
-1405063,772508,1
-1405063,772514,1
-1405063,772516,1
-1405063,772525,1
-1405063,772581,1
-1405063,772591,1
-1405063,772593,1
-1405063,772609,1
-1405063,772656,1
-1405063,773200,6
-1405063,773224,22
-1405063,773257,1
-1405063,774072,1
-1405063,774084,1
-1405063,774085,1
-1405063,774180,2
-1405063,774212,1
-1405063,774272,1
-1405063,774415,1
-1405062,772379,1
-1405062,772495,1
-1405062,772500,1
-1405062,772502,1
-1405062,772503,1
-1405062,772504,1
-1405062,772506,20
-1405062,772508,1
-1405062,772509,1
-1405062,772513,1
-1405062,772518,1
-1405062,772521,1
-1405062,772551,1
-1405062,772579,1
-1405062,773362,1
-1405062,774219,1
-1405061,772384,1
-1405061,772483,1
-1405061,772492,1
-1405061,772494,1
-1405061,772500,1
-1405061,772502,1
-1405061,772504,1
-1405061,772507,40
-1405061,772509,27
-1405061,772512,1
-1405061,772515,18
-1405061,772519,1
-1405061,772522,1
-1405061,772599,1
-1405061,772653,1
-1405061,773119,1
-1405061,773185,1
-1405061,773212,3
-1405061,773229,1
-1405061,773230,22
-1405061,774132,1
-1405061,774254,1
-1405061,774336,1
-1405060,772105,1
-1405060,772485,1
-1405060,772495,1
-1405060,772498,1
-1405060,772503,6
-1405060,772505,24
-1405060,772506,25
-1405060,772508,2
-1405060,772509,82
-1405060,772514,1
-1405060,772536,1
-1405060,772584,1
-1405060,773189,16
-1405060,773215,1
-1405060,773217,1
-1405060,774155,1
-1405060,774224,1
-1405060,774286,1
-1405059,772486,1
-1405059,772495,1
-1405059,772499,8
-1405059,772501,1
-1405059,772504,30
-1405059,772508,2
-1405059,772509,1
-1405059,772510,1
-1405059,772514,2
-1405059,772516,2
-1405059,772518,2
-1405059,772524,1
-1405059,772540,1
-1405059,772562,5
-1405059,772583,1
-1405059,772649,1
-1405059,772661,1
-1405059,772750,4
-1405059,773096,1
-1405059,773099,1
-1405059,773213,10
-1405059,773928,1
-1405059,773976,1
-1405059,774276,1
-1405059,774336,1
-1405059,774408,1
-1405059,774430,3
-1405058,771588,1
-1405058,771619,1
-1405058,772489,1
-1405058,772497,1
-1405058,772501,1
-1405058,772504,1
-1405058,772506,1
-1405058,772507,1
-1405058,772508,1
-1405058,772509,48
-1405058,772510,1
-1405058,772511,1
-1405058,772514,1
-1405058,772517,1
-1405058,772549,8
-1405058,772550,2
-1405058,772563,1
-1405058,772577,1
-1405058,772598,1
-1405058,773186,44
-1405058,773235,1
-1405058,773242,2
-1405058,773793,1
-1405058,774134,1
-1405058,774257,1
-1405058,774284,1
-1405058,774303,1
-1405058,774431,2
-1405057,772074,1
-1405057,772117,1
-1405057,772495,1
-1405057,772497,37
-1405057,772500,1
-1405057,772506,1
-1405057,772507,1
-1405057,772510,1
-1405057,772511,23
-1405057,772517,1
-1405057,772521,1
-1405057,772525,1
-1405057,772529,1
-1405057,772555,1
-1405057,772604,1
-1405057,772731,4
-1405057,772845,6
-1405057,773095,1
-1405057,773218,37
-1405057,774077,1
-1405057,774246,1
-1405057,774270,2
-1405057,774276,2
-1405057,774364,1
-1405057,774412,1
-1405056,771642,1
-1405056,772493,1
-1405056,772499,1
-1405056,772501,1
-1405056,772505,8
-1405056,772506,2
-1405056,772507,1
-1405056,772509,1
-1405056,772512,8
-1405056,772514,2
-1405056,772517,1
-1405056,772520,1
-1405056,772574,1
-1405056,772618,1
-1405056,772647,1
-1405056,773051,1
-1405056,773195,28
-1405056,773225,24
-1405056,773242,9
-1405056,773734,1
-1405056,774198,1
-1405056,774227,1
-1405056,774252,1
-1405056,774267,1
-1405056,774275,1
-1405056,774284,1
-1405055,772495,1
-1405055,772498,1
-1405055,772503,2
-1405055,772510,1
-1405055,772511,1
-1405055,772513,1
-1405055,772575,1
-1405055,772641,1
-1405055,772686,1
-1405055,773192,11
-1405055,773201,1
-1405055,773260,22
-1405055,773490,1
-1405055,773494,1
-1405055,774122,1
-1405055,774207,1
-1405055,774210,1
-1405055,774249,1
-1405055,774269,1
-1405055,774275,1
-1405055,774277,1
-1405055,774286,1
-1405055,774425,1
-1405055,774433,1
-1405055,774434,1
-1405054,772419,1
-1405054,772472,1
-1405054,772487,1
-1405054,772501,1
-1405054,772502,1
-1405054,772503,29
-1405054,772504,1
-1405054,772505,1
-1405054,772506,1
-1405054,772507,1
-1405054,772510,1
-1405054,772511,2
-1405054,772516,1
-1405054,772519,1
-1405054,772523,5
-1405054,772532,1
-1405054,772536,1
-1405054,772537,1
-1405054,772570,1
-1405054,772571,1
-1405054,772573,2
-1405054,772696,1
-1405054,772710,1
-1405054,773072,1
-1405054,773106,1
-1405054,774139,1
-1405054,774141,1
-1405054,774208,1
-1405054,774210,2
-1405054,774211,3
-1405054,774219,2
-1405054,774233,1
-1405054,774236,1
-1405054,774238,1
-1405054,774245,6
-1405054,774248,2
-1405054,774267,1
-1405054,774281,1
-1405054,774364,1
-1405054,774408,1
-1405053,772474,1
-1405053,772497,1
-1405053,772499,1
-1405053,772500,1
-1405053,772504,28
-1405053,772511,1
-1405053,772515,1
-1405053,772516,1
-1405053,772517,1
-1405053,772523,1
-1405053,772568,1
-1405053,772650,1
-1405053,772663,1
-1405053,773312,1
-1405053,773678,1
-1405053,773964,1
-1405053,774174,1
-1405053,774223,1
-1405053,774239,1
-1405053,774243,1
-1405053,774245,1
-1405053,774246,3
-1405053,774247,2
-1405053,774248,1
-1405053,774264,1
-1405053,774268,1
-1405053,774276,1
-1405053,774279,1
-1405053,774321,1
-1405052,772464,1
-1405052,772465,1
-1405052,772468,2
-1405052,772493,2
-1405052,772497,1
-1405052,772503,1
-1405052,772504,1
-1405052,772508,1
-1405052,772510,2
-1405052,772511,3
-1405052,772512,1
-1405052,772515,54
-1405052,772530,2
-1405052,772533,1
-1405052,772543,1
-1405052,773956,1
-1405052,774136,3
-1405052,774159,1
-1405052,774171,1
-1405052,774172,1
-1405052,774174,1
-1405052,774181,1
-1405052,774235,1
-1405052,774243,9
-1405052,774245,3
-1405052,774246,3
-1405052,774247,2
-1405052,774250,1
-1405052,774265,1
-1405052,774267,1
-1405052,774269,1
-1405052,774275,1
-1405052,774279,1
-1405052,774283,1
-1405052,774395,1
-1405051,772465,1
-1405051,772492,1
-1405051,772496,1
-1405051,772502,1
-1405051,772512,1
-1405051,772515,1
-1405051,772516,1
-1405051,772517,1
-1405051,772521,1
-1405051,772522,1
-1405051,772528,2
-1405051,772540,1
-1405051,772597,1
-1405051,772665,1
-1405051,773012,1
-1405051,773942,18
-1405051,773963,1
-1405051,774140,1
-1405051,774162,1
-1405051,774173,2
-1405051,774174,1
-1405051,774211,1
-1405051,774245,2
-1405051,774246,2
-1405051,774266,1
-1405051,774268,1
-1405051,774270,1
-1405051,774434,1
-1405050,772495,1
-1405050,772501,1
-1405050,772511,45
-1405050,772512,2
-1405050,772513,1
-1405050,772515,1
-1405050,772516,1
-1405050,772523,1
-1405050,772538,1
-1405050,772678,1
-1405050,773101,1
-1405050,773564,1
-1405050,774098,1
-1405050,774117,3
-1405050,774142,1
-1405050,774153,1
-1405050,774170,1
-1405050,774171,2
-1405050,774172,3
-1405050,774173,3
-1405050,774197,1
-1405050,774222,1
-1405050,774224,1
-1405050,774239,1
-1405050,774246,1
-1405050,774267,1
-1405049,771756,1
-1405049,771935,1
-1405049,772489,2
-1405049,772496,1
-1405049,772500,2
-1405049,772501,1
-1405049,772503,1
-1405049,772506,1
-1405049,772508,7
-1405049,772511,1
-1405049,772512,1
-1405049,772513,1
-1405049,772516,1
-1405049,772517,1
-1405049,772525,1
-1405049,772529,1
-1405049,772532,1
-1405049,772536,1
-1405049,772539,1
-1405049,772545,1
-1405049,772560,1
-1405049,772632,1
-1405049,773957,1
-1405049,774162,1
-1405049,774170,1
-1405049,774171,1
-1405049,774172,2
-1405049,774173,2
-1405049,774203,3
-1405049,774220,1
-1405049,774223,1
-1405049,774265,1
-1405049,774274,1
-1405049,774275,1
-1405049,774281,1
-1405048,771622,1
-1405048,772328,1
-1405048,772492,1
-1405048,772510,1
-1405048,772514,1
-1405048,772516,1
-1405048,772517,1
-1405048,772518,1
-1405048,772519,1
-1405048,772539,1
-1405048,772570,1
-1405048,773065,1
-1405048,773177,7
-1405048,773500,1
-1405048,774152,1
-1405048,774245,1
-1405048,774393,1
-1405047,771748,1
-1405047,771751,1
-1405047,772310,1
-1405047,772502,1
-1405047,772504,1
-1405047,772506,1
-1405047,772512,1
-1405047,772522,2
-1405047,772527,1
-1405047,772528,1
-1405047,772536,1
-1405047,772541,6
-1405047,772546,5
-1405047,772548,1
-1405047,772562,1
-1405047,772565,1
-1405047,772648,1
-1405047,773810,1
-1405047,773905,5
-1405047,773959,1
-1405047,774141,1
-1405047,774172,1
-1405047,774214,1
-1405047,774221,1
-1405047,774267,1
-1405047,774269,1
-1405047,774274,1
-1405047,774276,1
-1405047,774286,1
-1405047,774381,1
-1405046,771623,1
-1405046,772473,1
-1405046,772489,1
-1405046,772491,1
-1405046,772502,1
-1405046,772507,2
-1405046,772508,1
-1405046,772518,1
-1405046,772521,1
-1405046,772525,2
-1405046,772533,6
-1405046,772537,1
-1405046,772544,1
-1405046,772574,1
-1405046,772614,1
-1405046,773245,3
-1405046,773514,1
-1405046,773917,1
-1405046,774182,1
-1405046,774236,1
-1405046,774273,1
-1405046,774274,1
-1405046,774275,1
-1405046,774276,1
-1405046,774279,1
-1405046,774292,1
-1405046,774386,1
-1405046,774400,1
-1405045,772481,1
-1405045,772497,1
-1405045,772498,1
-1405045,772499,1
-1405045,772501,1
-1405045,772505,60
-1405045,772506,3
-1405045,772508,1
-1405045,772509,1
-1405045,772510,25
-1405045,772514,1
-1405045,772517,1
-1405045,772532,1
-1405045,772533,1
-1405045,772539,1
-1405045,772545,1
-1405045,772546,2
-1405045,772558,1
-1405045,772571,1
-1405045,772572,1
-1405045,772623,1
-1405045,773960,1
-1405045,774199,1
-1405045,774224,1
-1405045,774253,1
-1405045,774291,1
-1405045,774292,1
-1405045,774332,1
-1405044,772381,1
-1405044,772472,1
-1405044,772473,1
-1405044,772503,1
-1405044,772504,1
-1405044,772507,1
-1405044,772508,1
-1405044,772516,2
-1405044,772519,1
-1405044,772525,1
-1405044,772540,1
-1405044,772542,1
-1405044,772547,1
-1405044,772649,1
-1405044,772678,1
-1405044,772801,1
-1405044,773083,1
-1405044,773962,1
-1405044,774273,1
-1405044,774274,2
-1405044,774279,1
-1405044,774280,1
-1405044,774298,1
-1405044,774308,1
-1405044,774379,2
-1405044,774396,1
-1405044,774409,1
-1405044,774438,1
-1405043,772457,1
-1405043,772491,1
-1405043,772502,1
-1405043,772506,1
-1405043,772507,1
-1405043,772508,1
-1405043,772514,1
-1405043,772518,1
-1405043,772521,2
-1405043,772525,2
-1405043,772528,6
-1405043,772531,1
-1405043,772544,1
-1405043,772548,1
-1405043,772553,1
-1405043,773095,1
-1405043,773780,1
-1405043,774233,1
-1405043,774271,1
-1405043,774274,1
-1405043,774275,1
-1405043,774278,1
-1405043,774349,1
-1405043,774379,2
-1405043,774408,1
-1405042,772442,1
-1405042,772488,1
-1405042,772493,1
-1405042,772498,2
-1405042,772499,3
-1405042,772504,1
-1405042,772505,1
-1405042,772507,1
-1405042,772510,1
-1405042,772512,1
-1405042,772515,1
-1405042,772516,1
-1405042,772525,1
-1405042,772527,1
-1405042,772532,1
-1405042,772536,1
-1405042,772545,1
-1405042,772546,1
-1405042,772547,1
-1405042,772549,2
-1405042,772643,1
-1405042,772646,1
-1405042,773084,1
-1405042,773856,78
-1405042,774105,1
-1405042,774159,1
-1405042,774199,2
-1405042,774276,1
-1405042,774284,1
-1405042,774287,1
-1405042,774296,1
-1405041,772469,1
-1405041,772472,1
-1405041,772485,1
-1405041,772499,850
-1405041,772500,116
-1405041,772501,7
-1405041,772502,3
-1405041,772503,1
-1405041,772504,2
-1405041,772505,1
-1405041,772506,2
-1405041,772507,2
-1405041,772508,1
-1405041,772509,1
-1405041,772510,1
-1405041,772513,23
-1405041,772514,1
-1405041,772517,1
-1405041,772536,1
-1405041,772548,1
-1405041,772570,1
-1405041,772994,1
-1405041,773014,1
-1405041,773038,1
-1405041,773092,1
-1405041,774277,1
-1405041,774283,1
-1405041,774287,2
-1405041,774288,1
-1405041,774294,1
-1405041,774417,2
-1405040,772316,1
-1405040,772486,1
-1405040,772492,1
-1405040,772494,1
-1405040,772496,3
-1405040,772501,1
-1405040,772502,12
-1405040,772506,1
-1405040,772507,2
-1405040,772508,3
-1405040,772509,1
-1405040,772510,1
-1405040,772514,1
-1405040,772515,1
-1405040,772519,1
-1405040,772543,1
-1405040,772555,1
-1405040,772561,2
-1405040,772565,2
-1405040,772571,1
-1405040,772667,1
-1405040,773044,1
-1405040,773080,1
-1405040,773090,1
-1405040,773340,1
-1405040,773348,1
-1405040,773945,2
-1405040,774150,1
-1405040,774214,1
-1405040,774287,2
-1405040,774289,2
-1405040,774291,1
-1405040,774332,1
-1405040,774368,1
-1405040,774393,1
-1405040,774405,1
-1405039,772466,1
-1405039,772473,1
-1405039,772476,1
-1405039,772494,1
-1405039,772499,1
-1405039,772500,1
-1405039,772507,1
-1405039,772509,3
-1405039,772512,1
-1405039,772515,1
-1405039,772517,1
-1405039,772524,1
-1405039,772559,1
-1405039,772567,1
-1405039,772569,1
-1405039,772574,1
-1405039,773437,1
-1405039,774004,9
-1405039,774222,1
-1405039,774223,2
-1405039,774230,1
-1405039,774236,1
-1405039,774243,1
-1405039,774277,1
-1405039,774287,1
-1405039,774289,1
-1405039,774357,1
-1405039,774391,1
-1405038,772499,1
-1405038,772510,1
-1405038,772513,1
-1405038,772515,1
-1405038,772519,1
-1405038,772537,4
-1405038,772541,1
-1405038,772555,1
-1405038,772560,1
-1405038,772561,1
-1405038,772568,1
-1405038,772585,1
-1405038,772783,1
-1405038,772851,1
-1405038,772973,1
-1405038,773087,1
-1405038,773090,1
-1405038,773543,1
-1405038,774219,1
-1405038,774223,1
-1405038,774287,1
-1405038,774289,3
-1405038,774333,1
-1405038,774395,1
-1405037,771818,1
-1405037,772451,1
-1405037,772471,1
-1405037,772473,1
-1405037,772505,1
-1405037,772509,1
-1405037,772511,1
-1405037,772513,1
-1405037,772514,1
-1405037,772516,1
-1405037,772517,2
-1405037,772519,1
-1405037,772533,2
-1405037,772549,1
-1405037,772557,1
-1405037,772565,1
-1405037,772566,1
-1405037,772769,1
-1405037,773003,1
-1405037,773006,1
-1405037,773059,1
-1405037,773167,45
-1405037,773257,1
-1405037,774224,1
-1405037,774289,1
-1405037,774290,1
-1405037,774341,1
-1405037,774346,1
-1405036,771620,1
-1405036,771881,1
-1405036,772338,1
-1405036,772503,1
-1405036,772507,13
-1405036,772510,1
-1405036,772511,1
-1405036,772512,2
-1405036,772513,1
-1405036,772531,3
-1405036,772563,1
-1405036,772573,1
-1405036,772617,13
-1405036,772660,1
-1405036,772972,1
-1405036,773003,1
-1405036,773927,1
-1405036,774191,1
-1405036,774331,1
-1405036,774335,1
-1405036,774380,1
-1405036,774423,1
-1405035,771627,1
-1405035,772447,1
-1405035,772454,1
-1405035,772471,1
-1405035,772476,1
-1405035,772498,1
-1405035,772500,1
-1405035,772508,1
-1405035,772510,1
-1405035,772511,1
-1405035,772512,1
-1405035,772513,1
-1405035,772520,1
-1405035,772533,1
-1405035,772555,8
-1405035,772556,1
-1405035,772975,2
-1405035,773074,1
-1405035,773906,1
-1405035,774008,14
-1405035,774183,1
-1405035,774219,1
-1405035,774231,1
-1405035,774333,5
-1405035,774334,1
-1405035,774388,1
-1405034,770879,1
-1405034,771208,1
-1405034,772232,1
-1405034,772480,1
-1405034,772508,1
-1405034,772512,1
-1405034,772542,1
-1405034,772556,13
-1405034,772569,1
-1405034,772672,1
-1405034,773129,1
-1405034,773171,1
-1405034,773183,1
-1405034,774154,1
-1405034,774236,1
-1405034,774327,1
-1405034,774332,1
-1405034,774395,1
-1405033,772429,1
-1405033,772446,1
-1405033,772518,1
-1405033,772681,1
-1405033,773197,14
-1405033,774184,1
-1405033,774288,2
-1405033,774368,1
-1405033,774400,1
-1405033,774420,1
-1405032,770899,1
-1405032,772467,1
-1405032,772469,1
-1405032,772503,1
-1405032,772508,1
-1405032,772559,1
-1405032,772602,1
-1405032,772633,1
-1405032,772811,4
-1405032,773171,1
-1405032,774143,1
-1405032,774145,1
-1405032,774240,1
-1405032,774243,1
-1405032,774244,1
-1405032,774275,2
-1405032,774293,2
-1405032,774294,1
-1405032,774295,1
-1405032,774320,1
-1405032,774337,26
-1405031,771555,1
-1405031,772462,1
-1405031,772545,1
-1405031,772555,1
-1405031,772661,1
-1405031,772688,1
-1405031,772705,3
-1405031,773176,1
-1405031,773433,1
-1405031,774148,1
-1405031,774149,1
-1405031,774223,1
-1405031,774238,1
-1405031,774241,1
-1405031,774292,1
-1405031,774293,2
-1405031,774294,2
-1405030,772454,1
-1405030,772482,2
-1405030,772490,1
-1405030,772516,1
-1405030,772545,1
-1405030,772777,1
-1405030,772997,1
-1405030,773044,1
-1405030,773165,1
-1405030,773173,2
-1405030,773174,2
-1405030,773175,2
-1405030,774085,1
-1405030,774173,2
-1405030,774180,1
-1405030,774229,1
-1405030,774282,1
-1405030,774290,1
-1405030,774294,1
-1405030,774418,1
-1405029,769943,1
-1405029,772465,1
-1405029,772488,1
-1405029,772499,1
-1405029,772502,1
-1405029,772512,1
-1405029,772516,1
-1405029,772519,1
-1405029,772525,1
-1405029,772656,1
-1405029,773035,1
-1405029,773038,1
-1405029,774165,1
-1405029,774172,1
-1405029,774223,1
-1405029,774246,1
-1405029,774341,1
-1405028,772463,1
-1405028,772516,1
-1405028,772531,1
-1405028,772692,1
-1405028,772769,6
-1405028,773172,1
-1405028,773182,1
-1405028,774159,1
-1405028,774160,1
-1405028,774237,1
-1405028,774338,1
-1405028,774340,1
-1405027,771576,1
-1405027,771960,1
-1405027,772646,1
-1405027,772971,1
-1405027,773172,1
-1405027,773173,2
-1405027,773838,1
-1405027,774151,3
-1405027,774185,1
-1405027,774191,1
-1405027,774264,1
-1405027,774292,1
-1405027,774339,1
-1405026,769945,1
-1405026,772472,1
-1405026,772541,1
-1405026,772640,1
-1405026,772730,8
-1405026,773066,1
-1405026,773167,1
-1405026,773837,1
-1405026,774108,1
-1405026,774174,1
-1405026,774177,1
-1405026,774190,1
-1405026,774291,1
-1405026,774293,1
-1405026,774416,1
-1405025,769947,1
-1405025,772640,1
-1405025,772663,1
-1405025,773032,1
-1405025,773048,1
-1405025,773079,8
-1405025,773199,14
-1405025,773247,1
-1405025,773643,1
-1405025,773673,1
-1405025,773860,1
-1405025,774121,1
-1405025,774174,1
-1405025,774176,1
-1405025,774177,1
-1405025,774188,1
-1405025,774289,1
-1405025,774291,1
-1405024,769948,1
-1405024,771614,1
-1405024,772484,1
-1405024,772521,1
-1405024,772543,1
-1405024,773270,1
-1405024,773933,1
-1405024,774177,1
-1405024,774236,1
-1405024,774327,1
-1405024,774445,6
-1405023,771561,1
-1405023,771644,1
-1405023,772399,2
-1405023,772492,1
-1405023,772520,1
-1405023,772524,1
-1405023,772776,1
-1405023,773440,1
-1405023,773672,1
-1405023,773674,1
-1405023,773839,1
-1405023,774155,1
-1405023,774173,1
-1405023,774304,1
-1405023,774310,1
-1405023,774393,1
-1405023,774401,1
-1405022,769944,1
-1405022,772390,1
-1405022,772467,1
-1405022,772487,1
-1405022,772551,1
-1405022,773077,1
-1405022,773096,1
-1405022,774156,1
-1405022,774181,1
-1405022,774191,1
-1405022,774301,1
-1405022,774309,1
-1405022,774315,1
-1405021,769918,1
-1405021,769947,1
-1405021,771254,1
-1405021,771602,1
-1405021,771717,1
-1405021,772485,1
-1405021,772509,1
-1405021,772527,1
-1405021,772696,1
-1405021,773097,1
-1405021,773376,1
-1405021,774169,1
-1405021,774175,1
-1405021,774188,1
-1405021,774211,1
-1405021,774305,2
-1405021,774307,2
-1405021,774334,1
-1405020,771541,3
-1405020,772185,1
-1405020,772483,1
-1405020,772543,1
-1405020,772681,1
-1405020,772982,1
-1405020,773048,1
-1405020,773179,1
-1405020,773796,1
-1405020,774083,1
-1405020,774168,1
-1405020,774190,1
-1405020,774236,1
-1405020,774291,1
-1405019,772486,1
-1405019,772505,1
-1405019,772512,1
-1405019,772554,1
-1405019,772641,1
-1405019,772643,1
-1405019,773016,1
-1405019,773884,1
-1405019,773894,1
-1405019,774172,1
-1405019,774176,1
-1405019,774273,1
-1405019,774303,1
-1405019,774345,1
-1405018,772535,1
-1405018,773013,1
-1405018,773875,10
-1405018,774168,1
-1405018,774230,1
-1405018,774283,1
-1405018,774285,1
-1405018,774404,1
-1405017,771572,1
-1405017,771579,1
-1405017,772539,1
-1405017,772643,1
-1405017,772855,1
-1405017,773040,1
-1405017,773671,1
-1405017,774139,1
-1405017,774238,1
-1405016,772490,1
-1405016,772670,1
-1405016,772731,1
-1405016,773055,13
-1405016,773072,1
-1405016,774151,1
-1405016,774153,1
-1405016,774165,1
-1405016,774236,1
-1405016,774241,1
-1405016,774273,1
-1405016,774304,1
-1405015,772490,1
-1405015,772494,1
-1405015,772537,1
-1405015,773006,1
-1405015,773042,1
-1405015,774248,1
-1405015,774265,1
-1405014,771543,1
-1405014,771647,1
-1405014,772494,349
-1405014,772522,1
-1405014,772525,1
-1405014,772531,1
-1405014,772542,1
-1405014,772642,1
-1405014,773030,21
-1405014,773041,1
-1405014,773171,2
-1405014,773808,1
-1405014,774145,1
-1405014,774295,1
-1405014,774384,1
-1405013,769922,1
-1405013,772481,1
-1405013,772531,1
-1405013,772768,1
-1405013,772856,1
-1405013,773055,1
-1405013,773069,1
-1405013,773678,1
-1405013,774152,2
-1405013,774222,1
-1405013,774294,1
-1405013,774296,1
-1405013,774360,1
-1405012,772825,1
-1405012,772986,1
-1405012,772991,1
-1405012,773057,1
-1405012,773058,2
-1405012,774206,1
-1405012,774363,1
-1405011,772408,1
-1405011,772496,1
-1405011,773039,1
-1405011,773063,1
-1405011,773112,1
-1405011,773672,1
-1405011,774145,1
-1405011,774159,1
-1405011,774404,1
-1405010,771566,1
-1405010,772492,1
-1405010,772495,310
-1405010,772496,1
-1405010,772543,1
-1405010,772793,1
-1405010,773080,1
-1405010,774088,1
-1405010,774123,1
-1405010,774155,1
-1405010,774233,2
-1405010,774276,1
-1405010,774293,1
-1405010,774374,1
-1405009,770874,1
-1405009,772502,1
-1405009,772544,1
-1405009,772545,1
-1405009,772833,1
-1405009,773473,1
-1405009,773681,1
-1405009,773723,1
-1405009,774237,1
-1405009,774271,1
-1405009,774305,1
-1405009,774359,1
-1405008,770881,1
-1405008,771611,1
-1405008,772490,1
-1405008,772495,1
-1405008,772549,2
-1405008,772985,1
-1405008,773027,1
-1405008,773679,1
-1405008,773906,1
-1405008,774135,6
-1405008,774301,1
-1405008,774375,1
-1405007,772204,20
-1405007,772548,1
-1405007,773033,1
-1405007,773051,1
-1405007,773177,2
-1405007,773321,1
-1405007,774131,1
-1405007,774152,1
-1405007,774275,1
-1405007,774352,1
-1405006,772539,1
-1405006,772796,1
-1405006,773018,1
-1405006,773031,1
-1405006,773080,1
-1405006,774103,1
-1405006,774136,1
-1405006,774377,1
-1405005,772508,1
-1405005,772511,1
-1405005,772541,1
-1405005,772803,1
-1405005,772815,1
-1405005,772959,1
-1405005,773068,2
-1405005,773078,1
-1405005,773079,1
-1405005,773089,1
-1405005,773992,1
-1405005,774195,1
-1405005,774342,1
-1405004,772511,1
-1405004,772515,4
-1405004,772540,1
-1405004,772768,1
-1405004,772904,1
-1405004,772983,1
-1405004,773043,1
-1405004,773993,1
-1405004,774158,1
-1405004,774169,1
-1405004,774178,1
-1405004,774247,1
-1405003,772182,1
-1405003,772954,1
-1405003,773004,2
-1405003,773029,1
-1405003,773042,1
-1405003,773052,1
-1405003,773059,1
-1405003,773792,1
-1405003,774177,1
-1405003,774252,1
-1405003,774356,1
-1405002,772793,1
-1405002,772941,1
-1405002,773803,1
-1405002,774170,1
-1405002,774175,1
-1405002,774274,2
-1405002,774276,1
-1405002,774325,1
-1405002,774349,1
-1405001,772619,1
-1405001,772657,1
-1405001,772715,1
-1405001,772758,1
-1405001,772921,1
-1405001,773009,2
-1405001,773853,1
-1405001,774131,1
-1405001,774351,1
-1405000,771566,1
-1405000,772818,1
-1405000,773053,1
-1405000,773056,1
-1405000,773864,1
-1405000,774153,1
-1405000,774161,1
-1405000,774274,1
-1404999,772506,1
-1404999,772683,1
-1404999,772685,1
-1404999,772956,1
-1404999,772988,1
-1404999,773079,1
-1404999,774143,1
-1404999,774168,1
-1404999,774360,1
-1404998,772797,1
-1404998,772806,4
-1404998,772836,1
-1404998,772893,1
-1404998,773021,2
-1404998,773036,1
-1404998,773866,1
-1404998,774239,1
-1404998,774360,1
-1404997,770883,1
-1404997,772510,1
-1404997,772665,1
-1404997,773064,1
-1404997,773282,29
-1404997,774050,1
-1404997,774167,1
-1404997,774187,1
-1404997,774329,1
-1404997,774351,1
-1404997,774352,1
-1404996,772499,1
-1404996,772884,1
-1404996,772905,1
-1404996,773017,1
-1404996,773049,10
-1404996,773079,1
-1404996,773087,1
-1404996,773091,281
-1404996,774342,1
-1404995,772423,2
-1404995,772968,1
-1404995,773008,1
-1404995,773056,1
-1404995,773081,1
-1404995,773082,1
-1404995,773353,1
-1404995,774054,1
-1404995,774272,1
-1404995,774340,1
-1404995,774349,1
-1404994,772525,1
-1404994,772798,1
-1404994,772809,1
-1404994,772844,1
-1404994,773006,5
-1404994,773013,1
-1404994,773077,8
-1404994,773078,12
-1404994,773082,1
-1404994,773251,1
-1404994,773899,1
-1404994,774115,1
-1404994,774168,1
-1404994,774258,1
-1404993,772842,1
-1404993,773048,1
-1404993,773052,1
-1404993,773080,1
-1404993,773928,2
-1404993,774187,1
-1404992,770863,1
-1404992,770865,1
-1404992,772492,1
-1404992,772497,1
-1404992,772764,1
-1404992,773007,1
-1404992,773083,1
-1404992,773835,1
-1404992,774148,1
-1404992,774154,1
-1404992,774170,1
-1404992,774343,1
-1404992,774377,1
-1404991,772451,1
-1404991,772504,2
-1404991,772742,1
-1404991,772750,1
-1404991,772754,1
-1404991,772831,1
-1404991,772895,1
-1404991,773012,2
-1404991,774357,1
-1404990,772677,1
-1404990,772738,1
-1404990,772981,1
-1404990,772999,1
-1404990,773041,1
-1404990,774164,1
-1404989,772669,1
-1404989,772939,1
-1404989,773002,1
-1404989,773048,1
-1404989,773058,1
-1404989,773719,1
-1404989,773929,1
-1404989,774360,1
-1404988,772498,1
-1404988,772640,2
-1404988,772655,1
-1404988,772738,1
-1404988,772778,5
-1404988,772901,1
-1404988,772999,4
-1404988,773041,1
-1404988,773927,1
-1404988,774357,1
-1404988,774364,1
-1404988,774401,1
-1404987,772501,1
-1404987,772527,1
-1404987,772666,1
-1404987,772763,1
-1404987,772897,1
-1404987,772939,1
-1404987,772949,1
-1404987,772959,1
-1404987,772997,2
-1404987,773001,1
-1404986,772724,1
-1404986,772935,1
-1404986,772955,1
-1404986,772959,1
-1404986,772997,2
-1404986,772998,1
-1404986,774165,1
-1404985,772762,1
-1404985,772796,1
-1404985,772896,1
-1404985,772927,1
-1404985,772973,1
-1404985,772976,1
-1404985,773031,1
-1404985,773032,1
-1404985,773034,1
-1404985,773035,167
-1404985,774174,1
-1404985,774267,1
-1404985,774281,1
-1404985,774367,1
-1404985,774373,1
-1404985,774392,1
-1404984,772423,1
-1404984,772787,1
-1404984,772926,1
-1404984,772937,1
-1404984,772940,1
-1404984,772951,1
-1404984,772956,2
-1404984,772962,1
-1404984,772969,1
-1404984,772998,1
-1404984,773030,1
-1404984,773031,1
-1404984,773034,22
-1404984,773038,1
-1404984,774282,1
-1404984,774300,1
-1404984,774364,2
-1404984,774365,1
-1404984,774366,1
-1404984,774382,1
-1404983,770889,1
-1404983,772785,1
-1404983,772786,1
-1404983,772916,1
-1404983,772941,1
-1404983,772942,1
-1404983,772944,1
-1404983,772945,1
-1404983,772957,1
-1404983,772966,1
-1404983,772997,1
-1404983,773023,1
-1404983,773035,1
-1404983,774283,1
-1404983,774323,1
-1404983,774364,1
-1404983,774366,1
-1404982,772882,1
-1404982,772930,1
-1404982,772935,1
-1404982,772946,1
-1404982,772958,1
-1404982,772996,1
-1404982,773013,1
-1404982,773016,1
-1404982,773032,1
-1404982,773033,3
-1404982,773034,1
-1404982,774117,1
-1404982,774160,1
-1404982,774266,1
-1404982,774304,1
-1404982,774361,1
-1404982,774367,1
-1404982,774368,1
-1404982,774378,1
-1404981,771561,1
-1404981,772405,1
-1404981,772413,1
-1404981,772441,1
-1404981,772646,2
-1404981,772866,1
-1404981,772873,1
-1404981,772909,1
-1404981,772910,1
-1404981,772970,1
-1404981,772980,1
-1404981,772988,1
-1404981,773019,1
-1404981,773033,1
-1404981,773034,3
-1404981,774119,1
-1404981,774299,1
-1404981,774344,1
-1404981,774357,1
-1404980,772693,1
-1404980,772719,1
-1404980,772930,1
-1404980,772934,1
-1404980,772976,1
-1404980,772993,1
-1404980,773008,1
-1404980,773033,1
-1404980,773040,6
-1404980,773114,1
-1404980,773734,1
-1404980,774208,1
-1404979,772778,1
-1404979,772939,1
-1404979,772956,1
-1404979,772967,1
-1404979,773008,1
-1404979,774135,1
-1404979,774243,1
-1404978,772499,22
-1404978,772711,1
-1404978,772928,1
-1404978,772932,1
-1404978,772966,1
-1404978,772980,1
-1404978,772994,2
-1404978,772997,2
-1404978,773003,1
-1404978,774320,1
-1404978,774386,1
-1404978,774400,1
-1404977,772728,1
-1404977,772823,1
-1404977,772851,1
-1404977,772970,1
-1404977,772972,1
-1404977,772985,1
-1404977,772991,1
-1404977,772993,1
-1404977,773040,34
-1404977,773520,1
-1404977,773933,1
-1404977,774400,1
-1404976,772443,1
-1404976,772681,1
-1404976,772701,1
-1404976,772932,1
-1404976,772948,1
-1404976,772991,1
-1404975,770032,1
-1404975,772787,1
-1404975,772819,1
-1404975,772868,1
-1404975,772906,1
-1404975,772941,1
-1404975,772974,1
-1404975,772988,1
-1404975,773011,1
-1404975,773013,30
-1404974,772141,1
-1404974,772478,4
-1404974,772645,1
-1404974,772765,1
-1404974,772873,1
-1404974,772951,1
-1404974,772988,1
-1404974,773001,1
-1404974,773120,1
-1404974,773858,1
-1404974,774021,1
-1404974,774102,1
-1404973,772465,1
-1404973,772754,1
-1404973,772785,1
-1404973,772946,1
-1404973,772968,1
-1404973,772975,1
-1404973,772994,1
-1404973,773029,5
-1404973,773556,3
-1404972,770912,1
-1404972,772440,1
-1404972,772883,1
-1404972,772976,1
-1404972,773000,1
-1404972,773021,36
-1404972,774327,1
-1404972,774393,1
-1404971,772783,1
-1404971,772786,1
-1404971,772942,1
-1404971,772992,1
-1404971,772993,1
-1404971,774391,1
-1404970,772554,1
-1404970,772779,1
-1404970,772813,1
-1404970,772972,23
-1404970,772984,1
-1404970,772988,9
-1404970,772989,147
-1404970,772995,1
-1404970,773001,1
-1404970,773104,50
-1404970,773957,1
-1404969,772939,1
-1404969,772944,1
-1404969,772972,1
-1404969,772992,1
-1404969,772994,1
-1404969,773000,1
-1404969,773020,1
-1404969,774321,1
-1404969,774378,1
-1404969,774386,1
-1404968,772479,2
-1404968,772629,1
-1404968,772644,2
-1404968,772675,1
-1404968,772771,1
-1404968,772776,1
-1404968,772942,1
-1404968,772943,1
-1404968,772964,1
-1404968,772977,1
-1404968,772978,1
-1404968,772982,2
-1404968,772988,2
-1404968,772990,1
-1404968,773001,1
-1404968,773149,1
-1404968,773876,1
-1404968,773920,1
-1404967,772773,1
-1404967,772779,1
-1404967,772855,1
-1404967,772988,2
-1404967,772989,1
-1404967,772993,1
-1404967,773016,13
-1404967,773313,1
-1404967,774385,1
-1404967,774393,1
-1404967,774438,1
-1404966,772634,1
-1404966,772775,1
-1404966,772943,1
-1404966,772982,1
-1404966,772989,2
-1404966,773052,1
-1404966,774310,1
-1404966,774328,1
-1404965,770897,1
-1404965,772778,1
-1404965,772981,1
-1404965,772983,1
-1404965,774022,1
-1404965,774321,1
-1404965,774386,1
-1404965,774390,1
-1404964,770887,1
-1404964,772703,1
-1404964,772919,1
-1404964,772923,1
-1404964,772953,1
-1404964,772982,2
-1404964,774291,1
-1404963,772768,1
-1404963,772769,1
-1404963,772909,1
-1404963,772980,1
-1404963,773005,1
-1404963,774322,1
-1404963,774366,1
-1404963,774385,1
-1404963,774386,1
-1404962,772768,1
-1404962,772771,9
-1404962,772772,1
-1404962,772848,1
-1404962,772946,1
-1404961,772456,1
-1404961,772785,1
-1404961,772900,1
-1404961,772901,1
-1404961,772906,1
-1404961,772907,1
-1404961,774357,1
-1404961,774380,1
-1404961,774428,1
-1404960,772508,1
-1404960,772743,1
-1404960,772902,1
-1404960,773053,1
-1404959,772983,1
-1404959,773592,1
-1404959,773828,1
-1404959,774372,1
-1404958,772412,2
-1404958,772708,1
-1404958,772906,1
-1404958,772945,1
-1404958,773064,2
-1404958,774213,1
-1404958,774288,1
-1404958,774355,1
-1404958,774378,1
-1404957,772705,1
-1404957,774186,1
-1404957,774352,1
-1404957,774355,1
-1404957,774363,1
-1404957,774374,1
-1404957,774393,1
-1404956,772470,1
-1404956,772703,1
-1404956,772982,1
-1404956,773050,1
-1404956,773054,1
-1404956,774331,1
-1404956,774387,1
-1404955,770909,1
-1404955,772650,1
-1404955,772775,1
-1404955,772959,1
-1404955,773881,1
-1404955,774394,1
-1404954,772432,1
-1404954,772727,1
-1404954,772979,1
-1404954,774297,1
-1404953,772508,1
-1404953,772825,1
-1404953,774395,13
-1404952,771882,1
-1404952,773837,1
-1404951,772727,1
-1404951,772892,1
-1404951,773056,1
-1404951,773284,1
-1404951,773929,1
-1404950,772725,1
-1404950,773881,1
-1404950,774307,1
-1404949,772702,1
-1404949,772766,1
-1404949,773668,1
-1404949,773774,1
-1404949,774267,1
-1404949,774300,1
-1404949,774392,1
-1404948,772438,1
-1404948,772713,1
-1404948,774065,1
-1404948,774179,1
-1404947,772440,1
-1404947,772886,1
-1404947,772894,1
-1404947,772898,1
-1404947,773666,1
-1404947,774315,1
-1404946,772784,1
-1404946,772901,1
-1404946,772902,1
-1404946,774289,1
-1404946,774381,1
-1404946,774438,1
-1404945,772731,1
-1404945,772817,1
-1404945,772892,1
-1404945,773056,2
-1404945,773060,1
-1404945,773664,1
-1404945,774286,1
-1404945,774433,1
-1404944,772793,1
-1404944,772817,1
-1404944,772889,1
-1404944,773598,1
-1404944,774315,1
-1404944,774384,1
-1404943,772892,1
-1404943,773073,1
-1404942,772736,1
-1404942,772812,1
-1404942,772881,1
-1404942,773817,1
-1404942,774291,1
-1404942,774344,1
-1404941,772880,1
-1404941,773051,1
-1404941,773612,1
-1404941,774148,1
-1404941,774373,1
-1404940,773374,1
-1404940,774064,1
-1404940,774324,1
-1404940,774369,1
-1404940,774375,3
-1404940,774385,1
-1404940,774411,1
-1404939,773066,1
-1404939,773880,1
-1404939,773995,1
-1404939,774010,1
-1404939,774298,1
-1404938,773059,1
-1404938,773060,1
-1404938,773629,1
-1404938,773828,1
-1404938,774003,1
-1404938,774337,1
-1404937,773883,1
-1404937,773890,1
-1404937,774143,1
-1404937,774316,1
-1404936,772873,1
-1404936,773059,1
-1404935,773057,1
-1404935,773638,1
-1404935,773996,1
-1404935,774153,1
-1404935,774259,1
-1404935,774358,4
-1404934,772864,1
-1404934,772872,1
-1404934,772974,1
-1404934,773057,1
-1404934,774275,1
-1404934,774310,1
-1404934,774320,1
-1404934,774363,1
-1404934,774404,1
-1404933,772744,1
-1404933,774146,1
-1404932,773178,1
-1404932,773881,2
-1404932,774047,1
-1404932,774366,1
-1404931,772811,1
-1404931,774346,1
-1404931,774347,7
-1404931,774362,1
-1404931,774376,1
-1404930,772746,1
-1404930,772753,1
-1404930,773968,1
-1404930,774066,1
-1404930,774069,1
-1404930,774139,1
-1404930,774305,1
-1404930,774313,1
-1404930,774348,1
-1404930,774352,2
-1404930,774366,1
-1404930,774369,8
-1404930,774375,1
-1404930,774376,1
-1404929,772851,1
-1404929,773317,1
-1404929,773362,1
-1404929,773877,1
-1404929,774024,1
-1404929,774312,2
-1404929,774315,1
-1404929,774344,1
-1404929,774360,2
-1404928,772435,1
-1404928,772609,1
-1404928,773312,1
-1404928,773775,1
-1404928,773884,1
-1404928,773971,1
-1404928,773981,1
-1404928,774032,1
-1404928,774324,1
-1404928,774342,1
-1404928,774364,1
-1404928,774383,1
-1404928,774385,2
-1404927,773791,1
-1404927,773880,2
-1404927,773973,1
-1404927,774129,1
-1404927,774239,1
-1404927,774328,1
-1404927,774355,1
-1404927,774366,1
-1404927,774388,1
-1404926,770860,1
-1404926,772847,1
-1404926,772856,1
-1404926,773971,1
-1404926,774129,1
-1404926,774202,1
-1404926,774317,1
-1404926,774325,1
-1404926,774350,1
-1404926,774386,1
-1404926,774387,1
-1404926,774390,1
-1404925,772177,1
-1404925,772843,3
-1404925,772867,1
-1404925,773878,2
-1404925,773968,1
-1404925,773977,1
-1404925,774348,1
-1404925,774380,1
-1404924,770167,1
-1404924,772841,1
-1404924,772850,1
-1404924,773769,1
-1404924,773881,1
-1404924,774043,1
-1404924,774265,1
-1404924,774328,1
-1404924,774353,1
-1404924,774361,2
-1404924,774375,1
-1404923,772180,1
-1404923,772751,1
-1404923,772849,1
-1404923,773757,1
-1404923,773980,1
-1404923,774025,1
-1404923,774133,1
-1404923,774306,1
-1404923,774337,1
-1404923,774349,2
-1404923,774355,1
-1404923,774356,1
-1404923,774357,1
-1404923,774380,1
-1404922,772756,1
-1404922,772781,1
-1404922,772849,1
-1404922,772857,1
-1404922,773885,1
-1404922,773969,1
-1404922,773972,1
-1404922,773982,1
-1404922,774038,1
-1404922,774212,2
-1404922,774294,1
-1404922,774309,1
-1404922,774318,1
-1404922,774323,1
-1404922,774326,1
-1404922,774335,1
-1404922,774340,1
-1404922,774342,3
-1404922,774344,1
-1404922,774378,1
-1404922,774382,1
-1404922,774402,1
-1404921,772887,1
-1404921,773882,2
-1404921,773971,1
-1404921,774073,1
-1404921,774082,1
-1404921,774308,1
-1404921,774324,1
-1404921,774325,1
-1404921,774326,2
-1404921,774338,1
-1404921,774341,1
-1404921,774342,1
-1404921,774348,1
-1404921,774427,1
-1404920,773679,1
-1404920,773728,1
-1404920,773879,1
-1404920,773968,1
-1404920,774181,1
-1404920,774291,1
-1404920,774327,1
-1404919,773728,1
-1404919,773775,1
-1404919,773836,1
-1404919,773969,1
-1404919,774310,1
-1404919,774324,1
-1404919,774327,1
-1404919,774332,1
-1404919,774370,1
-1404919,774372,1
-1404919,774386,2
-1404918,772396,1
-1404918,773964,1
-1404918,773979,1
-1404918,774319,1
-1404918,774324,1
-1404918,774361,1
-1404918,774378,1
-1404918,774379,1
-1404918,774383,1
-1404918,774408,1
-1404917,772770,1
-1404917,773878,1
-1404917,773980,1
-1404917,774098,1
-1404917,774315,1
-1404917,774329,1
-1404917,774332,1
-1404917,774340,1
-1404917,774376,1
-1404917,774378,1
-1404917,774386,2
-1404917,774420,1
-1404917,774446,1
-1404916,772762,2
-1404916,772797,1
-1404916,772819,1
-1404916,773969,1
-1404916,774030,2
-1404916,774065,1
-1404916,774226,1
-1404916,774386,3
-1404916,774414,1
-1404915,772765,1
-1404915,772772,1
-1404915,773994,1
-1404915,774019,5
-1404915,774027,3
-1404915,774032,1
-1404915,774034,3
-1404915,774317,1
-1404915,774322,1
-1404915,774379,1
-1404915,774432,1
-1404914,772770,1
-1404914,773062,1
-1404914,773970,1
-1404914,773981,1
-1404914,774034,1
-1404914,774144,1
-1404914,774316,1
-1404914,774324,1
-1404914,774392,1
-1404914,774410,4
-1404913,773777,1
-1404913,773836,1
-1404913,773953,4
-1404913,773960,1
-1404913,773993,7
-1404913,774031,5
-1404913,774307,1
-1404913,774371,1
-1404913,774384,1
-1404913,774411,1
-1404913,774419,1
-1404913,774430,1
-1404912,773778,1
-1404912,773850,1
-1404912,773967,1
-1404912,774011,3
-1404912,774027,1
-1404912,774029,1
-1404912,774032,1
-1404912,774033,2
-1404912,774044,1
-1404912,774311,1
-1404912,774366,1
-1404912,774380,1
-1404912,774383,1
-1404911,772792,1
-1404911,773327,1
-1404911,774028,1
-1404911,774085,1
-1404911,774319,1
-1404911,774385,1
-1404911,774393,1
-1404911,774428,1
-1404910,771744,8
-1404910,772769,2
-1404910,772814,1
-1404910,774004,1
-1404910,774023,1
-1404910,774294,1
-1404910,774314,1
-1404910,774316,1
-1404910,774357,1
-1404910,774374,1
-1404910,774379,1
-1404909,771745,1
-1404909,772613,2
-1404909,772696,1
-1404909,772719,6
-1404909,773939,1
-1404909,774030,1
-1404909,774132,1
-1404909,774195,3
-1404909,774263,1
-1404909,774328,1
-1404909,774420,1
-1404908,773805,1
-1404908,774030,1
-1404908,774073,1
-1404908,774138,1
-1404908,774307,1
-1404908,774318,1
-1404908,774371,1
-1404908,774373,1
-1404908,774446,1
-1404907,773089,13
-1404907,773720,1
-1404907,773835,1
-1404907,773936,1
-1404907,773937,1
-1404907,773981,1
-1404907,774027,1
-1404907,774028,2
-1404907,774373,1
-1404907,774374,1
-1404906,772771,1
-1404906,773797,1
-1404906,773937,1
-1404906,774025,1
-1404906,774134,1
-1404906,774431,1
-1404906,774434,1
-1404906,774437,1
-1404905,771746,1
-1404905,771747,1
-1404905,772461,1
-1404905,773397,1
-1404905,773862,1
-1404905,773951,1
-1404905,773956,1
-1404905,774311,1
-1404905,774313,1
-1404905,774404,1
-1404905,774405,1
-1404905,774435,1
-1404904,771746,1
-1404904,771748,2
-1404904,773870,1
-1404904,773958,1
-1404904,773969,5
-1404904,773981,1
-1404904,774025,2
-1404904,774298,1
-1404904,774438,1
-1404904,774441,1
-1404903,773786,1
-1404903,773815,1
-1404903,773933,1
-1404903,773939,1
-1404903,774014,1
-1404903,774028,1
-1404902,772733,2
-1404902,773041,1
-1404902,773088,1
-1404902,773812,1
-1404902,773936,1
-1404902,774137,1
-1404902,774333,1
-1404902,774378,2
-1404902,774380,1
-1404902,774386,1
-1404902,774391,1
-1404901,773083,1
-1404901,774382,1
-1404901,774406,1
-1404901,774432,1
-1404900,773888,1
-1404900,773978,1
-1404900,774297,1
-1404900,774379,1
-1404900,774381,1
-1404899,773979,3
-1404899,773983,2
-1404899,774083,1
-1404899,774199,1
-1404899,774293,1
-1404899,774378,2
-1404899,774440,1
-1404898,773855,1
-1404898,773911,1
-1404898,773958,1
-1404898,774067,1
-1404898,774303,1
-1404898,774377,1
-1404898,774379,1
-1404898,774380,2
-1404898,774443,1
-1404897,774286,1
-1404897,774378,1
-1404897,774379,1
-1404897,774380,5
-1404897,774434,1
-1404896,772687,1
-1404896,772800,1
-1404896,773811,1
-1404896,773856,1
-1404896,773951,3
-1404896,774044,1
-1404896,774318,1
-1404896,774381,1
-1404895,773099,1
-1404895,773890,3
-1404895,773922,1
-1404895,773953,1
-1404895,773958,1
-1404895,774221,1
-1404895,774366,1
-1404895,774375,1
-1404895,774379,1
-1404894,772174,1
-1404894,773088,1
-1404894,773928,3
-1404894,773931,1
-1404894,773945,1
-1404894,773955,1
-1404894,773990,4
-1404894,774296,1
-1404894,774388,1
-1404894,774424,1
-1404894,774425,1
-1404893,773919,1
-1404893,773990,6
-1404893,774004,1
-1404893,774218,1
-1404893,774416,2
-1404892,773083,1
-1404892,773418,1
-1404892,774002,2
-1404892,774293,1
-1404892,774300,1
-1404892,774311,1
-1404891,773788,1
-1404891,773859,1
-1404891,773915,1
-1404891,774270,1
-1404891,774280,1
-1404891,774305,1
-1404891,774306,1
-1404890,773081,1
-1404890,773769,1
-1404890,773862,1
-1404890,773914,1
-1404890,773969,1
-1404890,773972,1
-1404890,774354,1
-1404890,774363,1
-1404889,772441,1
-1404889,773920,1
-1404889,773951,1
-1404889,773969,2
-1404889,773985,1
-1404889,774210,1
-1404889,774288,1
-1404889,774324,1
-1404889,774432,1
-1404889,774441,1
-1404888,772445,1
-1404888,773917,1
-1404888,773922,1
-1404888,773978,1
-1404888,774011,1
-1404888,774027,1
-1404888,774218,2
-1404888,774284,1
-1404888,774288,1
-1404888,774300,1
-1404888,774424,1
-1404887,773877,5
-1404887,773911,2
-1404887,773917,1
-1404887,773919,1
-1404887,773923,1
-1404887,773951,1
-1404887,774286,1
-1404887,774298,1
-1404887,774312,1
-1404887,774423,1
-1404886,773080,1
-1404886,773087,7
-1404886,773926,1
-1404886,773927,1
-1404886,773963,1
-1404886,773988,1
-1404886,774302,1
-1404886,774378,1
-1404886,774431,1
-1404885,770984,1
-1404885,773782,1
-1404885,773922,2
-1404885,773953,1
-1404885,773998,1
-1404885,774000,1
-1404885,774001,13
-1404885,774056,1
-1404885,774316,1
-1404885,774386,1
-1404884,773926,1
-1404884,773978,2
-1404884,773982,2
-1404884,774406,1
-1404883,773625,1
-1404883,773881,4
-1404883,773913,1
-1404883,773920,1
-1404883,773927,1
-1404883,773953,1
-1404883,773957,3
-1404883,774006,1
-1404883,774039,1
-1404883,774312,1
-1404883,774434,1
-1404882,773905,1
-1404882,773912,7
-1404882,773955,1
-1404882,773958,1
-1404882,773965,1
-1404882,773966,1
-1404882,773967,2
-1404882,773968,4
-1404882,773969,1
-1404882,773970,1
-1404882,774053,1
-1404882,774307,1
-1404882,774400,5
-1404882,774429,1
-1404882,774435,1
-1404881,772378,1
-1404881,773375,1
-1404881,773805,1
-1404881,773876,2
-1404881,773922,2
-1404881,773924,1
-1404881,773963,1
-1404881,773964,1
-1404881,773967,2
-1404881,773969,2
-1404881,773970,5
-1404881,773971,1
-1404881,773972,1
-1404881,773974,1
-1404881,773976,1
-1404881,774288,1
-1404881,774300,1
-1404881,774310,1
-1404881,774416,1
-1404880,773882,2
-1404880,773909,1
-1404880,773914,1
-1404880,773924,1
-1404880,773930,1
-1404880,773953,1
-1404880,773967,2
-1404880,773968,5
-1404880,773969,10
-1404880,773970,2
-1404880,773974,1
-1404880,774050,1
-1404880,774298,1
-1404879,773773,1
-1404879,773900,1
-1404879,773956,1
-1404879,773963,1
-1404879,773965,2
-1404879,773966,1
-1404879,773967,2
-1404879,773968,6
-1404879,773969,8
-1404879,773971,3
-1404879,773972,1
-1404879,773974,1
-1404879,774298,1
-1404878,772169,1
-1404878,773089,1
-1404878,773882,1
-1404878,773908,1
-1404878,773952,2
-1404878,773958,1
-1404878,773964,2
-1404878,773965,1
-1404878,773966,2
-1404878,773967,2
-1404878,773968,9
-1404878,773969,4
-1404878,773972,1
-1404878,773974,1
-1404878,773977,1
-1404878,774296,1
-1404877,773964,2
-1404877,773965,1
-1404877,773966,2
-1404877,773968,2
-1404877,773969,1
-1404877,773971,1
-1404877,774443,1
-1404876,772706,1
-1404876,772721,1
-1404876,772767,1
-1404876,772962,1
-1404876,773755,1
-1404876,773963,1
-1404876,773967,1
-1404876,773974,1
-1404876,774048,1
-1404876,774253,1
-1404876,774287,1
-1404876,774308,1
-1404876,774319,1
-1404876,774412,1
-1404875,770088,1
-1404875,773562,1
-1404875,773886,1
-1404875,773944,7
-1404875,773968,1
-1404875,773969,15
-1404875,774037,1
-1404875,774297,1
-1404875,774379,1
-1404875,774409,1
-1404874,772166,1
-1404874,773875,4
-1404874,773877,1
-1404874,773878,1
-1404874,773901,1
-1404874,773915,3
-1404874,773918,1
-1404874,773948,1
-1404874,773955,1
-1404874,773964,1
-1404874,773966,1
-1404874,773976,1
-1404873,773649,1
-1404873,773878,1
-1404873,773879,6
-1404873,773880,1
-1404873,773881,1
-1404873,773922,1
-1404873,773927,3
-1404873,773967,1
-1404873,774051,1
-1404873,774087,1
-1404873,774275,1
-1404873,774308,1
-1404873,774442,1
-1404872,773872,1
-1404872,773922,1
-1404872,773924,1
-1404872,774275,1
-1404872,774278,1
-1404872,774287,1
-1404871,773878,1
-1404871,773900,3
-1404871,773932,1
-1404871,773936,1
-1404871,773964,1
-1404871,773966,1
-1404871,773967,1
-1404871,774298,1
-1404871,774306,1
-1404870,773882,5
-1404870,773894,1
-1404870,773919,1
-1404870,773968,1
-1404870,774289,1
-1404869,773883,6
-1404869,773922,1
-1404869,773971,1
-1404868,770003,2
-1404868,773805,1
-1404868,773878,1
-1404868,773880,3
-1404868,773885,1
-1404868,773922,1
-1404868,773927,1
-1404868,773945,3
-1404868,773968,1
-1404868,774272,1
-1404867,770174,1
-1404867,773861,1
-1404867,773872,3
-1404867,773875,2
-1404867,774073,4
-1404867,774284,1
-1404867,774296,1
-1404866,773880,1
-1404866,773906,2
-1404866,773911,1
-1404866,773914,1
-1404866,773932,3
-1404866,773949,1
-1404866,773957,2
-1404866,774102,1
-1404866,774225,1
-1404866,774274,1
-1404865,773867,1
-1404865,773875,1
-1404865,773877,1
-1404865,773880,1
-1404865,773913,3
-1404865,773917,1
-1404865,773927,1
-1404865,774128,1
-1404864,771320,1
-1404864,773403,1
-1404864,773871,1
-1404864,773879,1
-1404864,773880,2
-1404864,773896,1
-1404864,773913,1
-1404864,773940,1
-1404864,774077,1
-1404864,774217,1
-1404864,774288,1
-1404863,772644,1
-1404863,773397,1
-1404863,773881,1
-1404863,773883,1
-1404863,773971,3
-1404863,774032,5
-1404863,774176,1
-1404863,774211,2
-1404862,773882,1
-1404862,773885,1
-1404862,773905,1
-1404862,773930,1
-1404862,774011,1
-1404862,774325,1
-1404861,773867,1
-1404861,773872,1
-1404861,773880,1
-1404861,773917,1
-1404861,773960,2
-1404861,774072,1
-1404861,774077,1
-1404860,770009,1
-1404860,773462,1
-1404860,773861,2
-1404860,773873,1
-1404860,773910,3
-1404860,773911,1
-1404860,773914,1
-1404860,773916,2
-1404860,773924,1
-1404860,773926,1
-1404860,773943,1
-1404860,773946,1
-1404860,773967,1
-1404860,774240,1
-1404860,774254,1
-1404860,774284,1
-1404859,770011,1
-1404859,773803,1
-1404859,773901,3
-1404859,773906,1
-1404859,773920,1
-1404859,773924,1
-1404859,773968,1
-1404859,773969,1
-1404859,773980,1
-1404859,774119,1
-1404859,774250,1
-1404859,774271,1
-1404858,773603,1
-1404858,773867,1
-1404858,773881,1
-1404858,773884,1
-1404858,773885,1
-1404858,773892,1
-1404858,773907,1
-1404858,773918,1
-1404858,773960,1
-1404858,773963,1
-1404858,773966,1
-1404858,773967,1
-1404858,774017,1
-1404857,773530,1
-1404857,773869,25
-1404857,773884,1
-1404857,773900,1
-1404857,773915,2
-1404857,773922,2
-1404857,773923,1
-1404857,773963,2
-1404856,773920,1
-1404856,773969,1
-1404856,774020,1
-1404856,774104,1
-1404855,773627,4
-1404855,773905,1
-1404855,773914,2
-1404855,773926,1
-1404855,773937,1
-1404855,773939,1
-1404855,773946,2
-1404855,773963,1
-1404855,774043,4
-1404855,774138,1
-1404855,774233,1
-1404855,774275,1
-1404854,773934,1
-1404854,773941,2
-1404854,773943,1
-1404854,773944,1
-1404854,774119,1
-1404854,774126,1
-1404854,774247,10
-1404854,774286,1
-1404853,770888,1
-1404853,773918,1
-1404853,773922,1
-1404853,773927,4
-1404853,773929,5
-1404853,773935,1
-1404853,773939,1
-1404853,773958,1
-1404853,774100,1
-1404853,774255,1
-1404852,770926,1
-1404852,772439,1
-1404852,773641,1
-1404852,773909,1
-1404852,773913,4
-1404852,773914,1
-1404852,773917,1
-1404852,773921,1
-1404852,773931,3
-1404852,773935,2
-1404852,773937,9
-1404852,773942,1
-1404852,773957,1
-1404852,774154,1
-1404852,774252,1
-1404851,773892,1
-1404851,773915,5
-1404851,773917,1
-1404851,773920,2
-1404851,773922,4
-1404851,773929,2
-1404851,773933,1
-1404851,773934,1
-1404851,773936,1
-1404851,774013,7
-1404851,774029,1
-1404851,774226,1
-1404851,774269,10
-1404850,772395,1
-1404850,773732,1
-1404850,773926,1
-1404850,774279,1
-1404850,774403,1
-1404849,772755,1
-1404849,773687,1
-1404849,773912,1
-1404849,773920,1
-1404849,773925,2
-1404849,773926,2
-1404849,773931,1
-1404849,773937,4
-1404849,773938,1
-1404849,773942,1
-1404849,773943,1
-1404849,773944,1
-1404849,774143,1
-1404849,774148,1
-1404849,774267,1
-1404848,773943,4
-1404848,773945,2
-1404848,774131,1
-1404848,774213,14
-1404848,774254,1
-1404848,774261,1
-1404848,774404,1
-1404847,773914,1
-1404847,773923,1
-1404847,773928,2
-1404847,773932,1
-1404847,773945,1
-1404847,774142,1
-1404847,774159,1
-1404847,774217,1
-1404847,774234,1
-1404847,774262,1
-1404846,773623,1
-1404846,773916,1
-1404846,773918,1
-1404846,773926,1
-1404846,773941,2
-1404846,773942,3
-1404846,773943,4
-1404846,773952,1
-1404846,774181,1
-1404846,774212,11
-1404846,774247,1
-1404846,774250,1
-1404845,770913,1
-1404845,773460,1
-1404845,773921,1
-1404845,773933,1
-1404845,773938,3
-1404845,773939,1
-1404845,773944,2
-1404845,773950,3
-1404845,774038,1
-1404845,774102,1
-1404845,774147,1
-1404844,773920,3
-1404844,773927,1
-1404844,773931,1
-1404844,773937,2
-1404844,773941,1
-1404844,773942,1
-1404844,773951,1
-1404844,774136,1
-1404844,774302,1
-1404844,774430,1
-1404843,773632,3
-1404843,773921,11
-1404843,773937,1
-1404843,773946,1
-1404843,773947,4
-1404843,773950,1
-1404843,773951,2
-1404843,774133,3
-1404843,774158,1
-1404843,774218,1
-1404843,774229,6
-1404843,774261,1
-1404843,774292,1
-1404843,774336,2
-1404843,774431,4
-1404842,773626,4
-1404842,773629,1
-1404842,773632,8
-1404842,773633,3
-1404842,773938,8
-1404842,773940,7
-1404842,773975,3
-1404842,774020,1
-1404842,774148,1
-1404842,774224,6
-1404842,774240,1
-1404842,774260,1
-1404841,773627,1
-1404841,773628,6
-1404841,773634,2
-1404841,773930,1
-1404841,773936,1
-1404841,773941,1
-1404841,773944,2
-1404841,773946,1
-1404841,773950,2
-1404841,773953,2
-1404841,773954,1
-1404841,773963,1
-1404841,773968,1
-1404841,773978,1
-1404841,774039,1
-1404841,774174,1
-1404841,774185,1
-1404841,774186,1
-1404841,774236,1
-1404841,774445,1
-1404840,773629,3
-1404840,773633,2
-1404840,773941,1
-1404840,773942,1
-1404840,773945,1
-1404840,773948,1
-1404840,773981,1
-1404840,774055,1
-1404840,774101,1
-1404840,774259,1
-1404840,774264,1
-1404839,773631,1
-1404839,773935,1
-1404839,773939,1
-1404839,773945,2
-1404839,773946,1
-1404839,773948,1
-1404839,773954,1
-1404839,773957,1
-1404839,773958,1
-1404839,773959,1
-1404839,774226,1
-1404838,773498,3
-1404838,773631,1
-1404838,773641,1
-1404838,773943,1
-1404838,773947,1
-1404838,773954,6
-1404838,773959,2
-1404838,773961,1
-1404838,773967,1
-1404838,773969,1
-1404838,773976,1
-1404838,774024,1
-1404838,774177,1
-1404838,774268,1
-1404837,773964,1
-1404837,774165,1
-1404837,774404,1
-1404836,773949,1
-1404836,773969,1
-1404836,774076,1
-1404836,774204,1
-1404836,774310,1
-1404835,773937,1
-1404835,773946,1
-1404835,773950,1
-1404835,773954,1
-1404835,773981,1
-1404835,774159,1
-1404835,774402,1
-1404835,774403,1
-1404834,773417,1
-1404834,773937,1
-1404834,773945,1
-1404834,773955,1
-1404834,773974,2
-1404834,773978,1
-1404834,774184,1
-1404834,774194,1
-1404834,774199,1
-1404833,773944,1
-1404833,773953,1
-1404833,773972,2
-1404833,773978,2
-1404833,774157,1
-1404833,774195,1
-1404833,774232,8
-1404833,774233,1
-1404833,774254,1
-1404832,773100,1
-1404832,773976,1
-1404832,774228,6
-1404832,774403,1
-1404832,774415,1
-1404831,773101,1
-1404831,773552,1
-1404831,773844,1
-1404831,773962,1
-1404831,773977,1
-1404831,774192,1
-1404831,774234,1
-1404830,773970,1
-1404830,773972,1
-1404830,773974,1
-1404830,773978,1
-1404830,774021,1
-1404830,774177,1
-1404830,774196,1
-1404830,774248,1
-1404829,772167,1
-1404829,773098,1
-1404829,774022,1
-1404829,774024,1
-1404829,774173,1
-1404829,774204,1
-1404829,774227,1
-1404829,774229,1
-1404829,774243,4
-1404829,774266,1
-1404828,773975,1
-1404828,774267,1
-1404828,774268,1
-1404828,774427,1
-1404827,773967,1
-1404827,774029,1
-1404827,774412,1
-1404826,774268,2
-1404826,774408,2
-1404826,774410,1
-1404825,772204,1
-1404825,773868,1
-1404825,774117,1
-1404825,774224,1
-1404825,774228,1
-1404825,774281,1
-1404824,773437,7
-1404824,774099,1
-1404824,774114,1
-1404824,774209,1
-1404824,774412,1
-1404823,772834,2
-1404823,772857,1
-1404823,774020,1
-1404823,774099,1
-1404823,774100,1
-1404823,774295,1
-1404822,773618,1
-1404822,773881,1
-1404822,774100,1
-1404822,774101,1
-1404822,774102,1
-1404822,774115,1
-1404822,774248,1
-1404821,773881,1
-1404821,774099,1
-1404821,774100,1
-1404821,774234,1
-1404821,774274,1
-1404820,774038,1
-1404820,774101,1
-1404820,774193,1
-1404820,774243,1
-1404819,774058,1
-1404819,774190,1
-1404819,774247,1
-1404819,774281,1
-1404818,774014,1
-1404818,774083,1
-1404818,774213,1
-1404817,774002,1
-1404817,774091,1
-1404817,774159,1
-1404817,774267,1
-1404816,770939,1
-1404816,773481,1
-1404816,773572,1
-1404816,774050,1
-1404816,774275,1
-1404815,774255,1
-1404815,774286,1
-1404815,774304,1
-1404814,773488,1
-1404814,774006,1
-1404814,774101,1
-1404814,774239,1
-1404814,774240,1
-1404814,774246,1
-1404814,774279,1
-1404814,774356,1
-1404814,774357,2
-1404813,774272,1
-1404812,773387,1
-1404812,773884,1
-1404812,774000,1
-1404812,774203,1
-1404812,774210,1
-1404812,774217,1
-1404812,774266,1
-1404812,774274,1
-1404812,774362,1
-1404811,774213,1
-1404811,774278,1
-1404810,773719,1
-1404810,774216,1
-1404810,774264,1
-1404809,774208,1
-1404809,774214,1
-1404809,774235,1
-1404808,774201,1
-1404808,774210,1
-1404808,774232,1
-1404808,774240,2
-1404807,773543,1
-1404807,774200,1
-1404807,774202,3
-1404807,774205,1
-1404807,774256,1
-1404806,774023,1
-1404806,774194,1
-1404805,774035,2
-1404805,774090,1
-1404805,774216,1
-1404805,774278,1
-1404804,774278,1
-1404803,773501,1
-1404803,773558,1
-1404803,774027,1
-1404803,774197,1
-1404803,774238,1
-1404803,774262,1
-1404803,774293,1
-1404802,774296,1
-1404801,770304,1
-1404801,774042,1
-1404801,774215,1
-1404801,774216,1
-1404801,774217,1
-1404800,773579,1
-1404800,774027,1
-1404800,774187,1
-1404799,773590,1
-1404799,773632,1
-1404799,774112,1
-1404799,774207,1
-1404798,774027,1
-1404798,774043,1
-1404798,774044,1
-1404798,774060,1
-1404797,773919,1
-1404797,774229,1
-1404796,774045,1
-1404796,774076,3
-1404796,774085,1
-1404796,774201,1
-1404796,774237,1
-1404795,774075,1
-1404795,774082,2
-1404795,774232,1
-1404795,774236,1
-1404795,774255,1
-1404794,773937,1
-1404794,774084,1
-1404794,774202,1
-1404794,774204,1
-1404794,774353,1
-1404793,772276,1
-1404793,773465,8
-1404793,773469,1
-1404793,774045,2
-1404793,774094,1
-1404793,774199,1
-1404793,774206,1
-1404792,772276,6
-1404792,773590,1
-1404792,774093,1
-1404792,774104,1
-1404792,774338,1
-1404791,772276,1
-1404791,774053,1
-1404791,774105,1
-1404791,774106,1
-1404791,774229,1
-1404791,774344,1
-1404790,772890,1
-1404790,772912,1
-1404790,773490,1
-1404790,774042,1
-1404790,774097,1
-1404790,774099,1
-1404790,774204,1
-1404790,774232,1
-1404790,774264,1
-1404789,774067,1
-1404789,774100,1
-1404789,774103,1
-1404789,774252,1
-1404788,774102,1
-1404788,774104,1
-1404788,774108,1
-1404788,774190,1
-1404788,774221,1
-1404787,773542,1
-1404787,773780,1
-1404787,774010,1
-1404787,774017,1
-1404787,774018,1
-1404787,774251,1
-1404787,774348,1
-1404786,774017,1
-1404785,773997,1
-1404784,774222,1
-1404784,774368,1
-1404783,774017,1
-1404783,774024,2
-1404783,774190,1
-1404782,773859,1
-1404782,774194,1
-1404782,774222,1
-1404782,774229,1
-1404782,774273,1
-1404782,774353,1
-1404781,773780,2
-1404781,774036,1
-1404780,770889,1
-1404780,774029,1
-1404779,774007,1
-1404779,774236,1
-1404778,773993,1
-1404778,774051,1
-1404778,774369,1
-1404777,774223,1
-1404777,774337,1
-1404777,774356,1
-1404776,774000,1
-1404775,773926,2
-1404775,773928,1
-1404775,773931,1
-1404775,774334,1
-1404774,773928,4
-1404774,773930,3
-1404774,773994,1
-1404774,774004,1
-1404773,774047,1
-1404773,774222,1
-1404772,773933,3
-1404772,773996,1
-1404772,773997,1
-1404772,773999,1
-1404772,774002,1
-1404772,774186,1
-1404771,773545,1
-1404771,774001,2
-1404771,774229,1
-1404771,774253,1
-1404770,773930,2
-1404770,773992,1
-1404770,773995,1
-1404770,774183,1
-1404770,774184,1
-1404769,773977,1
-1404769,773995,1
-1404769,773996,7
-1404769,773998,1
-1404769,773999,12
-1404769,774000,5
-1404769,774001,1
-1404769,774002,1
-1404769,774184,1
-1404769,774190,1
-1404769,774437,1
-1404768,773854,1
-1404768,773928,1
-1404768,773989,1
-1404768,773997,4
-1404768,773998,5
-1404768,774000,2
-1404768,774001,1
-1404768,774002,1
-1404767,771698,1
-1404767,773996,19
-1404767,773997,13
-1404767,773998,6
-1404767,773999,1
-1404767,774002,2
-1404767,774009,1
-1404767,774187,1
-1404766,773981,1
-1404766,773997,6
-1404766,774190,1
-1404765,773994,1
-1404765,773995,2
-1404765,773996,7
-1404765,774000,3
-1404765,774007,1
-1404765,774009,1
-1404765,774220,1
-1404765,774221,1
-1404765,774230,1
-1404764,772306,1
-1404764,773818,1
-1404764,773975,1
-1404764,774409,1
-1404762,773571,1
-1404761,773495,1
-1404761,773994,1
-1404761,774001,5
-1404761,774002,1
-1404761,774221,1
-1404760,773851,1
-1404760,774176,1
-1404760,774220,1
-1404759,774251,1
-1404759,774424,1
-1404758,773737,1
-1404758,774184,1
-1404758,774220,1
-1404757,773467,1
-1404757,773670,1
-1404757,773991,1
-1404756,773614,1
-1404756,774190,1
-1404756,774198,1
-1404755,771011,1
-1404755,772282,1
-1404755,773907,1
-1404755,774194,1
-1404755,774198,1
-1404755,774204,1
-1404755,774207,1
-1404755,774222,1
-1404754,773651,1
-1404754,773988,1
-1404754,774190,1
-1404754,774197,1
-1404753,773970,1
-1404753,774011,1
-1404753,774193,1
-1404753,774195,1
-1404753,774204,1
-1404752,773635,4
-1404752,773987,1
-1404752,774186,1
-1404752,774199,2
-1404752,774211,1
-1404752,774214,1
-1404752,774442,1
-1404751,772137,1
-1404751,774011,1
-1404751,774186,1
-1404751,774190,1
-1404751,774205,1
-1404750,774199,1
-1404750,774207,1
-1404750,774216,1
-1404749,774184,1
-1404748,774209,1
-1404748,774220,1
-1404747,771002,1
-1404747,772126,1
-1404747,773471,1
-1404747,774184,3
-1404747,774188,1
-1404746,773968,1
-1404746,773970,1
-1404746,774185,1
-1404746,774187,1
-1404746,774188,1
-1404746,774199,1
-1404745,773603,1
-1404745,774187,1
-1404744,772078,1
-1404744,773614,1
-1404744,774359,1
-1404743,773885,1
-1404743,774047,1
-1404743,774185,1
-1404743,774187,1
-1404743,774189,1
-1404743,774236,1
-1404743,774239,1
-1404742,773964,1
-1404742,773993,1
-1404742,774186,1
-1404742,774191,1
-1404741,773634,1
-1404741,774190,1
-1404741,774200,1
-1404740,773969,1
-1404740,774177,5
-1404740,774180,1
-1404740,774183,1
-1404740,774192,1
-1404740,774238,1
-1404739,773818,1
-1404739,773995,1
-1404739,774197,1
-1404739,774202,1
-1404739,774206,1
-1404739,774424,1
-1404738,773475,1
-1404738,773980,1
-1404738,773995,1
-1404738,774181,1
-1404738,774191,1
-1404738,774205,1
-1404738,774269,1
-1404737,773994,1
-1404737,774000,1
-1404737,774180,1
-1404737,774191,1
-1404737,774201,1
-1404737,774208,1
-1404737,774210,1
-1404737,774215,1
-1404736,773706,1
-1404736,773727,1
-1404736,774112,1
-1404736,774174,1
-1404735,773624,1
-1404735,773754,1
-1404735,774180,1
-1404735,774185,1
-1404735,774191,1
-1404735,774217,1
-1404735,774429,1
-1404734,773427,1
-1404733,773701,1
-1404733,774199,1
-1404733,774210,1
-1404733,774212,1
-1404733,774213,1
-1404732,774178,1
-1404732,774182,1
-1404732,774194,1
-1404731,771829,1
-1404731,772693,1
-1404731,773669,1
-1404731,773896,1
-1404731,774191,1
-1404731,774218,1
-1404731,774220,1
-1404730,773897,1
-1404730,774188,1
-1404730,774208,1
-1404730,774221,1
-1404730,774239,1
-1404729,774182,1
-1404729,774208,1
-1404729,774404,1
-1404728,774232,1
-1404728,774275,1
-1404728,774284,1
-1404727,773894,1
-1404727,774228,1
-1404727,774231,1
-1404727,774236,1
-1404727,774445,1
-1404726,774183,1
-1404726,774211,1
-1404726,774223,1
-1404726,774236,1
-1404725,773671,6
-1404725,774123,1
-1404725,774205,1
-1404725,774206,1
-1404725,774207,1
-1404725,774221,1
-1404725,774231,2
-1404725,774235,1
-1404725,774240,1
-1404725,774244,1
-1404724,774082,1
-1404724,774190,1
-1404724,774240,1
-1404724,774254,1
-1404723,774128,1
-1404723,774179,1
-1404723,774180,1
-1404723,774188,1
-1404723,774214,1
-1404723,774228,1
-1404723,774229,1
-1404723,774236,1
-1404722,774074,1
-1404722,774187,2
-1404722,774193,1
-1404722,774199,1
-1404722,774213,1
-1404722,774239,1
-1404722,774255,1
-1404721,774187,2
-1404721,774199,1
-1404721,774203,1
-1404721,774220,1
-1404721,774222,1
-1404721,774231,1
-1404721,774260,1
-1404721,774295,1
-1404720,774093,1
-1404720,774188,1
-1404720,774193,1
-1404720,774198,1
-1404720,774205,1
-1404720,774206,1
-1404720,774231,1
-1404720,774233,1
-1404720,774238,1
-1404720,774324,1
-1404719,774185,2
-1404719,774187,2
-1404719,774198,1
-1404719,774202,1
-1404719,774203,1
-1404719,774204,1
-1404719,774207,1
-1404719,774225,1
-1404719,774228,1
-1404719,774235,1
-1404719,774242,1
-1404719,774283,1
-1404719,774343,2
-1404718,773851,1
-1404718,774084,1
-1404718,774086,1
-1404718,774093,2
-1404718,774196,1
-1404718,774197,1
-1404718,774203,1
-1404718,774207,1
-1404718,774212,1
-1404718,774224,1
-1404718,774239,1
-1404718,774258,1
-1404718,774260,1
-1404718,774277,1
-1404718,774279,1
-1404717,774081,1
-1404717,774186,1
-1404717,774190,1
-1404717,774193,1
-1404717,774198,3
-1404717,774203,1
-1404717,774220,1
-1404717,774224,1
-1404717,774225,1
-1404717,774227,1
-1404717,774230,1
-1404717,774231,1
-1404717,774237,1
-1404717,774240,1
-1404717,774243,1
-1404717,774250,1
-1404717,774251,1
-1404717,774258,1
-1404717,774276,1
-1404717,774279,1
-1404716,774185,1
-1404716,774188,4
-1404716,774190,1
-1404716,774200,1
-1404716,774208,1
-1404716,774221,1
-1404716,774222,1
-1404716,774223,2
-1404716,774224,2
-1404716,774225,1
-1404716,774229,1
-1404716,774240,1
-1404716,774242,1
-1404716,774256,1
-1404716,774271,1
-1404716,774282,1
-1404716,774319,1
-1404715,771056,1
-1404715,774164,1
-1404715,774190,1
-1404715,774195,1
-1404715,774196,1
-1404715,774198,1
-1404715,774199,1
-1404715,774201,1
-1404715,774204,2
-1404715,774205,2
-1404715,774218,1
-1404715,774219,1
-1404715,774250,1
-1404715,774254,1
-1404715,774285,1
-1404715,774316,1
-1404714,774084,1
-1404714,774186,1
-1404714,774206,6
-1404714,774212,1
-1404714,774221,1
-1404714,774228,1
-1404714,774230,1
-1404714,774280,1
-1404713,774191,2
-1404713,774197,21
-1404713,774204,1
-1404713,774213,1
-1404713,774222,1
-1404713,774223,1
-1404713,774224,1
-1404713,774264,1
-1404713,774280,1
-1404713,774288,1
-1404712,772099,1
-1404712,774203,1
-1404712,774211,1
-1404712,774212,1
-1404712,774217,1
-1404712,774224,1
-1404712,774249,2
-1404712,774250,1
-1404712,774261,1
-1404712,774262,1
-1404712,774263,1
-1404712,774268,2
-1404712,774296,1
-1404711,773982,5
-1404711,774210,1
-1404711,774220,1
-1404711,774236,1
-1404711,774243,1
-1404711,774248,3
-1404711,774249,4
-1404711,774252,1
-1404711,774262,3
-1404711,774265,1
-1404711,774267,2
-1404711,774268,1
-1404711,774270,1
-1404711,774271,1
-1404711,774272,2
-1404711,774285,1
-1404711,774291,1
-1404710,773728,1
-1404710,773835,1
-1404710,774193,1
-1404710,774204,1
-1404710,774210,1
-1404710,774233,1
-1404710,774249,1
-1404710,774250,1
-1404710,774252,2
-1404710,774259,1
-1404710,774263,1
-1404710,774265,2
-1404710,774268,1
-1404710,774271,1
-1404710,774272,1
-1404710,774294,1
-1404710,774331,1
-1404710,774336,2
-1404709,772020,1
-1404709,772358,1
-1404709,774206,1
-1404709,774208,1
-1404709,774217,1
-1404709,774232,1
-1404709,774238,1
-1404709,774244,1
-1404709,774248,1
-1404709,774255,1
-1404709,774256,1
-1404709,774260,1
-1404709,774263,1
-1404709,774268,2
-1404709,774275,1
-1404709,774284,1
-1404709,774295,1
-1404709,774298,1
-1404709,774305,1
-1404709,774343,1
-1404708,773987,1
-1404708,774192,1
-1404708,774220,1
-1404708,774224,1
-1404708,774231,3
-1404708,774235,1
-1404708,774253,1
-1404708,774257,2
-1404708,774265,1
-1404708,774286,1
-1404708,774298,1
-1404708,774302,1
-1404708,774305,1
-1404707,774167,5
-1404707,774230,1
-1404707,774238,1
-1404707,774244,1
-1404707,774275,1
-1404707,774281,2
-1404707,774289,1
-1404707,774290,17
-1404707,774291,1
-1404707,774308,1
-1404706,773994,1
-1404706,774194,1
-1404706,774205,2
-1404706,774209,2
-1404706,774212,1
-1404706,774225,1
-1404706,774236,1
-1404706,774244,1
-1404706,774245,1
-1404706,774250,1
-1404706,774254,1
-1404706,774257,13
-1404706,774274,1
-1404706,774275,1
-1404706,774280,1
-1404706,774282,1
-1404706,774297,1
-1404706,774317,1
-1404705,772369,1
-1404705,773870,1
-1404705,773994,1
-1404705,774166,1
-1404705,774204,1
-1404705,774205,1
-1404705,774209,10
-1404705,774210,1
-1404705,774227,1
-1404705,774230,1
-1404705,774231,1
-1404705,774237,1
-1404705,774249,1
-1404705,774269,2
-1404705,774276,1
-1404705,774286,1
-1404705,774294,1
-1404705,774310,1
-1404704,773873,1
-1404704,774000,1
-1404704,774166,1
-1404704,774181,1
-1404704,774208,1
-1404704,774209,7
-1404704,774210,1
-1404704,774257,1
-1404704,774283,1
-1404704,774287,1
-1404704,774288,1
-1404704,774295,1
-1404704,774298,1
-1404704,774304,1
-1404704,774337,1
-1404703,771393,1
-1404703,773690,1
-1404703,773995,1
-1404703,774143,1
-1404703,774171,1
-1404703,774200,1
-1404703,774220,1
-1404703,774231,1
-1404703,774244,1
-1404703,774279,1
-1404703,774280,1
-1404703,774287,1
-1404703,774292,1
-1404703,774300,1
-1404703,774304,1
-1404703,774305,1
-1404703,774309,1
-1404702,773997,1
-1404702,774202,1
-1404702,774204,1
-1404702,774206,1
-1404702,774210,2
-1404702,774222,1
-1404702,774231,1
-1404702,774239,1
-1404702,774281,1
-1404702,774289,1
-1404702,774302,1
-1404702,774309,1
-1404702,774317,1
-1404701,771916,1
-1404701,773714,1
-1404701,774180,1
-1404701,774199,1
-1404701,774233,1
-1404701,774239,1
-1404701,774254,1
-1404701,774255,1
-1404701,774282,1
-1404701,774300,1
-1404701,774304,2
-1404701,774316,1
-1404701,774318,1
-1404701,774321,1
-1404700,774195,1
-1404700,774221,1
-1404700,774232,2
-1404700,774236,1
-1404700,774238,1
-1404700,774239,1
-1404700,774240,1
-1404700,774275,1
-1404700,774297,3
-1404700,774308,1
-1404700,774309,1
-1404700,774322,2
-1404700,774329,1
-1404699,774116,1
-1404699,774185,9
-1404699,774187,1
-1404699,774212,6
-1404699,774221,1
-1404699,774234,1
-1404699,774239,1
-1404699,774267,1
-1404699,774278,1
-1404699,774296,1
-1404699,774302,1
-1404699,774306,1
-1404699,774314,1
-1404699,774315,1
-1404699,774317,1
-1404699,774319,1
-1404699,774404,1
-1404698,772477,1
-1404698,774163,1
-1404698,774191,1
-1404698,774211,1
-1404698,774212,1
-1404698,774248,1
-1404698,774308,1
-1404698,774310,1
-1404698,774312,1
-1404697,773953,1
-1404697,774215,2
-1404697,774225,1
-1404697,774237,2
-1404697,774240,1
-1404697,774245,1
-1404697,774251,1
-1404697,774268,1
-1404697,774290,4
-1404697,774291,1
-1404697,774298,1
-1404697,774312,2
-1404697,774329,1
-1404697,774403,1
-1404696,773946,1
-1404696,774142,1
-1404696,774196,1
-1404696,774204,22
-1404696,774205,1
-1404696,774216,14
-1404696,774222,1
-1404696,774229,4
-1404696,774236,1
-1404696,774248,1
-1404696,774249,1
-1404696,774260,1
-1404696,774279,2
-1404696,774308,1
-1404696,774310,1
-1404696,774312,1
-1404696,774319,1
-1404696,774350,1
-1404695,773947,1
-1404695,774204,1
-1404695,774221,1
-1404695,774230,1
-1404695,774231,1
-1404695,774238,1
-1404695,774253,1
-1404695,774261,1
-1404695,774267,1
-1404695,774274,1
-1404695,774279,1
-1404695,774317,1
-1404695,774325,1
-1404695,774329,1
-1404695,774335,1
-1404694,773759,1
-1404694,773948,1
-1404694,773956,1
-1404694,774184,1
-1404694,774186,1
-1404694,774202,1
-1404694,774226,1
-1404694,774233,1
-1404694,774252,1
-1404694,774258,1
-1404694,774267,5
-1404694,774277,1
-1404694,774279,1
-1404694,774302,1
-1404694,774310,1
-1404694,774311,1
-1404694,774313,1
-1404694,774317,1
-1404694,774330,1
-1404694,774331,1
-1404694,774341,1
-1404693,772103,1
-1404693,773985,1
-1404693,773989,1
-1404693,774041,1
-1404693,774055,1
-1404693,774221,1
-1404693,774239,1
-1404693,774246,1
-1404693,774253,1
-1404693,774258,1
-1404693,774260,1
-1404693,774270,1
-1404693,774282,1
-1404693,774312,1
-1404692,774071,1
-1404692,774146,1
-1404692,774180,2
-1404692,774182,1
-1404692,774188,1
-1404692,774226,1
-1404692,774246,1
-1404692,774247,1
-1404692,774248,1
-1404692,774252,1
-1404692,774261,1
-1404692,774263,1
-1404692,774265,1
-1404692,774279,1
-1404692,774324,1
-1404692,774336,24
-1404691,773941,1
-1404691,774176,2
-1404691,774182,1
-1404691,774201,1
-1404691,774222,1
-1404691,774231,1
-1404691,774246,1
-1404691,774262,2
-1404691,774264,1
-1404691,774270,1
-1404691,774275,5
-1404691,774296,2
-1404691,774297,1
-1404691,774312,1
-1404691,774315,1
-1404691,774336,1
-1404691,774409,1
-1404690,774199,1
-1404690,774201,2
-1404690,774207,1
-1404690,774221,1
-1404690,774233,2
-1404690,774234,1
-1404690,774238,1
-1404690,774241,1
-1404690,774248,1
-1404690,774262,1
-1404690,774267,1
-1404690,774279,1
-1404690,774280,1
-1404690,774287,1
-1404690,774298,1
-1404690,774337,1
-1404689,773777,1
-1404689,773799,1
-1404689,773980,1
-1404689,774198,1
-1404689,774221,1
-1404689,774235,1
-1404689,774250,1
-1404689,774260,1
-1404689,774270,1
-1404689,774289,1
-1404689,774298,1
-1404689,774318,1
-1404689,774331,1
-1404688,773791,1
-1404688,773792,1
-1404688,773797,1
-1404688,773961,1
-1404688,774174,1
-1404688,774177,1
-1404688,774183,1
-1404688,774184,1
-1404688,774203,1
-1404688,774210,1
-1404688,774228,1
-1404688,774233,1
-1404688,774236,1
-1404688,774238,1
-1404688,774244,1
-1404688,774251,1
-1404688,774262,1
-1404688,774264,1
-1404688,774266,1
-1404688,774267,1
-1404688,774275,1
-1404688,774276,1
-1404688,774277,1
-1404688,774288,1
-1404688,774306,1
-1404688,774319,1
-1404688,774336,1
-1404688,774338,1
-1404688,774339,1
-1404687,771728,1
-1404687,773730,1
-1404687,773785,1
-1404687,774166,1
-1404687,774170,1
-1404687,774186,1
-1404687,774198,1
-1404687,774224,1
-1404687,774225,1
-1404687,774230,1
-1404687,774244,1
-1404687,774247,1
-1404687,774252,1
-1404687,774263,1
-1404687,774264,1
-1404687,774265,1
-1404687,774266,1
-1404687,774268,1
-1404687,774271,1
-1404687,774274,1
-1404687,774281,1
-1404687,774287,1
-1404687,774289,1
-1404687,774292,1
-1404687,774315,1
-1404687,774339,1
-1404687,774343,1
-1404686,773874,1
-1404686,774162,1
-1404686,774167,1
-1404686,774169,1
-1404686,774189,1
-1404686,774193,1
-1404686,774198,1
-1404686,774227,1
-1404686,774244,1
-1404686,774246,1
-1404686,774257,1
-1404686,774261,1
-1404686,774263,1
-1404686,774266,1
-1404686,774267,1
-1404686,774269,1
-1404686,774271,2
-1404686,774272,1
-1404686,774275,1
-1404686,774276,1
-1404686,774279,1
-1404686,774282,1
-1404686,774283,1
-1404686,774285,1
-1404686,774286,2
-1404686,774303,1
-1404686,774304,1
-1404686,774311,1
-1404686,774314,1
-1404686,774320,1
-1404686,774323,1
-1404685,770060,1
-1404685,773788,1
-1404685,773936,1
-1404685,774199,1
-1404685,774202,1
-1404685,774222,2
-1404685,774247,1
-1404685,774250,1
-1404685,774260,1
-1404685,774271,1
-1404685,774274,1
-1404685,774277,1
-1404685,774281,1
-1404685,774282,1
-1404685,774299,1
-1404685,774300,1
-1404685,774305,1
-1404685,774306,1
-1404685,774318,1
-1404684,773903,1
-1404684,774167,1
-1404684,774191,1
-1404684,774205,12
-1404684,774235,19
-1404684,774241,1
-1404684,774244,1
-1404684,774247,1
-1404684,774261,1
-1404684,774263,1
-1404684,774264,1
-1404684,774265,1
-1404684,774266,1
-1404684,774267,2
-1404684,774276,1
-1404684,774282,2
-1404684,774284,1
-1404684,774291,1
-1404684,774303,1
-1404684,774305,1
-1404684,774306,1
-1404684,774307,1
-1404684,774315,1
-1404684,774330,1
-1404684,774334,1
-1404684,774337,1
-1404683,774056,1
-1404683,774063,1
-1404683,774069,1
-1404683,774094,1
-1404683,774166,1
-1404683,774170,1
-1404683,774179,1
-1404683,774200,1
-1404683,774217,1
-1404683,774231,13
-1404683,774239,1
-1404683,774263,2
-1404683,774266,1
-1404683,774267,1
-1404683,774268,2
-1404683,774269,3
-1404683,774271,2
-1404683,774274,3
-1404683,774277,1
-1404683,774283,2
-1404683,774286,3
-1404683,774288,1
-1404683,774310,1
-1404683,774321,1
-1404683,774414,1
-1404682,774200,1
-1404682,774203,1
-1404682,774252,1
-1404682,774254,1
-1404682,774259,1
-1404682,774260,1
-1404682,774265,1
-1404682,774266,3
-1404682,774268,1
-1404682,774275,1
-1404682,774276,5
-1404682,774281,1
-1404682,774295,1
-1404682,774317,1
-1404682,774324,1
-1404682,774330,1
-1404682,774335,1
-1404681,773758,1
-1404681,774180,1
-1404681,774185,1
-1404681,774195,1
-1404681,774199,1
-1404681,774222,1
-1404681,774227,1
-1404681,774233,1
-1404681,774238,1
-1404681,774239,1
-1404681,774240,1
-1404681,774241,1
-1404681,774242,1
-1404681,774261,1
-1404681,774265,1
-1404681,774270,1
-1404681,774271,1
-1404681,774273,1
-1404681,774275,13
-1404681,774276,5
-1404681,774277,1
-1404681,774278,2
-1404681,774279,2
-1404681,774285,1
-1404681,774286,9
-1404681,774290,1
-1404681,774291,1
-1404681,774304,5
-1404681,774323,1
-1404680,773782,1
-1404680,773792,1
-1404680,774182,1
-1404680,774189,1
-1404680,774208,3
-1404680,774231,1
-1404680,774233,1
-1404680,774262,2251
-1404680,774264,1
-1404680,774265,1
-1404680,774267,31
-1404680,774268,1
-1404680,774276,1
-1404680,774281,1
-1404680,774293,1
-1404680,774295,2
-1404680,774335,24
-1404680,774336,1
-1404680,774340,1
-1404680,774343,1
-1404679,773747,1
-1404679,773960,1
-1404679,774154,1
-1404679,774200,1
-1404679,774244,1
-1404679,774257,1
-1404679,774261,8
-1404679,774264,1
-1404679,774273,3
-1404679,774283,1
-1404679,774290,5
-1404679,774293,1
-1404679,774301,1
-1404679,774307,1
-1404679,774335,1
-1404679,774339,7
-1404679,774340,1
-1404679,774410,1
-1404678,774081,1
-1404678,774083,1
-1404678,774153,1
-1404678,774158,1
-1404678,774173,1
-1404678,774193,1
-1404678,774201,1
-1404678,774210,1
-1404678,774211,1
-1404678,774232,1
-1404678,774252,1
-1404678,774263,2
-1404678,774268,1
-1404678,774270,1
-1404678,774271,1
-1404678,774272,1
-1404678,774276,2
-1404678,774282,1
-1404678,774313,1
-1404678,774334,6
-1404677,771752,1
-1404677,773937,1
-1404677,774183,1
-1404677,774208,1
-1404677,774216,1
-1404677,774232,1
-1404677,774237,40
-1404677,774238,1
-1404677,774239,4
-1404677,774243,1
-1404677,774244,1
-1404677,774247,1
-1404677,774250,1
-1404677,774252,1
-1404677,774267,5
-1404677,774269,1
-1404677,774271,1
-1404677,774272,2
-1404677,774277,1
-1404677,774305,1
-1404677,774307,1
-1404677,774309,1
-1404677,774311,1
-1404677,774334,1
-1404677,774336,1
-1404677,774338,1
-1404676,773911,1
-1404676,773945,1
-1404676,774076,1
-1404676,774161,1
-1404676,774180,1
-1404676,774186,1
-1404676,774204,1
-1404676,774209,1
-1404676,774212,1
-1404676,774223,1
-1404676,774225,1
-1404676,774239,1
-1404676,774249,1
-1404676,774267,1
-1404676,774268,1
-1404676,774271,1
-1404676,774273,1
-1404676,774298,1
-1404676,774420,26
-1404675,772824,1
-1404675,773788,8
-1404675,774154,1
-1404675,774159,1
-1404675,774164,1
-1404675,774166,1
-1404675,774171,1
-1404675,774209,1
-1404675,774224,1
-1404675,774231,1
-1404675,774243,1
-1404675,774245,23
-1404675,774247,6
-1404675,774262,1
-1404675,774267,1
-1404675,774268,1
-1404675,774273,1
-1404675,774276,1
-1404675,774309,1
-1404675,774328,1
-1404675,774338,1
-1404675,774345,1
-1404674,772755,1
-1404674,773763,1
-1404674,773780,1
-1404674,774186,1
-1404674,774196,1
-1404674,774233,1
-1404674,774235,1
-1404674,774245,1
-1404674,774253,1
-1404674,774259,1
-1404674,774263,1
-1404674,774286,7
-1404674,774350,1
-1404673,773867,1
-1404673,773873,1
-1404673,774162,2
-1404673,774169,1
-1404673,774176,1
-1404673,774179,1
-1404673,774205,1
-1404673,774242,1
-1404673,774246,1
-1404673,774256,1
-1404673,774257,1
-1404673,774259,2
-1404673,774260,2
-1404673,774261,1
-1404673,774262,2
-1404673,774281,1
-1404673,774296,1
-1404673,774307,1
-1404673,774345,1
-1404673,774353,1
-1404672,771800,1
-1404672,773272,1
-1404672,773836,3
-1404672,774171,2
-1404672,774173,6
-1404672,774175,1
-1404672,774183,1
-1404672,774187,1
-1404672,774208,1
-1404672,774219,1
-1404672,774221,1
-1404672,774236,1
-1404672,774238,1
-1404672,774252,1
-1404672,774259,24
-1404672,774263,1
-1404672,774271,1
-1404672,774276,1
-1404672,774282,1
-1404672,774287,1
-1404672,774351,1
-1404671,772751,1
-1404671,774011,1
-1404671,774164,1
-1404671,774169,2
-1404671,774173,1
-1404671,774180,1
-1404671,774210,1
-1404671,774226,25
-1404671,774227,2
-1404671,774247,1
-1404671,774253,1
-1404671,774257,12
-1404671,774272,1
-1404671,774273,1
-1404671,774302,1
-1404671,774336,1
-1404671,774352,1
-1404671,774353,1
-1404670,773816,1
-1404670,774086,1
-1404670,774172,1
-1404670,774175,1
-1404670,774188,1
-1404670,774203,1
-1404670,774219,1
-1404670,774238,1
-1404670,774244,1
-1404670,774249,1
-1404670,774255,1
-1404670,774260,1
-1404670,774266,1
-1404670,774272,1
-1404670,774276,5
-1404670,774322,1
-1404670,774326,1
-1404670,774346,1
-1404670,774350,1
-1404669,773982,1
-1404669,774160,1
-1404669,774217,1
-1404669,774221,1
-1404669,774243,1
-1404669,774253,4
-1404669,774254,1
-1404669,774257,1
-1404669,774258,1
-1404669,774259,1
-1404669,774261,1
-1404669,774266,1
-1404669,774295,1
-1404669,774298,1
-1404669,774308,1
-1404669,774311,1
-1404669,774334,1
-1404669,774343,1
-1404669,774355,7
-1404668,773923,1
-1404668,774170,1
-1404668,774172,1
-1404668,774200,1
-1404668,774203,1
-1404668,774214,1
-1404668,774215,1
-1404668,774216,1
-1404668,774233,2
-1404668,774237,1
-1404668,774246,1
-1404668,774248,1
-1404668,774251,1
-1404668,774252,1
-1404668,774258,1
-1404668,774260,1
-1404668,774261,1
-1404668,774270,1
-1404668,774288,1
-1404668,774291,1
-1404668,774296,1
-1404668,774298,1
-1404668,774300,1
-1404668,774303,1
-1404668,774327,1
-1404668,774332,4
-1404667,773787,1
-1404667,773945,1
-1404667,774096,1
-1404667,774149,1
-1404667,774167,1
-1404667,774170,1
-1404667,774204,1
-1404667,774219,1
-1404667,774225,1
-1404667,774245,1
-1404667,774246,1
-1404667,774250,1
-1404667,774252,1
-1404667,774274,1
-1404667,774286,1
-1404667,774287,1
-1404667,774300,1
-1404667,774306,1
-1404667,774308,1
-1404667,774325,1
-1404667,774328,4
-1404666,773852,1
-1404666,773957,1
-1404666,774144,1
-1404666,774155,1
-1404666,774199,1
-1404666,774222,1
-1404666,774233,1
-1404666,774238,1
-1404666,774239,28
-1404666,774240,1
-1404666,774266,1
-1404666,774272,1
-1404666,774285,1
-1404666,774296,2
-1404666,774305,1
-1404666,774306,1
-1404666,774319,1
-1404666,774320,1
-1404666,774367,1
-1404665,773816,1
-1404665,774167,1
-1404665,774189,1
-1404665,774192,1
-1404665,774202,1
-1404665,774231,1
-1404665,774232,1
-1404665,774234,1
-1404665,774247,1
-1404665,774256,1
-1404665,774278,1
-1404665,774288,1
-1404665,774290,1
-1404665,774297,1
-1404665,774305,1
-1404665,774312,1
-1404665,774313,1
-1404664,773627,1
-1404664,773844,1
-1404664,774147,1
-1404664,774150,1
-1404664,774160,1
-1404664,774162,1
-1404664,774169,1
-1404664,774172,1
-1404664,774189,2
-1404664,774201,1
-1404664,774206,1
-1404664,774216,1
-1404664,774221,1
-1404664,774231,2
-1404664,774233,1
-1404664,774235,1
-1404664,774237,1
-1404664,774249,2
-1404664,774279,1
-1404664,774287,1
-1404664,774289,1
-1404664,774290,2
-1404664,774292,1
-1404664,774309,1
-1404664,774316,1
-1404663,772081,1
-1404663,773798,11
-1404663,773968,1
-1404663,774152,2
-1404663,774174,1
-1404663,774197,2
-1404663,774199,1
-1404663,774204,1
-1404663,774214,1
-1404663,774229,1
-1404663,774230,1
-1404663,774233,1
-1404663,774235,2
-1404663,774237,1
-1404663,774239,1
-1404663,774241,2
-1404663,774242,1
-1404663,774246,1
-1404663,774250,1
-1404663,774261,1
-1404663,774264,1
-1404663,774274,1
-1404663,774284,1
-1404663,774285,1
-1404663,774293,1
-1404663,774294,1
-1404663,774299,1
-1404663,774310,2
-1404663,774387,1
-1404663,774395,1
-1404662,774148,1
-1404662,774151,1
-1404662,774174,1
-1404662,774176,1
-1404662,774204,2
-1404662,774205,1
-1404662,774210,1
-1404662,774213,1
-1404662,774231,1
-1404662,774234,1
-1404662,774238,1
-1404662,774245,1
-1404662,774252,1
-1404662,774254,1
-1404662,774261,2
-1404662,774284,1
-1404662,774301,1
-1404661,772745,1
-1404661,772854,1
-1404661,773961,1
-1404661,774150,1
-1404661,774191,1
-1404661,774198,1
-1404661,774201,1
-1404661,774206,1
-1404661,774225,1
-1404661,774230,1
-1404661,774231,2
-1404661,774232,2
-1404661,774234,1
-1404661,774235,2
-1404661,774237,7
-1404661,774267,1
-1404661,774270,2
-1404661,774271,1
-1404661,774288,1
-1404661,774350,1
-1404660,773944,1
-1404660,774198,1
-1404660,774203,1
-1404660,774213,1
-1404660,774229,1
-1404660,774232,1
-1404660,774236,1
-1404660,774238,1
-1404660,774240,1
-1404660,774262,1
-1404660,774266,1
-1404660,774268,1
-1404660,774279,1
-1404660,774302,1
-1404660,774306,1
-1404660,774325,1
-1404660,774386,1
-1404659,774144,1
-1404659,774158,1
-1404659,774181,1
-1404659,774190,1
-1404659,774227,1
-1404659,774230,2
-1404659,774232,1
-1404659,774235,1
-1404659,774238,20
-1404659,774268,1
-1404659,774276,2
-1404659,774279,1
-1404659,774282,1
-1404659,774288,1
-1404659,774300,1
-1404659,774318,3
-1404659,774358,1
-1404658,772862,1
-1404658,774147,1
-1404658,774176,1
-1404658,774190,1
-1404658,774199,1
-1404658,774200,1
-1404658,774209,1
-1404658,774233,1
-1404658,774267,1
-1404658,774270,15
-1404658,774271,1
-1404658,774274,1
-1404658,774277,1
-1404658,774283,1
-1404658,774292,1
-1404658,774375,1
-1404657,773940,1
-1404657,773962,1
-1404657,774141,1
-1404657,774181,1
-1404657,774184,1
-1404657,774199,1
-1404657,774200,1
-1404657,774201,1
-1404657,774203,1
-1404657,774206,1
-1404657,774208,1
-1404657,774212,1
-1404657,774215,1
-1404657,774226,1
-1404657,774230,1
-1404657,774244,1
-1404657,774246,1
-1404657,774257,1
-1404657,774260,1
-1404657,774270,2
-1404657,774271,1
-1404657,774283,1
-1404657,774285,1
-1404657,774286,1
-1404657,774289,1
-1404657,774398,1
-1404656,773850,2
-1404656,774171,1
-1404656,774199,34
-1404656,774200,1
-1404656,774221,4
-1404656,774223,1
-1404656,774227,1
-1404656,774230,1
-1404656,774231,1
-1404656,774233,2
-1404656,774236,1
-1404656,774241,1
-1404656,774244,1
-1404656,774245,1
-1404656,774270,1
-1404656,774271,1
-1404656,774275,1
-1404656,774276,1
-1404655,774199,1
-1404655,774211,1
-1404655,774247,1
-1404655,774251,1
-1404655,774260,2
-1404655,774265,1
-1404655,774274,1
-1404655,774277,1
-1404655,774293,1
-1404655,774304,1
-1404655,774327,1
-1404655,774362,1
-1404654,774175,1
-1404654,774196,1
-1404654,774206,1
-1404654,774218,1
-1404654,774219,1
-1404654,774248,1
-1404654,774263,1
-1404654,774265,1
-1404654,774281,1
-1404654,774287,1
-1404654,774290,1
-1404654,774308,1
-1404654,774318,1
-1404653,773850,4
-1404653,774134,1
-1404653,774164,1
-1404653,774221,1
-1404653,774223,1
-1404653,774225,1
-1404653,774230,1
-1404653,774241,1
-1404653,774244,1
-1404653,774261,1
-1404653,774265,1
-1404653,774267,1
-1404653,774269,1
-1404653,774276,1
-1404653,774389,1
-1404652,774106,1
-1404652,774163,1
-1404652,774195,1
-1404652,774202,1
-1404652,774211,1
-1404652,774212,1
-1404652,774226,1
-1404652,774231,1
-1404652,774265,1
-1404652,774272,1
-1404652,774276,35
-1404652,774285,1
-1404652,774301,1
-1404652,774388,1
-1404651,773941,1
-1404651,774130,1
-1404651,774189,1
-1404651,774195,1
-1404651,774198,2
-1404651,774199,1
-1404651,774203,1
-1404651,774268,1
-1404651,774276,1
-1404651,774296,1
-1404651,774393,1
-1404650,773857,1
-1404650,774129,1
-1404650,774166,1
-1404650,774173,1
-1404650,774196,1
-1404650,774198,2
-1404650,774200,1
-1404650,774201,1
-1404650,774202,1
-1404650,774245,1
-1404650,774258,1
-1404650,774259,2
-1404650,774351,1
-1404650,774355,1
-1404649,773850,7
-1404649,773945,1
-1404649,774171,1
-1404649,774173,1
-1404649,774178,1
-1404649,774188,1
-1404649,774189,1
-1404649,774213,1
-1404649,774221,1
-1404649,774233,1
-1404649,774252,1
-1404649,774273,1
-1404648,773899,1
-1404648,773919,1
-1404648,773978,1
-1404648,774123,1
-1404648,774133,1
-1404648,774167,1
-1404648,774169,1
-1404648,774180,1
-1404648,774186,1
-1404648,774226,1
-1404648,774228,1
-1404648,774237,2
-1404648,774240,1
-1404648,774366,1
-1404647,773829,1
-1404647,773866,1
-1404647,773950,1
-1404647,774116,1
-1404647,774139,1
-1404647,774180,1
-1404647,774189,1
-1404647,774206,1
-1404647,774221,1
-1404647,774238,1
-1404647,774239,1
-1404647,774243,1
-1404647,774245,1
-1404647,774266,1
-1404647,774272,1
-1404647,774364,1
-1404646,773811,4
-1404646,773918,1
-1404646,773954,1
-1404646,774136,1
-1404646,774146,1
-1404646,774170,1
-1404646,774182,1
-1404646,774184,1
-1404646,774185,1
-1404646,774186,2
-1404646,774197,3
-1404646,774208,1
-1404646,774211,1
-1404646,774219,1
-1404646,774234,1
-1404646,774253,1
-1404646,774337,1
-1404646,774394,1
-1404645,773888,1
-1404645,773934,1
-1404645,774141,1
-1404645,774200,1
-1404645,774236,1
-1404644,772827,1
-1404644,773974,1
-1404644,773986,1
-1404644,774146,1
-1404644,774160,1
-1404644,774169,1
-1404644,774177,1
-1404644,774185,1
-1404644,774217,1
-1404644,774226,2
-1404644,774233,1
-1404644,774317,1
-1404644,774375,1
-1404643,771808,1
-1404643,771809,1
-1404643,773955,8
-1404643,774123,1
-1404643,774167,1
-1404643,774180,1
-1404643,774185,1
-1404643,774187,1
-1404643,774188,1
-1404643,774257,1
-1404643,774382,1
-1404642,774136,1
-1404642,774172,1
-1404642,774195,1
-1404642,774205,1
-1404642,774213,1
-1404642,774217,1
-1404642,774220,1
-1404642,774229,1
-1404642,774240,1
-1404641,773875,1
-1404641,773983,1
-1404641,774028,1
-1404641,774152,1
-1404641,774176,1
-1404641,774204,1
-1404641,774231,1
-1404641,774237,68
-1404640,771993,1
-1404640,773816,1
-1404640,773875,1
-1404640,774187,1
-1404640,774206,1
-1404640,774213,1
-1404640,774244,1
-1404639,773091,1
-1404639,773816,1
-1404639,773867,1
-1404639,773877,1
-1404639,774234,1
-1404639,774385,1
-1404638,774026,1
-1404638,774184,1
-1404638,774214,1
-1404638,774242,1
-1404638,774260,1
-1404638,774373,1
-1404637,773895,1
-1404637,774139,1
-1404637,774190,1
-1404637,774200,1
-1404637,774217,1
-1404637,774224,1
-1404637,774236,1
-1404637,774253,1
-1404637,774394,1
-1404636,773821,1
-1404636,773823,4
-1404636,773825,1
-1404636,773828,1
-1404636,773932,1
-1404636,773956,1
-1404636,773986,1
-1404636,774111,1
-1404636,774173,1
-1404636,774241,1
-1404636,774285,1
-1404636,774397,1
-1404635,773957,1
-1404635,774026,1
-1404635,774189,1
-1404634,773815,1
-1404634,773821,1
-1404634,773849,1
-1404634,773915,1
-1404634,774151,1
-1404634,774157,1
-1404634,774273,1
-1404633,772782,1
-1404633,773808,1
-1404633,773823,4
-1404633,773831,1
-1404633,773923,9
-1404633,773933,1
-1404633,773960,1
-1404633,773990,1
-1404633,774009,1
-1404633,774188,1
-1404632,773929,1
-1404632,774004,1
-1404632,774194,12
-1404632,774196,1
-1404632,774238,1
-1404631,772071,1
-1404631,773822,1
-1404631,773990,1
-1404631,774220,1
-1404631,774285,1
-1404630,773400,1
-1404630,774093,1
-1404630,774277,1
-1404630,774405,1
-1404630,774406,1
-1404629,773823,4
-1404629,773976,1
-1404629,774209,1
-1404629,774252,1
-1404628,773824,1
-1404628,773919,7
-1404628,774124,1
-1404628,774133,1
-1404627,773800,1
-1404627,773826,1
-1404627,773921,4
-1404627,773928,7
-1404627,774108,1
-1404627,774194,1
-1404626,773877,1
-1404626,773993,1
-1404626,773997,2
-1404626,774088,1
-1404626,774208,1
-1404626,774220,1
-1404625,770825,1
-1404625,773822,4
-1404625,773868,1
-1404625,773922,1
-1404625,773930,1
-1404625,773975,1
-1404625,773976,1
-1404625,773995,2
-1404625,773997,1
-1404625,774096,1
-1404625,774201,1
-1404625,774207,1
-1404624,772512,1
-1404624,773993,1
-1404624,773994,5
-1404624,773998,1
-1404624,774039,1
-1404624,774173,1
-1404624,774191,1
-1404623,773813,1
-1404623,773898,2
-1404623,773920,1
-1404623,774111,1
-1404623,774143,1
-1404622,773815,1
-1404622,773833,1
-1404622,773997,8
-1404622,773999,3
-1404622,774093,1
-1404622,774119,1
-1404622,774149,1
-1404622,774180,1
-1404621,773833,1
-1404621,773861,1
-1404621,773992,5
-1404621,774179,6
-1404620,773973,1
-1404620,773993,2
-1404620,773994,1
-1404620,773998,1
-1404620,774001,1
-1404620,774002,1
-1404620,774005,1
-1404620,774143,1
-1404619,773983,4
-1404619,773993,1
-1404619,773999,2
-1404618,773820,1
-1404618,773998,3
-1404618,774001,1
-1404618,774006,1
-1404618,774007,1
-1404618,774258,1
-1404618,774391,1
-1404617,773907,1
-1404617,773995,2
-1404617,774006,2
-1404617,774009,1
-1404617,774133,1
-1404617,774339,1
-1404616,773830,1
-1404616,773833,1
-1404616,773896,1
-1404616,773990,2
-1404616,774278,1
-1404615,773823,1
-1404615,773839,1
-1404615,774070,1
-1404615,774135,1
-1404614,773832,1
-1404614,773833,1
-1404614,773883,1
-1404614,773988,4
-1404614,773990,1
-1404614,774010,1
-1404614,774016,1
-1404614,774135,1
-1404614,774147,1
-1404614,774199,1
-1404614,774223,1
-1404614,774266,2
-1404613,772653,1
-1404613,774004,1
-1404613,774006,1
-1404613,774072,1
-1404613,774213,1
-1404613,774264,1
-1404613,774273,1
-1404613,774281,4
-1404612,773825,1
-1404612,773891,1
-1404612,773990,1
-1404612,774002,9
-1404612,774020,1
-1404612,774166,1
-1404612,774260,17
-1404612,774271,5
-1404611,773197,1
-1404611,773995,5
-1404611,774106,1
-1404611,774139,1
-1404611,774140,1
-1404611,774202,1
-1404611,774262,2
-1404610,772959,1
-1404610,773844,2
-1404610,773863,1
-1404610,773996,1
-1404610,774002,3
-1404610,774068,4
-1404610,774147,1
-1404610,774161,1
-1404610,774199,1
-1404610,774207,1
-1404609,773999,5
-1404609,774125,1
-1404609,774130,1
-1404609,774281,1
-1404608,774001,2
-1404608,774013,1
-1404608,774050,1
-1404608,774089,1
-1404608,774143,1
-1404608,774148,1
-1404608,774201,2
-1404607,772973,1
-1404607,773822,1
-1404607,773988,3
-1404607,774012,1
-1404607,774028,1
-1404607,774134,1
-1404607,774145,1
-1404607,774212,1
-1404606,771078,1
-1404606,773815,1
-1404606,773979,3
-1404606,774002,1
-1404606,774004,1
-1404606,774140,1
-1404606,774200,1
-1404606,774294,2
-1404605,772981,1
-1404605,773998,13
-1404605,774004,2
-1404605,774007,1
-1404605,774010,10
-1404605,774011,4
-1404605,774017,3
-1404605,774076,1
-1404605,774132,1
-1404605,774192,1
-1404605,774197,1
-1404605,774198,1
-1404605,774203,1
-1404604,772478,1
-1404604,772806,1
-1404604,773818,1
-1404604,773845,5
-1404604,773977,4
-1404604,774124,1
-1404604,774201,1
-1404604,774262,1
-1404603,770228,1
-1404603,772805,1
-1404603,773994,1
-1404603,773998,1
-1404603,774014,1
-1404603,774030,1
-1404603,774080,1
-1404603,774134,1
-1404603,774143,1
-1404603,774253,1
-1404603,774273,2
-1404602,772808,1
-1404602,773841,1
-1404602,773988,1
-1404602,774016,1
-1404602,774200,1
-1404601,773972,8
-1404601,773973,1
-1404601,773994,5
-1404601,774086,1
-1404601,774106,1
-1404601,774199,1
-1404601,774223,2
-1404601,774283,4
-1404600,772943,1
-1404600,774073,1
-1404600,774151,1
-1404600,774205,1
-1404599,773995,1
-1404599,773999,4
-1404599,774036,1
-1404599,774057,1
-1404599,774093,1
-1404598,772814,1
-1404598,774203,1
-1404598,774205,1
-1404598,774267,6
-1404597,772841,1
-1404597,773844,1
-1404597,774002,2
-1404597,774007,1
-1404597,774009,3
-1404597,774150,1
-1404597,774206,1
-1404596,773858,1
-1404596,773995,1
-1404596,774003,1
-1404596,774020,1
-1404596,774054,1
-1404596,774056,1
-1404596,774081,1
-1404596,774083,1
-1404596,774195,2
-1404596,774206,1
-1404596,774373,1
-1404595,773965,1
-1404595,773997,1
-1404595,774006,1
-1404595,774010,1
-1404595,774020,1
-1404595,774032,1
-1404595,774071,1
-1404594,772971,1
-1404594,773973,2
-1404594,774083,1
-1404593,772847,1
-1404593,773867,1
-1404593,773998,1
-1404593,774006,1
-1404593,774082,2
-1404593,774213,1
-1404593,774234,1
-1404592,772855,1
-1404592,773627,1
-1404592,774004,1
-1404592,774017,1
-1404592,774145,1
-1404592,774205,1
-1404591,773994,1
-1404591,773997,3
-1404591,774210,1
-1404591,774256,1
-1404590,774051,1
-1404590,774089,1
-1404590,774203,1
-1404590,774204,1
-1404590,774209,1
-1404590,774215,1
-1404590,774240,1
-1404589,772795,1
-1404589,774008,1
-1404589,774013,2
-1404589,774162,1
-1404589,774200,1
-1404589,774211,1
-1404589,774213,1
-1404588,773961,1
-1404588,773986,1
-1404588,774123,1
-1404588,774204,1
-1404588,774209,1
-1404588,774211,2
-1404588,774212,1
-1404588,774213,3
-1404587,773980,1
-1404587,773994,6
-1404587,774034,1
-1404587,774206,1
-1404587,774212,1
-1404586,772674,1
-1404586,773950,1
-1404586,774088,1
-1404586,774205,1
-1404586,774212,1
-1404586,774213,3
-1404586,774214,1
-1404585,773997,1
-1404585,774171,1
-1404585,774193,1
-1404585,774206,1
-1404585,774208,2
-1404585,774212,1
-1404584,773962,2
-1404584,773963,6
-1404584,773994,1
-1404584,773997,1
-1404584,774007,1
-1404584,774100,1
-1404584,774197,1
-1404584,774213,1
-1404583,773977,4
-1404583,773995,1
-1404583,774193,1
-1404582,774204,1
-1404581,772597,1
-1404581,773872,1
-1404581,773950,1
-1404581,773962,1
-1404581,773996,2
-1404581,774015,2
-1404581,774207,1
-1404581,774208,1
-1404581,774235,1
-1404581,774280,1
-1404580,773970,2
-1404580,774069,1
-1404580,774084,1
-1404580,774130,3
-1404580,774154,1
-1404580,774260,1
-1404579,774208,1
-1404578,772785,1
-1404578,773970,1
-1404578,774018,1
-1404578,774103,1
-1404578,774211,1
-1404577,773962,1
-1404577,774157,1
-1404577,774196,2
-1404576,772696,1
-1404576,774200,1
-1404575,771814,1
-1404575,773990,2
-1404575,774091,1
-1404575,774211,1
-1404575,774410,1
-1404574,772965,1
-1404574,773964,1
-1404574,774162,1
-1404574,774212,1
-1404573,772855,1
-1404573,773939,1
-1404573,774000,1
-1404573,774364,1
-1404572,773877,1
-1404572,774089,2
-1404572,774190,1
-1404572,774245,1
-1404571,771961,1
-1404571,774001,5
-1404571,774003,4
-1404571,774181,1
-1404571,774245,1
-1404571,774270,1
-1404571,774412,1
-1404570,772831,1
-1404570,772859,1
-1404570,773881,5
-1404570,774170,1
-1404570,774179,1
-1404569,773920,1
-1404569,773956,1
-1404569,773958,1
-1404567,772845,1
-1404567,773923,1
-1404567,773927,1
-1404567,774152,1
-1404567,774167,1
-1404566,770798,1
-1404566,772793,1
-1404566,773975,1
-1404566,774155,1
-1404565,774000,2
-1404565,774002,1
-1404564,774152,1
-1404564,774201,1
-1404563,772998,1
-1404563,774231,1
-1404561,772911,1
-1404561,773984,1
-1404560,772952,1
-1404560,774134,1
-1404559,772758,1
-1404559,774144,1
-1404558,772953,1
-1404558,772954,1
-1404558,774330,1
-1404557,773330,1
-1404557,774173,1
-1404556,772529,1
-1404556,774273,1
-1404554,770802,1
-1404554,773963,7
-1404554,774130,1
-1404554,774142,1
-1404553,774088,1
-1404553,774165,1
-1404552,772725,1
-1404552,772751,1
-1404551,772751,1
-1404550,774099,1
-1404550,774104,1
-1404549,771427,1
-1404548,772745,1
-1404547,773931,1
-1404547,774163,1
-1404543,772643,1
-1404541,772043,1
-1404541,772907,1
-1404540,772906,1
-1404540,773923,1
-1404540,774359,1
-1404539,772903,1
-1404538,772778,1
-1404537,772907,1
-1404535,772650,1
-1404535,772657,1
-1404535,774110,1
-1404534,772656,1
-1404534,774110,1
-1404533,774277,1
-1404532,774111,1
-1404530,772658,1
-1404529,772655,1
-1404527,773958,1
-1404526,772012,1
-1404526,772912,1
-1404523,770929,1
-1404523,772754,1
-1404522,770765,1
-1404522,774012,1
-1404521,774445,1
-1404520,774167,1
-1404519,772735,2
-1404518,774033,1
-1404517,772980,1
-1404517,774094,1
-1404516,772921,1
-1404515,774128,1
-1404514,772979,1
-1404514,774024,1
-1404514,774051,1
-1404514,774208,1
-1404511,772824,1
-1404508,774337,1
-1404504,774281,1
-1404503,774283,1
-1404503,774285,1
-1404501,774346,1
-1404496,773739,2
-1404496,773971,1
-1404494,772508,1
-1404493,772730,1
-1404488,774065,1
-1404487,772731,1
-1404487,774105,1
-1404482,770248,1
-1404477,773961,1
-1404476,773701,1
-1404476,774172,3
-1404474,772768,1
-1404474,773703,1
-1404473,773704,1
-1404470,774074,1
-1404470,774077,1
-1404468,770960,1
-1404468,772602,1
-1404467,772791,1
-1404467,774032,1
-1404465,771390,1
-1404464,773963,1
-1404463,774098,1
-1404461,774005,1
-1404459,774055,1
-1404457,774014,1
-1404456,772773,1
-1404456,774166,1
-1404455,772732,1
-1404455,772831,1
-1404455,772855,1
-1404455,774266,1
-1404453,771533,1
-1404452,773811,1
-1404451,773811,1
-1404449,773803,1
-1404449,773805,1
