ix,iy,count,n_genera,n_observers,n_captive,last_observed,median_last10_observed
-1409743,772940,1,1,1,0,2018-07-31,2018-07-31
-1409729,772960,1,1,1,0,2019-07-07,2019-07-07
-1409720,769888,1,1,1,0,2016-07-18,2016-07-18
-1409717,770216,1,1,1,1,2016-08-05,2016-08-05
-1409713,774253,1,1,1,0,2019-04-17,2019-04-17
-1409705,773013,1,1,1,1,2016-05-18,2016-05-18
-1409702,773636,1,1,1,0,2018-05-26,2018-05-26
-1409701,770501,1,1,1,1,2016-09-23,2016-09-23
-1409694,770795,1,1,1,0,2019-07-04,2019-07-04
-1409692,774182,1,1,1,1,2018-05-08,2018-05-08
-1409683,770662,1,1,1,1,2016-07-22,2016-07-22
-1409682,774516,1,1,1,0,2019-05-17,2019-05-17
-1409679,772168,1,1,1,1,2018-09-03,2018-09-03
-1409675,771114,1,1,1,0,2019-04-29,2019-04-29
-1409672,772785,1,1,1,0,2018-09-27,2018-09-27
-1409668,771198,1,1,1,1,2018-02-19,2018-02-19
-1409666,772728,1,1,1,0,2019-06-11,2019-06-11
-1409661,771513,1,1,1,1,2016-10-27,2016-10-27
-1409651,773234,1,1,1,1,2018-09-12,2018-09-12
-1409650,772246,1,1,1,1,2019-04-13,2019-04-13
-1409643,770211,1,1,1,0,2018-04-27,2018-04-27
-1409635,773007,1,1,1,1,2018-12-27,2018-12-27
-1409626,773875,1,1,1,1,2018-08-02,2018-08-02
-1409623,771533,1,1,1,1,2019-07-23,2019-07-23
-1409622,773551,1,1,1,1,2016-10-27,2016-10-27
-1409615,770110,1,1,1,0,2017-07-19,2017-07-19
-1409610,774105,1,1,1,0,2019-04-26,2019-04-26
-1409606,770875,1,1,1,1,2016-05-20,2016-05-20
-1409605,771013,1,1,1,1,2019-04-28,2019-04-28
-1409572,771518,1,1,1,1,2019-06-09,2019-06-09
-1409553,770370,1,1,1,1,2018-04-05,2018-04-05
-1409551,773566,1,1,1,1,2018-02-21,2018-02-21
-1409548,769934,1,1,1,1,2017-04-22,2017-04-22
-1409547,770408,1,1,1,1,2018-05-21,2018-05-21
-1409529,772973,1,1,1,1,2018-10-21,2018-10-21
-1409515,771363,1,1,1,0,2016-04-08,2016-04-08
-1409507,770664,1,1,1,1,2018-04-13,2018-04-13
-1409505,773701,1,1,1,0,2018-04-22,2018-04-22
-1409496,773865,1,1,1,0,2019-04-17,2019-04-17
-1409487,770957,1,1,1,1,2019-07-15,2019-07-15
-1409471,771733,1,1,1,0,2018-04-27,2018-04-27
-1409464,773983,1,1,1,1,2018-07-01,2018-07-01
-1409461,773401,1,1,1,1,2019-07-16,2019-07-16
-1409448,771313,1,1,1,0,2016-06-24,2016-06-24
-1409442,771448,1,1,1,0,2016-07-13,2016-07-13
-1409439,769957,1,1,1,1,2016-05-19,2016-05-19
-1409435,774294,1,1,1,1,2018-11-21,2018-11-21
-1409417,770987,1,1,1,0,2018-10-28,2018-10-28
-1409393,774189,1,1,1,1,2016-09-23,2016-09-23
-1409387,773075,1,1,1,0,2018-10-28,2018-10-28
-1409383,770546,1,1,1,1,2016-05-20,2016-05-20
-1409379,772531,1,1,1,0,2018-07-14,2018-07-14
-1409366,772126,1,1,1,0,2018-11-03,2018-11-03
-1409366,773620,1,1,1,0,2016-07-18,2016-07-18
-1409357,773419,1,1,1,1,2019-05-19,2019-05-19
-1409353,771222,1,1,1,0,2019-02-19,2019-02-19
-1409353,771823,1,1,1,1,2016-06-09,2016-06-09
-1409334,770609,1,1,1,0,2018-04-11,2018-04-11
-1409324,773369,1,1,1,0,2019-04-27,2019-04-27
-1409322,774138,1,1,1,0,2019-04-21,2019-04-21
-1409320,773325,1,1,1,0,2016-05-20,2016-05-20
-1409316,774320,1,1,1,0,2016-06-25,2016-06-25
-1409310,770432,1,1,1,1,2019-05-25,2019-05-25
-1409296,770208,1,1,1,1,2019-04-28,2019-04-28
-1409271,771542,1,1,1,0,2018-04-22,2018-04-22
-1409261,769992,1,1,1,1,2019-04-28,2019-04-28
-1409261,774386,1,1,1,0,2019-07-07,2019-07-07
-1409255,771873,1,1,1,1,2016-05-19,2016-05-19
-1409227,772502,1,1,1,1,2019-04-28,2019-04-28
-1409212,774131,1,1,1,0,2016-05-20,2016-05-20
-1409206,771183,1,1,1,0,2019-05-17,2019-05-17
-1409199,772188,1,1,1,0,2018-12-20,2018-12-20
-1409197,771275,1,1,1,0,2019-06-19,2019-06-19
-1409193,771220,1,1,1,0,2016-05-20,2016-05-20
-1409191,773063,1,1,1,1,2016-03-26,2016-03-26
-1409190,772290,1,1,1,1,2016-05-20,2016-05-20
-1409177,772633,1,1,1,1,2016-04-01,2016-04-01
-1409176,773585,1,1,1,1,2019-06-13,2019-06-13
-1409174,773579,1,1,1,0,2019-05-19,2019-05-19
-1409170,771446,1,1,1,0,2019-07-25,2019-07-25
-1409149,772327,1,1,1,1,2019-04-28,2019-04-28
-1409145,773709,1,1,1,1,2016-04-01,2016-04-01
-1409138,772589,1,1,1,0,2016-05-20,2016-05-20
-1409128,770607,1,1,1,0,2019-07-20,2019-07-20
-1409123,770841,1,1,1,0,2018-10-28,2018-10-28
-1409108,770720,1,1,1,0,2017-08-01,2017-08-01
-1409106,770040,1,1,1,0,2019-04-21,2019-04-21
-1409093,773362,1,1,1,0,2016-06-09,2016-06-09
-1409091,771943,1,1,1,0,2018-05-26,2018-05-26
-1409088,770112,1,1,1,1,2016-05-19,2016-05-19
-1409083,770217,1,1,1,0,2019-04-17,2019-04-17
-1409074,773797,1,1,1,1,2016-11-26,2016-11-26
-1409071,771049,1,1,1,1,2019-06-14,2019-06-14
-1409064,772756,1,1,1,0,2017-07-27,2017-07-27
-1409062,774245,1,1,1,0,2016-07-17,2016-07-17
-1409055,770882,1,1,1,0,2018-11-04,2018-11-04
-1409041,772729,1,1,1,0,2017-02-12,2017-02-12
-1409017,771493,1,1,1,1,2017-06-25,2017-06-25
-1409013,770096,1,1,1,1,2016-09-23,2016-09-23
-1409008,772958,1,1,1,0,2019-03-16,2019-03-16
-1409004,772360,1,1,1,0,2019-06-10,2019-06-10
-1408986,772430,1,1,1,0,2018-07-31,2018-07-31
-1408972,771342,1,1,1,1,2016-06-09,2016-06-09
-1408960,771630,1,1,1,1,2018-05-08,2018-05-08
-1408960,771887,1,1,1,1,2016-05-20,2016-05-20
-1408940,770290,1,1,1,1,2018-04-22,2018-04-22
-1408934,772515,1,1,1,0,2016-09-26,2016-09-26
-1408921,772305,1,1,1,0,2018-09-11,2018-09-11
-1408914,771408,1,1,1,0,2017-08-01,2017-08-01
-1408908,770518,1,1,1,0,2019-04-09,2019-04-09
-1408867,770926,1,1,1,0,2018-07-31,2018-07-31
-1408856,771460,1,1,1,1,2019-06-11,2019-06-11
-1408856,773754,1,1,1,1,2019-06-07,2019-06-07
-1408840,773667,1,1,1,1,2016-05-19,2016-05-19
-1408832,772059,1,1,1,0,2019-03-16,2019-03-16
-1408824,771827,1,1,1,0,2016-05-26,2016-05-26
-1408823,770202,1,1,1,0,2018-09-11,2018-09-11
-1408816,772020,1,1,1,1,2016-10-27,2016-10-27
-1408809,774530,1,1,1,1,2018-06-10,2018-06-10
-1408788,772984,1,1,1,0,2016-05-24,2016-05-24
-1408782,772033,1,1,1,0,2019-06-01,2019-06-01
-1408768,771261,1,1,1,1,2016-05-20,2016-05-20
-1408760,773582,1,1,1,0,2016-05-20,2016-05-20
-1408733,772662,1,1,1,0,2018-09-04,2018-09-04
-1408726,772961,1,1,1,0,2018-09-11,2018-09-11
-1408706,770902,1,1,1,0,2018-11-19,2018-11-19
-1408688,773517,1,1,1,0,2018-09-12,2018-09-12
-1408677,773091,1,1,1,1,2017-07-03,2017-07-03
-1408669,770668,1,1,1,0,2018-07-31,2018-07-31
-1408669,772613,1,1,1,0,2019-06-10,2019-06-10
-1408656,772984,1,1,1,1,2016-05-20,2016-05-20
-1408652,771629,1,1,1,0,2018-12-12,2018-12-12
-1408646,771817,1,1,1,0,2016-09-11,2016-09-11
-1408638,770222,1,1,1,0,2016-05-07,2016-05-07
-1408619,770593,1,1,1,0,2019-04-06,2019-04-06
-1408612,771767,1,1,1,0,2018-10-09,2018-10-09
-1408593,771740,1,1,1,0,2018-09-11,2018-09-11
-1408589,772739,1,1,1,1,2016-06-01,2016-06-01
-1408578,769916,1,1,1,0,2016-07-16,2016-07-16
-1408573,771189,1,1,1,0,2017-08-07,2017-08-07
-1408557,771943,1,1,1,1,2018-01-29,2018-01-29
-1408556,774382,1,1,1,0,2019-06-10,2019-06-10
-1408555,772780,1,1,1,1,2018-06-13,2018-06-13
-1408548,770645,1,1,1,0,2016-05-20,2016-05-20
-1408547,773116,1,1,1,1,2019-04-16,2019-04-16
-1408543,772308,1,1,1,0,2018-04-11,2018-04-11
-1408539,770507,1,1,1,1,2016-05-18,2016-05-18
-1408537,771307,1,1,1,0,2016-05-20,2016-05-20
-1408484,773335,1,1,1,0,2017-04-20,2017-04-20
-1408478,771137,1,1,1,0,2016-07-18,2016-07-18
-1408471,772588,1,1,1,1,2018-09-30,2018-09-30
-1408463,772064,1,1,1,1,2019-04-28,2019-04-28
-1408462,774087,1,1,1,0,2019-04-17,2019-04-17
-1408455,773790,1,1,1,0,2019-05-23,2019-05-23
-1408449,770599,1,1,1,0,2016-05-20,2016-05-20
-1408435,773436,1,1,1,0,2016-09-01,2016-09-01
-1408432,772542,1,1,1,1,2017-04-21,2017-04-21
-1408410,770447,1,1,1,0,2016-05-20,2016-05-20
-1408402,773842,1,1,1,1,2016-06-03,2016-06-03
-1408396,772721,1,1,1,1,2016-05-20,2016-05-20
-1408395,772735,1,1,1,0,2019-06-25,2019-06-25
-1408391,771516,1,1,1,0,2018-09-11,2018-09-11
-1408387,772811,1,1,1,1,2017-08-01,2017-08-01
-1408383,769877,1,1,1,0,2018-08-31,2018-08-31
-1408379,770790,1,1,1,0,2016-07-18,2016-07-18
-1408373,773211,1,1,1,0,2019-03-27,2019-03-27
-1408367,771366,1,1,1,0,2016-06-04,2016-06-04
-1408345,773189,1,1,1,0,2016-07-18,2016-07-18
-1408343,771782,1,1,1,1,2019-07-23,2019-07-23
-1408331,773733,1,1,1,0,2019-04-17,2019-04-17
-1408330,771372,1,1,1,1,2019-01-18,2019-01-18
-1408316,770636,1,1,1,1,2016-04-01,2016-04-01
-1408310,772481,1,1,1,0,2016-05-24,2016-05-24
-1408303,773082,1,1,1,1,2018-05-21,2018-05-21
-1408274,773623,1,1,1,0,2017-07-15,2017-07-15
-1408273,770686,1,1,1,1,2019-07-15,2019-07-15
-1408272,772017,1,1,1,0,2019-06-05,2019-06-05
-1408257,774363,1,1,1,0,2018-07-31,2018-07-31
-1408247,771241,1,1,1,0,2019-06-13,2019-06-13
-1408245,773057,1,1,1,0,2019-01-12,2019-01-12
-1408241,771323,1,1,1,0,2016-07-02,2016-07-02
-1408237,772977,1,1,1,0,2017-11-25,2017-11-25
-1408236,773343,1,1,1,0,2019-06-10,2019-06-10
-1408230,772933,2,2,1,0,2016-04-29,2016-04-29
-1408227,772882,1,1,1,0,2018-05-06,2018-05-06
-1408227,772911,1,1,1,0,2019-04-26,2019-04-26
-1408226,772925,1,1,1,0,2016-04-29,2016-04-29
-1408221,772959,1,1,1,0,2019-04-26,2019-04-26
-1408220,772928,1,1,1,0,2019-04-26,2019-04-26
-1408220,772930,2,1,1,0,2019-04-26,2019-04-26
-1408219,772965,1,1,1,0,2019-04-26,2019-04-26
-1408219,773012,1,1,1,0,2019-07-09,2019-07-09
-1408218,772927,1,1,1,0,2019-04-26,2019-04-26
-1408218,772930,1,1,1,0,2019-04-26,2019-04-26
-1408218,772960,1,1,1,0,2019-04-26,2019-04-26
-1408218,772998,1,1,1,0,2018-06-08,2018-06-08
-1408218,773002,1,1,1,0,2018-06-08,2018-06-08
-1408217,772928,1,1,1,0,2019-04-26,2019-04-26
-1408217,772929,1,1,1,0,2019-04-26,2019-04-26
-1408217,772948,1,1,1,0,2019-04-26,2019-04-26
-1408217,772996,1,1,1,0,2018-06-08,2018-06-08
-1408216,772911,1,1,1,0,2019-04-26,2019-04-26
-1408216,772919,1,1,1,0,2019-04-26,2019-04-26
-1408216,772971,1,1,1,0,2019-04-26,2019-04-26
-1408214,772907,1,1,1,0,2019-04-26,2019-04-26
-1408214,772956,1,1,1,0,2019-04-26,2019-04-26
-1408214,772972,1,1,1,0,2019-04-26,2019-04-26
-1408214,772998,1,1,1,0,2018-06-08,2018-06-08
-1408214,773041,1,1,1,0,2016-07-30,2016-07-30
-1408213,772911,1,1,1,0,2019-04-26,2019-04-26
-1408212,772927,1,1,1,0,2019-04-26,2019-04-26
-1408212,772934,1,1,1,0,2019-04-26,2019-04-26
-1408212,772941,1,1,1,0,2019-04-26,2019-04-26
-1408211,770396,1,1,1,0,2019-05-01,2019-05-01
-1408211,772911,1,1,1,0,2019-04-26,2019-04-26
-1408211,772921,2,2,1,0,2019-04-26,2019-04-26
-1408211,772922,1,1,1,0,2019-04-26,2019-04-26
-1408211,772943,1,1,1,0,2019-04-26,2019-04-26
-1408211,772944,1,1,1,0,2019-04-26,2019-04-26
-1408210,772941,1,1,1,0,2019-04-26,2019-04-26
-1408210,772943,1,1,1,0,2019-04-26,2019-04-26
-1408209,773017,1,1,1,0,2019-07-09,2019-07-09
-1408208,772908,1,1,1,0,2019-04-26,2019-04-26
-1408208,772909,1,1,1,0,2019-04-26,2019-04-26
-1408206,772877,1,1,1,0,2019-04-07,2019-04-07
-1408206,773014,1,1,1,0,2018-10-14,2018-10-14
-1408203,773005,1,1,1,0,2018-05-24,2018-05-24
-1408201,772910,1,1,1,0,2019-04-26,2019-04-26
-1408197,770891,1,1,1,1,2016-05-18,2016-05-18
-1408197,773030,1,1,1,0,2019-07-10,2019-07-10
-1408195,772905,1,1,1,0,2019-04-26,2019-04-26
-1408195,772912,1,1,1,0,2019-04-26,2019-04-26
-1408195,772937,1,1,1,0,2019-04-26,2019-04-26
-1408194,772912,1,1,1,0,2019-04-26,2019-04-26
-1408194,772931,1,1,1,0,2019-04-26,2019-04-26
-1408190,772910,1,1,1,0,2019-04-26,2019-04-26
-1408190,772987,1,1,1,0,2018-05-24,2018-05-24
-1408189,772935,1,1,1,0,2019-04-26,2019-04-26
-1408189,772985,1,1,1,0,2018-05-24,2018-05-24
-1408188,772911,1,1,1,0,2019-04-26,2019-04-26
-1408188,772921,1,1,1,0,2019-04-26,2019-04-26
-1408187,772929,1,1,1,0,2019-04-26,2019-04-26
-1408187,772930,1,1,1,0,2019-04-26,2019-04-26
-1408187,772954,1,1,1,0,2019-07-09,2019-07-09
-1408186,772968,1,1,1,0,2019-07-09,2019-07-09
-1408186,772978,1,1,1,0,2019-04-26,2019-04-26
-1408186,772979,1,1,1,0,2019-04-26,2019-04-26
-1408185,772930,1,1,1,0,2019-04-26,2019-04-26
-1408185,772980,1,1,1,0,2019-04-26,2019-04-26
-1408184,772925,1,1,1,0,2019-04-26,2019-04-26
-1408184,772930,1,1,1,0,2019-04-26,2019-04-26
-1408183,772908,1,1,1,0,2018-06-06,2018-06-06
-1408183,772917,1,1,1,0,2019-04-26,2019-04-26
-1408183,772922,1,1,1,0,2019-04-26,2019-04-26
-1408182,772925,1,1,1,0,2019-04-26,2019-04-26
-1408181,772914,1,1,1,0,2019-04-26,2019-04-26
-1408180,770734,1,1,1,1,2019-05-25,2019-05-25
-1408180,772912,1,1,1,0,2019-04-26,2019-04-26
-1408180,772917,1,1,1,0,2019-04-26,2019-04-26
-1408179,771301,1,1,1,0,2018-12-12,2018-12-12
-1408178,772825,1,1,1,0,2019-04-13,2019-04-13
-1408176,772906,1,1,1,0,2019-04-26,2019-04-26
-1408176,772913,1,1,1,0,2019-04-26,2019-04-26
-1408175,772963,1,1,1,0,2019-04-26,2019-04-26
-1408174,772913,1,1,1,0,2019-04-26,2019-04-26
-1408174,772979,1,1,1,0,2016-05-19,2016-05-19
-1408173,772801,1,1,1,0,2018-12-13,2018-12-13
-1408173,772913,1,1,1,0,2019-04-26,2019-04-26
-1408173,772979,2,2,1,0,2016-05-19,2016-05-19
-1408172,772801,2,2,1,0,2018-04-17,2018-04-17
-1408171,772946,1,1,1,0,2019-04-26,2019-04-26
-1408170,772912,1,1,1,0,2019-04-26,2019-04-26
-1408170,772955,1,1,1,0,2019-04-26,2019-04-26
-1408169,772912,1,1,1,0,2019-04-26,2019-04-26
-1408169,772956,1,1,1,0,2019-04-26,2019-04-26
-1408168,772797,1,1,1,0,2016-03-31,2016-03-31
-1408168,772914,1,1,1,0,2019-04-26,2019-04-26
-1408168,772949,1,1,1,0,2019-04-26,2019-04-26
-1408167,772915,2,1,1,0,2019-04-26,2019-04-26
-1408167,772939,1,1,1,0,2019-04-26,2019-04-26
-1408166,772915,1,1,1,0,2019-04-26,2019-04-26
-1408165,772915,1,1,1,0,2019-04-26,2019-04-26
-1408164,772933,1,1,1,0,2019-04-26,2019-04-26
-1408164,772943,1,1,1,0,2019-04-26,2019-04-26
-1408163,772928,1,1,1,0,2019-04-26,2019-04-26
-1408161,772805,1,1,1,0,2017-03-29,2017-03-29
-1408160,772915,1,1,1,0,2019-04-26,2019-04-26
-1408159,772799,1,1,1,0,2017-04-18,2017-04-18
-1408159,772978,1,1,1,0,2019-07-10,2019-07-10
-1408158,772923,1,1,1,0,2019-04-26,2019-04-26
-1408157,772803,1,1,1,0,2017-01-13,2017-01-13
-1408156,772915,1,1,1,0,2019-07-25,2019-07-25
-1408153,772918,1,1,1,0,2019-04-26,2019-04-26
-1408152,772928,1,1,1,0,2019-06-04,2019-06-04
-1408149,772921,1,1,1,0,2019-07-09,2019-07-09
-1408146,772784,1,1,1,0,2017-04-18,2017-04-18
-1408144,772797,1,1,1,0,2018-08-10,2018-08-10
-1408137,772992,1,1,1,1,2019-05-25,2019-05-25
-1408136,771309,1,1,1,0,2016-05-17,2016-05-17
-1408132,772868,1,1,1,0,2017-05-09,2017-05-09
-1408129,771769,1,1,1,0,2016-07-17,2016-07-17
-1408127,772342,1,1,1,0,2019-05-03,2019-05-03
-1408121,772849,1,1,1,0,2018-08-05,2018-08-05
-1408118,773559,1,1,1,1,2019-07-23,2019-07-23
-1408114,771562,1,1,1,1,2019-04-28,2019-04-28
-1408106,772577,1,1,1,1,2016-05-18,2016-05-18
-1408104,772836,1,1,1,1,2017-09-26,2017-09-26
-1408099,772813,1,1,1,0,2018-10-07,2018-10-07
-1408090,772304,1,1,1,0,2018-11-19,2018-11-19
-1408089,771256,1,1,1,1,2018-10-25,2018-10-25
-1408084,772740,4,4,1,0,2017-05-13,2017-05-13
-1408084,772827,1,1,1,0,2018-01-27,2018-01-27
-1408083,772797,1,1,1,0,2018-10-07,2018-10-07
-1408082,772729,1,1,1,0,2017-05-13,2017-05-13
-1408082,772796,1,1,1,0,2019-04-27,2019-04-27
-1408079,772752,1,1,1,0,2017-05-13,2017-05-13
-1408079,774080,1,1,1,0,2016-10-06,2016-10-06
-1408075,772756,3,3,1,0,2017-05-13,2017-05-13
-1408073,773067,1,1,1,0,2018-10-08,2018-10-08
-1408072,773065,2,2,1,1,2018-10-08,2018-10-08
-1408070,770847,1,1,1,0,2019-06-05,2019-06-05
-1408070,772782,1,1,1,0,2019-04-19,2019-04-19
-1408070,773267,1,1,1,1,2019-06-10,2019-06-10
-1408066,772712,1,1,1,0,2019-04-13,2019-04-13
-1408066,772713,1,1,1,0,2019-04-13,2019-04-13
-1408066,772804,3,2,1,0,2017-05-13,2017-05-13
-1408065,772296,1,1,1,0,2018-09-05,2018-09-05
-1408064,772768,1,1,1,0,2017-05-13,2017-05-13
-1408064,772782,3,3,1,0,2017-05-13,2017-05-13
-1408064,772802,1,1,1,0,2017-05-13,2017-05-13
-1408063,773312,1,1,1,1,2016-06-01,2016-06-01
-1408058,772772,1,1,1,0,2017-05-13,2017-05-13
-1408058,772793,1,1,1,0,2017-05-13,2017-05-13
-1408048,772762,1,1,1,0,2019-04-27,2019-04-27
-1408047,772855,1,1,1,1,2019-06-18,2019-06-18
-1408046,770974,1,1,1,0,2016-04-01,2016-04-01
-1408046,772761,1,1,1,0,2018-10-07,2018-10-07
-1408045,772907,1,1,1,1,2018-04-30,2018-04-30
-1408043,772905,1,1,1,1,2018-04-30,2018-04-30
-1408037,772860,2,2,1,0,2018-05-01,2018-05-01
-1408032,772838,1,1,1,0,2019-05-03,2019-05-03
-1408032,772925,1,1,1,1,2019-05-22,2019-05-22
-1408029,772927,1,1,1,1,2019-05-22,2019-05-22
-1408028,772926,1,1,1,1,2019-07-13,2019-07-13
-1408027,772925,2,2,1,2,2019-07-13,2019-06-28
-1408025,772748,1,1,1,0,2019-04-27,2019-04-27
-1408025,772926,1,1,1,0,2019-06-30,2019-06-30
-1408024,773186,1,1,1,0,2019-04-17,2019-04-17
-1408024,773535,1,1,1,0,2017-12-03,2017-12-03
-1408024,774382,1,1,1,1,2019-04-13,2019-04-13
-1408021,772688,1,1,1,0,2018-04-14,2018-04-14
-1408020,772677,1,1,1,0,2018-04-28,2018-04-28
-1408015,772673,1,1,1,0,2018-04-28,2018-04-28
-1408015,772770,1,1,1,1,2018-07-04,2018-07-04
-1408014,772810,1,1,1,0,2019-06-16,2019-06-16
-1408013,772664,1,1,1,0,2018-10-07,2018-10-07
-1408012,772660,1,1,1,0,2019-05-27,2019-05-27
-1408011,772774,1,1,1,1,2018-07-04,2018-07-04
-1408011,772840,1,1,1,0,2019-07-08,2019-07-08
-1408011,772842,1,1,1,0,2019-06-12,2019-06-12
-1408010,772729,1,1,1,0,2019-04-27,2019-04-27
-1408008,772661,1,1,1,0,2016-05-10,2016-05-10
-1408008,772663,1,1,1,0,2018-10-07,2018-10-07
-1408008,772783,1,1,1,0,2019-05-11,2019-05-11
-1408005,772742,1,1,1,0,2018-03-20,2018-03-20
-1408005,772787,1,1,1,0,2018-07-04,2018-07-04
-1408004,772783,1,1,1,0,2018-10-18,2018-10-18
-1408003,772788,1,1,1,0,2019-07-08,2019-07-08
-1408002,772661,1,1,1,0,2016-05-10,2016-05-10
-1408002,772790,1,1,1,0,2019-07-07,2019-07-07
-1408002,772791,1,1,1,1,2019-07-07,2019-07-07
-1408002,772795,1,1,1,1,2019-04-29,2019-04-29
-1408000,773813,1,1,1,1,2016-04-01,2016-04-01
-1407999,772658,1,1,1,0,2018-06-08,2018-06-08
-1407996,772718,1,1,1,0,2019-06-03,2019-06-03
-1407993,772718,1,1,1,0,2019-06-02,2019-06-02
-1407991,772525,1,1,1,0,2018-05-08,2018-05-08
-1407987,772448,1,1,1,1,2016-05-20,2016-05-20
-1407986,772507,1,1,1,0,2018-05-08,2018-05-08
-1407985,772663,1,1,1,0,2018-06-08,2018-06-08
-1407981,772702,1,1,1,0,2019-05-19,2019-05-19
-1407980,772788,1,1,1,0,2019-07-07,2019-07-07
-1407979,772657,1,1,1,0,2016-05-10,2016-05-10
-1407979,772660,1,1,1,0,2018-04-28,2018-04-28
-1407978,772756,1,1,1,1,2019-05-24,2019-05-24
-1407977,773446,1,1,1,1,2017-08-01,2017-08-01
-1407975,772628,1,1,1,0,2018-04-28,2018-04-28
-1407975,772657,1,1,1,0,2018-04-28,2018-04-28
-1407974,772622,1,1,1,0,2019-05-25,2019-05-25
-1407974,773807,1,1,1,0,2018-09-24,2018-09-24
-1407972,772683,1,1,1,0,2019-04-27,2019-04-27
-1407971,772664,1,1,1,0,2016-05-10,2016-05-10
-1407970,772608,1,1,1,0,2019-06-08,2019-06-08
-1407970,772611,1,1,1,0,2019-06-15,2019-06-15
-1407970,772651,1,1,1,0,2018-06-08,2018-06-08
-1407968,772607,1,1,1,0,2018-08-01,2018-08-01
-1407967,772603,1,1,1,0,2018-09-25,2018-09-25
-1407965,772650,1,1,1,0,2016-05-10,2016-05-10
-1407965,774526,1,1,1,0,2019-04-27,2019-04-27
-1407964,772638,1,1,1,0,2017-08-18,2017-08-18
-1407963,772667,1,1,1,0,2019-06-03,2019-06-03
-1407962,771941,1,1,1,0,2018-07-30,2018-07-30
-1407961,772522,1,1,1,0,2018-05-14,2018-05-14
-1407960,772521,1,1,1,0,2018-05-04,2018-05-04
-1407959,772519,1,1,1,0,2017-06-28,2017-06-28
-1407959,772661,1,1,1,0,2019-06-23,2019-06-23
-1407958,771085,1,1,1,0,2018-10-23,2018-10-23
-1407958,771435,1,1,1,0,2017-02-12,2017-02-12
-1407958,772600,1,1,1,0,2019-05-25,2019-05-25
-1407958,772655,1,1,1,0,2018-06-02,2018-06-02
-1407957,772521,1,1,1,0,2018-05-04,2018-05-04
-1407957,772528,1,1,1,0,2018-05-14,2018-05-14
-1407957,772582,1,1,1,0,2019-05-25,2019-05-25
-1407956,772611,1,1,1,0,2018-08-07,2018-08-07
-1407955,772585,1,1,1,0,2019-05-25,2019-05-25
-1407955,772659,1,1,1,0,2018-10-07,2018-10-07
-1407955,772718,1,1,1,0,2019-06-16,2019-06-16
-1407953,772643,2,1,1,0,2019-04-28,2019-04-28
-1407953,772694,1,1,1,0,2019-06-16,2019-06-16
-1407953,772763,1,1,1,1,2019-05-20,2019-05-20
-1407952,772522,1,1,1,0,2018-05-06,2018-05-06
-1407952,772674,1,1,1,0,2016-05-10,2016-05-10
-1407951,772654,1,1,1,0,2016-05-10,2016-05-10
-1407950,772540,1,1,1,0,2019-06-04,2019-06-04
-1407950,773340,1,1,1,0,2016-05-20,2016-05-20
-1407949,772653,1,1,1,0,2016-05-10,2016-05-10
-1407943,772766,1,1,1,1,2019-07-10,2019-07-10
-1407940,772809,1,1,1,1,2019-07-04,2019-07-04
-1407940,772827,1,1,1,1,2019-07-04,2019-07-04
-1407939,771225,1,1,1,0,2016-07-12,2016-07-12
-1407938,772650,1,1,1,0,2018-03-15,2018-03-15
-1407937,772815,1,1,1,0,2018-05-29,2018-05-29
-1407936,772680,1,1,1,0,2019-03-27,2019-03-27
-1407935,772460,1,1,1,0,2019-03-27,2019-03-27
-1407934,772819,1,1,1,1,2019-07-04,2019-07-04
-1407931,773103,1,1,1,1,2016-08-10,2016-08-10
-1407930,772557,1,1,1,0,2018-05-19,2018-05-19
-1407929,772595,1,1,1,0,2019-06-23,2019-06-23
-1407928,772727,1,1,1,0,2019-06-11,2019-06-11
-1407927,772725,1,1,1,0,2019-06-11,2019-06-11
-1407927,773363,1,1,1,1,2018-06-28,2018-06-28
-1407922,772901,1,1,1,1,2019-07-13,2019-07-13
-1407921,771351,1,1,1,0,2018-11-03,2018-11-03
-1407921,772673,1,1,1,0,2019-04-16,2019-04-16
-1407921,772675,1,1,1,0,2019-04-16,2019-04-16
-1407920,772688,1,1,1,0,2019-02-14,2019-02-14
-1407919,772671,1,1,1,0,2019-04-16,2019-04-16
-1407919,772688,1,1,1,0,2017-12-18,2017-12-18
-1407918,772574,1,1,1,0,2019-05-05,2019-05-05
-1407915,772697,1,1,1,0,2019-04-16,2019-04-16
-1407914,772716,1,1,1,0,2019-06-12,2019-06-12
-1407909,771097,1,1,1,0,2016-07-29,2016-07-29
-1407909,772707,1,1,1,0,2019-04-16,2019-04-16
-1407907,772553,1,1,1,0,2019-06-19,2019-06-19
-1407907,772712,1,1,1,0,2018-10-06,2018-10-06
-1407905,772851,1,1,1,0,2018-05-29,2018-05-29
-1407902,772850,1,1,1,0,2018-05-29,2018-05-29
-1407898,772534,1,1,1,0,2019-06-23,2019-06-23
-1407895,772724,1,1,1,0,2019-04-25,2019-04-25
-1407892,772597,1,1,1,0,2018-04-24,2018-04-24
-1407891,772597,1,1,1,0,2018-04-24,2018-04-24
-1407891,772892,1,1,1,0,2018-03-12,2018-03-12
-1407888,772515,1,1,1,0,2019-05-05,2019-05-05
-1407888,773092,1,1,1,0,2019-04-26,2019-04-26
-1407887,772725,1,1,1,0,2018-04-02,2018-04-02
-1407887,772728,1,1,1,0,2018-04-02,2018-04-02
-1407887,773087,1,1,1,0,2019-04-26,2019-04-26
-1407886,772731,1,1,1,0,2018-04-14,2018-04-14
-1407886,773087,1,1,1,0,2019-04-26,2019-04-26
-1407885,772725,1,1,1,0,2018-04-02,2018-04-02
-1407883,771653,1,1,1,0,2016-05-21,2016-05-21
-1407881,772722,1,1,1,0,2019-04-25,2019-04-25
-1407880,773096,1,1,1,0,2018-12-09,2018-12-09
-1407879,773095,1,1,1,1,2018-12-09,2018-12-09
-1407877,772904,1,1,1,0,2017-08-10,2017-08-10
-1407874,772754,1,1,1,0,2019-04-25,2019-04-25
-1407874,772898,1,1,1,0,2017-08-31,2017-08-31
-1407873,773374,1,1,1,1,2018-05-05,2018-05-05
-1407872,772767,1,1,1,0,2016-09-19,2016-09-19
-1407871,772588,1,1,1,0,2016-06-23,2016-06-23
-1407869,772477,1,1,1,0,2018-05-19,2018-05-19
-1407868,772484,1,1,1,0,2018-08-19,2018-08-19
-1407865,772479,1,1,1,0,2018-04-08,2018-04-08
-1407865,773908,1,1,1,1,2016-08-05,2016-08-05
-1407863,772477,1,1,1,0,2019-05-24,2019-05-24
-1407862,772598,1,1,1,1,2018-08-16,2018-08-16
-1407862,772779,1,1,1,0,2019-04-25,2019-04-25
-1407859,772785,1,1,1,0,2016-09-19,2016-09-19
-1407857,772804,1,1,1,0,2019-04-25,2019-04-25
-1407856,772471,1,1,1,0,2019-04-28,2019-04-28
-1407856,773502,1,1,1,0,2016-05-18,2016-05-18
-1407855,772775,1,1,1,0,2019-04-25,2019-04-25
-1407853,772599,1,1,1,0,2019-06-02,2019-06-02
-1407853,772603,1,1,1,0,2019-06-02,2019-06-02
-1407852,772776,1,1,1,0,2019-04-25,2019-04-25
-1407851,773786,1,1,1,1,2019-04-28,2019-04-28
-1407847,772911,1,1,1,0,2018-05-04,2018-05-04
-1407845,772458,1,1,1,0,2017-04-08,2017-04-08
-1407843,772881,1,1,1,0,2018-05-04,2018-05-04
-1407840,772838,1,1,1,0,2016-09-19,2016-09-19
-1407840,773420,1,1,1,1,2019-06-22,2019-06-22
-1407839,772446,1,1,1,0,2019-07-26,2019-07-26
-1407835,772865,1,1,1,0,2016-05-21,2016-05-21
-1407835,773365,1,1,1,0,2019-04-08,2019-04-08
-1407834,772925,1,1,1,0,2016-05-21,2016-05-21
-1407834,773365,1,1,1,0,2019-04-08,2019-04-08
-1407833,773349,1,1,1,0,2017-05-11,2017-05-11
-1407831,773340,1,1,1,0,2017-08-22,2017-08-22
-1407831,773350,1,1,1,0,2016-08-10,2016-08-10
-1407830,773350,2,2,1,0,2016-08-10,2016-08-10
-1407829,773342,1,1,1,0,2016-08-15,2016-08-15
-1407828,773342,1,1,1,0,2019-06-13,2019-06-13
-1407828,773380,1,1,1,1,2019-06-04,2019-06-04
-1407826,773380,1,1,1,1,2019-06-04,2019-06-04
-1407823,770176,1,1,1,1,2016-11-04,2016-11-04
-1407822,773322,1,1,1,1,2019-07-17,2019-07-17
-1407821,772881,1,1,1,0,2016-05-21,2016-05-21
-1407821,772885,1,1,1,0,2016-05-21,2016-05-21
-1407818,772887,1,1,1,0,2017-09-07,2017-09-07
-1407812,771054,1,1,1,0,2019-04-29,2019-04-29
-1407812,773396,1,1,1,0,2016-06-14,2016-06-14
-1407811,772563,1,1,1,0,2016-05-19,2016-05-19
-1407811,773396,1,1,1,0,2017-07-29,2017-07-29
-1407810,772565,2,2,2,0,2017-05-15,2017-05-12
-1407809,772440,1,1,1,0,2018-08-16,2018-08-16
-1407809,772563,1,1,1,0,2016-05-19,2016-05-19
-1407809,772564,1,1,1,0,2016-05-19,2016-05-19
-1407809,772565,3,3,3,0,2017-05-15,2017-05-09
-1407809,772566,1,1,1,0,2017-05-15,2017-05-15
-1407808,772562,1,1,1,0,2016-05-19,2016-05-19
-1407808,772563,1,1,1,0,2016-05-19,2016-05-19
-1407808,772564,1,1,1,0,2017-05-15,2017-05-15
-1407808,772565,3,2,3,0,2017-05-09,2017-05-09
-1407808,772566,3,3,3,0,2017-05-15,2017-05-09
-1407808,772567,2,2,2,0,2018-11-01,2017-08-10
-1407808,772568,1,1,1,0,2016-05-19,2016-05-19
-1407808,772569,1,1,1,0,2016-05-19,2016-05-19
-1407807,772566,1,1,1,0,2016-05-19,2016-05-19
-1407807,772567,2,2,2,0,2017-05-15,2017-05-12
-1407807,772568,3,2,3,0,2017-05-15,2016-05-19
-1407806,772563,2,2,2,0,2017-05-09,2017-05-09
-1407806,772568,1,1,1,0,2016-05-19,2016-05-19
-1407806,772570,1,1,1,0,2016-05-19,2016-05-19
-1407805,772564,2,2,2,0,2017-05-15,2016-11-15
-1407805,772566,1,1,1,0,2017-05-15,2017-05-15
-1407805,772568,1,1,1,0,2016-05-19,2016-05-19
-1407805,772574,1,1,1,0,2016-05-19,2016-05-19
-1407805,773454,1,1,1,0,2017-02-13,2017-02-13
-1407804,772563,1,1,1,0,2017-05-09,2017-05-09
-1407804,772564,1,1,1,0,2016-05-19,2016-05-19
-1407804,772574,2,1,1,2,2016-05-19,2016-05-19
-1407803,772570,1,1,1,0,2016-05-19,2016-05-19
-1407799,773404,1,1,1,0,2017-10-27,2017-10-27
-1407798,772570,1,1,1,0,2017-05-15,2017-05-15
-1407796,773125,1,1,1,0,2019-06-16,2019-06-16
-1407792,773496,1,1,1,0,2018-05-04,2018-05-04
-1407791,771378,1,1,1,0,2016-05-09,2016-05-09
-1407791,772614,1,1,1,1,2017-09-22,2017-09-22
-1407791,772619,1,1,1,0,2017-09-22,2017-09-22
-1407791,772622,1,1,1,0,2017-09-22,2017-09-22
-1407790,772970,1,1,1,0,2016-04-18,2016-04-18
-1407789,772429,1,1,1,0,2019-06-12,2019-06-12
-1407788,772648,1,1,1,0,2018-09-21,2018-09-21
-1407787,772564,1,1,1,0,2017-05-09,2017-05-09
-1407787,772570,1,1,1,0,2016-05-20,2016-05-20
-1407786,772424,1,1,1,0,2016-09-14,2016-09-14
-1407786,772614,1,1,1,0,2017-09-22,2017-09-22
-1407786,772640,2,2,1,0,2018-09-21,2018-09-21
-1407785,772636,1,1,1,0,2017-09-22,2017-09-22
-1407783,772422,1,1,1,0,2019-06-12,2019-06-12
-1407783,772564,1,1,1,0,2017-05-09,2017-05-09
-1407783,772566,2,1,2,0,2017-05-09,2017-05-09
-1407783,773438,1,1,1,1,2019-06-30,2019-06-30
-1407782,772564,1,1,1,0,2017-05-09,2017-05-09
-1407782,772566,1,1,1,1,2017-05-09,2017-05-09
-1407782,773438,1,1,1,0,2019-06-30,2019-06-30
-1407781,773432,1,1,1,0,2018-08-16,2018-08-16
-1407781,773435,1,1,1,0,2019-06-30,2019-06-30
-1407781,773437,1,1,1,0,2019-06-30,2019-06-30
-1407781,773438,2,2,1,1,2019-06-30,2019-06-30
-1407781,773439,1,1,1,1,2019-06-30,2019-06-30
-1407780,772564,1,1,1,0,2017-05-09,2017-05-09
-1407780,772571,1,1,1,1,2017-05-09,2017-05-09
-1407780,772575,3,3,3,0,2017-05-09,2017-05-09
-1407780,772576,2,2,2,1,2017-05-09,2017-05-09
-1407780,772577,2,2,1,1,2017-05-09,2017-05-09
-1407780,773437,1,1,1,0,2019-06-30,2019-06-30
-1407779,772571,1,1,1,0,2017-05-09,2017-05-09
-1407779,772573,1,1,1,1,2017-05-09,2017-05-09
-1407779,772574,5,4,4,3,2017-05-09,2017-05-09
-1407779,772575,2,2,2,1,2017-05-09,2017-05-09
-1407779,772576,3,2,2,0,2017-05-09,2017-05-09
-1407779,772633,1,1,1,0,2018-09-21,2018-09-21
-1407779,772969,1,1,1,0,2016-04-22,2016-04-22
-1407779,773048,1,1,1,0,2017-03-28,2017-03-28
-1407779,773438,1,1,1,1,2019-06-30,2019-06-30
-1407779,773442,1,1,1,0,2019-06-30,2019-06-30
-1407778,772566,1,1,1,0,2017-05-09,2017-05-09
-1407778,772572,1,1,1,1,2017-05-09,2017-05-09
-1407778,772573,4,4,3,1,2017-05-09,2017-05-09
-1407778,772574,3,2,3,2,2017-05-09,2017-05-09
-1407778,772575,2,1,1,1,2016-05-19,2016-05-19
-1407778,773436,1,1,1,0,2019-06-30,2019-06-30
-1407778,773437,1,1,1,1,2019-06-30,2019-06-30
-1407778,773439,1,1,1,0,2019-06-30,2019-06-30
-1407777,772566,1,1,1,0,2017-05-09,2017-05-09
-1407777,772574,6,4,4,2,2017-05-09,2016-11-12
-1407777,772575,1,1,1,0,2016-05-19,2016-05-19
-1407777,772619,1,1,1,0,2017-09-22,2017-09-22
-1407777,773438,1,1,1,1,2019-06-30,2019-06-30
-1407776,772573,1,1,1,0,2016-05-19,2016-05-19
-1407776,772574,4,2,3,1,2017-05-09,2016-05-19
-1407776,772575,1,1,1,0,2016-05-19,2016-05-19
-1407776,772971,1,1,1,0,2017-04-15,2017-04-15
-1407776,773437,1,1,1,0,2019-06-30,2019-06-30
-1407775,772572,1,1,1,0,2017-05-09,2017-05-09
-1407775,772573,1,1,1,0,2016-05-19,2016-05-19
-1407775,772576,1,1,1,0,2017-05-09,2017-05-09
-1407775,772577,1,1,1,0,2017-05-09,2017-05-09
-1407774,772569,3,2,3,0,2017-05-09,2017-05-09
-1407774,772574,1,1,1,0,2017-05-09,2017-05-09
-1407773,772413,1,1,1,0,2018-08-16,2018-08-16
-1407773,773439,1,1,1,0,2018-09-20,2018-09-20
-1407769,771230,1,1,1,0,2018-04-13,2018-04-13
-1407769,773427,1,1,1,0,2018-08-24,2018-08-24
-1407769,773430,1,1,1,0,2018-08-31,2018-08-31
-1407768,773418,1,1,1,0,2018-08-09,2018-08-09
-1407767,773498,1,1,1,1,2017-09-21,2017-09-21
-1407766,772416,1,1,1,0,2017-06-18,2017-06-18
-1407765,772423,1,1,1,0,2018-09-11,2018-09-11
-1407765,772953,1,1,1,0,2016-04-18,2016-04-18
-1407764,773804,1,1,1,0,2019-06-08,2019-06-08
-1407763,773427,1,1,1,0,2018-08-09,2018-08-09
-1407760,772423,1,1,1,0,2016-05-18,2016-05-18
-1407759,772425,1,1,1,0,2016-05-02,2016-05-02
-1407758,772379,1,1,1,0,2018-06-25,2018-06-25
-1407758,772419,1,1,1,0,2016-04-19,2016-04-19
-1407758,773886,1,1,1,1,2016-06-09,2016-06-09
-1407757,772425,1,1,1,0,2016-05-13,2016-05-13
-1407757,772427,1,1,1,0,2016-08-29,2016-08-29
-1407755,773056,1,1,1,0,2017-03-28,2017-03-28
-1407753,773031,1,1,1,0,2018-12-05,2018-12-05
-1407753,774375,1,1,1,1,2018-05-08,2018-05-08
-1407752,772379,1,1,1,0,2018-08-22,2018-08-22
-1407752,772436,1,1,1,1,2016-09-02,2016-09-02
-1407751,772439,1,1,1,0,2016-09-02,2016-09-02
-1407750,772438,1,1,1,0,2016-09-02,2016-09-02
-1407750,772439,1,1,1,0,2016-09-02,2016-09-02
-1407750,772630,1,1,1,1,2018-05-08,2018-05-08
-1407749,772625,1,1,1,1,2018-05-08,2018-05-08
-1407749,772631,10,1,1,10,2018-05-08,2018-05-08
-1407749,772632,1,1,1,1,2018-05-08,2018-05-08
-1407748,772396,1,1,1,0,2016-09-16,2016-09-16
-1407748,772621,1,1,1,1,2018-05-08,2018-05-08
-1407748,772626,2,2,1,2,2018-05-08,2018-05-08
-1407748,772629,1,1,1,1,2018-05-08,2018-05-08
-1407748,772630,6,1,1,6,2018-05-08,2018-05-08
-1407748,772631,34,2,1,34,2018-05-08,2018-05-08
-1407748,772632,1,1,1,1,2018-05-08,2018-05-08
-1407747,772396,1,1,1,0,2016-09-16,2016-09-16
-1407747,772442,1,1,1,0,2017-09-25,2017-09-25
-1407747,772629,4,2,1,4,2018-05-08,2018-05-08
-1407747,772630,3,1,1,3,2018-05-08,2018-05-08
-1407747,772631,4,1,1,4,2018-05-08,2018-05-08
-1407747,772633,2,2,1,2,2018-05-08,2018-05-08
-1407747,772828,1,1,1,0,2018-05-15,2018-05-15
-1407747,773515,1,1,1,0,2018-05-19,2018-05-19
-1407746,772623,1,1,1,1,2018-05-08,2018-05-08
-1407746,772631,2,2,1,2,2018-05-08,2018-05-08
-1407746,772632,2,1,1,2,2018-05-08,2018-05-08
-1407746,772633,2,2,1,1,2018-05-08,2018-05-08
-1407745,772619,1,1,1,1,2018-05-08,2018-05-08
-1407745,772632,1,1,1,1,2018-05-08,2018-05-08
-1407744,772632,1,1,1,1,2018-05-08,2018-05-08
-1407744,773130,1,1,1,1,2019-06-10,2019-06-10
-1407743,772372,1,1,1,0,2019-04-28,2019-04-28
-1407743,772625,1,1,1,1,2018-05-08,2018-05-08
-1407743,772686,1,1,1,1,2016-05-21,2016-05-21
-1407742,771873,1,1,1,0,2016-05-20,2016-05-20
-1407742,772633,1,1,1,1,2018-05-08,2018-05-08
-1407742,772636,1,1,1,1,2018-05-08,2018-05-08
-1407742,772638,1,1,1,1,2018-05-08,2018-05-08
-1407741,772619,1,1,1,1,2018-05-07,2018-05-07
-1407741,772624,1,1,1,1,2018-05-07,2018-05-07
-1407741,772634,1,1,1,1,2018-05-08,2018-05-08
-1407740,772617,3,2,1,3,2018-05-07,2018-05-07
-1407740,772618,9,1,1,9,2018-05-07,2018-05-07
-1407740,772619,10,2,1,10,2018-05-07,2018-05-07
-1407740,772620,1,1,1,1,2018-05-07,2018-05-07
-1407740,772622,1,1,1,1,2018-05-07,2018-05-07
-1407740,772638,2,2,1,2,2018-05-08,2018-05-08
-1407739,772617,1,1,1,1,2018-05-07,2018-05-07
-1407739,772618,12,2,1,12,2018-05-07,2018-05-07
-1407739,772619,5,2,1,5,2018-05-07,2018-05-07
-1407739,772620,1,1,1,1,2018-05-07,2018-05-07
-1407739,772621,1,1,1,1,2018-05-07,2018-05-07
-1407738,772618,6,2,1,6,2018-05-07,2018-05-07
-1407738,772619,16,2,1,16,2018-05-07,2018-05-07
-1407738,772620,11,3,1,11,2018-05-07,2018-05-07
-1407738,772624,1,1,1,1,2018-05-07,2018-05-07
-1407738,773030,1,1,1,1,2019-04-25,2019-04-25
-1407738,773062,1,1,1,0,2019-07-15,2019-07-15
-1407737,770877,1,1,1,1,2016-05-20,2016-05-20
-1407737,772619,2,2,1,2,2018-05-07,2018-05-07
-1407737,772624,2,2,1,2,2018-05-07,2018-05-07
-1407737,772626,1,1,1,1,2018-05-07,2018-05-07
-1407736,772619,1,1,1,1,2018-05-07,2018-05-07
-1407735,772626,1,1,1,1,2018-05-07,2018-05-07
-1407735,772627,1,1,1,1,2018-05-07,2018-05-07
-1407733,773092,1,1,1,1,2019-05-22,2019-05-22
-1407733,773093,1,1,1,1,2019-06-18,2019-06-18
-1407733,773094,1,1,1,1,2019-05-22,2019-05-22
-1407733,773095,1,1,1,1,2019-05-22,2019-05-22
-1407732,773105,1,1,1,0,2019-02-15,2019-02-15
-1407731,772980,1,1,1,0,2019-05-01,2019-05-01
-1407731,773094,1,1,1,1,2019-06-04,2019-06-04
-1407731,773153,1,1,1,0,2018-05-19,2018-05-19
-1407730,773021,1,1,1,0,2017-03-28,2017-03-28
-1407730,773094,1,1,1,1,2019-05-22,2019-05-22
-1407730,773095,2,1,1,2,2019-05-22,2019-05-22
-1407730,773096,1,1,1,1,2019-06-24,2019-06-24
-1407729,772590,1,1,1,1,2017-05-10,2017-05-10
-1407729,773092,1,1,1,1,2019-05-22,2019-05-22
-1407728,771084,1,1,1,0,2018-09-01,2018-09-01
-1407727,773036,1,1,1,0,2017-03-28,2017-03-28
-1407726,773085,1,1,1,1,2019-07-17,2019-07-17
-1407726,773093,1,1,1,1,2019-05-22,2019-05-22
-1407725,772821,1,1,1,0,2018-05-19,2018-05-19
-1407724,773095,1,1,1,1,2019-06-24,2019-06-24
-1407724,773441,1,1,1,0,2018-05-27,2018-05-27
-1407722,772388,1,1,1,0,2016-09-16,2016-09-16
-1407722,773034,1,1,1,0,2019-06-20,2019-06-20
-1407722,773560,1,1,1,0,2017-07-18,2017-07-18
-1407721,773050,1,1,1,0,2018-12-05,2018-12-05
-1407721,773093,1,1,1,1,2019-06-24,2019-06-24
-1407721,773498,1,1,1,0,2018-06-24,2018-06-24
-1407721,773510,1,1,1,0,2017-10-15,2017-10-15
-1407721,774351,1,1,1,0,2018-06-06,2018-06-06
-1407719,772714,1,1,1,1,2019-05-04,2019-05-04
-1407718,773010,1,1,1,0,2016-07-12,2016-07-12
-1407718,773035,1,1,1,1,2019-07-15,2019-07-15
-1407718,773036,1,1,1,1,2019-07-15,2019-07-15
-1407718,773040,1,1,1,1,2019-06-20,2019-06-20
-1407718,773047,1,1,1,0,2019-06-20,2019-06-20
-1407718,773052,1,1,1,1,2019-06-20,2019-06-20
-1407718,773100,1,1,1,1,2019-06-24,2019-06-24
-1407718,773108,1,1,1,0,2019-06-24,2019-06-24
-1407717,773034,1,1,1,1,2019-07-15,2019-07-15
-1407717,773037,1,1,1,1,2019-07-15,2019-07-15
-1407717,773051,1,1,1,1,2019-06-20,2019-06-20
-1407717,773095,1,1,1,0,2019-03-18,2019-03-18
-1407717,773105,1,1,1,1,2019-06-24,2019-06-24
-1407717,773559,1,1,1,0,2017-07-18,2017-07-18
-1407716,772388,1,1,1,0,2016-09-16,2016-09-16
-1407716,773044,1,1,1,1,2019-06-20,2019-06-20
-1407716,773048,1,1,1,0,2018-12-05,2018-12-05
-1407716,773049,1,1,1,0,2018-12-05,2018-12-05
-1407716,773103,1,1,1,1,2019-06-24,2019-06-24
-1407715,773010,1,1,1,0,2017-09-13,2017-09-13
-1407715,773038,1,1,1,1,2019-07-15,2019-07-15
-1407715,773052,3,1,3,1,2019-06-20,2019-06-05
-1407715,773054,2,2,1,2,2019-06-20,2019-06-20
-1407714,772720,1,1,1,0,2018-09-22,2018-09-22
-1407714,773042,1,1,1,0,2019-06-27,2019-06-27
-1407714,773053,1,1,1,1,2019-06-20,2019-06-20
-1407714,773056,1,1,1,1,2019-06-20,2019-06-20
-1407714,773913,1,1,1,0,2019-05-24,2019-05-24
-1407712,773079,1,1,1,0,2017-10-09,2017-10-09
-1407711,773062,1,1,1,1,2019-06-20,2019-06-20
-1407711,773109,1,1,1,1,2019-06-24,2019-06-24
-1407710,772362,1,1,1,0,2018-06-27,2018-06-27
-1407710,772480,1,1,1,0,2018-09-11,2018-09-11
-1407710,773062,1,1,1,1,2019-06-20,2019-06-20
-1407709,773519,1,1,1,1,2018-05-22,2018-05-22
-1407708,772244,1,1,1,0,2018-08-23,2018-08-23
-1407708,773271,1,1,1,0,2017-08-17,2017-08-17
-1407706,773069,1,1,1,1,2019-06-18,2019-06-18
-1407706,773267,1,1,1,0,2017-08-17,2017-08-17
-1407704,773070,1,1,1,1,2019-06-18,2019-06-18
-1407704,773110,1,1,1,1,2019-05-22,2019-05-22
-1407703,773112,1,1,1,1,2019-05-22,2019-05-22
-1407702,772362,1,1,1,0,2018-04-08,2018-04-08
-1407702,773114,4,3,1,4,2019-05-22,2019-05-22
-1407702,773475,1,1,1,0,2018-09-27,2018-09-27
-1407701,773108,1,1,1,1,2019-06-24,2019-06-24
-1407701,773115,1,1,1,1,2019-05-22,2019-05-22
-1407700,773348,1,1,1,1,2017-07-19,2017-07-19
-1407700,773483,1,1,1,0,2018-09-16,2018-09-16
-1407699,773109,1,1,1,1,2019-05-22,2019-05-22
-1407699,773110,1,1,1,1,2019-05-22,2019-05-22
-1407699,773482,1,1,1,0,2018-09-25,2018-09-25
-1407698,773110,1,1,1,1,2019-05-22,2019-05-22
-1407698,773111,1,1,1,1,2019-05-22,2019-05-22
-1407698,773482,1,1,1,0,2018-08-30,2018-08-30
-1407698,773484,1,1,1,0,2018-10-05,2018-10-05
-1407698,773485,1,1,1,0,2018-09-20,2018-09-20
-1407697,772357,1,1,1,0,2019-04-28,2019-04-28
-1407697,773108,1,1,1,0,2017-03-22,2017-03-22
-1407697,773114,1,1,1,1,2019-05-22,2019-05-22
-1407697,773481,1,1,1,0,2018-10-09,2018-10-09
-1407697,773482,2,2,1,0,2018-10-18,2018-10-07
-1407697,773485,1,1,1,0,2017-07-18,2017-07-18
-1407696,773108,1,1,1,0,2017-03-22,2017-03-22
-1407696,773476,1,1,1,0,2018-09-27,2018-09-27
-1407696,773484,1,1,1,0,2018-09-14,2018-09-14
-1407696,773485,1,1,1,0,2017-07-18,2017-07-18
-1407695,773118,1,1,1,1,2019-07-10,2019-07-10
-1407695,773284,1,1,1,0,2017-08-05,2017-08-05
-1407695,773485,1,1,1,0,2017-07-18,2017-07-18
-1407693,773346,1,1,1,0,2017-07-19,2017-07-19
-1407693,773351,1,1,1,1,2017-07-19,2017-07-19
-1407693,773481,1,1,1,0,2017-06-19,2017-06-19
-1407692,773117,1,1,1,1,2018-05-19,2018-05-19
-1407692,773118,1,1,1,1,2019-05-22,2019-05-22
-1407692,773481,1,1,1,0,2018-09-27,2018-09-27
-1407691,773093,1,1,1,1,2019-06-24,2019-06-24
-1407691,773116,1,1,1,1,2019-05-22,2019-05-22
-1407691,773117,2,2,1,2,2019-05-22,2019-05-22
-1407691,773259,1,1,1,1,2016-03-25,2016-03-25
-1407691,773350,1,1,1,1,2017-07-19,2017-07-19
-1407688,773119,1,1,1,1,2019-05-22,2019-05-22
-1407688,773121,1,1,1,1,2018-09-15,2018-09-15
-1407687,773116,1,1,1,1,2019-05-22,2019-05-22
-1407687,773117,1,1,1,1,2019-05-22,2019-05-22
-1407686,773349,1,1,1,0,2017-07-19,2017-07-19
-1407685,773711,1,1,1,0,2018-12-14,2018-12-14
-1407683,773663,1,1,1,1,2016-04-21,2016-04-21
-1407679,773652,1,1,1,1,2016-09-23,2016-09-23
-1407678,773499,1,1,1,0,2017-08-18,2017-08-18
-1407677,769908,1,1,1,0,2019-07-07,2019-07-07
-1407673,772693,1,1,1,0,2017-10-13,2017-10-13
-1407673,773361,1,1,1,1,2017-12-15,2017-12-15
-1407672,773377,1,1,1,0,2019-06-30,2019-06-30
-1407670,772249,1,1,1,0,2016-06-24,2016-06-24
-1407670,773378,1,1,1,0,2019-06-15,2019-06-15
-1407670,773622,1,1,1,1,2019-07-15,2019-07-15
-1407669,771234,1,1,1,1,2016-04-01,2016-04-01
-1407669,773621,1,1,1,1,2019-07-15,2019-07-15
-1407667,773113,1,1,1,0,2019-06-26,2019-06-26
-1407667,773519,1,1,1,1,2017-09-20,2017-09-20
-1407665,773112,1,1,1,0,2019-07-01,2019-07-01
-1407664,772483,1,1,1,0,2019-04-08,2019-04-08
-1407663,773117,1,1,1,1,2019-06-04,2019-06-04
-1407659,772727,1,1,1,0,2019-04-11,2019-04-11
-1407658,772788,1,1,1,1,2019-04-27,2019-04-27
-1407658,772792,1,1,1,0,2019-04-27,2019-04-27
-1407656,772748,1,1,1,0,2018-08-23,2018-08-23
-1407656,772888,1,1,1,1,2019-06-15,2019-06-15
-1407653,772399,1,1,1,0,2017-08-15,2017-08-15
-1407650,772712,1,1,1,0,2019-06-23,2019-06-23
-1407650,772715,1,1,1,0,2018-05-09,2018-05-09
-1407650,773327,1,1,1,1,2016-07-15,2016-07-15
-1407649,772781,1,1,1,0,2019-06-14,2019-06-14
-1407647,772396,1,1,1,0,2017-07-19,2017-07-19
-1407642,772391,1,1,1,0,2017-11-19,2017-11-19
-1407642,772669,1,1,1,0,2019-03-29,2019-03-29
-1407641,772547,1,1,1,1,2019-04-25,2019-04-25
-1407641,772871,1,1,1,0,2017-05-09,2017-05-09
-1407641,774365,1,1,1,0,2019-04-17,2019-04-17
-1407640,772391,1,1,1,0,2017-11-19,2017-11-19
-1407640,772670,1,1,1,0,2018-11-08,2018-11-08
-1407640,773411,1,1,1,0,2019-06-22,2019-06-22
-1407638,772349,1,1,1,0,2019-06-09,2019-06-09
-1407638,772668,1,1,1,0,2018-11-08,2018-11-08
-1407637,772779,1,1,1,0,2016-10-04,2016-10-04
-1407636,772663,1,1,1,0,2018-08-08,2018-08-08
-1407634,772670,1,1,1,0,2017-08-20,2017-08-20
-1407632,772637,1,1,1,0,2018-08-08,2018-08-08
-1407631,772331,1,1,1,0,2018-04-08,2018-04-08
-1407631,772844,1,1,1,0,2018-08-06,2018-08-06
-1407628,772725,1,1,1,0,2019-04-28,2019-04-28
-1407626,772629,1,1,1,0,2019-04-27,2019-04-27
-1407625,772738,1,1,1,0,2016-05-21,2016-05-21
-1407624,772349,1,1,1,0,2019-06-09,2019-06-09
-1407624,772615,1,1,1,0,2019-06-23,2019-06-23
-1407624,772840,1,1,1,0,2019-04-22,2019-04-22
-1407623,772677,1,1,1,0,2018-03-19,2018-03-19
-1407623,772741,1,1,1,0,2019-03-30,2019-03-30
-1407622,772610,1,1,1,0,2016-05-20,2016-05-20
-1407621,772736,1,1,1,0,2017-08-20,2017-08-20
-1407620,773029,1,1,1,1,2019-03-16,2019-03-16
-1407619,772605,1,1,1,0,2016-05-20,2016-05-20
-1407619,773543,1,1,1,1,2019-01-18,2019-01-18
-1407618,772606,1,1,1,0,2018-09-02,2018-09-02
-1407617,772537,1,1,1,0,2018-05-24,2018-05-24
-1407616,772854,1,1,1,1,2018-04-29,2018-04-29
-1407615,771305,1,1,1,0,2018-08-24,2018-08-24
-1407615,772587,1,1,1,0,2016-05-20,2016-05-20
-1407615,772603,1,1,1,0,2016-04-25,2016-04-25
-1407615,772606,1,1,1,0,2016-08-10,2016-08-10
-1407615,772797,1,1,1,0,2019-04-28,2019-04-28
-1407614,772807,1,1,1,0,2019-03-30,2019-03-30
-1407614,772836,1,1,1,0,2018-04-29,2018-04-29
-1407613,772500,1,1,1,0,2018-04-24,2018-04-24
-1407613,772502,1,1,1,0,2018-04-24,2018-04-24
-1407613,773180,1,1,1,0,2018-10-10,2018-10-10
-1407612,772590,1,1,1,0,2016-05-20,2016-05-20
-1407612,772614,1,1,1,0,2016-05-20,2016-05-20
-1407611,772595,1,1,1,0,2016-05-20,2016-05-20
-1407611,772862,1,1,1,0,2019-03-30,2019-03-30
-1407611,773034,1,1,1,0,2017-03-22,2017-03-22
-1407610,772591,1,1,1,0,2016-05-20,2016-05-20
-1407610,772695,1,1,1,0,2017-12-17,2017-12-17
-1407609,772090,1,1,1,0,2019-01-22,2019-01-22
-1407609,772496,1,1,1,1,2019-06-08,2019-06-08
-1407609,772612,1,1,1,0,2019-03-28,2019-03-28
-1407608,772420,1,1,1,1,2016-05-29,2016-05-29
-1407608,772586,1,1,1,0,2016-05-20,2016-05-20
-1407608,772869,1,1,1,1,2018-04-29,2018-04-29
-1407607,772494,1,1,1,0,2019-06-08,2019-06-08
-1407607,772589,1,1,1,0,2019-04-28,2019-04-28
-1407607,772590,1,1,1,0,2016-05-20,2016-05-20
-1407607,772788,1,1,1,0,2019-06-20,2019-06-20
-1407607,772863,1,1,1,0,2018-09-01,2018-09-01
-1407606,772582,1,1,1,0,2018-09-02,2018-09-02
-1407605,772585,1,1,1,0,2016-05-20,2016-05-20
-1407605,772615,1,1,1,0,2018-11-08,2018-11-08
-1407603,772582,1,1,1,0,2019-06-26,2019-06-26
-1407603,772895,1,1,1,0,2019-06-03,2019-06-03
-1407603,773557,1,1,1,0,2019-06-23,2019-06-23
-1407602,773384,1,1,1,0,2019-03-19,2019-03-19
-1407601,772577,1,1,1,0,2016-05-20,2016-05-20
-1407601,772782,1,1,1,0,2016-05-20,2016-05-20
-1407601,772862,1,1,1,0,2018-09-01,2018-09-01
-1407600,772783,1,1,1,0,2016-05-20,2016-05-20
-1407600,772787,1,1,1,1,2018-08-23,2018-08-23
-1407599,772568,1,1,1,0,2016-05-20,2016-05-20
-1407599,772580,1,1,1,0,2016-05-20,2016-05-20
-1407598,772639,1,1,1,0,2018-11-21,2018-11-21
-1407598,772800,1,1,1,1,2019-06-22,2019-06-22
-1407598,772803,1,1,1,0,2019-06-29,2019-06-29
-1407598,772868,1,1,1,0,2018-09-01,2018-09-01
-1407597,772788,1,1,1,0,2019-06-30,2019-06-30
-1407597,772800,1,1,1,0,2019-07-05,2019-07-05
-1407597,772801,1,1,1,0,2019-07-12,2019-07-12
-1407596,772534,1,1,1,0,2016-05-20,2016-05-20
-1407596,772552,1,1,1,0,2016-05-20,2016-05-20
-1407596,772635,1,1,1,0,2018-08-12,2018-08-12
-1407596,772800,2,2,1,0,2019-06-30,2019-06-27
-1407596,772801,1,1,1,0,2019-07-04,2019-07-04
-1407596,772802,1,1,1,0,2019-07-04,2019-07-04
-1407596,772803,2,2,1,0,2019-07-04,2019-07-04
-1407595,772542,1,1,1,0,2016-05-20,2016-05-20
-1407595,772549,1,1,1,0,2016-05-20,2016-05-20
-1407595,772550,1,1,1,0,2016-05-20,2016-05-20
-1407595,772567,1,1,1,0,2016-05-20,2016-05-20
-1407595,772569,1,1,1,0,2016-05-20,2016-05-20
-1407595,772800,1,1,1,0,2019-07-05,2019-07-05
-1407594,771501,1,1,1,1,2017-04-22,2017-04-22
-1407594,772544,1,1,1,0,2016-05-20,2016-05-20
-1407594,772548,1,1,1,0,2016-05-20,2016-05-20
-1407594,772562,3,3,3,0,2016-05-20,2016-05-20
-1407594,772563,1,1,1,0,2016-05-20,2016-05-20
-1407593,772444,1,1,1,0,2019-07-13,2019-07-13
-1407593,772526,1,1,1,0,2016-05-20,2016-05-20
-1407593,772531,1,1,1,0,2016-05-20,2016-05-20
-1407593,772536,2,2,2,1,2016-05-20,2016-05-20
-1407593,772538,1,1,1,0,2016-05-20,2016-05-20
-1407593,772546,1,1,1,0,2016-05-20,2016-05-20
-1407593,772548,1,1,1,0,2016-05-20,2016-05-20
-1407593,772550,1,1,1,0,2016-05-20,2016-05-20
-1407593,772558,1,1,1,0,2016-05-20,2016-05-20
-1407593,772561,1,1,1,0,2016-05-20,2016-05-20
-1407592,772505,5,4,1,0,2016-05-20,2016-05-20
-1407592,772506,2,2,2,0,2016-05-20,2016-05-20
-1407592,772507,2,2,2,0,2019-04-10,2017-10-29
-1407592,772508,4,3,1,0,2016-05-20,2016-05-20
-1407592,772540,2,2,2,0,2016-05-20,2016-05-20
-1407592,772541,2,2,2,0,2016-05-20,2016-05-20
-1407592,772545,1,1,1,0,2016-05-20,2016-05-20
-1407592,772547,1,1,1,0,2016-05-20,2016-05-20
-1407592,772549,2,1,2,0,2016-05-20,2016-05-20
-1407592,772551,1,1,1,0,2016-05-20,2016-05-20
-1407592,772554,1,1,1,0,2016-05-20,2016-05-20
-1407592,772555,1,1,1,0,2016-05-20,2016-05-20
-1407592,772558,1,1,1,0,2016-05-20,2016-05-20
-1407592,772559,2,2,2,0,2016-05-20,2016-05-20
-1407592,772812,1,1,1,0,2018-05-10,2018-05-10
-1407592,772825,1,1,1,0,2018-05-05,2018-05-05
-1407591,772505,1,1,1,0,2016-05-20,2016-05-20
-1407591,772506,1,1,1,0,2019-04-10,2019-04-10
-1407591,772508,3,2,3,0,2019-04-10,2016-05-20
-1407591,772510,1,1,1,0,2016-05-20,2016-05-20
-1407591,772527,1,1,1,0,2016-05-20,2016-05-20
-1407591,772532,1,1,1,0,2016-05-20,2016-05-20
-1407591,772536,1,1,1,0,2016-05-20,2016-05-20
-1407591,772540,1,1,1,0,2016-05-20,2016-05-20
-1407591,772542,1,1,1,0,2016-05-20,2016-05-20
-1407591,772543,2,2,2,0,2016-05-20,2016-05-20
-1407591,772545,1,1,1,0,2016-05-20,2016-05-20
-1407591,772546,1,1,1,0,2016-05-20,2016-05-20
-1407591,772550,1,1,1,0,2016-05-20,2016-05-20
-1407591,772554,1,1,1,0,2016-05-20,2016-05-20
-1407591,772558,1,1,1,0,2016-05-20,2016-05-20
-1407590,772506,1,1,1,0,2016-05-20,2016-05-20
-1407590,772508,3,3,3,0,2019-04-10,2016-05-20
-1407590,772522,1,1,1,0,2016-05-20,2016-05-20
-1407590,772526,1,1,1,0,2016-05-20,2016-05-20
-1407590,772528,1,1,1,0,2016-05-20,2016-05-20
-1407590,772531,2,2,1,0,2016-05-20,2016-05-20
-1407590,772536,1,1,1,0,2016-05-20,2016-05-20
-1407590,772805,1,1,1,0,2019-05-29,2019-05-29
-1407589,772494,1,1,1,0,2016-05-20,2016-05-20
-1407589,772508,1,1,1,0,2019-04-10,2019-04-10
-1407589,772514,1,1,1,0,2016-05-20,2016-05-20
-1407589,772524,1,1,1,0,2016-05-20,2016-05-20
-1407589,772526,1,1,1,0,2016-05-20,2016-05-20
-1407589,772534,1,1,1,0,2016-05-20,2016-05-20
-1407589,772535,1,1,1,0,2016-05-20,2016-05-20
-1407589,772538,1,1,1,0,2016-05-20,2016-05-20
-1407589,772541,1,1,1,0,2016-05-20,2016-05-20
-1407589,772618,1,1,1,0,2016-05-20,2016-05-20
-1407589,772619,1,1,1,0,2016-05-20,2016-05-20
-1407588,772492,1,1,1,0,2016-05-20,2016-05-20
-1407588,772493,1,1,1,0,2016-05-20,2016-05-20
-1407588,772509,2,2,2,0,2019-04-10,2017-10-29
-1407588,772512,1,1,1,0,2016-05-20,2016-05-20
-1407588,772520,1,1,1,0,2017-05-12,2017-05-12
-1407588,772524,2,2,2,0,2016-05-20,2016-05-20
-1407588,772525,3,3,2,0,2016-05-20,2016-05-20
-1407588,772526,2,2,2,0,2016-05-20,2016-05-20
-1407588,772529,1,1,1,0,2016-05-20,2016-05-20
-1407588,772530,1,1,1,0,2016-05-20,2016-05-20
-1407588,772534,2,2,2,0,2016-05-20,2016-05-20
-1407588,772536,1,1,1,0,2016-05-20,2016-05-20
-1407588,772544,1,1,1,0,2016-05-20,2016-05-20
-1407588,772559,1,1,1,0,2016-05-20,2016-05-20
-1407588,773007,1,1,1,0,2019-03-30,2019-03-30
-1407587,772412,1,1,1,0,2017-07-08,2017-07-08
-1407587,772511,1,1,1,0,2019-04-10,2019-04-10
-1407587,772512,1,1,1,0,2016-05-20,2016-05-20
-1407587,772513,1,1,1,0,2016-05-20,2016-05-20
-1407587,772515,1,1,1,0,2016-05-20,2016-05-20
-1407587,772518,1,1,1,0,2016-05-20,2016-05-20
-1407587,772519,3,3,2,0,2017-05-12,2016-05-20
-1407587,772520,1,1,1,0,2016-05-20,2016-05-20
-1407587,772521,3,3,2,0,2016-05-20,2016-05-20
-1407587,772522,1,1,1,0,2016-05-20,2016-05-20
-1407587,772523,4,4,3,0,2016-05-20,2016-05-20
-1407587,772526,1,1,1,0,2016-05-20,2016-05-20
-1407587,772527,1,1,1,0,2016-05-20,2016-05-20
-1407587,772534,1,1,1,0,2016-05-20,2016-05-20
-1407587,772536,1,1,1,0,2016-05-20,2016-05-20
-1407587,772553,1,1,1,0,2018-09-02,2018-09-02
-1407587,772713,1,1,1,1,2018-05-05,2018-05-05
-1407587,773002,1,1,1,0,2018-06-15,2018-06-15
-1407586,772499,1,1,1,0,2019-04-10,2019-04-10
-1407586,772500,1,1,1,0,2019-04-10,2019-04-10
-1407586,772501,1,1,1,0,2019-04-10,2019-04-10
-1407586,772510,1,1,1,0,2016-05-20,2016-05-20
-1407586,772511,1,1,1,0,2019-04-10,2019-04-10
-1407586,772514,2,2,2,0,2016-05-20,2016-05-20
-1407586,772516,1,1,1,0,2016-05-20,2016-05-20
-1407586,772518,1,1,1,0,2016-05-20,2016-05-20
-1407586,772519,3,3,2,0,2016-05-20,2016-05-20
-1407586,772520,1,1,1,0,2016-05-20,2016-05-20
-1407586,772522,1,1,1,0,2016-05-20,2016-05-20
-1407586,772523,2,1,2,0,2016-05-20,2016-05-20
-1407586,772524,1,1,1,0,2016-05-20,2016-05-20
-1407586,772525,2,2,2,0,2016-05-20,2016-05-20
-1407586,772533,1,1,1,0,2016-05-20,2016-05-20
-1407586,773007,1,1,1,0,2019-03-30,2019-03-30
-1407586,773009,1,1,1,1,2016-05-20,2016-05-20
-1407585,772499,1,1,1,0,2019-04-10,2019-04-10
-1407585,772511,1,1,1,0,2016-05-20,2016-05-20
-1407585,772513,1,1,1,0,2016-05-20,2016-05-20
-1407585,772527,1,1,1,0,2016-05-20,2016-05-20
-1407585,773314,1,1,1,0,2016-08-23,2016-08-23
-1407584,772324,1,1,1,0,2018-05-19,2018-05-19
-1407584,772481,1,1,1,0,2016-05-20,2016-05-20
-1407584,772482,1,1,1,0,2016-05-20,2016-05-20
-1407584,772497,1,1,1,0,2016-05-20,2016-05-20
-1407584,772522,2,2,2,0,2016-05-20,2016-05-20
-1407584,772535,1,1,1,0,2017-05-12,2017-05-12
-1407584,772761,1,1,1,1,2019-04-27,2019-04-27
-1407583,772497,1,1,1,0,2016-05-20,2016-05-20
-1407583,772519,1,1,1,0,2016-05-20,2016-05-20
-1407583,772526,1,1,1,0,2016-05-20,2016-05-20
-1407583,772619,1,1,1,0,2016-08-09,2016-08-09
-1407582,772434,1,1,1,1,2018-06-17,2018-06-17
-1407582,772496,1,1,1,0,2016-05-20,2016-05-20
-1407581,772495,1,1,1,0,2016-05-20,2016-05-20
-1407581,772512,1,1,1,0,2016-05-20,2016-05-20
-1407580,770233,1,1,1,0,2018-09-11,2018-09-11
-1407580,772493,1,1,1,0,2016-05-20,2016-05-20
-1407580,772494,2,2,2,0,2016-05-20,2016-05-20
-1407580,772722,1,1,1,1,2018-05-01,2018-05-01
-1407580,772779,1,1,1,0,2017-08-08,2017-08-08
-1407579,772437,1,1,1,0,2018-08-19,2018-08-19
-1407579,772496,1,1,1,0,2016-05-20,2016-05-20
-1407579,772610,1,1,1,0,2016-08-09,2016-08-09
-1407578,772496,1,1,1,0,2016-05-20,2016-05-20
-1407577,772439,1,1,1,1,2018-06-16,2018-06-16
-1407577,772463,1,1,1,0,2019-06-14,2019-06-14
-1407577,772501,1,1,1,0,2016-05-20,2016-05-20
-1407577,772778,1,1,1,0,2017-08-08,2017-08-08
-1407576,773689,1,1,1,0,2018-06-24,2018-06-24
-1407575,772485,1,1,1,0,2016-05-20,2016-05-20
-1407575,772492,1,1,1,0,2016-05-20,2016-05-20
-1407574,772443,1,1,1,0,2018-08-30,2018-08-30
-1407573,772620,1,1,1,0,2016-08-09,2016-08-09
-1407573,772707,1,1,1,1,2019-07-12,2019-07-12
-1407573,772717,1,1,1,0,2018-05-05,2018-05-05
-1407572,772484,1,1,1,0,2016-05-20,2016-05-20
-1407571,772462,1,1,1,0,2016-05-20,2016-05-20
-1407571,773004,1,1,1,0,2019-04-28,2019-04-28
-1407570,772325,1,1,1,0,2019-06-29,2019-06-29
-1407569,773415,1,1,1,0,2019-03-17,2019-03-17
-1407568,772699,1,1,1,1,2019-07-25,2019-07-25
-1407567,772327,1,1,1,0,2019-04-28,2019-04-28
-1407567,773213,1,1,1,0,2018-09-13,2018-09-13
-1407567,773451,1,1,1,0,2019-04-25,2019-04-25
-1407566,772435,1,1,1,0,2018-06-10,2018-06-10
-1407566,772436,1,1,1,0,2018-06-10,2018-06-10
-1407566,772454,1,1,1,0,2016-05-20,2016-05-20
-1407566,772980,1,1,1,0,2019-03-30,2019-03-30
-1407565,772434,1,1,1,0,2018-06-10,2018-06-10
-1407565,772749,1,1,1,1,2016-09-23,2016-09-23
-1407564,772456,1,1,1,0,2016-05-20,2016-05-20
-1407564,772457,1,1,1,0,2018-04-26,2018-04-26
-1407564,772468,1,1,1,0,2016-05-20,2016-05-20
-1407564,773060,1,1,1,0,2018-08-18,2018-08-18
-1407564,774530,1,1,1,0,2018-09-11,2018-09-11
-1407563,772647,1,1,1,0,2019-06-23,2019-06-23
-1407563,773640,1,1,1,1,2019-04-01,2019-04-01
-1407562,772431,1,1,1,0,2018-06-10,2018-06-10
-1407562,772758,1,1,1,1,2019-04-27,2019-04-27
-1407562,772760,1,1,1,1,2019-04-25,2019-04-25
-1407562,772966,1,1,1,0,2018-04-29,2018-04-29
-1407562,773010,1,1,1,0,2018-07-04,2018-07-04
-1407561,772427,1,1,1,0,2018-09-13,2018-09-13
-1407561,772432,1,1,1,0,2018-06-10,2018-06-10
-1407561,772455,1,1,1,0,2016-05-20,2016-05-20
-1407561,772967,1,1,1,0,2019-03-30,2019-03-30
-1407561,773015,1,1,1,0,2018-05-06,2018-05-06
-1407561,773059,1,1,1,0,2018-08-18,2018-08-18
-1407561,773060,3,3,1,0,2018-05-06,2018-05-06
-1407560,772428,1,1,1,1,2018-12-04,2018-12-04
-1407560,772458,1,1,1,0,2016-05-20,2016-05-20
-1407560,772705,1,1,1,1,2019-07-01,2019-07-01
-1407560,773015,1,1,1,0,2018-05-06,2018-05-06
-1407559,772426,1,1,1,0,2018-06-13,2018-06-13
-1407559,772455,1,1,1,0,2016-05-20,2016-05-20
-1407559,772468,1,1,1,0,2016-05-20,2016-05-20
-1407559,773038,1,1,1,0,2018-05-06,2018-05-06
-1407559,773051,1,1,1,0,2018-05-06,2018-05-06
-1407558,773018,1,1,1,0,2019-04-27,2019-04-27
-1407558,773060,1,1,1,0,2018-05-06,2018-05-06
-1407557,772411,1,1,1,0,2019-06-08,2019-06-08
-1407557,772436,1,1,1,0,2018-09-13,2018-09-13
-1407557,772471,1,1,1,0,2016-05-20,2016-05-20
-1407557,772472,1,1,1,0,2016-05-20,2016-05-20
-1407557,773319,1,1,1,1,2018-08-11,2018-08-11
-1407557,773476,1,1,1,0,2017-11-25,2017-11-25
-1407556,772372,1,1,1,0,2018-06-10,2018-06-10
-1407556,772414,1,1,1,0,2018-09-11,2018-09-11
-1407556,772451,1,1,1,0,2016-05-20,2016-05-20
-1407556,772459,1,1,1,0,2016-05-20,2016-05-20
-1407556,773067,1,1,1,0,2018-05-06,2018-05-06
-1407555,772410,1,1,1,0,2018-09-11,2018-09-11
-1407555,772467,1,1,1,0,2018-04-26,2018-04-26
-1407555,772734,1,1,1,0,2018-05-01,2018-05-01
-1407555,773028,1,1,1,0,2018-07-04,2018-07-04
-1407554,772364,1,1,1,0,2016-05-20,2016-05-20
-1407554,772371,1,1,1,0,2018-06-10,2018-06-10
-1407554,772414,1,1,1,0,2018-09-11,2018-09-11
-1407554,772466,1,1,1,0,2019-05-23,2019-05-23
-1407554,772469,1,1,1,0,2018-04-26,2018-04-26
-1407554,772930,1,1,1,0,2018-06-15,2018-06-15
-1407553,772369,1,1,1,0,2016-05-20,2016-05-20
-1407553,772412,1,1,1,0,2018-09-11,2018-09-11
-1407553,772448,1,1,1,0,2019-06-14,2019-06-14
-1407553,772467,1,1,1,0,2018-04-26,2018-04-26
-1407553,773096,1,1,1,0,2019-03-30,2019-03-30
-1407552,772410,1,1,1,0,2018-09-11,2018-09-11
-1407552,772450,1,1,1,0,2016-05-20,2016-05-20
-1407552,772709,1,1,1,0,2018-05-01,2018-05-01
-1407552,773095,1,1,1,0,2018-05-06,2018-05-06
-1407552,773101,1,1,1,0,2019-03-30,2019-03-30
-1407551,772450,1,1,1,0,2016-05-20,2016-05-20
-1407551,772453,1,1,1,0,2016-05-20,2016-05-20
-1407551,772458,1,1,1,0,2016-05-20,2016-05-20
-1407551,773099,1,1,1,0,2019-03-30,2019-03-30
-1407551,773114,1,1,1,0,2019-04-21,2019-04-21
-1407550,772976,1,1,1,0,2017-03-22,2017-03-22
-1407550,773114,1,1,1,0,2019-04-21,2019-04-21
-1407549,772447,1,1,1,0,2018-11-10,2018-11-10
-1407549,772735,1,1,1,1,2018-05-01,2018-05-01
-1407549,773022,1,1,1,0,2019-06-10,2019-06-10
-1407548,772405,1,1,1,0,2019-04-11,2019-04-11
-1407548,772424,1,1,1,0,2019-04-10,2019-04-10
-1407548,772425,1,1,1,0,2019-04-10,2019-04-10
-1407548,772427,1,1,1,0,2019-04-10,2019-04-10
-1407548,772499,1,1,1,0,2017-05-02,2017-05-02
-1407548,773090,1,1,1,0,2018-05-06,2018-05-06
-1407548,773094,1,1,1,0,2019-03-30,2019-03-30
-1407548,773333,1,1,1,0,2017-06-08,2017-06-08
-1407548,773383,1,1,1,0,2017-04-14,2017-04-14
-1407547,772435,1,1,1,0,2018-04-26,2018-04-26
-1407547,773120,1,1,1,0,2019-04-21,2019-04-21
-1407547,773121,1,1,1,0,2019-04-21,2019-04-21
-1407547,773157,1,1,1,0,2018-05-06,2018-05-06
-1407547,773159,1,1,1,0,2018-05-06,2018-05-06
-1407547,773169,1,1,1,0,2018-05-06,2018-05-06
-1407547,773170,1,1,1,0,2018-05-06,2018-05-06
-1407547,773174,1,1,1,0,2018-05-06,2018-05-06
-1407547,773177,1,1,1,0,2018-05-06,2018-05-06
-1407547,773383,1,1,1,0,2017-04-14,2017-04-14
-1407547,773393,1,1,1,0,2017-04-14,2017-04-14
-1407546,772427,1,1,1,0,2019-04-10,2019-04-10
-1407546,772700,1,1,1,0,2018-06-26,2018-06-26
-1407546,773152,1,1,1,0,2018-05-06,2018-05-06
-1407546,773172,1,1,1,0,2018-05-06,2018-05-06
-1407545,772389,1,1,1,0,2016-05-20,2016-05-20
-1407545,772409,1,1,1,0,2019-04-11,2019-04-11
-1407545,773099,1,1,1,0,2019-03-30,2019-03-30
-1407545,773130,1,1,1,0,2018-05-06,2018-05-06
-1407545,773145,1,1,1,0,2018-05-06,2018-05-06
-1407545,773309,1,1,1,0,2018-08-13,2018-08-13
-1407545,773399,1,1,1,0,2019-06-01,2019-06-01
-1407544,772389,1,1,1,0,2016-05-20,2016-05-20
-1407544,772414,1,1,1,0,2016-05-20,2016-05-20
-1407544,772427,1,1,1,0,2019-04-10,2019-04-10
-1407544,772699,1,1,1,1,2018-04-29,2018-04-29
-1407544,772701,1,1,1,0,2018-05-05,2018-05-05
-1407544,773132,1,1,1,0,2019-04-30,2019-04-30
-1407543,771503,1,1,1,1,2018-02-21,2018-02-21
-1407543,772401,1,1,1,0,2016-05-20,2016-05-20
-1407543,772409,1,1,1,0,2016-05-20,2016-05-20
-1407543,772427,1,1,1,0,2019-05-19,2019-05-19
-1407543,773169,1,1,1,0,2018-05-06,2018-05-06
-1407542,772414,1,1,1,0,2016-05-20,2016-05-20
-1407542,772449,1,1,1,0,2016-05-20,2016-05-20
-1407542,772695,1,1,1,0,2018-05-01,2018-05-01
-1407542,772698,1,1,1,1,2018-04-29,2018-04-29
-1407542,772737,1,1,1,0,2016-08-07,2016-08-07
-1407542,773174,1,1,1,0,2019-05-18,2019-05-18
-1407542,773397,1,1,1,0,2017-04-14,2017-04-14
-1407541,772408,1,1,1,0,2016-05-20,2016-05-20
-1407541,772427,1,1,1,0,2019-04-10,2019-04-10
-1407541,772623,1,1,1,0,2018-05-11,2018-05-11
-1407541,772988,1,1,1,1,2018-06-15,2018-06-15
-1407541,772989,1,1,1,1,2018-06-16,2018-06-16
-1407540,772424,1,1,1,0,2019-04-10,2019-04-10
-1407540,772954,1,1,1,0,2019-06-17,2019-06-17
-1407540,773032,1,1,1,0,2018-08-25,2018-08-25
-1407540,773374,2,2,1,0,2018-09-10,2018-09-10
-1407540,773397,4,4,1,0,2017-04-14,2017-04-14
-1407539,772623,1,1,1,0,2018-05-11,2018-05-11
-1407539,772690,1,1,1,0,2018-05-01,2018-05-01
-1407539,773108,1,1,1,0,2019-03-30,2019-03-30
-1407539,773399,1,1,1,0,2017-04-14,2017-04-14
-1407539,773457,1,1,1,0,2018-09-01,2018-09-01
-1407538,772404,1,1,1,0,2019-04-11,2019-04-11
-1407538,772405,1,1,1,0,2019-04-11,2019-04-11
-1407538,772424,1,1,1,0,2019-04-11,2019-04-11
-1407538,773397,1,1,1,0,2017-04-14,2017-04-14
-1407538,773398,2,2,1,0,2017-04-14,2017-04-14
-1407538,773460,1,1,1,0,2018-09-01,2018-09-01
-1407538,773701,1,1,1,0,2018-08-21,2018-08-21
-1407537,773398,2,2,1,0,2017-04-14,2017-04-14
-1407536,772425,1,1,1,0,2019-04-11,2019-04-11
-1407536,772426,1,1,1,0,2019-04-10,2019-04-10
-1407536,772429,1,1,1,0,2019-04-10,2019-04-10
-1407536,772811,1,1,1,0,2017-09-20,2017-09-20
-1407536,773345,1,1,1,0,2018-06-30,2018-06-30
-1407536,773355,1,1,1,0,2018-09-20,2018-09-20
-1407536,773397,1,1,1,1,2017-04-14,2017-04-14
-1407535,772419,1,1,1,0,2019-04-10,2019-04-10
-1407535,772426,1,1,1,0,2019-04-10,2019-04-10
-1407535,772692,1,1,1,0,2018-05-15,2018-05-15
-1407535,773354,1,1,1,0,2018-09-20,2018-09-20
-1407535,773372,1,1,1,1,2018-05-30,2018-05-30
-1407535,773374,1,1,1,0,2018-09-20,2018-09-20
-1407534,772407,1,1,1,0,2019-04-11,2019-04-11
-1407534,772429,1,1,1,0,2019-04-11,2019-04-11
-1407534,773108,1,1,1,0,2018-05-06,2018-05-06
-1407534,773397,1,1,1,0,2017-04-14,2017-04-14
-1407533,773371,1,1,1,0,2017-09-27,2017-09-27
-1407532,772417,1,1,1,0,2019-04-10,2019-04-10
-1407532,772500,1,1,1,0,2017-05-02,2017-05-02
-1407532,773121,1,1,1,0,2019-03-30,2019-03-30
-1407532,773352,1,1,1,0,2017-09-25,2017-09-25
-1407532,773396,1,1,1,1,2017-04-14,2017-04-14
-1407531,772414,1,1,1,0,2019-04-11,2019-04-11
-1407531,772418,1,1,1,0,2019-04-10,2019-04-10
-1407531,772691,1,1,1,1,2019-07-21,2019-07-21
-1407531,772753,1,1,1,0,2018-10-01,2018-10-01
-1407530,772419,1,1,1,0,2019-04-10,2019-04-10
-1407530,772421,1,1,1,0,2019-04-10,2019-04-10
-1407530,772635,1,1,1,0,2018-08-20,2018-08-20
-1407530,772748,1,1,1,1,2019-06-12,2019-06-12
-1407530,772958,1,1,1,0,2017-03-22,2017-03-22
-1407530,773395,1,1,1,0,2017-04-14,2017-04-14
-1407529,772413,1,1,1,0,2019-04-10,2019-04-10
-1407529,772516,1,1,1,0,2017-06-14,2017-06-14
-1407529,773104,1,1,1,1,2019-04-21,2019-04-21
-1407528,772421,1,1,1,0,2019-04-10,2019-04-10
-1407528,773346,1,1,1,1,2017-09-25,2017-09-25
-1407528,773350,1,1,1,0,2017-09-25,2017-09-25
-1407527,772634,1,1,1,0,2016-08-10,2016-08-10
-1407527,772678,1,1,1,0,2018-04-29,2018-04-29
-1407527,772954,1,1,1,1,2018-04-29,2018-04-29
-1407527,773113,1,1,1,1,2018-05-20,2018-05-20
-1407527,773341,1,1,1,0,2017-09-25,2017-09-25
-1407527,773342,1,1,1,0,2017-09-25,2017-09-25
-1407527,773344,1,1,1,0,2017-09-25,2017-09-25
-1407526,772335,1,1,1,0,2018-11-19,2018-11-19
-1407526,772402,1,1,1,0,2019-04-11,2019-04-11
-1407526,772403,1,1,1,0,2019-04-11,2019-04-11
-1407526,773343,1,1,1,0,2017-09-25,2017-09-25
-1407525,770910,1,1,1,0,2019-06-06,2019-06-06
-1407525,772516,1,1,1,0,2017-05-02,2017-05-02
-1407525,773103,2,2,1,1,2019-04-21,2018-11-04
-1407525,773249,1,1,1,0,2018-06-06,2018-06-06
-1407525,773399,1,1,1,0,2017-04-14,2017-04-14
-1407524,773092,1,1,1,0,2018-08-11,2018-08-11
-1407524,773125,1,1,1,1,2019-03-30,2019-03-30
-1407524,773197,1,1,1,0,2019-04-17,2019-04-17
-1407524,773342,1,1,1,0,2017-09-25,2017-09-25
-1407524,773343,1,1,1,0,2017-09-25,2017-09-25
-1407524,773344,1,1,1,0,2017-09-25,2017-09-25
-1407523,772388,1,1,1,0,2016-08-08,2016-08-08
-1407523,773081,1,1,1,0,2018-08-18,2018-08-18
-1407522,773120,1,1,1,0,2019-03-30,2019-03-30
-1407522,773342,1,1,1,0,2017-09-25,2017-09-25
-1407522,773343,1,1,1,0,2017-09-25,2017-09-25
-1407522,773344,3,2,2,0,2017-09-25,2017-09-25
-1407522,773345,1,1,1,0,2017-09-25,2017-09-25
-1407521,772481,1,1,1,0,2019-06-19,2019-06-19
-1407521,773342,2,2,2,0,2017-09-25,2017-09-25
-1407521,773345,3,2,3,0,2018-06-30,2018-05-30
-1407521,773378,1,1,1,0,2018-01-10,2018-01-10
-1407521,773883,1,1,1,0,2016-07-18,2016-07-18
-1407520,772344,1,1,1,0,2019-04-28,2019-04-28
-1407520,773234,1,1,1,1,2018-08-11,2018-08-11
-1407520,773238,1,1,1,1,2018-08-11,2018-08-11
-1407520,773340,1,1,1,0,2018-06-28,2018-06-28
-1407520,773341,1,1,1,0,2017-09-25,2017-09-25
-1407520,773342,4,4,2,0,2017-09-25,2017-09-25
-1407519,769877,1,1,1,0,2018-08-31,2018-08-31
-1407519,773340,1,1,1,0,2018-06-28,2018-06-28
-1407519,773342,1,1,1,0,2017-09-25,2017-09-25
-1407519,773343,1,1,1,0,2017-09-25,2017-09-25
-1407518,773047,1,1,1,0,2018-12-06,2018-12-06
-1407518,773071,1,1,1,1,2018-07-12,2018-07-12
-1407518,773075,1,1,1,1,2019-04-21,2019-04-21
-1407518,773082,1,1,1,0,2019-04-21,2019-04-21
-1407518,773340,1,1,1,1,2018-10-23,2018-10-23
-1407517,772395,1,1,1,0,2018-08-29,2018-08-29
-1407517,772501,1,1,1,0,2017-06-14,2017-06-14
-1407517,773258,1,1,1,0,2018-09-16,2018-09-16
-1407517,773329,1,1,1,0,2017-06-08,2017-06-08
-1407517,773334,1,1,1,0,2018-10-25,2018-10-25
-1407517,773340,1,1,1,0,2018-06-28,2018-06-28
-1407517,773348,1,1,1,0,2017-09-25,2017-09-25
-1407516,772396,1,1,1,0,2016-05-13,2016-05-13
-1407516,773065,1,1,1,1,2018-06-09,2018-06-09
-1407516,773072,1,1,1,1,2018-05-20,2018-05-20
-1407515,772397,1,1,1,0,2018-09-13,2018-09-13
-1407515,772405,1,1,1,0,2016-05-13,2016-05-13
-1407515,772655,1,1,1,0,2018-04-29,2018-04-29
-1407515,772943,1,1,1,0,2018-04-29,2018-04-29
-1407515,773038,1,1,1,0,2018-05-06,2018-05-06
-1407515,773121,1,1,1,1,2019-03-15,2019-03-15
-1407515,773134,1,1,1,0,2019-04-16,2019-04-16
-1407515,773398,1,1,1,0,2017-04-14,2017-04-14
-1407515,773402,1,1,1,0,2017-04-14,2017-04-14
-1407514,772395,1,1,1,0,2018-11-16,2018-11-16
-1407514,772401,1,1,1,0,2016-05-13,2016-05-13
-1407514,773051,1,1,1,0,2018-05-28,2018-05-28
-1407514,773131,1,1,1,1,2019-07-21,2019-07-21
-1407514,773339,1,1,1,0,2018-09-21,2018-09-21
-1407514,773401,1,1,1,1,2016-11-02,2016-11-02
-1407513,773050,1,1,1,0,2019-04-21,2019-04-21
-1407513,773121,1,1,1,0,2018-09-25,2018-09-25
-1407512,772402,1,1,1,1,2018-08-29,2018-08-29
-1407512,772404,1,1,1,1,2018-08-29,2018-08-29
-1407512,772408,1,1,1,1,2018-08-29,2018-08-29
-1407512,773014,1,1,1,0,2018-05-06,2018-05-06
-1407512,773118,1,1,1,0,2018-08-26,2018-08-26
-1407512,773342,1,1,1,0,2018-10-30,2018-10-30
-1407511,772408,1,1,1,0,2017-08-28,2017-08-28
-1407511,773125,1,1,1,0,2019-03-23,2019-03-23
-1407511,773248,1,1,1,0,2018-09-15,2018-09-15
-1407510,772401,2,2,2,0,2018-04-30,2017-12-29
-1407510,772404,1,1,1,0,2019-04-10,2019-04-10
-1407510,772409,1,1,1,1,2018-08-29,2018-08-29
-1407510,772497,1,1,1,0,2017-06-14,2017-06-14
-1407510,772739,1,1,1,0,2017-10-11,2017-10-11
-1407510,773125,1,1,1,0,2018-07-15,2018-07-15
-1407509,772401,2,2,1,0,2018-04-30,2018-04-30
-1407509,772404,1,1,1,1,2016-05-13,2016-05-13
-1407509,772622,1,1,1,0,2018-10-17,2018-10-17
-1407509,772710,1,1,1,1,2018-10-01,2018-10-01
-1407509,773022,1,1,1,0,2019-03-17,2019-03-17
-1407509,773047,1,1,1,1,2019-03-31,2019-03-31
-1407509,773117,1,1,1,0,2019-03-23,2019-03-23
-1407509,773125,2,2,1,0,2018-08-06,2018-07-22
-1407508,772404,1,1,1,0,2018-09-22,2018-09-22
-1407508,772728,1,1,1,1,2019-04-19,2019-04-19
-1407508,773121,1,1,1,1,2018-07-15,2018-07-15
-1407508,773341,1,1,1,0,2018-02-18,2018-02-18
-1407507,773124,2,2,1,0,2019-03-30,2018-10-23
-1407507,773337,1,1,1,0,2018-02-18,2018-02-18
-1407506,772401,1,1,1,0,2017-09-21,2017-09-21
-1407506,773122,1,1,1,0,2019-07-14,2019-07-14
-1407506,773412,1,1,1,1,2016-11-02,2016-11-02
-1407505,773039,1,1,1,0,2019-06-23,2019-06-23
-1407505,773124,1,1,1,0,2019-03-15,2019-03-15
-1407504,773127,1,1,1,0,2018-07-30,2018-07-30
-1407504,773406,4,4,1,0,2018-09-20,2018-09-20
-1407503,773122,1,1,1,0,2018-10-21,2018-10-21
-1407503,773123,1,1,1,0,2018-08-17,2018-08-17
-1407503,773396,1,1,1,0,2018-09-20,2018-09-20
-1407502,773188,1,1,1,1,2018-08-11,2018-08-11
-1407502,773261,1,1,1,0,2017-07-31,2017-07-31
-1407502,773349,1,1,1,0,2018-02-18,2018-02-18
-1407502,773417,1,1,1,0,2017-11-14,2017-11-14
-1407502,773420,1,1,1,0,2017-11-14,2017-11-14
-1407501,773034,1,1,1,1,2018-05-20,2018-05-20
-1407501,773420,3,3,1,0,2017-08-14,2017-08-14
-1407501,773421,1,1,1,0,2017-08-14,2017-08-14
-1407500,772791,1,1,1,0,2017-04-12,2017-04-12
-1407500,773031,1,1,1,0,2019-03-31,2019-03-31
-1407500,773407,1,1,1,0,2018-10-03,2018-10-03
-1407500,773421,1,1,1,0,2016-11-02,2016-11-02
-1407499,772327,1,1,1,0,2018-06-21,2018-06-21
-1407499,773406,1,1,1,0,2018-10-03,2018-10-03
-1407499,773407,1,1,1,0,2018-10-03,2018-10-03
-1407499,773421,1,1,1,0,2017-11-14,2017-11-14
-1407498,772757,1,1,1,1,2017-12-19,2017-12-19
-1407498,773403,1,1,1,0,2018-10-03,2018-10-03
-1407498,773421,1,1,1,0,2017-08-14,2017-08-14
-1407498,773423,2,2,1,0,2017-08-14,2017-03-24
-1407498,773425,1,1,1,0,2016-11-02,2016-11-02
-1407498,773427,1,1,1,0,2017-02-23,2017-02-23
-1407498,773428,1,1,1,0,2017-02-23,2017-02-23
-1407498,773429,1,1,1,0,2017-02-23,2017-02-23
-1407497,772618,1,1,1,0,2019-03-29,2019-03-29
-1407497,773036,1,1,1,0,2018-05-20,2018-05-20
-1407497,773405,1,1,1,0,2018-10-03,2018-10-03
-1407497,773406,2,1,1,0,2018-10-03,2018-10-03
-1407497,773422,1,1,1,0,2017-11-14,2017-11-14
-1407497,773424,1,1,1,0,2017-08-14,2017-08-14
-1407497,773425,3,3,1,0,2017-11-14,2017-08-14
-1407497,773427,1,1,1,0,2017-02-23,2017-02-23
-1407496,772735,1,1,1,0,2019-06-30,2019-06-30
-1407496,772958,1,1,1,0,2018-07-04,2018-07-04
-1407496,773424,1,1,1,0,2017-08-14,2017-08-14
-1407495,773127,1,1,1,0,2018-08-02,2018-08-02
-1407495,773492,1,1,1,0,2016-07-18,2016-07-18
-1407494,772620,1,1,1,0,2016-08-10,2016-08-10
-1407494,773413,1,1,1,0,2017-11-25,2017-11-25
-1407494,773473,1,1,1,0,2017-07-19,2017-07-19
-1407494,773747,1,1,1,0,2019-06-22,2019-06-22
-1407493,772614,1,1,1,0,2018-06-09,2018-06-09
-1407493,772715,1,1,1,1,2018-05-16,2018-05-16
-1407493,773366,1,1,1,0,2017-06-08,2017-06-08
-1407493,773479,1,1,1,1,2018-05-19,2018-05-19
-1407493,773745,1,1,1,0,2019-06-22,2019-06-22
-1407492,772323,1,1,1,0,2019-04-08,2019-04-08
-1407492,772792,1,1,1,0,2017-04-12,2017-04-12
-1407491,772762,1,1,1,0,2019-04-06,2019-04-06
-1407491,773126,1,1,1,0,2018-08-16,2018-08-16
-1407488,772772,1,1,1,0,2018-12-27,2018-12-27
-1407488,772989,1,1,1,0,2018-06-15,2018-06-15
-1407488,773115,1,1,1,0,2018-11-04,2018-11-04
-1407487,772610,1,1,1,0,2016-08-09,2016-08-09
-1407487,772732,1,1,1,0,2019-04-19,2019-04-19
-1407487,773128,1,1,1,0,2018-08-06,2018-08-06
-1407487,773364,2,2,1,0,2018-12-25,2018-12-25
-1407487,773365,1,1,1,0,2018-12-25,2018-12-25
-1407487,773432,1,1,1,0,2016-11-02,2016-11-02
-1407485,773129,1,1,1,0,2018-05-19,2018-05-19
-1407485,773131,1,1,1,0,2018-05-19,2018-05-19
-1407484,772598,1,1,1,0,2016-08-09,2016-08-09
-1407484,773129,1,1,1,1,2019-04-04,2019-04-04
-1407484,773307,1,1,1,0,2018-04-27,2018-04-27
-1407484,773330,1,1,1,1,2017-07-21,2017-07-21
-1407483,772781,1,1,1,0,2017-04-12,2017-04-12
-1407483,773162,1,1,1,0,2018-08-02,2018-08-02
-1407483,773422,1,1,1,0,2016-11-17,2016-11-17
-1407483,773545,1,1,1,1,2018-07-20,2018-07-20
-1407483,773732,1,1,1,0,2019-06-15,2019-06-15
-1407483,773737,1,1,1,0,2019-06-15,2019-06-15
-1407482,772707,1,1,1,0,2019-05-18,2019-05-18
-1407482,772713,1,1,1,1,2018-05-16,2018-05-16
-1407481,772703,1,1,1,0,2019-07-24,2019-07-24
-1407481,773086,1,1,1,0,2018-10-29,2018-10-29
-1407481,773193,1,1,1,0,2018-08-02,2018-08-02
-1407481,773425,1,1,1,0,2016-11-17,2016-11-17
-1407480,773444,1,1,1,0,2016-11-17,2016-11-17
-1407480,773544,1,1,1,0,2018-07-20,2018-07-20
-1407479,772707,1,1,1,0,2019-04-13,2019-04-13
-1407479,772903,1,1,1,0,2018-04-07,2018-04-07
-1407479,773245,1,1,1,0,2018-04-29,2018-04-29
-1407479,773257,1,1,1,0,2018-05-24,2018-05-24
-1407479,773421,1,1,1,0,2016-11-17,2016-11-17
-1407478,772384,1,1,1,0,2018-03-17,2018-03-17
-1407477,772402,1,1,1,0,2018-06-10,2018-06-10
-1407477,772692,1,1,1,0,2019-06-23,2019-06-23
-1407477,773037,1,1,1,1,2019-04-27,2019-04-27
-1407477,773131,1,1,1,1,2018-05-21,2018-05-21
-1407477,773245,1,1,1,0,2018-04-29,2018-04-29
-1407477,773246,1,1,1,0,2018-04-29,2018-04-29
-1407477,773427,1,1,1,0,2016-11-17,2016-11-17
-1407477,773428,1,1,1,0,2016-11-17,2016-11-17
-1407476,773085,1,1,1,1,2018-10-01,2018-10-01
-1407476,773245,1,1,1,0,2018-04-29,2018-04-29
-1407476,773253,1,1,1,0,2018-05-21,2018-05-21
-1407476,773256,1,1,1,0,2018-05-25,2018-05-25
-1407476,773426,1,1,1,0,2016-11-17,2016-11-17
-1407476,773662,1,1,1,1,2019-07-06,2019-07-06
-1407475,770726,1,1,1,1,2019-04-28,2019-04-28
-1407475,773197,1,1,1,0,2019-05-14,2019-05-14
-1407475,773219,1,1,1,0,2018-04-18,2018-04-18
-1407474,772501,1,1,1,0,2019-04-11,2019-04-11
-1407473,772401,1,1,1,0,2018-06-10,2018-06-10
-1407473,773218,1,1,1,0,2018-09-27,2018-09-27
-1407472,772401,1,1,1,0,2018-06-10,2018-06-10
-1407472,772845,1,1,1,0,2018-10-25,2018-10-25
-1407471,772326,1,1,1,0,2019-05-10,2019-05-10
-1407471,772390,1,1,1,0,2018-09-28,2018-09-28
-1407471,772400,1,1,1,0,2018-06-10,2018-06-10
-1407471,772402,1,1,1,0,2018-06-10,2018-06-10
-1407471,772902,1,1,1,1,2018-04-29,2018-04-29
-1407470,772335,1,1,1,0,2016-10-13,2016-10-13
-1407470,772901,1,1,1,1,2018-04-29,2018-04-29
-1407470,772955,1,1,1,0,2018-05-12,2018-05-12
-1407469,772400,1,1,1,0,2018-06-10,2018-06-10
-1407469,772847,1,1,1,0,2018-08-20,2018-08-20
-1407469,773404,1,1,1,0,2017-06-08,2017-06-08
-1407469,773698,1,1,1,0,2019-06-15,2019-06-15
-1407468,771643,1,1,1,1,2016-06-20,2016-06-20
-1407468,772400,1,1,1,0,2019-04-10,2019-04-10
-1407468,772419,1,1,1,1,2018-06-05,2018-06-05
-1407468,773110,1,1,1,0,2018-08-02,2018-08-02
-1407468,773226,1,1,1,0,2018-08-02,2018-08-02
-1407468,773939,1,1,1,0,2019-04-06,2019-04-06
-1407467,772644,2,1,1,0,2018-09-29,2018-09-29
-1407466,772428,1,1,1,0,2019-04-23,2019-04-23
-1407466,772839,1,1,1,0,2018-08-30,2018-08-30
-1407466,773259,1,1,1,0,2018-04-27,2018-04-27
-1407466,773560,1,1,1,0,2018-07-29,2018-07-29
-1407465,772426,1,1,1,0,2018-07-27,2018-07-27
-1407465,772845,1,1,1,0,2018-07-14,2018-07-14
-1407465,773200,1,1,1,0,2018-09-05,2018-09-05
-1407465,773237,1,1,1,0,2018-04-27,2018-04-27
-1407464,773199,1,1,1,0,2018-09-05,2018-09-05
-1407464,773415,1,1,1,0,2017-06-08,2017-06-08
-1407463,772410,1,1,1,0,2018-01-19,2018-01-19
-1407463,773159,1,1,1,1,2017-07-31,2017-07-31
-1407463,773198,1,1,1,0,2019-04-30,2019-04-30
-1407463,773281,1,1,1,0,2018-10-06,2018-10-06
-1407462,772994,1,1,1,0,2018-07-27,2018-07-27
-1407461,772319,1,1,1,0,2019-04-08,2019-04-08
-1407461,772688,1,1,1,1,2018-05-06,2018-05-06
-1407461,772719,1,1,1,0,2019-05-17,2019-05-17
-1407461,773133,1,1,1,0,2018-05-19,2018-05-19
-1407460,772416,1,1,1,0,2019-03-29,2019-03-29
-1407460,772501,1,1,1,0,2017-05-02,2017-05-02
-1407460,772565,1,1,1,1,2016-08-09,2016-08-09
-1407460,773134,1,1,1,1,2019-06-01,2019-06-01
-1407458,772891,1,1,1,0,2017-03-22,2017-03-22
-1407458,773331,1,1,1,0,2017-04-12,2017-04-12
-1407457,772343,1,1,1,0,2019-04-28,2019-04-28
-1407457,772405,1,1,1,0,2016-09-23,2016-09-23
-1407457,772851,1,1,1,1,2018-04-15,2018-04-15
-1407456,772956,1,1,1,0,2018-08-20,2018-08-20
-1407456,773374,1,1,1,0,2019-06-26,2019-06-26
-1407455,772601,1,1,1,0,2018-04-01,2018-04-01
-1407455,773030,1,1,1,1,2018-06-09,2018-06-09
-1407455,773341,1,1,1,1,2017-07-20,2017-07-20
-1407454,772520,1,1,1,0,2017-06-14,2017-06-14
-1407453,772953,1,1,1,1,2019-07-13,2019-07-13
-1407453,772988,1,1,1,1,2018-06-16,2018-06-16
-1407453,773345,1,1,1,1,2017-07-21,2017-07-21
-1407452,773662,1,1,1,1,2017-06-13,2017-06-13
-1407451,772441,1,1,1,1,2018-04-21,2018-04-21
-1407451,772542,1,1,1,0,2017-05-26,2017-05-26
-1407451,772559,3,3,1,0,2018-02-07,2018-02-06
-1407451,772603,1,1,1,0,2019-03-29,2019-03-29
-1407451,773071,1,1,1,0,2019-06-13,2019-06-13
-1407451,773306,1,1,1,0,2018-10-01,2018-10-01
-1407451,773421,1,1,1,1,2019-05-14,2019-05-14
-1407450,772954,1,1,1,0,2019-05-06,2019-05-06
-1407450,773308,1,1,1,0,2017-07-30,2017-07-30
-1407449,772947,1,1,1,0,2019-07-10,2019-07-10
-1407449,773308,1,1,1,0,2018-06-08,2018-06-08
-1407448,772573,1,1,1,1,2018-04-19,2018-04-19
-1407448,772951,1,1,1,0,2018-05-12,2018-05-12
-1407448,773082,1,1,1,0,2018-09-30,2018-09-30
-1407448,773309,1,1,1,0,2018-06-17,2018-06-17
-1407447,772559,1,1,1,0,2019-06-17,2019-06-17
-1407447,772563,1,1,1,1,2019-06-17,2019-06-17
-1407447,772949,1,1,1,0,2019-06-22,2019-06-22
-1407447,772950,1,1,1,0,2018-06-03,2018-06-03
-1407447,772952,1,1,1,0,2018-05-07,2018-05-07
-1407447,773304,1,1,1,0,2018-09-25,2018-09-25
-1407447,773306,2,2,1,0,2018-08-12,2018-02-07
-1407446,772523,1,1,1,0,2017-06-14,2017-06-14
-1407446,772952,2,2,1,0,2018-05-07,2018-05-06
-1407446,772953,2,2,1,0,2018-05-09,2018-05-07
-1407446,773308,1,1,1,0,2018-08-14,2018-08-14
-1407446,773309,1,1,1,0,2018-09-05,2018-09-05
-1407446,773426,1,1,1,1,2018-02-18,2018-02-18
-1407445,772567,1,1,1,0,2016-08-09,2016-08-09
-1407445,772947,2,2,1,0,2018-10-21,2018-10-20
-1407445,772948,1,1,1,0,2018-06-20,2018-06-20
-1407445,772951,1,1,1,0,2018-05-06,2018-05-06
-1407445,773309,1,1,1,0,2018-04-25,2018-04-25
-1407444,772359,1,1,1,0,2019-05-30,2019-05-30
-1407444,772948,1,1,1,0,2018-06-23,2018-06-23
-1407444,772954,1,1,1,0,2018-06-16,2018-06-16
-1407444,773144,1,1,1,1,2018-05-19,2018-05-19
-1407443,772320,1,1,1,0,2018-10-16,2018-10-16
-1407442,772458,1,1,1,0,2019-01-08,2019-01-08
-1407442,772523,1,1,1,0,2017-06-14,2017-06-14
-1407442,772565,1,1,1,0,2016-08-09,2016-08-09
-1407442,773101,1,1,1,0,2018-09-21,2018-09-21
-1407441,772405,1,1,1,0,2019-02-05,2019-02-05
-1407439,772375,1,1,1,1,2018-07-16,2018-07-16
-1407439,772521,2,2,1,0,2017-05-02,2017-05-02
-1407439,772952,1,1,1,0,2018-06-13,2018-06-13
-1407438,772664,1,1,1,1,2017-10-18,2017-10-18
-1407437,772514,1,1,1,0,2018-08-11,2018-08-11
-1407437,772657,1,1,1,0,2016-08-09,2016-08-09
-1407437,772665,1,1,1,1,2019-07-18,2019-07-18
-1407437,773160,1,1,1,1,2019-06-22,2019-06-22
-1407436,772612,1,1,1,1,2019-07-05,2019-07-05
-1407436,772659,1,1,1,0,2016-08-09,2016-08-09
-1407436,772668,1,1,1,0,2019-07-24,2019-07-24
-1407435,772613,2,1,1,2,2019-05-10,2019-05-10
-1407435,773157,1,1,1,0,2019-06-22,2019-06-22
-1407434,772914,1,1,1,0,2019-04-11,2019-04-11
-1407433,770821,1,1,1,1,2016-06-09,2016-06-09
-1407433,772392,1,1,1,0,2019-05-30,2019-05-30
-1407433,772409,1,1,1,0,2019-03-11,2019-03-11
-1407433,773151,1,1,1,1,2018-06-05,2018-06-05
-1407432,772407,1,1,1,0,2019-05-30,2019-05-30
-1407432,772918,1,1,1,1,2018-04-29,2018-04-29
-1407432,773061,1,1,1,0,2018-08-02,2018-08-02
-1407432,773809,1,1,1,0,2018-11-28,2018-11-28
-1407431,772587,1,1,1,0,2019-05-07,2019-05-07
-1407431,772848,1,1,1,0,2018-03-23,2018-03-23
-1407430,772932,1,1,1,1,2018-04-29,2018-04-29
-1407429,773192,1,1,1,0,2018-09-24,2018-09-24
-1407429,773289,1,1,1,0,2018-10-06,2018-10-06
-1407428,772512,1,1,1,1,2019-05-06,2019-05-06
-1407427,773068,1,1,1,0,2018-08-02,2018-08-02
-1407426,772363,1,1,1,1,2019-07-05,2019-07-05
-1407426,772367,1,1,1,1,2019-06-21,2019-06-21
-1407426,772631,1,1,1,0,2019-07-22,2019-07-22
-1407425,772997,1,1,1,0,2019-05-18,2019-05-18
-1407425,773094,1,1,1,0,2018-08-02,2018-08-02
-1407425,773095,1,1,1,0,2018-08-02,2018-08-02
-1407425,773098,1,1,1,0,2018-08-02,2018-08-02
-1407425,773136,2,1,1,0,2018-08-02,2018-08-02
-1407425,773140,1,1,1,0,2018-08-02,2018-08-02
-1407425,773141,1,1,1,0,2018-08-18,2018-08-18
-1407425,773469,1,1,1,0,2017-06-08,2017-06-08
-1407424,772645,1,1,1,1,2018-10-09,2018-10-09
-1407424,773227,1,1,1,1,2019-04-10,2019-04-10
-1407423,772566,1,1,1,1,2019-06-30,2019-06-30
-1407422,772647,1,1,1,0,2018-12-12,2018-12-12
-1407422,773100,1,1,1,0,2018-08-27,2018-08-27
-1407422,773329,1,1,1,0,2017-04-10,2017-04-10
-1407421,772320,1,1,1,0,2019-06-29,2019-06-29
-1407421,772643,1,1,1,0,2018-05-13,2018-05-13
-1407421,772644,1,1,1,0,2018-07-30,2018-07-30
-1407421,772645,1,1,1,0,2018-04-07,2018-04-07
-1407420,772640,1,1,1,0,2018-08-19,2018-08-19
-1407420,773299,1,1,1,0,2018-04-24,2018-04-24
-1407419,772524,1,1,1,0,2017-09-07,2017-09-07
-1407419,773521,1,1,1,0,2019-02-24,2019-02-24
-1407418,772647,1,1,1,0,2019-03-30,2019-03-30
-1407418,773429,1,1,1,1,2018-02-18,2018-02-18
-1407417,772934,1,1,1,1,2017-03-25,2017-03-25
-1407417,774495,1,1,1,0,2016-07-18,2016-07-18
-1407416,772360,1,1,1,0,2018-02-10,2018-02-10
-1407416,773480,1,1,1,0,2017-06-08,2017-06-08
-1407415,772931,1,1,1,1,2018-05-05,2018-05-05
-1407415,772944,1,1,1,0,2019-06-11,2019-06-11
-1407415,773486,1,1,1,0,2017-06-08,2017-06-08
-1407414,772938,1,1,1,1,2019-04-19,2019-04-19
-1407413,772957,1,1,1,0,2018-04-22,2018-04-22
-1407413,773159,1,1,1,0,2018-08-18,2018-08-18
-1407412,772599,1,1,1,0,2019-01-30,2019-01-30
-1407411,772342,1,1,1,1,2019-04-10,2019-04-10
-1407411,773161,1,1,1,0,2019-05-03,2019-05-03
-1407410,773560,1,1,1,0,2018-04-28,2018-04-28
-1407409,772580,1,1,1,1,2018-08-24,2018-08-24
-1407409,772587,1,1,1,0,2019-04-14,2019-04-14
-1407409,772893,1,1,1,1,2019-03-17,2019-03-17
-1407408,772897,1,1,1,0,2019-04-09,2019-04-09
-1407407,772593,1,1,1,0,2018-09-28,2018-09-28
-1407406,772884,1,1,1,0,2018-06-24,2018-06-24
-1407406,772908,1,1,1,0,2019-04-13,2019-04-13
-1407406,773150,1,1,1,0,2018-08-27,2018-08-27
-1407405,772735,1,1,1,0,2019-04-19,2019-04-19
-1407405,773497,1,1,1,0,2017-06-08,2017-06-08
-1407404,772907,1,1,1,0,2019-04-13,2019-04-13
-1407404,773016,1,1,1,1,2019-05-13,2019-05-13
-1407403,772900,1,1,1,1,2019-05-04,2019-05-04
-1407403,772903,1,1,1,1,2019-03-01,2019-03-01
-1407402,773429,1,1,1,1,2018-02-18,2018-02-18
-1407401,772901,1,1,1,1,2019-03-01,2019-03-01
-1407401,772903,2,1,2,2,2019-03-27,2019-03-14
-1407401,772907,1,1,1,1,2019-04-14,2019-04-14
-1407400,770506,1,1,1,0,2016-05-20,2016-05-20
-1407400,772906,2,2,2,1,2018-10-28,2018-09-14
-1407400,772907,1,1,1,0,2018-08-30,2018-08-30
-1407399,772903,1,1,1,0,2019-03-27,2019-03-27
-1407399,772904,1,1,1,1,2019-05-21,2019-05-21
-1407399,772905,2,2,2,1,2019-05-04,2018-07-13
-1407399,772906,2,2,2,1,2018-11-04,2018-09-30
-1407399,773852,1,1,1,0,2019-07-26,2019-07-26
-1407398,772316,1,1,1,0,2018-08-18,2018-08-18
-1407398,772904,1,1,1,1,2019-04-09,2019-04-09
-1407398,772906,1,1,1,0,2018-05-07,2018-05-07
-1407398,773330,1,1,1,0,2019-07-20,2019-07-20
-1407397,772316,2,2,2,0,2018-08-18,2018-08-18
-1407397,772898,1,1,1,1,2018-09-22,2018-09-22
-1407397,772900,1,1,1,1,2019-05-04,2019-05-04
-1407397,772902,1,1,1,0,2018-09-13,2018-09-13
-1407397,772904,1,1,1,0,2018-08-16,2018-08-16
-1407397,772906,1,1,1,0,2019-03-01,2019-03-01
-1407397,772909,1,1,1,1,2019-05-04,2019-05-04
-1407397,773332,1,1,1,0,2019-07-20,2019-07-20
-1407397,773337,1,1,1,0,2019-07-20,2019-07-20
-1407397,773510,1,1,1,0,2017-06-08,2017-06-08
-1407397,773527,1,1,1,0,2017-11-26,2017-11-26
-1407396,772314,1,1,1,0,2018-08-18,2018-08-18
-1407396,772315,1,1,1,0,2018-08-18,2018-08-18
-1407396,772316,1,1,1,0,2018-08-18,2018-08-18
-1407396,772570,1,1,1,0,2016-08-09,2016-08-09
-1407396,772906,1,1,1,1,2016-09-17,2016-09-17
-1407396,772912,1,1,1,0,2018-08-30,2018-08-30
-1407396,773333,1,1,1,1,2019-07-20,2019-07-20
-1407395,772905,1,1,1,0,2019-03-01,2019-03-01
-1407395,773333,1,1,1,0,2019-07-20,2019-07-20
-1407395,773558,1,1,1,0,2019-05-29,2019-05-29
-1407394,772313,1,1,1,0,2018-08-18,2018-08-18
-1407394,772902,2,2,2,1,2019-05-12,2019-04-19
-1407394,772911,1,1,1,0,2018-07-04,2018-07-04
-1407393,772566,1,1,1,1,2017-03-25,2017-03-25
-1407393,772901,1,1,1,0,2018-05-07,2018-05-07
-1407393,772905,1,1,1,1,2019-05-20,2019-05-20
-1407393,772907,1,1,1,1,2018-08-27,2018-08-27
-1407392,772573,1,1,1,0,2019-04-18,2019-04-18
-1407392,772902,1,1,1,1,2019-04-30,2019-04-30
-1407391,773848,1,1,1,1,2018-08-17,2018-08-17
-1407390,772313,1,1,1,0,2018-08-18,2018-08-18
-1407390,772314,1,1,1,0,2018-08-18,2018-08-18
-1407389,772736,1,1,1,0,2019-04-19,2019-04-19
-1407389,772900,1,1,1,0,2019-05-04,2019-05-04
-1407389,773771,1,1,1,1,2017-05-20,2017-05-20
-1407389,773778,1,1,1,0,2017-05-20,2017-05-20
-1407388,772315,1,1,1,0,2018-08-18,2018-08-18
-1407388,772330,1,1,1,0,2019-05-24,2019-05-24
-1407388,772884,1,1,1,0,2018-02-20,2018-02-20
-1407388,773255,1,1,1,0,2018-02-26,2018-02-26
-1407388,773429,1,1,1,1,2018-02-18,2018-02-18
-1407388,773669,1,1,1,1,2016-05-20,2016-05-20
-1407388,773777,1,1,1,0,2017-05-20,2017-05-20
-1407388,774127,1,1,1,1,2016-05-20,2016-05-20
-1407387,772312,1,1,1,0,2018-08-18,2018-08-18
-1407387,772329,1,1,1,0,2019-05-24,2019-05-24
-1407387,772899,1,1,1,0,2019-05-04,2019-05-04
-1407387,772942,1,1,1,0,2018-05-01,2018-05-01
-1407387,772943,1,1,1,1,2018-05-01,2018-05-01
-1407387,773412,1,1,1,1,2019-07-05,2019-07-05
-1407387,773757,1,1,1,1,2016-05-17,2016-05-17
-1407386,772374,1,1,1,0,2019-06-08,2019-06-08
-1407386,773299,1,1,1,0,2019-05-19,2019-05-19
-1407385,772944,1,1,1,1,2018-05-01,2018-05-01
-1407385,773250,1,1,1,0,2018-08-21,2018-08-21
-1407384,772342,1,1,1,1,2018-07-30,2018-07-30
-1407383,772945,2,2,1,1,2018-05-01,2018-05-01
-1407383,773290,1,1,1,0,2018-10-06,2018-10-06
-1407382,772237,1,1,1,1,2016-06-09,2016-06-09
-1407382,772749,1,1,1,1,2019-04-19,2019-04-19
-1407382,772828,1,1,1,1,2019-06-16,2019-06-16
-1407382,772888,1,1,1,0,2019-03-28,2019-03-28
-1407382,772967,1,1,1,0,2018-06-24,2018-06-24
-1407382,773875,1,1,1,1,2018-04-21,2018-04-21
-1407381,773533,1,1,1,0,2017-06-08,2017-06-08
-1407380,772313,1,1,1,0,2018-08-18,2018-08-18
-1407380,772636,1,1,1,0,2017-03-22,2017-03-22
-1407380,772910,1,1,1,1,2019-04-19,2019-04-19
-1407380,772944,1,1,1,1,2018-05-01,2018-05-01
-1407380,773247,1,1,1,0,2018-08-21,2018-08-21
-1407379,771723,1,1,1,0,2016-07-12,2016-07-12
-1407379,772259,1,1,1,0,2017-04-28,2017-04-28
-1407378,772347,1,1,1,0,2019-04-10,2019-04-10
-1407378,772930,1,1,1,1,2018-05-01,2018-05-01
-1407377,773303,1,1,1,0,2018-08-21,2018-08-21
-1407377,773460,1,1,1,1,2018-02-11,2018-02-11
-1407376,772312,2,2,1,0,2018-08-18,2018-08-18
-1407376,772871,1,1,1,0,2018-03-24,2018-03-24
-1407376,773302,1,1,1,0,2018-08-21,2018-08-21
-1407375,772313,1,1,1,0,2018-08-18,2018-08-18
-1407375,772323,2,1,1,2,2019-04-08,2019-04-08
-1407375,772383,1,1,1,0,2019-05-30,2019-05-30
-1407375,772929,1,1,1,1,2018-05-01,2018-05-01
-1407375,773738,1,1,1,1,2018-10-27,2018-10-27
-1407374,773490,1,1,1,0,2017-11-24,2017-11-24
-1407373,773219,1,1,1,0,2017-08-09,2017-08-09
-1407372,772885,1,1,1,0,2018-08-01,2018-08-01
-1407372,773548,1,1,1,0,2017-06-08,2017-06-08
-1407371,773517,1,1,1,0,2018-05-06,2018-05-06
-1407370,772278,1,1,1,0,2017-04-30,2017-04-30
-1407370,772875,1,1,1,0,2019-06-21,2019-06-21
-1407370,773517,1,1,1,0,2018-05-06,2018-05-06
-1407369,772307,1,1,1,0,2018-08-05,2018-08-05
-1407369,772893,1,1,1,0,2018-03-10,2018-03-10
-1407369,773291,1,1,1,0,2017-08-09,2017-08-09
-1407369,773509,1,1,1,0,2018-05-06,2018-05-06
-1407369,773548,1,1,1,0,2018-10-06,2018-10-06
-1407368,772991,1,1,1,0,2018-10-06,2018-10-06
-1407367,773796,1,1,1,0,2018-04-30,2018-04-30
-1407366,773213,1,1,1,1,2019-06-27,2019-06-27
-1407366,773816,1,1,1,1,2018-03-11,2018-03-11
-1407366,773819,1,1,1,1,2018-03-11,2018-03-11
-1407365,773427,1,1,1,1,2018-02-18,2018-02-18
-1407365,773532,1,1,1,0,2016-07-01,2016-07-01
-1407365,773810,1,1,1,1,2018-03-10,2018-03-10
-1407365,773811,1,1,1,0,2018-05-19,2018-05-19
-1407364,772344,1,1,1,1,2019-03-11,2019-03-11
-1407363,770680,1,1,1,0,2016-06-23,2016-06-23
-1407363,773057,1,1,1,1,2018-04-28,2018-04-28
-1407363,773457,1,1,1,1,2018-02-11,2018-02-11
-1407363,773563,1,1,1,0,2017-06-08,2017-06-08
-1407363,773817,1,1,1,0,2018-04-08,2018-04-08
-1407363,773818,2,2,1,1,2018-04-08,2018-03-25
-1407362,772876,1,1,1,0,2018-04-21,2018-04-21
-1407362,773024,1,1,1,0,2016-05-22,2016-05-22
-1407362,773815,1,1,1,0,2018-03-11,2018-03-11
-1407362,773817,2,2,1,1,2018-05-30,2018-04-19
-1407362,773818,1,1,1,0,2018-03-11,2018-03-11
-1407361,772311,1,1,1,0,2018-08-18,2018-08-18
-1407361,773818,2,2,1,0,2018-04-08,2018-03-25
-1407361,773820,1,1,1,1,2018-03-11,2018-03-11
-1407360,773532,1,1,1,0,2016-07-01,2016-07-01
-1407360,773816,1,1,1,1,2018-03-19,2018-03-19
-1407360,773818,1,1,1,1,2018-03-10,2018-03-10
-1407359,772307,1,1,1,0,2018-08-05,2018-08-05
-1407359,773018,1,1,1,1,2016-05-22,2016-05-22
-1407358,772310,1,1,1,0,2018-10-09,2018-10-09
-1407358,773021,1,1,1,0,2018-04-28,2018-04-28
-1407358,773789,1,1,1,0,2018-03-10,2018-03-10
-1407358,773816,1,1,1,0,2018-05-28,2018-05-28
-1407357,773017,1,1,1,1,2019-04-15,2019-04-15
-1407357,773023,1,1,1,0,2018-04-28,2018-04-28
-1407357,773796,1,1,1,0,2019-05-04,2019-05-04
-1407356,772306,2,2,1,0,2018-08-18,2018-08-18
-1407356,772308,1,1,1,0,2018-08-18,2018-08-18
-1407356,773022,1,1,1,0,2016-05-22,2016-05-22
-1407355,773793,1,1,1,0,2018-10-21,2018-10-21
-1407354,772308,1,1,1,0,2018-08-18,2018-08-18
-1407354,773017,1,1,1,0,2019-05-13,2019-05-13
-1407354,773746,1,1,1,1,2018-04-13,2018-04-13
-1407354,773768,1,1,1,0,2019-05-03,2019-05-03
-1407353,772306,1,1,1,0,2018-08-18,2018-08-18
-1407353,772318,1,1,1,1,2019-04-08,2019-04-08
-1407353,772319,1,1,1,1,2019-06-14,2019-06-14
-1407353,773765,1,1,1,0,2018-05-08,2018-05-08
-1407353,773782,1,1,1,0,2016-05-12,2016-05-12
-1407353,773816,1,1,1,1,2018-03-10,2018-03-10
-1407353,773870,1,1,1,1,2016-05-18,2016-05-18
-1407352,772307,1,1,1,0,2018-08-18,2018-08-18
-1407352,772331,1,1,1,0,2019-03-26,2019-03-26
-1407352,773219,1,1,1,0,2017-08-09,2017-08-09
-1407352,773578,1,1,1,0,2017-06-08,2017-06-08
-1407351,772306,1,1,1,0,2018-08-18,2018-08-18
-1407351,772319,1,1,1,0,2018-07-28,2018-07-28
-1407351,772585,1,1,1,0,2016-08-09,2016-08-09
-1407349,772306,2,2,2,0,2018-08-18,2018-01-24
-1407349,772320,1,1,1,1,2019-04-08,2019-04-08
-1407349,773745,1,1,1,0,2018-04-06,2018-04-06
-1407349,773790,1,1,1,0,2017-09-21,2017-09-21
-1407348,772316,1,1,1,1,2018-05-20,2018-05-20
-1407348,773507,1,1,1,0,2019-06-10,2019-06-10
-1407347,772307,1,1,1,0,2018-08-18,2018-08-18
-1407347,772342,1,1,1,1,2019-03-11,2019-03-11
-1407347,773506,1,1,1,0,2019-06-10,2019-06-10
-1407347,773792,1,1,1,0,2018-10-21,2018-10-21
-1407346,770183,1,1,1,1,2018-10-21,2018-10-21
-1407346,772306,2,2,1,0,2018-08-18,2018-08-18
-1407345,772308,1,1,1,0,2018-08-05,2018-08-05
-1407345,772576,1,1,1,0,2017-03-22,2017-03-22
-1407345,772577,1,1,1,0,2017-03-22,2017-03-22
-1407345,772904,1,1,1,0,2019-03-23,2019-03-23
-1407345,773157,1,1,1,1,2019-04-07,2019-04-07
-1407345,773837,1,1,1,0,2018-09-12,2018-09-12
-1407344,772308,2,2,2,0,2018-08-05,2018-07-20
-1407344,772373,1,1,1,1,2019-03-11,2019-03-11
-1407344,772389,1,1,1,1,2019-03-11,2019-03-11
-1407344,773165,1,1,1,1,2019-06-03,2019-06-03
-1407343,772305,1,1,1,0,2018-04-26,2018-04-26
-1407343,772366,1,1,1,1,2019-03-11,2019-03-11
-1407343,772367,1,1,1,1,2019-03-11,2019-03-11
-1407343,772372,1,1,1,1,2019-03-11,2019-03-11
-1407343,772389,1,1,1,1,2019-03-11,2019-03-11
-1407343,773219,1,1,1,0,2017-08-16,2017-08-16
-1407343,773249,1,1,1,0,2017-08-09,2017-08-09
-1407342,772375,1,1,1,1,2019-03-11,2019-03-11
-1407341,770981,1,1,1,1,2016-04-01,2016-04-01
-1407341,772304,1,1,1,0,2018-03-29,2018-03-29
-1407341,772311,1,1,1,0,2018-05-20,2018-05-20
-1407341,772567,1,1,1,0,2019-06-24,2019-06-24
-1407341,772797,1,1,1,0,2018-08-28,2018-08-28
-1407340,772304,1,1,1,0,2017-09-07,2017-09-07
-1407340,772305,1,1,1,0,2019-05-11,2019-05-11
-1407340,772311,1,1,1,0,2017-09-07,2017-09-07
-1407340,772388,1,1,1,1,2019-03-11,2019-03-11
-1407340,773162,1,1,1,1,2019-05-07,2019-05-07
-1407340,773195,1,1,1,0,2018-09-12,2018-09-12
-1407340,773788,1,1,1,0,2016-05-12,2016-05-12
-1407339,772284,1,1,1,0,2017-09-07,2017-09-07
-1407339,772326,1,1,1,0,2018-07-18,2018-07-18
-1407338,772285,1,1,1,0,2019-05-09,2019-05-09
-1407338,772307,1,1,1,0,2018-08-18,2018-08-18
-1407338,773193,1,1,1,0,2018-09-12,2018-09-12
-1407337,772304,1,1,1,0,2018-08-18,2018-08-18
-1407337,772307,1,1,1,0,2018-08-18,2018-08-18
-1407337,773149,1,1,1,1,2018-09-14,2018-09-14
-1407337,773219,1,1,1,0,2017-08-09,2017-08-09
-1407336,772304,1,1,1,0,2017-07-02,2017-07-02
-1407336,772770,1,1,1,0,2019-03-13,2019-03-13
-1407335,771146,1,1,1,1,2019-06-20,2019-06-20
-1407335,772304,3,3,2,0,2018-08-18,2018-08-18
-1407335,773776,1,1,1,0,2018-03-11,2018-03-11
-1407334,773391,1,1,1,0,2017-05-18,2017-05-18
-1407334,773785,1,1,1,0,2018-09-16,2018-09-16
-1407334,773804,1,1,1,1,2018-03-10,2018-03-10
-1407334,773816,1,1,1,0,2018-03-10,2018-03-10
-1407333,773803,1,1,1,0,2018-03-10,2018-03-10
-1407332,772451,1,1,1,0,2017-11-19,2017-11-19
-1407332,772453,2,2,1,0,2017-11-19,2017-11-19
-1407332,772773,1,1,1,0,2019-03-13,2019-03-13
-1407332,773154,1,1,1,0,2017-04-23,2017-04-23
-1407332,773767,1,1,1,0,2018-03-11,2018-03-11
-1407331,772282,1,1,1,1,2019-05-09,2019-05-09
-1407331,772453,2,2,1,0,2017-11-19,2017-11-19
-1407331,773019,1,1,1,1,2019-05-13,2019-05-13
-1407331,773801,1,1,1,1,2018-03-10,2018-03-10
-1407330,772387,1,1,1,0,2019-03-04,2019-03-04
-1407330,772449,1,1,1,0,2017-11-19,2017-11-19
-1407330,772898,1,1,1,0,2018-07-04,2018-07-04
-1407330,773040,1,1,1,1,2018-04-22,2018-04-22
-1407330,773803,1,1,1,1,2018-03-10,2018-03-10
-1407329,773040,1,1,1,1,2018-04-22,2018-04-22
-1407329,773133,1,1,1,0,2019-05-04,2019-05-04
-1407328,772448,1,1,1,0,2017-11-19,2017-11-19
-1407328,772451,1,1,1,0,2017-11-19,2017-11-19
-1407328,772611,1,1,1,0,2017-05-18,2017-05-18
-1407328,773614,1,1,1,0,2017-06-08,2017-06-08
-1407328,773795,1,1,1,0,2018-05-05,2018-05-05
-1407327,772303,1,1,1,0,2018-08-18,2018-08-18
-1407327,772448,1,1,1,0,2017-11-19,2017-11-19
-1407327,772449,1,1,1,0,2017-11-19,2017-11-19
-1407327,772450,1,1,1,0,2017-11-19,2017-11-19
-1407327,773794,1,1,1,0,2018-03-11,2018-03-11
-1407327,773803,1,1,1,1,2018-03-10,2018-03-10
-1407326,772131,1,1,1,0,2017-08-12,2017-08-12
-1407326,772447,2,1,1,0,2017-11-19,2017-11-19
-1407326,772449,2,2,1,0,2017-11-19,2017-11-19
-1407326,772450,1,1,1,0,2017-11-19,2017-11-19
-1407326,772453,1,1,1,0,2017-11-19,2017-11-19
-1407326,772528,1,1,1,0,2018-09-08,2018-09-08
-1407326,773143,1,1,1,0,2017-05-07,2017-05-07
-1407326,773145,1,1,1,0,2018-01-25,2018-01-25
-1407325,772302,1,1,1,0,2018-08-18,2018-08-18
-1407325,772437,1,1,1,0,2017-11-19,2017-11-19
-1407325,772438,1,1,1,0,2017-11-19,2017-11-19
-1407325,772448,1,1,1,0,2017-11-19,2017-11-19
-1407325,772449,1,1,1,0,2017-11-19,2017-11-19
-1407325,772450,1,1,1,0,2017-11-19,2017-11-19
-1407325,772913,1,1,1,0,2019-03-10,2019-03-10
-1407325,773794,1,1,1,0,2018-03-10,2018-03-10
-1407324,772305,1,1,1,0,2018-05-03,2018-05-03
-1407324,773372,1,1,1,1,2018-03-11,2018-03-11
-1407323,772301,2,2,1,0,2018-08-18,2018-08-18
-1407323,772389,1,1,1,1,2019-03-11,2019-03-11
-1407323,772452,1,1,1,0,2017-11-19,2017-11-19
-1407322,772281,1,1,1,0,2017-09-07,2017-09-07
-1407322,772296,1,1,1,0,2017-07-02,2017-07-02
-1407322,772452,1,1,1,0,2017-11-19,2017-11-19
-1407322,772573,1,1,1,0,2016-05-19,2016-05-19
-1407322,772610,1,1,1,0,2018-05-28,2018-05-28
-1407322,772912,1,1,1,0,2019-03-10,2019-03-10
-1407322,772913,1,1,1,0,2019-03-10,2019-03-10
-1407322,773225,1,1,1,0,2016-03-22,2016-03-22
-1407322,773784,1,1,1,0,2018-03-13,2018-03-13
-1407322,773790,1,1,1,0,2018-03-11,2018-03-11
-1407321,772302,2,2,1,0,2018-08-18,2018-08-18
-1407321,772303,1,1,1,0,2018-08-18,2018-08-18
-1407321,773144,1,1,1,0,2016-12-30,2016-12-30
-1407321,773768,1,1,1,1,2018-03-11,2018-03-11
-1407320,772281,1,1,1,0,2018-06-02,2018-06-02
-1407320,772313,1,1,1,0,2017-08-27,2017-08-27
-1407320,773628,1,1,1,0,2017-06-08,2017-06-08
-1407320,773816,1,1,1,0,2018-03-10,2018-03-10
-1407319,772161,1,1,1,0,2017-07-19,2017-07-19
-1407319,772446,1,1,1,0,2017-11-19,2017-11-19
-1407318,772180,1,1,1,0,2018-05-09,2018-05-09
-1407318,773018,1,1,1,0,2019-05-13,2019-05-13
-1407318,773809,1,1,1,0,2018-03-11,2018-03-11
-1407317,772168,1,1,1,0,2017-07-19,2017-07-19
-1407317,772173,1,1,1,0,2016-05-21,2016-05-21
-1407317,772189,1,1,1,0,2016-11-12,2016-11-12
-1407317,772620,1,1,1,0,2016-05-12,2016-05-12
-1407317,773632,1,1,1,0,2017-06-08,2017-06-08
-1407317,773646,1,1,1,1,2018-05-01,2018-05-01
-1407317,773796,1,1,1,0,2018-03-11,2018-03-11
-1407317,773802,1,1,1,0,2018-03-11,2018-03-11
-1407317,773803,2,2,1,2,2018-03-11,2018-03-11
-1407317,773808,1,1,1,0,2018-03-11,2018-03-11
-1407316,772174,1,1,1,0,2019-04-18,2019-04-18
-1407316,772179,1,1,1,0,2017-10-27,2017-10-27
-1407316,772186,1,1,1,0,2017-11-29,2017-11-29
-1407316,772820,1,1,1,0,2019-05-11,2019-05-11
-1407316,773143,1,1,1,0,2016-04-10,2016-04-10
-1407316,773791,1,1,1,0,2018-03-11,2018-03-11
-1407316,773795,1,1,1,1,2018-05-12,2018-05-12
-1407316,773837,1,1,1,0,2018-03-10,2018-03-10
-1407315,772174,1,1,1,0,2017-04-05,2017-04-05
-1407315,772177,1,1,1,0,2016-05-21,2016-05-21
-1407315,772276,1,1,1,0,2017-09-07,2017-09-07
-1407314,772101,1,1,1,0,2017-07-12,2017-07-12
-1407314,772166,1,1,1,0,2016-05-18,2016-05-18
-1407314,772171,1,1,1,0,2017-04-05,2017-04-05
-1407314,772174,1,1,1,0,2016-05-21,2016-05-21
-1407314,772179,1,1,1,0,2017-07-19,2017-07-19
-1407314,772614,1,1,1,0,2019-07-22,2019-07-22
-1407314,772822,1,1,1,0,2019-05-11,2019-05-11
-1407314,773831,1,1,1,1,2018-03-10,2018-03-10
-1407313,772102,1,1,1,0,2016-05-21,2016-05-21
-1407313,772161,1,1,1,0,2017-12-02,2017-12-02
-1407313,772166,2,2,1,0,2019-04-14,2019-04-14
-1407313,772179,1,1,1,0,2017-12-02,2017-12-02
-1407313,772180,1,1,1,0,2016-05-18,2016-05-18
-1407313,772302,1,1,1,0,2018-08-18,2018-08-18
-1407313,772822,1,1,1,0,2019-05-11,2019-05-11
-1407313,772824,1,1,1,0,2019-05-11,2019-05-11
-1407313,773855,1,1,1,0,2018-03-10,2018-03-10
-1407313,773861,1,1,1,1,2018-03-10,2018-03-10
-1407312,772109,1,1,1,0,2017-06-02,2017-06-02
-1407312,772156,1,1,1,0,2016-05-18,2016-05-18
-1407312,772172,1,1,1,0,2016-05-20,2016-05-20
-1407312,772189,2,2,2,0,2016-05-20,2016-05-19
-1407312,772190,1,1,1,0,2019-04-14,2019-04-14
-1407312,772196,1,1,1,0,2019-04-14,2019-04-14
-1407312,772408,1,1,1,1,2019-03-11,2019-03-11
-1407312,772820,1,1,1,0,2019-05-11,2019-05-11
-1407312,772992,1,1,1,1,2019-03-10,2019-03-10
-1407312,773347,1,1,1,1,2018-03-11,2018-03-11
-1407312,773862,1,1,1,0,2018-03-10,2018-03-10
-1407311,772104,1,1,1,0,2017-06-02,2017-06-02
-1407311,772157,1,1,1,0,2016-05-20,2016-05-20
-1407311,772186,1,1,1,0,2019-04-14,2019-04-14
-1407311,772302,1,1,1,0,2018-08-18,2018-08-18
-1407310,772139,1,1,1,0,2016-12-25,2016-12-25
-1407310,772155,1,1,1,0,2016-05-20,2016-05-20
-1407310,772161,1,1,1,0,2018-04-30,2018-04-30
-1407310,772163,1,1,1,0,2016-05-20,2016-05-20
-1407310,772180,1,1,1,0,2018-05-12,2018-05-12
-1407310,772190,1,1,1,0,2018-04-21,2018-04-21
-1407310,772302,1,1,1,0,2018-08-18,2018-08-18
-1407310,772476,1,1,1,0,2019-07-26,2019-07-26
-1407310,772506,1,1,1,0,2019-04-18,2019-04-18
-1407310,772644,1,1,1,0,2018-05-08,2018-05-08
-1407309,772108,1,1,1,0,2018-04-28,2018-04-28
-1407309,772148,1,1,1,0,2018-05-12,2018-05-12
-1407309,772152,1,1,1,0,2016-05-18,2016-05-18
-1407309,772155,1,1,1,0,2016-05-20,2016-05-20
-1407309,772159,1,1,1,0,2016-05-20,2016-05-20
-1407309,772166,1,1,1,0,2017-10-27,2017-10-27
-1407309,772179,1,1,1,0,2016-05-18,2016-05-18
-1407309,772305,1,1,1,1,2018-08-05,2018-08-05
-1407309,772363,1,1,1,1,2019-03-10,2019-03-10
-1407309,772512,1,1,1,1,2018-10-20,2018-10-20
-1407308,772307,1,1,1,1,2017-08-27,2017-08-27
-1407308,772500,1,1,1,1,2019-03-30,2019-03-30
-1407308,772615,1,1,1,0,2019-07-22,2019-07-22
-1407307,772272,1,1,1,0,2016-09-22,2016-09-22
-1407307,772306,1,1,1,1,2017-08-27,2017-08-27
-1407307,772386,1,1,1,1,2019-04-06,2019-04-06
-1407306,772111,1,1,1,0,2017-04-23,2017-04-23
-1407306,772161,1,1,1,0,2018-04-30,2018-04-30
-1407306,772181,1,1,1,0,2017-12-02,2017-12-02
-1407306,772182,1,1,1,0,2017-12-02,2017-12-02
-1407306,772326,1,1,1,0,2019-05-30,2019-05-30
-1407306,772502,1,1,1,0,2018-05-11,2018-05-11
-1407306,772550,1,1,1,1,2018-09-27,2018-09-27
-1407306,772606,1,1,1,0,2019-05-21,2019-05-21
-1407306,773746,1,1,1,0,2018-04-28,2018-04-28
-1407305,772108,1,1,1,0,2017-07-19,2017-07-19
-1407305,772137,1,1,1,0,2018-04-30,2018-04-30
-1407305,772148,2,2,2,1,2016-12-25,2016-09-06
-1407305,772180,1,1,1,0,2017-12-02,2017-12-02
-1407305,772272,1,1,1,0,2016-09-22,2016-09-22
-1407305,772304,1,1,1,0,2018-08-18,2018-08-18
-1407305,772524,1,1,1,0,2018-09-12,2018-09-12
-1407305,772606,1,1,1,0,2019-06-11,2019-06-11
-1407304,770259,1,1,1,0,2017-04-14,2017-04-14
-1407304,772118,1,1,1,0,2019-04-22,2019-04-22
-1407304,772146,1,1,1,0,2017-04-05,2017-04-05
-1407304,772181,1,1,1,0,2016-05-21,2016-05-21
-1407304,772182,1,1,1,0,2018-06-16,2018-06-16
-1407304,772193,1,1,1,0,2019-04-14,2019-04-14
-1407304,772194,1,1,1,0,2019-04-14,2019-04-14
-1407304,772277,1,1,1,1,2019-02-07,2019-02-07
-1407304,772364,1,1,1,1,2019-03-10,2019-03-10
-1407304,772596,1,1,1,0,2019-04-28,2019-04-28
-1407304,772599,1,1,1,0,2018-05-28,2018-05-28
-1407304,772603,1,1,1,0,2019-05-16,2019-05-16
-1407304,773347,1,1,1,0,2016-05-20,2016-05-20
-1407304,773614,1,1,1,1,2018-05-01,2018-05-01
-1407304,773747,1,1,1,0,2019-07-20,2019-07-20
-1407303,772138,1,1,1,0,2017-08-01,2017-08-01
-1407303,772149,2,1,2,0,2017-12-02,2017-12-02
-1407303,772592,1,1,1,0,2019-04-28,2019-04-28
-1407303,772601,1,1,1,0,2019-05-16,2019-05-16
-1407303,772604,1,1,1,0,2019-05-21,2019-05-21
-1407303,772609,1,1,1,0,2019-05-16,2019-05-16
-1407302,770429,1,1,1,1,2017-07-28,2017-07-28
-1407302,772139,1,1,1,0,2016-05-20,2016-05-20
-1407302,772195,1,1,1,0,2016-05-21,2016-05-21
-1407302,772272,1,1,1,0,2017-09-07,2017-09-07
-1407302,772596,2,2,2,0,2019-04-28,2018-05-09
-1407302,773654,1,1,1,0,2017-06-08,2017-06-08
-1407301,772140,1,1,1,0,2016-05-20,2016-05-20
-1407301,772141,1,1,1,0,2019-07-08,2019-07-08
-1407301,772145,1,1,1,0,2019-04-14,2019-04-14
-1407301,772194,1,1,1,0,2019-04-14,2019-04-14
-1407301,772596,1,1,1,0,2016-09-12,2016-09-12
-1407300,772116,1,1,1,0,2017-04-23,2017-04-23
-1407300,772121,1,1,1,0,2019-04-27,2019-04-27
-1407300,772136,1,1,1,0,2017-04-05,2017-04-05
-1407300,772138,1,1,1,0,2016-05-20,2016-05-20
-1407300,772182,1,1,1,0,2019-06-07,2019-06-07
-1407300,772195,1,1,1,0,2017-04-05,2017-04-05
-1407300,772600,1,1,1,0,2018-06-27,2018-06-27
-1407300,774303,1,1,1,0,2016-06-30,2016-06-30
-1407299,772120,1,1,1,0,2019-04-27,2019-04-27
-1407299,772121,3,3,1,0,2019-04-27,2019-04-27
-1407299,772126,1,1,1,0,2019-04-27,2019-04-27
-1407299,772182,1,1,1,0,2019-06-07,2019-06-07
-1407299,772187,1,1,1,0,2016-05-20,2016-05-20
-1407299,773135,1,1,1,0,2016-04-10,2016-04-10
-1407298,772117,1,1,1,0,2017-07-12,2017-07-12
-1407298,772120,1,1,1,0,2019-04-27,2019-04-27
-1407298,772121,1,1,1,0,2019-04-27,2019-04-27
-1407298,772136,1,1,1,0,2018-04-04,2018-04-04
-1407298,772137,1,1,1,0,2018-05-07,2018-05-07
-1407298,772197,2,2,1,0,2016-05-21,2016-05-21
-1407298,772572,1,1,1,1,2019-07-02,2019-07-02
-1407298,772574,1,1,1,0,2019-07-02,2019-07-02
-1407298,772575,1,1,1,1,2017-11-07,2017-11-07
-1407298,772596,1,1,1,0,2019-04-28,2019-04-28
-1407298,772612,1,1,1,0,2019-07-22,2019-07-22
-1407298,772629,1,1,1,0,2016-04-11,2016-04-11
-1407297,772121,2,2,1,0,2019-04-27,2019-04-27
-1407297,772125,1,1,1,0,2019-04-27,2019-04-27
-1407297,772131,1,1,1,0,2019-04-17,2019-04-17
-1407297,772132,1,1,1,0,2016-05-18,2016-05-18
-1407297,772135,1,1,1,0,2018-05-07,2018-05-07
-1407297,772153,1,1,1,0,2018-06-16,2018-06-16
-1407297,772182,1,1,1,0,2016-05-18,2016-05-18
-1407297,772194,1,1,1,0,2019-04-14,2019-04-14
-1407297,772289,1,1,1,0,2018-08-13,2018-08-13
-1407297,772303,1,1,1,0,2018-05-03,2018-05-03
-1407297,772608,1,1,1,0,2018-12-08,2018-12-08
-1407296,772119,1,1,1,0,2019-07-09,2019-07-09
-1407296,772120,1,1,1,0,2019-04-27,2019-04-27
-1407296,772121,2,2,1,0,2019-04-27,2019-04-27
-1407296,772125,2,2,2,0,2019-04-27,2018-10-28
-1407296,772130,1,1,1,0,2018-04-30,2018-04-30
-1407296,772133,2,2,2,0,2019-07-08,2018-12-09
-1407296,772135,1,1,1,0,2016-05-18,2016-05-18
-1407296,772305,1,1,1,0,2017-08-25,2017-08-25
-1407296,772501,1,1,1,1,2019-03-17,2019-03-17
-1407295,772117,1,1,1,0,2016-05-20,2016-05-20
-1407295,772118,2,2,2,0,2019-04-22,2018-04-13
-1407295,772119,2,2,2,0,2019-04-27,2018-12-06
-1407295,772122,4,3,1,0,2019-05-17,2019-05-17
-1407295,772126,1,1,1,0,2019-04-14,2019-04-14
-1407294,772119,1,1,1,0,2018-07-18,2018-07-18
-1407294,772123,1,1,1,0,2019-04-27,2019-04-27
-1407294,772128,1,1,1,0,2018-04-04,2018-04-04
-1407294,772129,1,1,1,0,2018-04-30,2018-04-30
-1407294,772154,1,1,1,0,2018-06-16,2018-06-16
-1407294,772184,1,1,1,0,2016-05-20,2016-05-20
-1407294,772269,1,1,1,1,2019-07-24,2019-07-24
-1407293,772120,3,2,3,0,2019-04-27,2019-04-23
-1407293,772121,1,1,1,0,2017-04-05,2017-04-05
-1407293,772124,1,1,1,0,2018-04-28,2018-04-28
-1407293,772126,1,1,1,0,2018-05-12,2018-05-12
-1407293,772128,1,1,1,0,2016-05-20,2016-05-20
-1407293,772184,1,1,1,0,2019-07-08,2019-07-08
-1407293,772185,2,2,1,0,2016-05-20,2016-05-20
-1407293,772271,1,1,1,1,2019-07-24,2019-07-24
-1407293,772336,1,1,1,1,2019-05-04,2019-05-04
-1407293,773135,1,1,1,0,2016-09-05,2016-09-05
-1407292,772119,2,2,1,0,2019-04-27,2019-04-27
-1407292,772122,1,1,1,0,2017-04-05,2017-04-05
-1407292,772123,2,2,2,0,2019-07-11,2018-05-23
-1407292,772124,9,9,1,0,2019-04-27,2019-04-27
-1407292,772125,2,2,2,0,2019-07-08,2018-12-03
-1407292,772185,1,1,1,0,2016-05-21,2016-05-21
-1407292,772196,1,1,1,0,2019-04-28,2019-04-28
-1407292,772437,1,1,1,1,2016-06-05,2016-06-05
-1407292,772586,1,1,1,0,2016-05-20,2016-05-20
-1407292,772994,1,1,1,0,2017-10-01,2017-10-01
-1407292,773142,1,1,1,0,2017-03-12,2017-03-12
-1407292,773669,1,1,1,0,2017-06-08,2017-06-08
-1407291,772116,1,1,1,0,2019-06-07,2019-06-07
-1407291,772119,1,1,1,0,2019-04-27,2019-04-27
-1407291,772122,2,2,2,0,2018-09-13,2018-01-27
-1407291,772123,1,1,1,0,2018-06-28,2018-06-28
-1407291,772124,1,1,1,0,2019-04-27,2019-04-27
-1407291,772125,4,4,2,0,2019-04-22,2019-04-22
-1407291,772200,1,1,1,0,2016-05-18,2016-05-18
-1407291,772271,1,1,1,1,2019-07-24,2019-07-24
-1407291,772380,1,1,1,1,2019-05-10,2019-05-10
-1407291,772591,2,2,1,0,2016-09-08,2016-09-08
-1407291,773130,1,1,1,0,2016-04-25,2016-04-25
-1407290,772121,1,1,1,0,2016-05-20,2016-05-20
-1407290,772122,3,3,3,0,2019-04-27,2016-05-20
-1407290,772123,2,2,2,0,2019-04-22,2018-10-12
-1407290,772124,1,1,1,0,2016-05-20,2016-05-20
-1407290,772125,5,5,3,0,2019-05-17,2019-04-22
-1407290,772126,1,1,1,0,2016-04-23,2016-04-23
-1407290,772183,2,2,2,0,2018-05-25,2017-05-21
-1407290,772196,2,2,1,0,2016-05-21,2016-05-21
-1407290,772265,1,1,1,1,2018-03-20,2018-03-20
-1407290,772268,1,1,1,1,2019-07-24,2019-07-24
-1407290,772269,1,1,1,1,2018-07-04,2018-07-04
-1407290,772274,1,1,1,1,2019-07-24,2019-07-24
-1407290,772304,1,1,1,0,2017-07-02,2017-07-02
-1407290,772559,1,1,1,0,2017-08-03,2017-08-03
-1407290,772993,1,1,1,0,2019-05-16,2019-05-16
-1407290,774208,1,1,1,0,2018-09-13,2018-09-13
-1407289,772119,2,2,2,0,2019-04-27,2019-04-27
-1407289,772121,1,1,1,0,2016-05-20,2016-05-20
-1407289,772122,1,1,1,0,2019-04-22,2019-04-22
-1407289,772124,1,1,1,0,2019-05-17,2019-05-17
-1407289,772125,1,1,1,0,2019-03-10,2019-03-10
-1407289,772180,1,1,1,0,2019-07-08,2019-07-08
-1407289,772183,1,1,1,0,2016-05-18,2016-05-18
-1407289,772194,1,1,1,0,2016-05-21,2016-05-21
-1407289,772195,1,1,1,0,2016-05-21,2016-05-21
-1407289,772267,1,1,1,1,2017-07-09,2017-07-09
-1407289,772595,1,1,1,0,2016-05-20,2016-05-20
-1407289,773056,1,1,1,1,2018-04-28,2018-04-28
-1407289,773674,1,1,1,0,2017-06-08,2017-06-08
-1407288,772120,1,1,1,0,2019-07-09,2019-07-09
-1407288,772122,2,2,2,0,2019-04-14,2018-10-20
-1407288,772123,1,1,1,0,2019-04-18,2019-04-18
-1407288,772125,1,1,1,0,2017-04-05,2017-04-05
-1407288,772179,1,1,1,0,2017-11-22,2017-11-22
-1407288,772180,1,1,1,0,2017-11-22,2017-11-22
-1407288,772268,1,1,1,0,2019-06-21,2019-06-21
-1407288,773135,1,1,1,0,2016-12-04,2016-12-04
-1407288,773636,1,1,1,0,2017-06-14,2017-06-14
-1407287,772117,1,1,1,0,2017-04-23,2017-04-23
-1407287,772120,2,2,2,0,2019-04-22,2017-11-04
-1407287,772152,2,2,1,0,2016-05-21,2016-05-21
-1407287,772153,1,1,1,0,2016-05-21,2016-05-21
-1407287,772154,1,1,1,0,2016-05-21,2016-05-21
-1407287,772155,1,1,1,0,2016-05-21,2016-05-21
-1407287,772177,1,1,1,0,2017-11-22,2017-11-22
-1407287,772178,1,1,1,0,2017-09-10,2017-09-10
-1407287,772188,1,1,1,0,2016-05-18,2016-05-18
-1407287,772265,1,1,1,0,2016-09-22,2016-09-22
-1407287,772266,1,1,1,1,2019-07-24,2019-07-24
-1407287,772527,1,1,1,0,2017-02-25,2017-02-25
-1407287,772553,1,1,1,0,2019-07-02,2019-07-02
-1407287,772588,1,1,1,0,2016-05-20,2016-05-20
-1407287,772591,1,1,1,0,2016-05-20,2016-05-20
-1407287,772592,1,1,1,0,2016-05-20,2016-05-20
-1407287,772594,1,1,1,0,2016-05-11,2016-05-11
-1407287,772596,1,1,1,0,2016-05-20,2016-05-20
-1407287,773124,1,1,1,0,2016-04-25,2016-04-25
-1407286,772114,1,1,1,0,2018-06-28,2018-06-28
-1407286,772115,1,1,1,0,2016-05-20,2016-05-20
-1407286,772118,1,1,1,0,2017-07-12,2017-07-12
-1407286,772124,1,1,1,0,2018-10-08,2018-10-08
-1407286,772141,3,2,2,0,2016-05-21,2016-05-21
-1407286,772142,1,1,1,0,2016-05-21,2016-05-21
-1407286,772151,1,1,1,0,2016-05-21,2016-05-21
-1407286,772154,2,2,2,0,2016-05-21,2016-05-21
-1407286,772177,1,1,1,0,2017-11-22,2017-11-22
-1407286,772196,1,1,1,0,2016-05-20,2016-05-20
-1407286,772554,1,1,1,0,2019-07-02,2019-07-02
-1407286,772631,1,1,1,0,2016-04-11,2016-04-11
-1407286,773135,1,1,1,0,2016-04-10,2016-04-10
-1407285,772115,4,4,3,0,2019-04-27,2016-12-18
-1407285,772116,1,1,1,0,2016-05-20,2016-05-20
-1407285,772137,1,1,1,0,2016-05-21,2016-05-21
-1407285,772142,3,1,2,1,2016-05-21,2016-05-21
-1407285,772143,1,1,1,0,2016-05-21,2016-05-21
-1407285,772150,2,2,1,0,2016-05-21,2016-05-21
-1407285,772154,1,1,1,0,2016-05-21,2016-05-21
-1407285,772186,1,1,1,0,2019-06-07,2019-06-07
-1407285,772187,1,1,1,0,2019-05-19,2019-05-19
-1407285,772592,2,1,1,0,2016-05-20,2016-05-20
-1407285,772598,1,1,1,0,2016-05-20,2016-05-20
-1407285,772638,1,1,1,0,2016-04-11,2016-04-11
-1407284,772102,1,1,1,0,2019-04-23,2019-04-23
-1407284,772108,1,1,1,0,2019-07-11,2019-07-11
-1407284,772113,1,1,1,0,2017-07-19,2017-07-19
-1407284,772117,3,3,2,0,2019-04-27,2016-05-20
-1407284,772119,1,1,1,0,2018-04-28,2018-04-28
-1407284,772137,2,1,2,0,2016-05-21,2016-05-21
-1407284,772166,1,1,1,0,2018-09-16,2018-09-16
-1407284,772188,1,1,1,0,2016-05-21,2016-05-21
-1407284,772262,1,1,1,1,2019-03-17,2019-03-17
-1407284,772582,1,1,1,0,2018-06-27,2018-06-27
-1407284,772595,1,1,1,0,2016-05-20,2016-05-20
-1407283,772110,3,3,3,0,2019-04-27,2018-06-04
-1407283,772119,1,1,1,0,2016-05-20,2016-05-20
-1407283,772137,2,2,1,0,2016-05-21,2016-05-21
-1407283,772142,2,2,1,0,2016-05-21,2016-05-21
-1407283,772145,1,1,1,0,2016-05-21,2016-05-21
-1407283,772147,1,1,1,0,2016-05-21,2016-05-21
-1407283,772168,1,1,1,0,2016-05-21,2016-05-21
-1407283,772588,1,1,1,0,2016-05-20,2016-05-20
-1407283,772596,1,1,1,0,2016-05-20,2016-05-20
-1407283,772597,1,1,1,0,2016-05-20,2016-05-20
-1407282,772103,1,1,1,0,2019-05-24,2019-05-24
-1407282,772114,1,1,1,0,2016-05-20,2016-05-20
-1407282,772129,1,1,1,0,2016-05-21,2016-05-21
-1407282,772134,1,1,1,0,2016-05-21,2016-05-21
-1407282,772146,1,1,1,0,2016-05-21,2016-05-21
-1407282,772262,1,1,1,1,2017-08-27,2017-08-27
-1407282,773339,1,1,1,0,2018-08-28,2018-08-28
-1407282,773555,1,1,1,1,2018-01-29,2018-01-29
-1407281,772107,1,1,1,0,2017-07-19,2017-07-19
-1407281,772108,1,1,1,0,2016-05-20,2016-05-20
-1407281,772118,1,1,1,0,2019-05-27,2019-05-27
-1407281,772120,1,1,1,0,2018-05-25,2018-05-25
-1407281,772127,1,1,1,0,2016-05-21,2016-05-21
-1407281,772153,1,1,1,0,2016-05-21,2016-05-21
-1407281,772589,1,1,1,0,2016-05-20,2016-05-20
-1407281,773134,1,1,1,0,2016-04-10,2016-04-10
-1407281,773161,1,1,1,0,2017-05-29,2017-05-29
-1407281,773567,1,1,1,0,2018-09-21,2018-09-21
-1407280,772100,8,6,1,0,2019-04-22,2019-04-22
-1407280,772104,1,1,1,0,2017-04-23,2017-04-23
-1407280,772105,1,1,1,0,2017-04-23,2017-04-23
-1407280,772123,1,1,1,0,2016-05-18,2016-05-18
-1407280,772131,3,2,2,0,2016-05-21,2016-05-21
-1407280,772132,1,1,1,0,2016-05-21,2016-05-21
-1407280,772148,1,1,1,0,2016-05-21,2016-05-21
-1407280,772153,1,1,1,0,2016-05-21,2016-05-21
-1407280,772269,1,1,1,1,2019-03-24,2019-03-24
-1407280,772589,1,1,1,0,2016-05-20,2016-05-20
-1407280,772590,1,1,1,0,2016-05-20,2016-05-20
-1407280,774007,1,1,1,0,2017-09-12,2017-09-12
-1407279,770894,1,1,1,1,2016-06-27,2016-06-27
-1407279,772102,2,2,1,0,2017-04-23,2017-04-23
-1407279,772103,1,1,1,0,2019-04-27,2019-04-27
-1407279,772104,1,1,1,0,2019-04-27,2019-04-27
-1407279,772111,1,1,1,0,2016-05-20,2016-05-20
-1407279,772117,1,1,1,0,2017-09-02,2017-09-02
-1407279,772122,1,1,1,0,2016-05-20,2016-05-20
-1407279,772130,2,2,2,0,2016-05-21,2016-05-21
-1407279,772133,1,1,1,0,2016-05-20,2016-05-20
-1407279,772149,1,1,1,0,2018-04-28,2018-04-28
-1407279,772153,1,1,1,0,2016-05-21,2016-05-21
-1407279,772637,1,1,1,0,2016-04-11,2016-04-11
-1407279,772906,1,1,1,0,2018-08-19,2018-08-19
-1407279,773134,1,1,1,0,2016-03-20,2016-03-20
-1407279,773566,1,1,1,0,2018-08-04,2018-08-04
-1407278,772102,1,1,1,0,2017-04-23,2017-04-23
-1407278,772109,2,2,1,0,2016-05-20,2016-05-20
-1407278,772118,1,1,1,0,2017-09-02,2017-09-02
-1407278,772120,1,1,1,0,2016-05-20,2016-05-20
-1407278,772121,1,1,1,0,2016-05-20,2016-05-20
-1407278,772128,3,3,2,0,2016-05-21,2016-05-21
-1407278,772130,2,2,2,0,2016-05-21,2016-05-20
-1407278,773332,1,1,1,1,2017-04-13,2017-04-13
-1407277,772098,1,1,1,0,2016-05-20,2016-05-20
-1407277,772109,1,1,1,0,2016-05-20,2016-05-20
-1407277,772129,1,1,1,0,2016-05-20,2016-05-20
-1407277,772132,1,1,1,0,2016-05-20,2016-05-20
-1407277,772139,1,1,1,0,2016-09-15,2016-09-15
-1407277,772141,1,1,1,0,2019-07-08,2019-07-08
-1407277,772147,1,1,1,0,2016-05-21,2016-05-21
-1407277,772387,1,1,1,1,2019-04-06,2019-04-06
-1407277,772552,1,1,1,0,2019-07-19,2019-07-19
-1407277,772587,1,1,1,0,2016-09-22,2016-09-22
-1407277,772907,1,1,1,0,2018-08-20,2018-08-20
-1407277,772911,1,1,1,0,2018-08-19,2018-08-19
-1407277,773148,1,1,1,0,2018-09-07,2018-09-07
-1407276,772097,1,1,1,0,2016-12-25,2016-12-25
-1407276,772126,1,1,1,0,2016-05-18,2016-05-18
-1407276,772130,3,3,1,0,2016-05-20,2016-05-20
-1407276,772132,1,1,1,0,2016-05-20,2016-05-20
-1407276,772133,1,1,1,1,2016-05-20,2016-05-20
-1407276,772135,1,1,1,0,2016-05-20,2016-05-20
-1407276,772151,1,1,1,0,2016-05-21,2016-05-21
-1407276,772387,2,1,1,2,2019-04-06,2019-04-06
-1407276,772398,1,1,1,0,2019-07-04,2019-07-04
-1407276,772578,1,1,1,0,2019-01-12,2019-01-12
-1407276,772591,1,1,1,0,2016-05-20,2016-05-20
-1407276,772600,1,1,1,0,2016-05-20,2016-05-20
-1407276,772631,1,1,1,0,2016-04-11,2016-04-11
-1407276,773566,1,1,1,0,2018-10-24,2018-10-24
-1407275,772094,1,1,1,0,2019-04-27,2019-04-27
-1407275,772095,1,1,1,0,2017-07-31,2017-07-31
-1407275,772131,1,1,1,1,2016-05-20,2016-05-20
-1407275,772133,2,2,2,0,2016-05-20,2016-05-20
-1407275,772303,1,1,1,0,2017-07-02,2017-07-02
-1407275,772585,1,1,1,0,2016-09-01,2016-09-01
-1407275,772590,1,1,1,0,2016-05-20,2016-05-20
-1407274,772086,1,1,1,0,2019-04-23,2019-04-23
-1407274,772092,1,1,1,0,2018-04-28,2018-04-28
-1407274,772095,1,1,1,0,2019-04-27,2019-04-27
-1407274,772116,1,1,1,0,2016-05-20,2016-05-20
-1407274,772129,1,1,1,0,2016-05-20,2016-05-20
-1407274,772131,3,3,2,0,2016-05-20,2016-05-20
-1407274,772132,1,1,1,0,2016-05-20,2016-05-20
-1407274,772133,1,1,1,0,2016-05-20,2016-05-20
-1407274,772135,1,1,1,0,2016-05-20,2016-05-20
-1407274,772138,1,1,1,0,2016-05-20,2016-05-20
-1407274,772189,1,1,1,0,2018-10-13,2018-10-13
-1407274,772592,1,1,1,0,2016-05-20,2016-05-20
-1407273,772090,1,1,1,0,2016-09-11,2016-09-11
-1407273,772093,2,2,1,0,2019-04-22,2019-04-22
-1407273,772128,1,1,1,0,2016-05-20,2016-05-20
-1407273,772131,1,1,1,0,2016-05-20,2016-05-20
-1407273,772134,1,1,1,0,2016-05-21,2016-05-21
-1407273,772135,1,1,1,0,2016-05-20,2016-05-20
-1407273,772140,1,1,1,0,2019-07-08,2019-07-08
-1407273,772597,1,1,1,0,2016-05-20,2016-05-20
-1407273,773266,1,1,1,0,2016-04-02,2016-04-02
-1407273,773826,1,1,1,0,2016-05-20,2016-05-20
-1407272,772087,1,1,1,0,2019-06-07,2019-06-07
-1407272,772090,1,1,1,0,2019-04-27,2019-04-27
-1407272,772092,1,1,1,0,2018-06-28,2018-06-28
-1407272,772121,2,2,1,0,2016-05-20,2016-05-20
-1407272,772122,1,1,1,0,2016-05-21,2016-05-21
-1407272,772125,1,1,1,0,2019-04-27,2019-04-27
-1407272,772129,1,1,1,0,2016-05-20,2016-05-20
-1407272,772133,1,1,1,0,2016-05-20,2016-05-20
-1407272,772134,1,1,1,0,2016-05-20,2016-05-20
-1407272,772136,1,1,1,0,2016-05-18,2016-05-18
-1407272,772144,1,1,1,0,2019-06-16,2019-06-16
-1407272,772146,1,1,1,0,2019-03-10,2019-03-10
-1407272,772390,1,1,1,0,2018-06-02,2018-06-02
-1407272,772595,1,1,1,0,2016-05-20,2016-05-20
-1407272,772633,1,1,1,0,2016-04-11,2016-04-11
-1407272,773547,1,1,1,0,2018-05-01,2018-05-01
-1407271,772091,1,1,1,0,2019-04-27,2019-04-27
-1407271,772119,2,1,1,0,2019-04-27,2019-04-27
-1407271,772128,1,1,1,0,2016-05-20,2016-05-20
-1407271,772130,1,1,1,0,2016-05-20,2016-05-20
-1407271,772131,1,1,1,0,2016-05-20,2016-05-20
-1407271,772133,3,3,2,0,2016-05-20,2016-05-20
-1407271,772134,2,2,2,0,2016-05-20,2016-05-20
-1407271,772135,1,1,1,0,2016-05-20,2016-05-20
-1407271,772138,1,1,1,0,2018-04-28,2018-04-28
-1407271,772141,1,1,1,0,2019-04-27,2019-04-27
-1407271,772195,1,1,1,0,2019-04-14,2019-04-14
-1407271,772533,1,1,1,0,2018-09-12,2018-09-12
-1407271,772594,1,1,1,0,2016-05-20,2016-05-20
-1407271,773260,1,1,1,0,2019-05-06,2019-05-06
-1407270,772093,1,1,1,0,2018-06-28,2018-06-28
-1407270,772120,1,1,1,0,2016-05-21,2016-05-21
-1407270,772129,1,1,1,0,2016-05-20,2016-05-20
-1407270,772133,2,2,1,0,2016-05-20,2016-05-20
-1407270,772134,2,2,2,0,2016-05-20,2016-05-20
-1407270,772139,1,1,1,0,2019-07-08,2019-07-08
-1407270,772142,1,1,1,0,2019-04-27,2019-04-27
-1407270,772148,1,1,1,0,2016-05-18,2016-05-18
-1407270,772197,1,1,1,0,2018-11-03,2018-11-03
-1407270,772200,1,1,1,0,2016-01-10,2016-01-10
-1407269,771967,1,1,1,0,2019-06-14,2019-06-14
-1407269,772088,1,1,1,0,2016-05-20,2016-05-20
-1407269,772090,1,1,1,0,2019-04-27,2019-04-27
-1407269,772129,1,1,1,0,2016-05-20,2016-05-20
-1407269,772135,4,2,3,0,2016-05-20,2016-05-20
-1407269,772137,1,1,1,0,2016-05-20,2016-05-20
-1407269,772199,1,1,1,0,2016-05-20,2016-05-20
-1407269,772306,1,1,1,0,2017-07-02,2017-07-02
-1407269,772562,1,1,1,0,2016-05-20,2016-05-20
-1407269,772575,1,1,1,0,2016-03-16,2016-03-16
-1407269,773749,5,5,1,0,2019-07-10,2019-07-10
-1407268,772086,1,1,1,0,2017-07-19,2017-07-19
-1407268,772130,1,1,1,0,2016-05-20,2016-05-20
-1407268,772133,1,1,1,0,2016-05-20,2016-05-20
-1407268,772146,1,1,1,0,2018-04-28,2018-04-28
-1407268,772150,1,1,1,0,2016-05-18,2016-05-18
-1407268,772189,2,2,2,0,2019-06-16,2017-12-02
-1407268,772190,1,1,1,0,2018-07-08,2018-07-08
-1407268,772229,1,1,1,0,2019-03-16,2019-03-16
-1407268,772587,1,1,1,0,2016-05-20,2016-05-20
-1407268,772864,1,1,1,0,2018-04-23,2018-04-23
-1407268,773323,1,1,1,0,2019-06-06,2019-06-06
-1407267,772083,5,5,1,0,2018-07-18,2018-07-18
-1407267,772086,1,1,1,0,2018-04-28,2018-04-28
-1407267,772131,1,1,1,0,2016-05-20,2016-05-20
-1407267,772136,1,1,1,0,2016-05-20,2016-05-20
-1407267,772150,1,1,1,0,2018-04-28,2018-04-28
-1407267,772151,1,1,1,0,2018-04-28,2018-04-28
-1407267,772196,1,1,1,0,2016-05-20,2016-05-20
-1407267,772198,1,1,1,0,2016-05-20,2016-05-20
-1407267,772582,1,1,1,0,2019-03-25,2019-03-25
-1407267,772590,1,1,1,0,2016-05-20,2016-05-20
-1407267,772795,1,1,1,0,2019-06-10,2019-06-10
-1407266,772085,1,1,1,0,2018-05-06,2018-05-06
-1407266,772086,2,2,2,0,2017-04-23,2017-01-01
-1407266,772115,2,2,2,0,2016-05-21,2016-05-21
-1407266,772131,1,1,1,0,2016-05-20,2016-05-20
-1407266,772135,1,1,1,0,2016-04-24,2016-04-24
-1407266,772149,1,1,1,0,2018-04-28,2018-04-28
-1407266,772151,1,1,1,0,2018-04-28,2018-04-28
-1407266,772188,1,1,1,0,2018-08-03,2018-08-03
-1407266,772194,1,1,1,0,2018-04-28,2018-04-28
-1407266,772199,1,1,1,0,2016-05-20,2016-05-20
-1407266,772255,1,1,1,0,2019-07-13,2019-07-13
-1407266,772303,1,1,1,0,2019-03-26,2019-03-26
-1407266,772470,1,1,1,0,2019-06-21,2019-06-21
-1407266,772548,1,1,1,0,2019-07-11,2019-07-11
-1407266,772588,1,1,1,0,2016-05-20,2016-05-20
-1407266,773132,1,1,1,0,2016-04-10,2016-04-10
-1407266,773216,1,1,1,0,2018-09-18,2018-09-18
-1407266,773315,1,1,1,0,2017-04-13,2017-04-13
-1407265,771252,1,1,1,0,2018-11-03,2018-11-03
-1407265,772083,1,1,1,0,2019-05-24,2019-05-24
-1407265,772084,1,1,1,0,2018-04-28,2018-04-28
-1407265,772112,4,4,1,0,2019-04-22,2019-04-22
-1407265,772114,1,1,1,0,2019-07-08,2019-07-08
-1407265,772117,1,1,1,0,2016-05-21,2016-05-21
-1407265,772137,1,1,1,0,2017-07-02,2017-07-02
-1407265,772140,1,1,1,1,2017-05-23,2017-05-23
-1407265,772192,1,1,1,0,2018-09-30,2018-09-30
-1407265,772196,1,1,1,0,2019-06-06,2019-06-06
-1407265,772304,1,1,1,0,2019-03-26,2019-03-26
-1407265,772471,1,1,1,0,2019-06-21,2019-06-21
-1407265,772473,1,1,1,0,2019-03-26,2019-03-26
-1407265,772591,1,1,1,0,2016-05-20,2016-05-20
-1407265,772594,1,1,1,0,2016-05-20,2016-05-20
-1407265,773316,1,1,1,0,2019-05-02,2019-05-02
-1407264,772085,1,1,1,0,2018-05-06,2018-05-06
-1407264,772112,1,1,1,0,2019-04-14,2019-04-14
-1407264,772137,1,1,1,0,2016-05-20,2016-05-20
-1407264,772179,2,2,1,0,2018-04-28,2018-04-28
-1407264,772180,1,1,1,0,2018-04-28,2018-04-28
-1407264,772182,1,1,1,0,2018-04-28,2018-04-28
-1407264,772183,1,1,1,0,2018-04-28,2018-04-28
-1407264,772189,2,2,2,0,2018-09-16,2017-07-19
-1407264,772192,1,1,1,0,2018-09-16,2018-09-16
-1407264,772304,1,1,1,0,2019-03-26,2019-03-26
-1407264,772539,1,1,1,1,2018-09-28,2018-09-28
-1407264,772583,1,1,1,0,2016-05-20,2016-05-20
-1407264,772590,1,1,1,0,2016-05-20,2016-05-20
-1407264,772591,1,1,1,0,2016-05-20,2016-05-20
-1407264,773237,1,1,1,0,2017-05-13,2017-05-13
-1407264,773265,1,1,1,0,2016-04-02,2016-04-02
-1407264,773710,1,1,1,0,2017-06-08,2017-06-08
-1407263,772083,1,1,1,0,2019-04-22,2019-04-22
-1407263,772115,1,1,1,0,2019-04-14,2019-04-14
-1407263,772134,1,1,1,0,2016-05-20,2016-05-20
-1407263,772183,1,1,1,0,2018-04-28,2018-04-28
-1407263,772184,1,1,1,0,2017-10-09,2017-10-09
-1407263,772190,2,2,1,0,2016-05-21,2016-05-21
-1407263,772196,1,1,1,0,2018-04-28,2018-04-28
-1407263,772473,1,1,1,0,2019-04-28,2019-04-28
-1407263,772551,1,1,1,0,2019-07-21,2019-07-21
-1407263,772575,1,1,1,0,2019-05-27,2019-05-27
-1407263,772584,1,1,1,1,2016-05-20,2016-05-20
-1407263,772590,1,1,1,0,2016-05-20,2016-05-20
-1407263,773296,1,1,1,0,2018-09-28,2018-09-28
-1407263,773562,1,1,1,0,2018-10-24,2018-10-24
-1407262,772113,1,1,1,0,2016-05-21,2016-05-21
-1407262,772115,1,1,1,0,2019-04-14,2019-04-14
-1407262,772182,2,2,1,0,2018-04-28,2018-04-28
-1407262,772183,1,1,1,0,2018-04-28,2018-04-28
-1407262,772194,1,1,1,0,2019-06-16,2019-06-16
-1407262,772195,1,1,1,0,2019-04-14,2019-04-14
-1407262,772305,1,1,1,1,2019-06-13,2019-06-13
-1407262,772577,2,2,1,0,2016-05-20,2016-05-20
-1407262,772622,1,1,1,0,2016-05-20,2016-05-20
-1407262,773118,1,1,1,0,2016-05-19,2016-05-19
-1407261,772081,1,1,1,0,2019-06-11,2019-06-11
-1407261,772082,2,2,2,0,2018-04-28,2017-12-07
-1407261,772197,1,1,1,0,2016-05-21,2016-05-21
-1407261,772198,2,2,2,0,2016-05-20,2016-05-20
-1407261,772201,1,1,1,0,2018-04-28,2018-04-28
-1407261,772301,1,1,1,1,2018-09-30,2018-09-30
-1407261,772474,1,1,1,0,2019-04-05,2019-04-05
-1407261,772575,1,1,1,0,2016-03-19,2016-03-19
-1407261,772596,1,1,1,0,2016-05-20,2016-05-20
-1407261,773481,1,1,1,1,2018-05-01,2018-05-01
-1407260,772081,1,1,1,0,2019-06-11,2019-06-11
-1407260,772140,1,1,1,0,2018-04-28,2018-04-28
-1407260,772180,1,1,1,0,2017-08-12,2017-08-12
-1407260,772191,1,1,1,0,2016-05-21,2016-05-21
-1407260,772199,3,3,3,0,2019-06-16,2017-12-02
-1407260,772256,1,1,1,1,2019-06-24,2019-06-24
-1407260,772491,1,1,1,0,2019-04-26,2019-04-26
-1407260,772538,1,1,1,0,2018-06-08,2018-06-08
-1407260,772577,1,1,1,0,2019-03-30,2019-03-30
-1407260,772585,1,1,1,0,2016-05-20,2016-05-20
-1407260,772734,1,1,1,0,2019-05-11,2019-05-11
-1407259,772065,1,1,1,0,2018-09-22,2018-09-22
-1407259,772070,1,1,1,0,2017-07-19,2017-07-19
-1407259,772146,1,1,1,0,2016-05-20,2016-05-20
-1407259,772196,1,1,1,0,2019-04-28,2019-04-28
-1407259,772199,1,1,1,0,2016-05-20,2016-05-20
-1407259,772586,1,1,1,0,2016-05-20,2016-05-20
-1407259,772688,1,1,1,0,2018-04-18,2018-04-18
-1407259,772924,1,1,1,0,2018-10-21,2018-10-21
-1407258,772107,1,1,1,0,2016-05-20,2016-05-20
-1407258,772135,1,1,1,0,2018-04-28,2018-04-28
-1407258,772141,1,1,1,0,2016-05-18,2016-05-18
-1407258,772159,1,1,1,0,2016-05-18,2016-05-18
-1407258,772200,1,1,1,0,2018-04-28,2018-04-28
-1407258,772483,1,1,1,1,2018-10-26,2018-10-26
-1407258,772578,1,1,1,0,2018-09-08,2018-09-08
-1407258,773271,1,1,1,0,2018-05-01,2018-05-01
-1407258,773817,1,1,1,1,2016-05-16,2016-05-16
-1407257,772066,1,1,1,0,2019-06-11,2019-06-11
-1407257,772067,2,2,2,0,2019-06-07,2018-06-28
-1407257,772069,1,1,1,0,2019-06-07,2019-06-07
-1407257,772074,1,1,1,0,2019-04-27,2019-04-27
-1407257,772099,1,1,1,0,2016-05-20,2016-05-20
-1407257,772100,1,1,1,0,2016-05-21,2016-05-21
-1407257,772105,2,2,1,0,2016-05-20,2016-05-20
-1407257,772109,1,1,1,0,2016-05-20,2016-05-20
-1407257,772140,1,1,1,0,2018-09-13,2018-09-13
-1407257,772159,1,1,1,0,2016-05-18,2016-05-18
-1407257,772175,1,1,1,0,2018-04-28,2018-04-28
-1407257,772200,1,1,1,0,2016-05-21,2016-05-21
-1407257,772201,1,1,1,0,2016-05-21,2016-05-21
-1407257,772577,1,1,1,0,2018-09-21,2018-09-21
-1407257,772584,1,1,1,0,2016-05-20,2016-05-20
-1407257,773127,1,1,1,0,2017-05-07,2017-05-07
-1407257,773236,1,1,1,0,2017-05-13,2017-05-13
-1407257,773269,1,1,1,0,2016-04-02,2016-04-02
-1407257,773719,1,1,1,0,2017-06-08,2017-06-08
-1407256,772069,1,1,1,0,2019-04-27,2019-04-27
-1407256,772076,1,1,1,0,2019-04-27,2019-04-27
-1407256,772100,1,1,1,0,2016-05-21,2016-05-21
-1407256,772101,2,1,2,0,2016-05-21,2016-05-21
-1407256,772103,1,1,1,0,2019-04-14,2019-04-14
-1407256,772106,1,1,1,0,2019-04-27,2019-04-27
-1407256,772144,1,1,1,0,2018-04-28,2018-04-28
-1407256,772156,1,1,1,0,2016-05-18,2016-05-18
-1407256,772159,1,1,1,0,2016-05-20,2016-05-20
-1407256,772163,1,1,1,0,2016-05-20,2016-05-20
-1407256,772175,1,1,1,0,2018-05-24,2018-05-24
-1407256,772176,1,1,1,0,2018-04-28,2018-04-28
-1407256,772193,1,1,1,0,2018-07-14,2018-07-14
-1407256,772198,1,1,1,0,2018-04-28,2018-04-28
-1407256,772481,1,1,1,1,2018-10-26,2018-10-26
-1407256,772536,1,1,1,0,2018-09-08,2018-09-08
-1407256,773236,1,1,1,0,2017-05-13,2017-05-13
-1407255,772065,1,1,1,0,2017-07-19,2017-07-19
-1407255,772071,1,1,1,0,2017-10-15,2017-10-15
-1407255,772073,1,1,1,0,2017-04-23,2017-04-23
-1407255,772075,1,1,1,0,2017-04-23,2017-04-23
-1407255,772092,1,1,1,0,2016-05-20,2016-05-20
-1407255,772096,1,1,1,0,2016-05-20,2016-05-20
-1407255,772099,1,1,1,0,2016-05-20,2016-05-20
-1407255,772146,1,1,1,0,2016-05-20,2016-05-20
-1407255,772147,1,1,1,0,2018-04-28,2018-04-28
-1407255,772156,1,1,1,0,2016-05-18,2016-05-18
-1407255,772159,1,1,1,0,2016-05-21,2016-05-21
-1407255,772175,1,1,1,0,2018-04-28,2018-04-28
-1407255,772188,1,1,1,0,2017-04-05,2017-04-05
-1407255,772190,1,1,1,0,2016-05-20,2016-05-20
-1407255,772198,1,1,1,0,2019-06-16,2019-06-16
-1407255,772200,1,1,1,0,2017-12-02,2017-12-02
-1407255,772491,1,1,1,0,2019-06-14,2019-06-14
-1407255,772515,1,1,1,1,2019-03-26,2019-03-26
-1407255,772527,1,1,1,0,2018-09-08,2018-09-08
-1407255,772534,1,1,1,1,2018-11-18,2018-11-18
-1407255,772583,2,1,2,0,2016-05-20,2016-05-20
-1407255,772584,1,1,1,0,2016-05-20,2016-05-20
-1407255,772950,1,1,1,0,2017-10-04,2017-10-04
-1407255,773236,1,1,1,0,2017-05-13,2017-05-13
-1407255,773277,1,1,1,0,2018-04-12,2018-04-12
-1407255,773961,1,1,1,1,2016-05-18,2016-05-18
-1407254,772065,1,1,1,0,2019-04-27,2019-04-27
-1407254,772068,3,3,2,0,2017-06-12,2017-06-12
-1407254,772070,2,2,2,0,2019-04-27,2018-07-21
-1407254,772081,1,1,1,0,2019-04-14,2019-04-14
-1407254,772088,1,1,1,0,2016-05-15,2016-05-15
-1407254,772089,1,1,1,0,2019-05-18,2019-05-18
-1407254,772091,1,1,1,0,2019-04-14,2019-04-14
-1407254,772095,1,1,1,0,2018-05-06,2018-05-06
-1407254,772098,1,1,1,0,2019-04-27,2019-04-27
-1407254,772128,1,1,1,0,2016-05-21,2016-05-21
-1407254,772161,1,1,1,0,2018-04-28,2018-04-28
-1407254,772169,1,1,1,0,2019-06-16,2019-06-16
-1407254,772176,1,1,1,0,2016-05-20,2016-05-20
-1407254,772199,1,1,1,0,2019-06-16,2019-06-16
-1407254,772200,1,1,1,0,2019-06-16,2019-06-16
-1407254,772247,1,1,1,0,2019-03-16,2019-03-16
-1407254,772477,1,1,1,0,2019-04-13,2019-04-13
-1407254,772536,1,1,1,0,2018-09-08,2018-09-08
-1407254,772542,1,1,1,0,2019-07-23,2019-07-23
-1407254,772578,1,1,1,0,2016-05-20,2016-05-20
-1407254,772581,1,1,1,0,2016-05-20,2016-05-20
-1407254,772585,1,1,1,0,2016-05-20,2016-05-20
-1407253,772068,4,4,2,0,2019-04-27,2019-04-27
-1407253,772069,2,2,2,0,2019-04-27,2018-02-24
-1407253,772071,2,2,2,0,2019-07-11,2019-06-03
-1407253,772088,1,1,1,0,2019-04-14,2019-04-14
-1407253,772089,1,1,1,0,2016-05-20,2016-05-20
-1407253,772134,1,1,1,0,2016-05-18,2016-05-18
-1407253,772189,1,1,1,0,2016-05-20,2016-05-20
-1407253,772190,1,1,1,0,2019-06-07,2019-06-07
-1407253,772193,1,1,1,0,2017-12-02,2017-12-02
-1407253,772198,1,1,1,0,2019-06-16,2019-06-16
-1407253,772199,1,1,1,0,2017-04-05,2017-04-05
-1407253,772200,1,1,1,0,2017-12-02,2017-12-02
-1407253,772201,1,1,1,0,2016-05-20,2016-05-20
-1407253,772203,1,1,1,0,2018-07-07,2018-07-07
-1407253,772530,1,1,1,1,2018-11-18,2018-11-18
-1407253,772533,1,1,1,1,2018-09-29,2018-09-29
-1407253,772537,1,1,1,1,2018-09-08,2018-09-08
-1407253,772543,1,1,1,1,2018-09-08,2018-09-08
-1407253,772583,1,1,1,0,2016-05-20,2016-05-20
-1407252,772059,1,1,1,0,2018-05-09,2018-05-09
-1407252,772062,1,1,1,0,2017-08-12,2017-08-12
-1407252,772068,1,1,1,0,2017-04-23,2017-04-23
-1407252,772073,1,1,1,0,2019-04-14,2019-04-14
-1407252,772075,1,1,1,0,2016-05-21,2016-05-21
-1407252,772084,2,2,1,0,2019-04-22,2019-04-22
-1407252,772085,1,1,1,0,2019-04-14,2019-04-14
-1407252,772097,1,1,1,0,2016-05-21,2016-05-21
-1407252,772256,1,1,1,0,2019-07-24,2019-07-24
-1407252,772306,1,1,1,0,2019-04-26,2019-04-26
-1407252,772502,1,1,1,1,2018-04-17,2018-04-17
-1407252,772541,1,1,1,0,2018-09-29,2018-09-29
-1407252,772580,1,1,1,0,2019-07-22,2019-07-22
-1407252,772582,1,1,1,0,2016-05-20,2016-05-20
-1407252,772584,1,1,1,0,2016-05-20,2016-05-20
-1407252,773957,1,1,1,1,2016-05-18,2016-05-18
-1407251,772052,1,1,1,0,2019-04-27,2019-04-27
-1407251,772054,1,1,1,0,2019-04-27,2019-04-27
-1407251,772059,1,1,1,0,2017-07-19,2017-07-19
-1407251,772061,1,1,1,0,2016-05-20,2016-05-20
-1407251,772188,1,1,1,0,2018-08-03,2018-08-03
-1407251,772189,2,2,2,0,2019-05-31,2018-11-13
-1407251,772197,1,1,1,0,2016-09-11,2016-09-11
-1407251,772198,1,1,1,0,2017-04-05,2017-04-05
-1407251,772201,1,1,1,0,2017-12-02,2017-12-02
-1407251,772466,1,1,1,0,2019-04-28,2019-04-28
-1407251,772467,2,2,2,0,2019-04-28,2018-12-28
-1407251,772489,1,1,1,0,2019-05-08,2019-05-08
-1407251,772535,1,1,1,1,2018-09-29,2018-09-29
-1407251,772583,1,1,1,0,2019-03-25,2019-03-25
-1407251,772707,1,1,1,1,2018-04-08,2018-04-08
-1407250,772042,1,1,1,0,2019-04-27,2019-04-27
-1407250,772052,1,1,1,0,2016-05-20,2016-05-20
-1407250,772061,2,2,2,0,2017-06-12,2017-03-19
-1407250,772186,1,1,1,0,2016-05-21,2016-05-21
-1407250,772187,1,1,1,0,2017-09-02,2017-09-02
-1407250,772189,1,1,1,0,2017-10-15,2017-10-15
-1407250,772190,1,1,1,0,2017-12-02,2017-12-02
-1407250,772197,1,1,1,0,2018-04-28,2018-04-28
-1407250,772301,1,1,1,0,2019-04-27,2019-04-27
-1407250,772472,1,1,1,1,2018-09-22,2018-09-22
-1407250,772475,2,2,1,0,2019-02-07,2018-11-25
-1407250,772559,1,1,1,0,2019-06-12,2019-06-12
-1407250,772583,1,1,1,0,2016-06-04,2016-06-04
-1407250,772586,1,1,1,0,2016-05-20,2016-05-20
-1407249,772033,1,1,1,0,2019-04-27,2019-04-27
-1407249,772055,1,1,1,0,2019-04-27,2019-04-27
-1407249,772061,1,1,1,0,2017-04-23,2017-04-23
-1407249,772062,1,1,1,0,2018-04-28,2018-04-28
-1407249,772068,1,1,1,0,2016-05-21,2016-05-21
-1407249,772186,2,2,2,0,2019-04-28,2018-06-20
-1407249,772187,1,1,1,0,2016-05-21,2016-05-21
-1407249,772188,1,1,1,0,2017-12-02,2017-12-02
-1407249,772304,1,1,1,0,2019-07-03,2019-07-03
-1407249,772534,1,1,1,1,2018-09-08,2018-09-08
-1407249,772553,1,1,1,0,2018-09-08,2018-09-08
-1407249,772556,1,1,1,0,2018-08-10,2018-08-10
-1407249,772570,1,1,1,0,2019-03-28,2019-03-28
-1407249,772579,2,2,2,0,2016-06-22,2016-06-05
-1407249,772583,1,1,1,0,2016-05-20,2016-05-20
-1407249,773292,1,1,1,0,2017-04-13,2017-04-13
-1407248,772053,1,1,1,0,2019-04-22,2019-04-22
-1407248,772188,1,1,1,0,2016-12-25,2016-12-25
-1407248,772190,1,1,1,0,2017-11-22,2017-11-22
-1407248,772195,1,1,1,0,2016-12-25,2016-12-25
-1407248,772343,1,1,1,0,2017-11-03,2017-11-03
-1407248,772464,1,1,1,1,2018-04-19,2018-04-19
-1407248,772534,1,1,1,1,2018-09-29,2018-09-29
-1407248,772536,1,1,1,1,2018-09-29,2018-09-29
-1407248,772539,1,1,1,1,2018-09-29,2018-09-29
-1407248,772557,1,1,1,0,2019-07-24,2019-07-24
-1407248,772576,1,1,1,0,2019-05-27,2019-05-27
-1407248,772579,1,1,1,0,2016-05-20,2016-05-20
-1407248,772580,1,1,1,0,2016-06-22,2016-06-22
-1407248,772584,1,1,1,0,2016-05-20,2016-05-20
-1407247,772055,2,2,2,0,2019-04-04,2018-05-27
-1407247,772186,1,1,1,0,2018-04-28,2018-04-28
-1407247,772237,1,1,1,0,2019-03-16,2019-03-16
-1407247,772336,1,1,1,0,2017-11-03,2017-11-03
-1407247,772473,1,1,1,0,2019-01-30,2019-01-30
-1407247,772480,2,2,1,1,2019-07-20,2019-01-03
-1407247,772579,1,1,1,0,2016-05-20,2016-05-20
-1407247,772580,1,1,1,0,2016-05-20,2016-05-20
-1407247,772581,1,1,1,0,2016-05-20,2016-05-20
-1407247,772582,1,1,1,0,2016-05-20,2016-05-20
-1407247,772585,1,1,1,0,2016-05-20,2016-05-20
-1407247,772595,1,1,1,0,2016-05-07,2016-05-07
-1407246,772051,1,1,1,0,2017-07-19,2017-07-19
-1407246,772185,1,1,1,0,2018-04-28,2018-04-28
-1407246,772188,1,1,1,0,2017-11-22,2017-11-22
-1407246,772190,1,1,1,0,2017-11-22,2017-11-22
-1407246,772192,1,1,1,0,2017-11-22,2017-11-22
-1407246,772193,1,1,1,0,2019-06-16,2019-06-16
-1407246,772474,1,1,1,0,2018-11-08,2018-11-08
-1407246,772475,1,1,1,1,2018-09-18,2018-09-18
-1407246,772553,1,1,1,0,2019-07-25,2019-07-25
-1407246,772554,1,1,1,0,2019-07-25,2019-07-25
-1407246,772581,2,2,1,0,2016-05-20,2016-05-20
-1407245,772035,1,1,1,0,2016-05-20,2016-05-20
-1407245,772036,1,1,1,0,2016-05-20,2016-05-20
-1407245,772038,1,1,1,0,2016-05-20,2016-05-20
-1407245,772050,1,1,1,0,2018-04-28,2018-04-28
-1407245,772052,1,1,1,0,2018-05-06,2018-05-06
-1407245,772077,1,1,1,0,2019-07-08,2019-07-08
-1407245,772119,1,1,1,0,2017-06-12,2017-06-12
-1407245,772129,1,1,1,0,2016-04-24,2016-04-24
-1407245,772181,1,1,1,0,2019-04-17,2019-04-17
-1407245,772189,1,1,1,0,2018-05-24,2018-05-24
-1407245,772191,2,2,1,0,2018-04-28,2018-04-28
-1407245,772195,1,1,1,0,2018-04-28,2018-04-28
-1407245,772253,1,1,1,0,2017-02-09,2017-02-09
-1407245,772254,1,1,1,0,2016-10-28,2016-10-28
-1407245,772476,1,1,1,0,2018-10-30,2018-10-30
-1407245,772478,1,1,1,0,2018-09-25,2018-09-25
-1407245,772555,1,1,1,0,2018-08-23,2018-08-23
-1407245,772572,1,1,1,0,2017-03-18,2017-03-18
-1407245,772579,1,1,1,0,2016-05-20,2016-05-20
-1407245,772580,2,1,1,0,2016-06-22,2016-06-14
-1407244,772015,1,1,1,0,2018-06-07,2018-06-07
-1407244,772049,1,1,1,0,2019-04-28,2019-04-28
-1407244,772050,1,1,1,0,2018-05-06,2018-05-06
-1407244,772118,1,1,1,0,2019-04-27,2019-04-27
-1407244,772179,1,1,1,0,2018-09-16,2018-09-16
-1407244,772184,1,1,1,0,2019-06-16,2019-06-16
-1407244,772191,1,1,1,0,2019-06-16,2019-06-16
-1407244,772192,1,1,1,0,2017-11-22,2017-11-22
-1407244,772194,1,1,1,0,2018-04-28,2018-04-28
-1407244,772252,1,1,1,0,2017-09-07,2017-09-07
-1407244,772253,1,1,1,0,2019-07-09,2019-07-09
-1407244,772259,1,1,1,0,2017-02-13,2017-02-13
-1407244,772549,1,1,1,1,2017-06-22,2017-06-22
-1407244,772573,1,1,1,0,2017-03-18,2017-03-18
-1407244,772577,1,1,1,0,2018-04-14,2018-04-14
-1407244,772582,1,1,1,0,2016-05-20,2016-05-20
-1407244,772596,1,1,1,0,2018-04-14,2018-04-14
-1407244,772905,1,1,1,1,2018-12-16,2018-12-16
-1407244,773194,1,1,1,1,2017-05-22,2017-05-22
-1407244,773273,1,1,1,0,2016-04-02,2016-04-02
-1407243,772030,1,1,1,0,2019-04-27,2019-04-27
-1407243,772050,1,1,1,0,2016-12-25,2016-12-25
-1407243,772063,1,1,1,0,2019-07-08,2019-07-08
-1407243,772077,1,1,1,0,2017-06-12,2017-06-12
-1407243,772087,1,1,1,0,2019-04-27,2019-04-27
-1407243,772182,1,1,1,0,2017-11-22,2017-11-22
-1407243,772188,1,1,1,0,2017-11-22,2017-11-22
-1407243,772190,1,1,1,0,2017-11-22,2017-11-22
-1407243,772252,1,1,1,0,2017-09-07,2017-09-07
-1407243,772255,1,1,1,0,2018-10-08,2018-10-08
-1407243,772400,1,1,1,0,2018-09-17,2018-09-17
-1407243,772524,1,1,1,0,2018-09-05,2018-09-05
-1407243,772554,1,1,1,1,2019-07-12,2019-07-12
-1407243,772580,1,1,1,0,2016-05-20,2016-05-20
-1407243,772581,1,1,1,0,2016-05-20,2016-05-20
-1407243,772582,1,1,1,0,2016-05-20,2016-05-20
-1407243,772585,1,1,1,0,2016-05-20,2016-05-20
-1407243,773202,1,1,1,1,2018-03-17,2018-03-17
-1407242,772013,1,1,1,0,2017-07-19,2017-07-19
-1407242,772014,2,2,1,0,2017-07-19,2017-07-19
-1407242,772015,2,2,1,0,2017-07-19,2017-07-19
-1407242,772028,1,1,1,0,2019-04-27,2019-04-27
-1407242,772093,2,2,1,0,2016-01-10,2016-01-10
-1407242,772250,2,2,1,0,2016-10-28,2016-10-28
-1407242,772251,1,1,1,0,2016-10-28,2016-10-28
-1407242,772252,1,1,1,0,2018-09-08,2018-09-08
-1407242,772259,1,1,1,0,2018-10-08,2018-10-08
-1407242,772301,1,1,1,0,2019-04-08,2019-04-08
-1407242,772532,1,1,1,1,2019-07-21,2019-07-21
-1407242,772540,1,1,1,1,2018-09-08,2018-09-08
-1407242,772542,1,1,1,1,2019-07-21,2019-07-21
-1407242,772575,1,1,1,0,2016-05-20,2016-05-20
-1407242,772580,2,2,1,0,2016-05-20,2016-05-20
-1407242,772581,2,2,1,0,2016-05-20,2016-05-20
-1407242,772848,1,1,1,0,2018-03-23,2018-03-23
-1407242,773558,1,1,1,0,2018-10-24,2018-10-24
-1407242,774058,1,1,1,0,2017-07-29,2017-07-29
-1407241,772014,1,1,1,0,2017-07-19,2017-07-19
-1407241,772016,1,1,1,0,2017-07-19,2017-07-19
-1407241,772098,1,1,1,0,2016-05-21,2016-05-21
-1407241,772541,1,1,1,1,2018-09-08,2018-09-08
-1407241,772547,2,2,2,0,2019-07-24,2019-03-02
-1407241,772579,2,1,1,0,2016-05-20,2016-05-20
-1407241,772583,1,1,1,1,2019-05-18,2019-05-18
-1407241,772585,1,1,1,0,2016-05-20,2016-05-20
-1407240,772015,1,1,1,0,2017-07-19,2017-07-19
-1407240,772016,1,1,1,0,2017-07-19,2017-07-19
-1407240,772041,2,2,2,0,2019-04-14,2018-06-01
-1407240,772247,1,1,1,0,2019-03-17,2019-03-17
-1407240,772535,1,1,1,1,2018-09-29,2018-09-29
-1407240,772552,1,1,1,1,2017-06-22,2017-06-22
-1407240,772577,2,1,1,0,2016-05-20,2016-05-20
-1407240,772579,2,2,1,0,2016-05-20,2016-05-20
-1407240,772580,1,1,1,0,2016-05-20,2016-05-20
-1407240,772581,2,2,1,0,2016-05-20,2016-05-20
-1407240,773297,1,1,1,0,2019-05-02,2019-05-02
-1407239,772043,1,1,1,0,2016-12-25,2016-12-25
-1407239,772060,1,1,1,0,2019-07-13,2019-07-13
-1407239,772113,1,1,1,0,2018-09-29,2018-09-29
-1407239,772177,1,1,1,0,2018-05-12,2018-05-12
-1407239,772178,1,1,1,0,2017-12-02,2017-12-02
-1407239,772179,1,1,1,0,2018-04-15,2018-04-15
-1407239,772254,1,1,1,0,2017-02-09,2017-02-09
-1407239,772534,1,1,1,1,2019-07-21,2019-07-21
-1407239,772541,1,1,1,1,2016-10-19,2016-10-19
-1407239,772569,1,1,1,0,2019-07-17,2019-07-17
-1407239,772578,1,1,1,0,2016-05-20,2016-05-20
-1407239,772580,1,1,1,0,2016-05-20,2016-05-20
-1407239,772581,1,1,1,0,2016-05-20,2016-05-20
-1407239,773129,1,1,1,0,2019-07-06,2019-07-06
-1407239,773131,1,1,1,0,2018-09-07,2018-09-07
-1407238,772037,1,1,1,0,2017-07-19,2017-07-19
-1407238,772056,1,1,1,0,2016-05-21,2016-05-21
-1407238,772113,1,1,1,0,2019-07-21,2019-07-21
-1407238,772177,2,2,2,0,2018-10-06,2018-07-17
-1407238,772179,1,1,1,0,2018-04-15,2018-04-15
-1407238,772247,2,2,2,0,2019-02-03,2018-12-03
-1407238,772248,1,1,1,0,2018-10-08,2018-10-08
-1407238,772251,1,1,1,0,2017-09-07,2017-09-07
-1407238,772304,1,1,1,0,2019-03-26,2019-03-26
-1407238,772307,1,1,1,0,2019-03-26,2019-03-26
-1407238,772552,1,1,1,1,2019-04-06,2019-04-06
-1407238,772577,1,1,1,0,2016-05-11,2016-05-11
-1407238,772580,2,2,1,0,2016-05-20,2016-05-20
-1407238,773127,2,2,1,0,2019-06-20,2019-06-20
-1407238,773129,2,2,2,0,2019-06-20,2019-01-28
-1407237,772035,1,1,1,0,2017-04-23,2017-04-23
-1407237,772050,1,1,1,0,2018-05-06,2018-05-06
-1407237,772073,1,1,1,0,2019-04-07,2019-04-07
-1407237,772176,1,1,1,0,2018-04-28,2018-04-28
-1407237,772193,1,1,1,0,2016-12-25,2016-12-25
-1407237,772248,1,1,1,0,2016-10-28,2016-10-28
-1407237,772262,1,1,1,0,2017-06-07,2017-06-07
-1407237,772564,1,1,1,0,2019-07-22,2019-07-22
-1407237,772575,1,1,1,0,2019-07-23,2019-07-23
-1407237,773127,1,1,1,0,2019-06-30,2019-06-30
-1407237,773128,1,1,1,0,2018-09-07,2018-09-07
-1407237,773129,1,1,1,0,2018-09-07,2018-09-07
-1407237,773131,1,1,1,0,2018-09-07,2018-09-07
-1407237,773293,1,1,1,0,2018-05-12,2018-05-12
-1407237,773449,1,1,1,1,2018-05-01,2018-05-01
-1407236,771144,1,1,1,1,2016-10-27,2016-10-27
-1407236,772024,1,1,1,0,2019-04-27,2019-04-27
-1407236,772033,2,2,1,0,2019-06-11,2019-06-11
-1407236,772035,1,1,1,0,2018-07-18,2018-07-18
-1407236,772036,2,2,2,0,2018-07-18,2018-03-26
-1407236,772175,1,1,1,0,2016-05-20,2016-05-20
-1407236,772251,1,1,1,0,2017-06-07,2017-06-07
-1407236,772302,1,1,1,0,2019-04-08,2019-04-08
-1407236,772518,1,1,1,0,2018-05-16,2018-05-16
-1407236,772557,1,1,1,1,2019-07-21,2019-07-21
-1407236,773131,1,1,1,0,2018-09-07,2018-09-07
-1407235,772033,1,1,1,0,2018-09-22,2018-09-22
-1407235,772034,3,3,3,0,2018-07-18,2017-04-05
-1407235,772070,1,1,1,0,2019-06-01,2019-06-01
-1407235,772173,1,1,1,0,2019-06-16,2019-06-16
-1407235,772244,1,1,1,0,2018-10-01,2018-10-01
-1407235,772247,1,1,1,0,2018-05-03,2018-05-03
-1407235,772251,1,1,1,0,2017-06-07,2017-06-07
-1407235,772451,1,1,1,1,2019-07-12,2019-07-12
-1407235,772512,1,1,1,1,2018-05-05,2018-05-05
-1407235,772522,1,1,1,0,2018-05-16,2018-05-16
-1407235,772523,1,1,1,0,2018-05-16,2018-05-16
-1407235,772584,1,1,1,0,2016-05-20,2016-05-20
-1407235,773755,1,1,1,0,2017-06-08,2017-06-08
-1407234,772029,1,1,1,0,2018-06-14,2018-06-14
-1407234,772031,1,1,1,0,2017-04-23,2017-04-23
-1407234,772033,1,1,1,0,2019-07-08,2019-07-08
-1407234,772034,4,4,1,0,2018-07-18,2017-06-12
-1407234,772036,1,1,1,0,2019-06-08,2019-06-08
-1407234,772167,1,1,1,0,2018-08-03,2018-08-03
-1407234,772190,2,2,1,0,2019-04-10,2019-04-10
-1407234,772445,1,1,1,0,2018-09-23,2018-09-23
-1407234,772524,1,1,1,0,2018-05-16,2018-05-16
-1407233,772005,1,1,1,0,2016-10-28,2016-10-28
-1407233,772026,2,2,1,0,2019-04-22,2019-04-22
-1407233,772032,1,1,1,0,2018-04-28,2018-04-28
-1407233,772033,1,1,1,0,2019-04-22,2019-04-22
-1407233,772053,1,1,1,0,2016-05-21,2016-05-21
-1407233,772172,1,1,1,0,2019-07-05,2019-07-05
-1407233,772251,2,2,2,1,2018-08-15,2018-02-07
-1407233,772322,1,1,1,0,2019-04-28,2019-04-28
-1407233,772326,1,1,1,0,2017-07-01,2017-07-01
-1407233,772448,1,1,1,0,2018-09-23,2018-09-23
-1407232,772168,1,1,1,0,2018-07-14,2018-07-14
-1407232,772170,1,1,1,0,2019-04-14,2019-04-14
-1407232,772252,1,1,1,0,2018-10-01,2018-10-01
-1407232,772986,1,1,1,1,2019-04-29,2019-04-29
-1407232,772989,1,1,1,1,2019-04-29,2019-04-29
-1407231,772030,1,1,1,0,2016-05-21,2016-05-21
-1407231,772044,1,1,1,0,2018-04-28,2018-04-28
-1407231,772250,1,1,1,0,2018-10-01,2018-10-01
-1407231,772987,1,1,1,1,2019-04-29,2019-04-29
-1407231,773169,1,1,1,0,2018-02-17,2018-02-17
-1407230,771222,1,1,1,0,2018-05-26,2018-05-26
-1407230,772000,1,1,1,0,2016-05-20,2016-05-20
-1407230,772001,1,1,1,0,2019-07-18,2019-07-18
-1407230,772984,1,1,1,1,2019-04-29,2019-04-29
-1407230,772986,2,2,2,1,2019-04-29,2019-04-29
-1407229,772000,1,1,1,0,2019-07-18,2019-07-18
-1407229,772031,1,1,1,0,2019-06-16,2019-06-16
-1407229,772982,1,1,1,1,2019-04-29,2019-04-29
-1407229,772986,2,2,2,2,2019-04-29,2019-04-29
-1407228,770323,1,1,1,0,2019-04-17,2019-04-17
-1407228,772032,1,1,1,0,2018-04-28,2018-04-28
-1407228,772190,1,1,1,0,2016-12-25,2016-12-25
-1407228,772563,1,1,1,1,2019-04-07,2019-04-07
-1407228,772564,1,1,1,0,2019-05-27,2019-05-27
-1407228,772986,1,1,1,1,2019-04-29,2019-04-29
-1407228,773281,1,1,1,0,2018-09-28,2018-09-28
-1407228,773283,1,1,1,0,2018-09-28,2018-09-28
-1407227,772059,1,1,1,0,2017-07-12,2017-07-12
-1407227,772060,1,1,1,0,2017-08-12,2017-08-12
-1407227,772166,1,1,1,0,2016-05-20,2016-05-20
-1407227,772980,1,1,1,0,2019-04-29,2019-04-29
-1407226,772029,1,1,1,0,2019-07-11,2019-07-11
-1407226,772032,2,1,2,0,2019-07-06,2018-12-01
-1407226,772979,1,1,1,0,2019-04-29,2019-04-29
-1407226,773168,1,1,1,0,2017-06-09,2017-06-09
-1407225,770013,1,1,1,1,2016-05-18,2016-05-18
-1407225,771994,1,1,1,0,2016-05-20,2016-05-20
-1407225,771995,1,1,1,0,2016-05-20,2016-05-20
-1407225,771997,1,1,1,0,2016-05-20,2016-05-20
-1407225,772026,2,2,1,0,2019-04-22,2019-04-22
-1407225,772164,1,1,1,0,2016-05-20,2016-05-20
-1407225,772560,1,1,1,0,2018-08-30,2018-08-30
-1407225,772569,1,1,1,0,2016-05-26,2016-05-26
-1407225,772977,1,1,1,0,2019-04-29,2019-04-29
-1407225,772980,1,1,1,0,2019-04-29,2019-04-29
-1407225,773767,1,1,1,0,2017-06-08,2017-06-08
-1407224,771994,6,5,1,0,2016-05-20,2016-05-20
-1407224,772049,1,1,1,0,2017-08-12,2017-08-12
-1407224,772978,1,1,1,0,2019-04-29,2019-04-29
-1407224,772979,1,1,1,0,2019-04-29,2019-04-29
-1407223,772006,1,1,1,0,2016-05-20,2016-05-20
-1407223,772036,1,1,1,0,2017-07-12,2017-07-12
-1407223,772156,1,1,1,0,2019-04-14,2019-04-14
-1407223,772246,1,1,1,0,2017-02-09,2017-02-09
-1407223,772520,1,1,1,0,2019-05-07,2019-05-07
-1407223,772525,1,1,1,0,2018-05-28,2018-05-28
-1407223,772548,1,1,1,0,2019-04-27,2019-04-27
-1407223,772555,1,1,1,0,2018-05-28,2018-05-28
-1407223,772560,1,1,1,0,2018-08-30,2018-08-30
-1407223,772589,1,1,1,0,2016-05-20,2016-05-20
-1407223,773048,1,1,1,1,2019-07-24,2019-07-24
-1407223,773167,1,1,1,1,2019-06-27,2019-06-27
-1407223,773772,1,1,1,0,2017-06-08,2017-06-08
-1407222,771594,1,1,1,0,2016-07-18,2016-07-18
-1407222,772027,1,1,1,0,2019-05-22,2019-05-22
-1407222,772034,1,1,1,0,2019-07-08,2019-07-08
-1407222,772037,1,1,1,0,2018-04-28,2018-04-28
-1407222,772038,2,2,2,0,2019-02-04,2018-04-09
-1407222,772414,1,1,1,1,2019-03-18,2019-03-18
-1407222,772927,1,1,1,0,2019-05-06,2019-05-06
-1407222,772931,1,1,1,0,2017-11-25,2017-11-25
-1407222,773282,1,1,1,0,2018-09-28,2018-09-28
-1407222,773285,1,1,1,0,2018-09-28,2018-09-28
-1407221,772027,1,1,1,0,2019-04-22,2019-04-22
-1407221,772243,1,1,1,0,2018-08-31,2018-08-31
-1407221,772313,1,1,1,0,2017-03-22,2017-03-22
-1407221,772512,1,1,1,0,2019-03-26,2019-03-26
-1407221,772526,2,2,2,2,2019-03-26,2018-10-26
-1407221,773283,1,1,1,0,2016-04-02,2016-04-02
-1407221,773909,2,2,1,1,2016-05-18,2016-05-18
-1407220,772025,1,1,1,0,2019-04-22,2019-04-22
-1407220,772026,2,2,2,0,2018-09-30,2018-02-04
-1407220,772158,1,1,1,0,2016-05-20,2016-05-20
-1407220,772185,1,1,1,0,2016-12-25,2016-12-25
-1407220,772240,1,1,1,0,2019-05-01,2019-05-01
-1407220,772242,1,1,1,0,2018-08-31,2018-08-31
-1407220,772929,1,1,1,0,2019-04-27,2019-04-27
-1407220,773969,1,1,1,0,2019-03-03,2019-03-03
-1407219,770239,1,1,1,1,2018-03-17,2018-03-17
-1407219,772026,1,1,1,0,2017-06-12,2017-06-12
-1407219,772155,1,1,1,0,2016-09-11,2016-09-11
-1407219,772245,1,1,1,0,2017-02-09,2017-02-09
-1407219,772543,1,1,1,0,2018-05-28,2018-05-28
-1407219,772931,1,1,1,1,2019-03-16,2019-03-16
-1407219,774038,1,1,1,1,2018-10-21,2018-10-21
-1407218,772009,1,1,1,0,2016-05-20,2016-05-20
-1407218,772153,1,1,1,0,2019-04-14,2019-04-14
-1407218,772155,1,1,1,0,2018-05-12,2018-05-12
-1407218,772542,1,1,1,1,2018-05-28,2018-05-28
-1407218,772543,1,1,1,1,2018-05-28,2018-05-28
-1407218,772921,1,1,1,0,2017-11-21,2017-11-21
-1407218,772976,1,1,1,0,2019-04-29,2019-04-29
-1407217,772025,1,1,1,0,2016-05-21,2016-05-21
-1407217,772082,2,2,2,0,2019-06-08,2018-11-10
-1407217,772084,1,1,1,0,2018-04-28,2018-04-28
-1407217,772152,1,1,1,0,2018-04-28,2018-04-28
-1407217,772451,1,1,1,1,2018-08-25,2018-08-25
-1407217,772538,1,1,1,0,2018-09-29,2018-09-29
-1407217,772566,1,1,1,0,2019-04-20,2019-04-20
-1407217,772571,1,1,1,0,2016-05-25,2016-05-25
-1407217,772841,1,1,1,1,2018-06-23,2018-06-23
-1407217,772926,1,1,1,0,2017-11-21,2017-11-21
-1407217,772973,1,1,1,0,2019-04-29,2019-04-29
-1407217,773286,1,1,1,0,2017-03-19,2017-03-19
-1407216,772023,4,4,2,0,2019-07-08,2018-09-22
-1407216,772025,1,1,1,0,2019-06-16,2019-06-16
-1407216,772082,2,2,2,0,2019-04-14,2018-06-13
-1407216,772083,2,2,2,0,2019-05-19,2019-01-19
-1407216,772176,1,1,1,0,2017-07-19,2017-07-19
-1407216,772921,1,1,1,0,2017-11-21,2017-11-21
-1407216,772922,1,1,1,0,2017-11-21,2017-11-21
-1407216,772923,1,1,1,0,2017-11-21,2017-11-21
-1407216,772972,1,1,1,1,2019-04-29,2019-04-29
-1407216,773285,1,1,1,0,2017-03-19,2017-03-19
-1407215,772025,1,1,1,0,2016-05-21,2016-05-21
-1407215,772081,4,4,3,0,2019-06-16,2018-03-28
-1407215,772082,7,5,5,0,2019-05-11,2019-04-27
-1407215,772147,1,1,1,0,2019-06-16,2019-06-16
-1407215,772149,1,1,1,0,2017-11-22,2017-11-22
-1407215,772178,1,1,1,0,2017-07-19,2017-07-19
-1407215,772234,1,1,1,0,2019-03-16,2019-03-16
-1407215,772975,1,1,1,0,2019-04-29,2019-04-29
-1407215,772993,1,1,1,1,2019-04-29,2019-04-29
-1407214,772024,1,1,1,0,2017-06-12,2017-06-12
-1407214,772028,1,1,1,0,2016-05-21,2016-05-21
-1407214,772067,1,1,1,0,2016-01-10,2016-01-10
-1407214,772082,2,2,2,0,2018-06-16,2018-03-10
-1407214,772083,1,1,1,0,2018-04-30,2018-04-30
-1407214,772177,1,1,1,0,2017-07-19,2017-07-19
-1407214,772921,1,1,1,0,2017-11-21,2017-11-21
-1407214,772923,1,1,1,0,2017-11-21,2017-11-21
-1407214,772930,1,1,1,0,2017-11-25,2017-11-25
-1407214,772964,1,1,1,1,2019-04-29,2019-04-29
-1407214,772974,1,1,1,0,2019-04-29,2019-04-29
-1407214,772988,1,1,1,1,2019-04-29,2019-04-29
-1407213,772023,2,2,2,0,2017-04-28,2016-11-07
-1407213,772024,2,1,2,0,2019-07-08,2019-01-19
-1407213,772079,1,1,1,0,2018-04-15,2018-04-15
-1407213,772080,1,1,1,0,2018-10-13,2018-10-13
-1407213,772081,1,1,1,0,2018-11-18,2018-11-18
-1407213,772082,1,1,1,0,2019-07-26,2019-07-26
-1407213,772633,1,1,1,0,2017-06-09,2017-06-09
-1407213,772921,1,1,1,0,2017-11-21,2017-11-21
-1407213,772927,1,1,1,1,2019-05-21,2019-05-21
-1407212,772023,1,1,1,0,2017-04-28,2017-04-28
-1407212,772024,2,2,2,0,2016-05-21,2016-05-20
-1407212,772046,1,1,1,0,2016-05-20,2016-05-20
-1407212,772054,1,1,1,0,2017-06-12,2017-06-12
-1407212,772081,1,1,1,0,2017-08-12,2017-08-12
-1407212,772176,1,1,1,0,2017-07-19,2017-07-19
-1407212,772181,1,1,1,0,2017-07-19,2017-07-19
-1407212,772242,1,1,1,0,2016-05-20,2016-05-20
-1407212,772931,2,2,1,0,2017-11-25,2017-11-25
-1407212,772973,1,1,1,0,2019-04-29,2019-04-29
-1407211,772024,1,1,1,0,2016-05-21,2016-05-21
-1407211,772025,1,1,1,0,2019-04-14,2019-04-14
-1407211,772026,2,2,2,0,2018-05-12,2017-05-16
-1407211,772081,2,2,2,0,2019-06-16,2018-07-25
-1407211,772084,2,2,2,0,2019-06-07,2018-07-17
-1407211,772144,2,2,2,0,2019-04-07,2018-10-17
-1407211,772179,1,1,1,0,2017-07-19,2017-07-19
-1407211,772303,1,1,1,0,2019-04-04,2019-04-04
-1407211,772657,1,1,1,0,2017-06-09,2017-06-09
-1407211,772971,1,1,1,0,2019-04-29,2019-04-29
-1407211,773283,1,1,1,0,2017-03-19,2017-03-19
-1407210,772023,1,1,1,0,2018-07-14,2018-07-14
-1407210,772026,3,3,1,0,2017-04-23,2017-04-23
-1407210,772029,2,2,1,0,2018-07-18,2018-07-18
-1407210,772081,2,2,2,0,2019-05-31,2019-01-29
-1407210,772082,1,1,1,0,2019-04-22,2019-04-22
-1407210,772084,1,1,1,0,2018-06-16,2018-06-16
-1407210,772094,1,1,1,0,2017-09-02,2017-09-02
-1407210,772098,1,1,1,0,2017-09-02,2017-09-02
-1407210,772135,1,1,1,0,2019-04-14,2019-04-14
-1407210,772139,1,1,1,0,2019-05-23,2019-05-23
-1407210,772141,1,1,1,0,2017-11-22,2017-11-22
-1407210,772143,1,1,1,0,2017-11-22,2017-11-22
-1407210,772236,1,1,1,0,2017-06-07,2017-06-07
-1407210,772509,1,1,1,1,2018-11-24,2018-11-24
-1407210,772836,1,1,1,0,2019-05-09,2019-05-09
-1407210,773117,1,1,1,1,2016-03-20,2016-03-20
-1407209,772024,1,1,1,0,2016-05-20,2016-05-20
-1407209,772025,1,1,1,0,2017-07-19,2017-07-19
-1407209,772026,4,3,3,0,2019-04-28,2017-12-13
-1407209,772027,1,1,1,0,2018-11-18,2018-11-18
-1407209,772028,1,1,1,0,2016-06-13,2016-06-13
-1407209,772081,1,1,1,0,2019-06-16,2019-06-16
-1407209,772091,1,1,1,0,2018-04-28,2018-04-28
-1407209,772138,1,1,1,0,2019-07-18,2019-07-18
-1407209,772141,2,2,1,0,2017-10-15,2017-10-15
-1407209,772248,1,1,1,0,2019-03-16,2019-03-16
-1407209,772404,1,1,1,0,2019-02-05,2019-02-05
-1407209,772967,1,1,1,0,2019-04-29,2019-04-29
-1407208,771939,1,1,1,0,2019-07-04,2019-07-04
-1407208,772024,1,1,1,0,2019-07-18,2019-07-18
-1407208,772025,1,1,1,0,2016-05-20,2016-05-20
-1407208,772026,4,4,4,0,2019-07-18,2018-03-19
-1407208,772027,1,1,1,0,2016-12-25,2016-12-25
-1407208,772071,1,1,1,0,2019-06-25,2019-06-25
-1407208,772081,4,4,3,0,2019-06-11,2018-11-16
-1407208,772082,1,1,1,0,2019-04-22,2019-04-22
-1407208,772085,1,1,1,0,2018-05-25,2018-05-25
-1407208,772086,1,1,1,0,2016-01-10,2016-01-10
-1407208,772087,1,1,1,0,2019-04-28,2019-04-28
-1407208,772091,1,1,1,0,2018-08-13,2018-08-13
-1407208,772092,1,1,1,0,2017-09-02,2017-09-02
-1407208,772094,1,1,1,0,2018-05-25,2018-05-25
-1407208,772099,1,1,1,0,2018-05-07,2018-05-07
-1407208,772102,1,1,1,0,2016-05-20,2016-05-20
-1407208,772105,2,1,2,0,2018-05-24,2018-05-24
-1407208,772131,1,1,1,0,2018-05-07,2018-05-07
-1407208,772136,1,1,1,0,2019-04-23,2019-04-23
-1407208,772483,1,1,1,1,2019-05-26,2019-05-26
-1407208,772508,1,1,1,1,2018-11-24,2018-11-24
-1407208,772931,1,1,1,0,2017-11-25,2017-11-25
-1407208,772970,1,1,1,0,2019-04-29,2019-04-29
-1407207,769886,1,1,1,0,2019-07-20,2019-07-20
-1407207,772025,3,3,3,0,2018-07-14,2018-04-28
-1407207,772026,3,3,2,0,2019-05-18,2018-04-28
-1407207,772027,1,1,1,0,2016-12-25,2016-12-25
-1407207,772043,1,1,1,0,2016-09-03,2016-09-03
-1407207,772074,2,2,2,0,2019-04-22,2018-11-11
-1407207,772080,2,2,2,0,2019-05-18,2019-05-07
-1407207,772081,3,3,2,0,2019-06-16,2017-07-19
-1407207,772082,2,2,2,0,2019-06-16,2018-11-21
-1407207,772083,1,1,1,0,2018-07-14,2018-07-14
-1407207,772084,1,1,1,0,2018-04-30,2018-04-30
-1407207,772085,1,1,1,0,2018-08-09,2018-08-09
-1407207,772086,1,1,1,0,2018-05-12,2018-05-12
-1407207,772087,1,1,1,0,2018-04-28,2018-04-28
-1407207,772088,1,1,1,0,2017-09-02,2017-09-02
-1407207,772091,1,1,1,0,2017-07-19,2017-07-19
-1407207,772095,1,1,1,0,2019-07-24,2019-07-24
-1407207,772097,1,1,1,0,2019-06-16,2019-06-16
-1407207,772098,2,2,2,0,2017-08-28,2017-01-07
-1407207,772099,1,1,1,0,2018-04-30,2018-04-30
-1407207,772103,3,3,2,0,2018-05-07,2018-05-07
-1407207,772105,1,1,1,0,2017-09-02,2017-09-02
-1407207,772108,3,3,3,0,2019-04-23,2018-05-25
-1407207,772110,1,1,1,0,2016-09-11,2016-09-11
-1407207,772115,1,1,1,0,2019-04-14,2019-04-14
-1407207,772120,1,1,1,0,2017-09-02,2017-09-02
-1407207,772134,1,1,1,0,2018-04-28,2018-04-28
-1407207,772135,2,2,2,0,2018-04-28,2017-05-09
-1407207,772569,1,1,1,0,2016-07-21,2016-07-21
-1407207,772628,1,1,1,0,2017-06-09,2017-06-09
-1407207,772629,1,1,1,0,2017-06-09,2017-06-09
-1407207,772636,1,1,1,0,2017-06-09,2017-06-09
-1407207,772975,1,1,1,0,2019-04-29,2019-04-29
-1407206,772026,1,1,1,0,2018-07-14,2018-07-14
-1407206,772027,2,2,2,0,2019-06-11,2017-11-29
-1407206,772071,1,1,1,0,2017-10-15,2017-10-15
-1407206,772072,1,1,1,0,2019-05-11,2019-05-11
-1407206,772073,1,1,1,0,2016-09-11,2016-09-11
-1407206,772075,1,1,1,0,2016-05-20,2016-05-20
-1407206,772076,1,1,1,0,2016-05-20,2016-05-20
-1407206,772080,1,1,1,0,2019-06-16,2019-06-16
-1407206,772081,8,7,2,0,2018-09-22,2018-09-22
-1407206,772082,3,3,3,0,2018-05-12,2018-04-28
-1407206,772084,2,2,2,0,2018-07-14,2018-06-05
-1407206,772089,1,1,1,0,2018-11-18,2018-11-18
-1407206,772092,1,1,1,0,2017-07-19,2017-07-19
-1407206,772094,1,1,1,0,2017-07-19,2017-07-19
-1407206,772095,1,1,1,0,2019-04-28,2019-04-28
-1407206,772100,1,1,1,0,2017-11-22,2017-11-22
-1407206,772103,1,1,1,0,2017-11-22,2017-11-22
-1407206,772104,1,1,1,0,2019-06-07,2019-06-07
-1407206,772106,1,1,1,0,2019-04-28,2019-04-28
-1407206,772127,1,1,1,0,2019-04-14,2019-04-14
-1407206,772138,1,1,1,0,2019-06-16,2019-06-16
-1407206,772337,1,1,1,0,2019-05-24,2019-05-24
-1407206,773147,1,1,1,0,2019-07-13,2019-07-13
-1407205,772029,3,3,3,0,2019-04-22,2018-08-09
-1407205,772035,1,1,1,0,2019-04-14,2019-04-14
-1407205,772046,1,1,1,0,2017-04-23,2017-04-23
-1407205,772067,1,1,1,0,2019-07-24,2019-07-24
-1407205,772068,1,1,1,0,2019-06-16,2019-06-16
-1407205,772069,1,1,1,0,2017-04-23,2017-04-23
-1407205,772072,1,1,1,0,2019-06-16,2019-06-16
-1407205,772073,1,1,1,0,2019-04-22,2019-04-22
-1407205,772078,1,1,1,0,2018-07-18,2018-07-18
-1407205,772082,1,1,1,0,2016-04-24,2016-04-24
-1407205,772083,1,1,1,0,2018-04-28,2018-04-28
-1407205,772105,2,2,1,0,2019-06-11,2019-06-09
-1407205,772106,2,2,2,0,2019-06-16,2018-07-14
-1407205,772116,1,1,1,0,2017-09-02,2017-09-02
-1407205,772119,1,1,1,0,2016-05-20,2016-05-20
-1407205,772121,1,1,1,0,2018-07-14,2018-07-14
-1407205,772124,1,1,1,0,2019-06-16,2019-06-16
-1407205,772327,1,1,1,1,2016-05-20,2016-05-20
-1407205,772335,2,2,1,2,2019-05-09,2019-05-09
-1407205,772336,1,1,1,0,2019-05-24,2019-05-24
-1407205,772447,1,1,1,1,2018-10-21,2018-10-21
-1407205,772909,1,1,1,0,2019-04-27,2019-04-27
-1407205,772910,1,1,1,0,2019-04-27,2019-04-27
-1407205,772973,1,1,1,0,2019-04-29,2019-04-29
-1407205,773293,1,1,1,0,2017-03-19,2017-03-19
-1407204,772044,1,1,1,0,2016-05-20,2016-05-20
-1407204,772045,1,1,1,0,2016-05-20,2016-05-20
-1407204,772048,1,1,1,0,2017-04-23,2017-04-23
-1407204,772059,4,4,1,0,2019-04-22,2019-04-22
-1407204,772061,1,1,1,0,2016-05-20,2016-05-20
-1407204,772062,4,3,3,0,2019-06-07,2019-05-13
-1407204,772067,1,1,1,0,2019-04-14,2019-04-14
-1407204,772068,1,1,1,0,2019-04-22,2019-04-22
-1407204,772069,1,1,1,0,2018-08-17,2018-08-17
-1407204,772072,1,1,1,0,2019-05-11,2019-05-11
-1407204,772105,1,1,1,0,2019-06-07,2019-06-07
-1407204,772108,2,2,2,0,2019-06-07,2018-11-23
-1407204,772118,1,1,1,0,2017-11-22,2017-11-22
-1407204,772120,1,1,1,0,2017-04-05,2017-04-05
-1407204,772122,1,1,1,0,2016-05-20,2016-05-20
-1407204,772124,1,1,1,0,2018-09-22,2018-09-22
-1407204,772134,1,1,1,0,2018-09-16,2018-09-16
-1407204,772234,1,1,1,0,2017-02-13,2017-02-13
-1407204,772970,1,1,1,0,2019-04-29,2019-04-29
-1407204,773124,1,1,1,1,2018-05-06,2018-05-06
-1407203,772024,1,1,1,0,2019-05-24,2019-05-24
-1407203,772029,1,1,1,0,2019-05-19,2019-05-19
-1407203,772032,1,1,1,0,2017-09-16,2017-09-16
-1407203,772033,1,1,1,0,2016-05-20,2016-05-20
-1407203,772034,1,1,1,0,2017-04-23,2017-04-23
-1407203,772036,1,1,1,0,2019-04-14,2019-04-14
-1407203,772043,1,1,1,0,2017-04-23,2017-04-23
-1407203,772044,5,5,3,0,2016-05-21,2016-05-20
-1407203,772045,2,2,2,0,2019-06-07,2017-11-27
-1407203,772046,2,2,2,0,2019-06-16,2018-01-28
-1407203,772047,1,1,1,0,2019-06-16,2019-06-16
-1407203,772048,2,2,2,0,2019-06-25,2019-02-17
-1407203,772049,1,1,1,0,2018-10-20,2018-10-20
-1407203,772050,1,1,1,0,2016-10-28,2016-10-28
-1407203,772051,1,1,1,0,2016-05-20,2016-05-20
-1407203,772057,1,1,1,0,2017-07-19,2017-07-19
-1407203,772058,1,1,1,0,2016-05-20,2016-05-20
-1407203,772059,2,2,2,0,2018-05-12,2017-11-01
-1407203,772060,1,1,1,0,2018-04-15,2018-04-15
-1407203,772063,2,2,2,0,2016-05-20,2016-05-20
-1407203,772064,1,1,1,0,2017-04-05,2017-04-05
-1407203,772065,2,2,2,0,2017-07-19,2016-12-18
-1407203,772066,1,1,1,0,2017-04-23,2017-04-23
-1407203,772071,2,2,1,0,2018-07-18,2018-07-18
-1407203,772073,1,1,1,0,2019-04-21,2019-04-21
-1407203,772123,1,1,1,0,2018-07-08,2018-07-08
-1407203,772250,1,1,1,0,2019-03-31,2019-03-31
-1407203,772329,1,1,1,1,2019-05-24,2019-05-24
-1407203,772333,1,1,1,1,2019-05-24,2019-05-24
-1407203,772507,1,1,1,0,2018-11-24,2018-11-24
-1407203,772524,1,1,1,1,2018-11-14,2018-11-14
-1407203,772561,1,1,1,0,2018-09-29,2018-09-29
-1407203,772927,1,1,1,0,2017-11-21,2017-11-21
-1407203,772929,1,1,1,0,2017-11-25,2017-11-25
-1407202,772023,1,1,1,0,2019-06-07,2019-06-07
-1407202,772029,1,1,1,0,2016-12-25,2016-12-25
-1407202,772030,2,2,2,0,2017-07-19,2016-10-14
-1407202,772031,1,1,1,0,2016-05-20,2016-05-20
-1407202,772034,1,1,1,0,2019-04-18,2019-04-18
-1407202,772035,1,1,1,0,2018-07-14,2018-07-14
-1407202,772036,1,1,1,0,2016-10-28,2016-10-28
-1407202,772037,1,1,1,0,2017-07-19,2017-07-19
-1407202,772040,5,5,4,0,2018-07-14,2017-04-23
-1407202,772041,1,1,1,0,2017-08-12,2017-08-12
-1407202,772042,3,3,3,0,2019-07-11,2019-06-07
-1407202,772043,3,2,3,0,2019-05-08,2018-07-14
-1407202,772044,4,2,3,0,2018-09-30,2017-06-16
-1407202,772045,1,1,1,0,2019-04-22,2019-04-22
-1407202,772046,2,2,2,0,2019-07-26,2019-06-06
-1407202,772047,2,2,2,0,2019-04-18,2018-06-03
-1407202,772048,3,2,3,0,2019-04-23,2018-08-19
-1407202,772051,1,1,1,0,2018-08-09,2018-08-09
-1407202,772054,1,1,1,0,2016-05-20,2016-05-20
-1407202,772055,1,1,1,0,2018-04-15,2018-04-15
-1407202,772057,2,2,2,0,2019-06-11,2019-01-09
-1407202,772058,1,1,1,0,2019-06-25,2019-06-25
-1407202,772060,2,2,2,0,2019-05-19,2019-05-03
-1407202,772081,1,1,1,0,2016-01-10,2016-01-10
-1407202,772568,1,1,1,0,2019-05-18,2019-05-18
-1407202,772715,1,1,1,0,2016-04-30,2016-04-30
-1407202,772910,1,1,1,0,2019-04-27,2019-04-27
-1407202,772913,1,1,1,0,2019-04-27,2019-04-27
-1407202,773112,1,1,1,0,2016-08-14,2016-08-14
-1407202,773370,1,1,1,0,2016-08-06,2016-08-06
-1407201,772030,2,2,1,0,2018-07-14,2018-07-14
-1407201,772031,1,1,1,0,2016-05-20,2016-05-20
-1407201,772032,1,1,1,0,2017-07-19,2017-07-19
-1407201,772041,1,1,1,0,2019-05-22,2019-05-22
-1407201,772049,1,1,1,0,2019-04-17,2019-04-17
-1407201,772051,1,1,1,0,2018-05-12,2018-05-12
-1407201,772052,1,1,1,0,2019-04-23,2019-04-23
-1407201,772055,1,1,1,0,2016-05-20,2016-05-20
-1407201,772056,1,1,1,0,2016-05-20,2016-05-20
-1407201,772922,1,1,1,0,2017-11-25,2017-11-25
-1407201,773109,1,1,1,0,2016-08-14,2016-08-14
-1407201,774045,1,1,1,0,2019-04-02,2019-04-02
-1407201,774435,1,1,1,1,2019-05-03,2019-05-03
-1407200,772026,1,1,1,0,2018-04-28,2018-04-28
-1407200,772031,1,1,1,0,2016-05-20,2016-05-20
-1407200,772032,1,1,1,0,2016-12-25,2016-12-25
-1407200,772532,1,1,1,0,2019-05-18,2019-05-18
-1407200,774052,1,1,1,0,2017-04-26,2017-04-26
-1407199,772028,1,1,1,0,2017-06-12,2017-06-12
-1407199,772238,1,1,1,0,2017-02-13,2017-02-13
-1407199,772908,1,1,1,0,2019-04-27,2019-04-27
-1407199,772929,1,1,1,0,2017-11-25,2017-11-25
-1407199,772992,1,1,1,0,2019-04-29,2019-04-29
-1407198,772028,1,1,1,0,2016-01-10,2016-01-10
-1407198,772240,1,1,1,0,2017-12-14,2017-12-14
-1407198,772582,1,1,1,0,2019-04-27,2019-04-27
-1407198,772923,1,1,1,0,2017-11-25,2017-11-25
-1407198,772977,1,1,1,0,2019-04-29,2019-04-29
-1407198,773165,1,1,1,0,2019-06-27,2019-06-27
-1407197,772031,1,1,1,0,2016-07-26,2016-07-26
-1407197,772236,1,1,1,0,2019-03-16,2019-03-16
-1407197,772553,1,1,1,0,2017-07-09,2017-07-09
-1407197,772909,1,1,1,0,2019-04-27,2019-04-27
-1407197,772928,1,1,1,0,2017-11-21,2017-11-21
-1407197,772929,1,1,1,0,2017-11-25,2017-11-25
-1407197,773110,1,1,1,0,2019-04-27,2019-04-27
-1407197,773960,1,1,1,0,2018-07-26,2018-07-26
-1407196,772569,1,1,1,0,2019-06-30,2019-06-30
-1407196,772593,1,1,1,0,2019-04-27,2019-04-27
-1407196,772602,1,1,1,0,2017-04-08,2017-04-08
-1407196,772603,2,1,1,0,2017-04-08,2017-04-08
-1407196,772789,1,1,1,1,2019-04-07,2019-04-07
-1407196,772909,1,1,1,0,2019-04-27,2019-04-27
-1407196,772973,1,1,1,0,2018-08-12,2018-08-12
-1407196,772990,1,1,1,1,2018-03-08,2018-03-08
-1407195,771912,1,1,1,0,2019-01-01,2019-01-01
-1407195,772031,1,1,1,0,2016-07-26,2016-07-26
-1407195,772910,1,1,1,0,2019-04-27,2019-04-27
-1407195,772911,1,1,1,0,2019-04-27,2019-04-27
-1407195,772991,1,1,1,0,2019-04-29,2019-04-29
-1407195,773113,1,1,1,0,2016-08-10,2016-08-10
-1407194,772608,1,1,1,0,2018-09-08,2018-09-08
-1407194,773018,1,1,1,1,2018-07-14,2018-07-14
-1407194,773040,1,1,1,0,2019-07-24,2019-07-24
-1407194,774031,1,1,1,0,2019-04-02,2019-04-02
-1407193,772548,1,1,1,0,2018-09-29,2018-09-29
-1407193,772570,1,1,1,0,2019-02-14,2019-02-14
-1407193,772584,1,1,1,0,2018-10-09,2018-10-09
-1407193,772930,1,1,1,0,2017-11-21,2017-11-21
-1407193,772974,1,1,1,0,2019-04-29,2019-04-29
-1407193,772992,1,1,1,1,2019-04-29,2019-04-29
-1407193,773094,1,1,1,0,2019-05-18,2019-05-18
-1407192,772424,1,1,1,0,2017-05-26,2017-05-26
-1407191,772973,1,1,1,0,2019-03-10,2019-03-10
-1407191,772976,1,1,1,0,2019-04-29,2019-04-29
-1407191,773960,2,1,1,0,2019-01-07,2019-01-07
-1407190,772483,1,1,1,0,2019-05-21,2019-05-21
-1407190,772576,1,1,1,0,2019-05-18,2019-05-18
-1407190,772977,1,1,1,0,2019-04-06,2019-04-06
-1407190,773111,1,1,1,0,2019-04-27,2019-04-27
-1407189,772589,1,1,1,0,2018-09-29,2018-09-29
-1407189,773004,1,1,1,0,2019-02-02,2019-02-02
-1407189,773116,1,1,1,0,2019-04-27,2019-04-27
-1407189,773281,1,1,1,0,2017-02-26,2017-02-26
-1407188,772578,1,1,1,0,2019-02-14,2019-02-14
-1407188,772978,1,1,1,0,2019-04-29,2019-04-29
-1407188,773115,1,1,1,0,2017-11-04,2017-11-04
-1407188,773798,1,1,1,0,2017-06-08,2017-06-08
-1407187,772990,1,1,1,1,2019-04-29,2019-04-29
-1407187,772991,1,1,1,0,2019-04-29,2019-04-29
-1407187,772992,1,1,1,0,2019-04-29,2019-04-29
-1407187,773114,1,1,1,0,2019-04-27,2019-04-27
-1407186,772406,1,1,1,1,2018-04-25,2018-04-25
-1407186,772620,1,1,1,0,2018-09-08,2018-09-08
-1407186,772914,1,1,1,0,2019-06-06,2019-06-06
-1407186,772992,1,1,1,0,2019-04-29,2019-04-29
-1407186,773103,1,1,1,0,2018-04-22,2018-04-22
-1407186,773118,1,1,1,0,2017-11-04,2017-11-04
-1407186,774077,1,1,1,0,2018-09-20,2018-09-20
-1407185,772227,1,1,1,0,2019-01-04,2019-01-04
-1407185,773993,1,1,1,1,2019-04-28,2019-04-28
-1407184,772584,1,1,1,0,2018-09-29,2018-09-29
-1407184,773113,1,1,1,0,2017-11-04,2017-11-04
-1407184,773989,1,1,1,0,2019-06-03,2019-06-03
-1407184,773991,1,1,1,1,2019-04-28,2019-04-28
-1407184,774076,1,1,1,0,2018-10-12,2018-10-12
-1407183,772379,1,1,1,1,2019-05-02,2019-05-02
-1407183,772578,1,1,1,0,2018-09-02,2018-09-02
-1407183,773114,1,1,1,0,2019-04-27,2019-04-27
-1407183,773122,1,1,1,0,2018-09-23,2018-09-23
-1407183,773990,2,2,1,2,2019-04-28,2019-04-28
-1407183,774077,2,2,1,0,2019-05-08,2018-11-21
-1407182,772368,1,1,1,0,2019-02-15,2019-02-15
-1407182,772450,1,1,1,1,2019-06-02,2019-06-02
-1407182,772579,1,1,1,0,2019-03-17,2019-03-17
-1407182,772876,1,1,1,0,2019-04-17,2019-04-17
-1407182,772991,1,1,1,0,2019-04-29,2019-04-29
-1407182,773060,1,1,1,0,2019-04-28,2019-04-28
-1407182,773111,1,1,1,0,2019-04-27,2019-04-27
-1407181,772580,1,1,1,0,2018-04-22,2018-04-22
-1407181,772833,1,1,1,0,2019-07-13,2019-07-13
-1407181,772974,1,1,1,0,2019-04-28,2019-04-28
-1407181,772975,1,1,1,1,2019-04-29,2019-04-29
-1407181,772991,1,1,1,1,2019-04-29,2019-04-29
-1407181,772992,1,1,1,0,2019-04-29,2019-04-29
-1407181,773113,1,1,1,0,2019-04-27,2019-04-27
-1407181,773114,1,1,1,0,2019-04-27,2019-04-27
-1407181,773684,1,1,1,0,2019-07-13,2019-07-13
-1407180,772571,1,1,1,0,2018-09-02,2018-09-02
-1407180,772989,1,1,1,1,2019-04-29,2019-04-29
-1407180,773285,1,1,1,0,2016-03-26,2016-03-26
-1407180,774075,2,2,1,0,2018-09-05,2018-07-19
-1407180,774076,4,4,1,1,2018-06-06,2018-06-03
-1407179,772570,1,1,1,1,2018-09-03,2018-09-03
-1407179,772571,1,1,1,0,2018-08-30,2018-08-30
-1407179,773410,1,1,1,1,2018-05-01,2018-05-01
-1407179,774050,1,1,1,0,2019-03-28,2019-03-28
-1407178,772569,1,1,1,0,2017-07-09,2017-07-09
-1407178,772905,1,1,1,0,2019-03-27,2019-03-27
-1407178,772961,1,1,1,0,2019-03-10,2019-03-10
-1407178,773054,1,1,1,0,2018-09-08,2018-09-08
-1407178,773119,1,1,1,0,2017-11-04,2017-11-04
-1407178,773284,1,1,1,0,2016-05-08,2016-05-08
-1407178,773286,1,1,1,0,2016-08-27,2016-08-27
-1407178,774076,1,1,1,0,2018-10-24,2018-10-24
-1407177,772297,1,1,1,0,2019-05-24,2019-05-24
-1407177,772607,1,1,1,0,2019-05-17,2019-05-17
-1407177,772709,1,1,1,1,2019-04-27,2019-04-27
-1407177,772908,1,1,1,0,2019-04-27,2019-04-27
-1407177,772973,1,1,1,0,2019-04-29,2019-04-29
-1407177,773285,1,1,1,0,2019-06-03,2019-06-03
-1407176,771952,1,1,1,0,2016-12-25,2016-12-25
-1407176,772972,1,1,1,0,2019-04-28,2019-04-28
-1407176,773117,2,2,2,0,2018-05-21,2017-11-08
-1407176,773662,1,1,1,0,2017-07-02,2017-07-02
-1407175,772259,1,1,1,0,2017-06-07,2017-06-07
-1407175,772567,1,1,1,0,2017-07-09,2017-07-09
-1407175,772922,1,1,1,0,2017-10-21,2017-10-21
-1407175,772991,1,1,1,1,2019-04-29,2019-04-29
-1407175,772992,1,1,1,1,2019-04-29,2019-04-29
-1407175,773114,1,1,1,0,2019-04-26,2019-04-26
-1407175,773285,1,1,1,0,2016-08-27,2016-08-27
-1407174,772991,1,1,1,0,2019-04-29,2019-04-29
-1407173,772216,1,1,1,0,2017-09-07,2017-09-07
-1407173,772233,1,1,1,0,2017-06-07,2017-06-07
-1407173,772449,1,1,1,1,2018-12-03,2018-12-03
-1407173,772588,1,1,1,0,2019-03-23,2019-03-23
-1407173,772970,1,1,1,0,2019-04-29,2019-04-29
-1407173,773806,1,1,1,0,2018-05-31,2018-05-31
-1407173,773808,1,1,1,0,2017-06-08,2017-06-08
-1407172,772225,1,1,1,0,2016-10-26,2016-10-26
-1407172,772226,1,1,1,0,2017-06-07,2017-06-07
-1407172,772945,1,1,1,0,2019-05-30,2019-05-30
-1407172,772992,1,1,1,1,2019-04-29,2019-04-29
-1407171,772940,2,2,1,0,2017-11-25,2017-11-25
-1407171,772971,1,1,1,0,2019-04-29,2019-04-29
-1407171,772991,1,1,1,1,2019-04-29,2019-04-29
-1407170,772249,1,1,1,0,2017-09-07,2017-09-07
-1407170,773288,1,1,1,0,2017-02-26,2017-02-26
-1407170,773295,1,1,1,0,2016-04-02,2016-04-02
-1407170,773710,1,1,1,0,2016-07-17,2016-07-17
-1407169,772953,1,1,1,0,2019-04-27,2019-04-27
-1407169,773063,1,1,1,1,2019-04-28,2019-04-28
-1407168,772224,1,1,1,0,2017-12-14,2017-12-14
-1407168,772953,1,1,1,0,2019-04-27,2019-04-27
-1407168,773167,1,1,1,1,2019-06-27,2019-06-27
-1407168,773286,1,1,1,0,2016-03-26,2016-03-26
-1407168,774051,1,1,1,0,2019-03-28,2019-03-28
-1407168,774052,1,1,1,0,2019-03-28,2019-03-28
-1407167,772438,1,1,1,1,2019-04-13,2019-04-13
-1407167,772991,1,1,1,1,2019-04-29,2019-04-29
-1407167,772992,3,2,3,0,2019-04-29,2019-04-29
-1407166,772990,1,1,1,1,2019-04-29,2019-04-29
-1407166,772991,2,2,1,1,2019-04-29,2019-04-29
-1407166,772993,1,1,1,1,2019-04-29,2019-04-29
-1407165,772966,1,1,1,1,2019-04-29,2019-04-29
-1407165,772967,1,1,1,0,2019-04-29,2019-04-29
-1407165,772970,1,1,1,0,2019-04-29,2019-04-29
-1407165,772991,1,1,1,1,2019-04-29,2019-04-29
-1407165,772992,1,1,1,0,2019-04-29,2019-04-29
-1407165,773059,1,1,1,0,2019-04-28,2019-04-28
-1407165,773060,1,1,1,0,2019-04-28,2019-04-28
-1407164,772344,1,1,1,0,2017-03-22,2017-03-22
-1407164,773116,1,1,1,0,2017-11-04,2017-11-04
-1407164,773907,1,1,1,0,2016-05-20,2016-05-20
-1407163,772632,1,1,1,0,2019-06-30,2019-06-30
-1407163,773011,1,1,1,0,2017-10-04,2017-10-04
-1407162,771283,1,1,1,1,2018-06-23,2018-06-23
-1407162,772227,1,1,1,0,2017-06-07,2017-06-07
-1407162,772251,1,1,1,0,2018-12-04,2018-12-04
-1407162,773029,1,1,1,0,2019-04-17,2019-04-17
-1407161,772300,1,1,1,0,2017-01-22,2017-01-22
-1407161,773817,1,1,1,0,2017-06-08,2017-06-08
-1407161,774053,1,1,1,0,2019-05-02,2019-05-02
-1407160,773019,1,1,1,0,2019-03-16,2019-03-16
-1407159,772554,1,1,1,0,2019-06-09,2019-06-09
-1407159,772962,1,1,1,0,2019-04-27,2019-04-27
-1407159,772991,2,1,2,2,2019-04-29,2019-04-29
-1407159,772993,1,1,1,1,2019-04-29,2019-04-29
-1407159,773112,1,1,1,0,2019-04-27,2019-04-27
-1407158,772204,1,1,1,0,2019-05-24,2019-05-24
-1407158,772990,1,1,1,1,2019-04-29,2019-04-29
-1407158,772991,3,3,3,2,2019-04-29,2019-04-29
-1407158,772992,2,1,2,2,2019-04-29,2019-04-29
-1407158,774052,1,1,1,0,2019-03-28,2019-03-28
-1407157,772887,1,1,1,0,2019-04-27,2019-04-27
-1407157,772991,1,1,1,1,2019-04-29,2019-04-29
-1407157,772992,2,2,2,2,2019-04-29,2019-04-29
-1407156,772149,1,1,1,1,2016-10-24,2016-10-24
-1407156,772990,1,1,1,1,2019-04-29,2019-04-29
-1407156,772992,1,1,1,1,2019-04-29,2019-04-29
-1407156,773111,1,1,1,0,2016-08-27,2016-08-27
-1407156,773285,1,1,1,0,2016-03-26,2016-03-26
-1407155,772240,1,1,1,0,2017-06-07,2017-06-07
-1407154,771783,1,1,1,0,2019-05-24,2019-05-24
-1407154,771786,1,1,1,0,2019-04-26,2019-04-26
-1407154,772259,1,1,1,0,2017-06-07,2017-06-07
-1407154,772424,1,1,1,1,2019-02-16,2019-02-16
-1407154,772852,1,1,1,1,2018-09-22,2018-09-22
-1407154,772956,1,1,1,0,2019-04-27,2019-04-27
-1407154,773025,1,1,1,1,2018-05-08,2018-05-08
-1407153,772794,1,1,1,0,2017-08-26,2017-08-26
-1407153,773285,1,1,1,0,2018-09-28,2018-09-28
-1407153,773286,1,1,1,0,2018-09-28,2018-09-28
-1407152,772245,1,1,1,1,2019-04-07,2019-04-07
-1407152,772357,1,1,1,1,2018-04-17,2018-04-17
-1407152,772801,1,1,1,0,2019-05-09,2019-05-09
-1407152,773024,1,1,1,0,2018-10-13,2018-10-13
-1407152,773030,1,1,1,0,2018-07-13,2018-07-13
-1407152,773112,1,1,1,0,2018-04-24,2018-04-24
-1407152,773283,1,1,1,0,2019-05-23,2019-05-23
-1407151,772801,1,1,1,0,2019-05-09,2019-05-09
-1407151,772957,1,1,1,0,2019-04-27,2019-04-27
-1407151,773115,1,1,1,0,2016-04-03,2016-04-03
-1407150,773383,2,2,1,2,2018-05-01,2018-05-01
-1407149,773115,1,1,1,0,2016-10-16,2016-10-16
-1407149,773382,1,1,1,1,2018-05-01,2018-05-01
-1407149,773806,1,1,1,1,2017-06-08,2017-06-08
-1407148,772190,1,1,1,0,2017-02-13,2017-02-13
-1407148,772639,1,1,1,0,2019-06-30,2019-06-30
-1407148,772939,1,1,1,1,2019-06-26,2019-06-26
-1407148,773642,1,1,1,0,2016-05-21,2016-05-21
-1407148,773806,1,1,1,0,2019-07-12,2019-07-12
-1407147,772259,1,1,1,0,2017-06-07,2017-06-07
-1407147,772633,1,1,1,0,2018-09-29,2018-09-29
-1407147,772815,1,1,1,0,2018-03-23,2018-03-23
-1407147,773807,1,1,1,0,2019-05-10,2019-05-10
-1407146,771819,1,1,1,0,2019-04-29,2019-04-29
-1407146,772297,1,1,1,0,2016-06-07,2016-06-07
-1407146,772971,1,1,1,0,2019-04-27,2019-04-27
-1407146,772976,1,1,1,0,2019-05-09,2019-05-09
-1407146,773804,1,1,1,0,2019-04-28,2019-04-28
-1407146,773806,1,1,1,0,2019-04-28,2019-04-28
-1407145,772261,1,1,1,0,2018-07-27,2018-07-27
-1407145,772476,1,1,1,0,2018-10-12,2018-10-12
-1407145,772973,1,1,1,0,2019-04-28,2019-04-28
-1407145,772974,1,1,1,0,2019-04-25,2019-04-25
-1407145,772975,1,1,1,0,2018-05-11,2018-05-11
-1407145,773111,1,1,1,0,2017-03-24,2017-03-24
-1407144,772275,1,1,1,0,2017-06-07,2017-06-07
-1407144,772476,1,1,1,0,2018-10-13,2018-10-13
-1407144,772973,1,1,1,0,2019-06-17,2019-06-17
-1407144,772974,1,1,1,0,2018-05-11,2018-05-11
-1407144,772983,1,1,1,1,2018-03-21,2018-03-21
-1407144,774036,1,1,1,0,2016-05-21,2016-05-21
-1407143,772270,1,1,1,0,2017-06-07,2017-06-07
-1407143,772322,1,1,1,0,2018-09-16,2018-09-16
-1407143,772329,1,1,1,0,2018-06-26,2018-06-26
-1407143,773405,2,2,1,0,2018-01-04,2018-01-04
-1407143,773829,1,1,1,0,2017-06-08,2017-06-08
-1407142,772200,1,1,1,1,2019-05-22,2019-05-22
-1407142,772291,1,1,1,0,2016-05-13,2016-05-13
-1407142,772977,1,1,1,1,2019-07-07,2019-07-07
-1407142,774039,1,1,1,0,2016-05-21,2016-05-21
-1407141,772983,1,1,1,0,2019-01-12,2019-01-12
-1407141,773290,1,1,1,0,2017-03-05,2017-03-05
-1407141,773810,1,1,1,0,2019-04-28,2019-04-28
-1407140,772288,1,1,1,0,2019-04-30,2019-04-30
-1407140,772292,1,1,1,0,2017-06-07,2017-06-07
-1407140,772645,1,1,1,0,2019-03-27,2019-03-27
-1407140,773111,1,1,1,0,2018-04-21,2018-04-21
-1407140,773811,1,1,1,0,2017-09-20,2017-09-20
-1407140,773881,1,1,1,1,2019-04-06,2019-04-06
-1407139,772173,1,1,1,0,2018-06-17,2018-06-17
-1407139,772303,1,1,1,0,2017-06-07,2017-06-07
-1407138,771899,1,1,1,0,2019-01-01,2019-01-01
-1407138,772173,1,1,1,0,2018-06-17,2018-06-17
-1407138,772178,1,1,1,0,2017-02-13,2017-02-13
-1407138,772785,1,1,1,0,2019-04-30,2019-04-30
-1407138,774016,1,1,1,0,2016-05-20,2016-05-20
-1407137,772113,1,1,1,0,2017-12-14,2017-12-14
-1407137,772140,1,1,1,0,2017-12-14,2017-12-14
-1407137,772637,1,1,1,0,2019-05-23,2019-05-23
-1407137,772680,1,1,1,0,2017-03-18,2017-03-18
-1407137,772967,1,1,1,0,2019-04-17,2019-04-17
-1407136,772646,1,1,1,0,2017-05-14,2017-05-14
-1407136,772679,1,1,1,0,2019-05-04,2019-05-04
-1407136,773835,1,1,1,0,2017-06-08,2017-06-08
-1407135,772112,1,1,1,0,2018-07-31,2018-07-31
-1407135,772681,1,1,1,0,2017-03-18,2017-03-18
-1407135,772952,1,1,1,0,2017-10-04,2017-10-04
-1407135,772970,1,1,1,0,2019-04-28,2019-04-28
-1407134,773106,1,1,1,0,2017-04-23,2017-04-23
-1407133,772111,1,1,1,0,2018-07-31,2018-07-31
-1407133,772289,1,1,1,0,2016-07-18,2016-07-18
-1407132,772651,1,1,1,0,2017-03-18,2017-03-18
-1407132,773293,1,1,1,0,2017-04-27,2017-04-27
-1407131,772315,1,1,1,0,2019-04-30,2019-04-30
-1407131,772965,2,2,1,0,2019-04-28,2019-04-28
-1407131,772967,2,2,1,0,2019-04-28,2019-04-28
-1407131,773092,1,1,1,0,2017-04-09,2017-04-09
-1407131,773588,1,1,1,0,2016-05-21,2016-05-21
-1407131,773944,1,1,1,1,2016-06-09,2016-06-09
-1407130,770583,1,1,1,1,2018-12-12,2018-12-12
-1407130,772103,1,1,1,1,2019-03-30,2019-03-30
-1407130,773368,1,1,1,1,2018-05-01,2018-05-01
-1407129,772122,1,1,1,1,2018-08-24,2018-08-24
-1407129,772653,1,1,1,0,2019-05-04,2019-05-04
-1407129,772967,1,1,1,0,2019-04-28,2019-04-28
-1407129,774506,1,1,1,0,2019-04-17,2019-04-17
-1407128,772978,1,1,1,0,2017-11-21,2017-11-21
-1407128,772979,1,1,1,0,2017-11-21,2017-11-21
-1407128,772980,1,1,1,0,2017-11-21,2017-11-21
-1407128,772983,8,8,1,0,2017-11-19,2017-11-19
-1407128,773104,1,1,1,0,2016-11-26,2016-11-26
-1407127,772493,1,1,1,0,2018-01-20,2018-01-20
-1407127,772978,3,3,1,0,2017-11-21,2017-11-21
-1407126,772321,1,1,1,0,2017-06-07,2017-06-07
-1407125,772322,1,1,1,0,2017-06-07,2017-06-07
-1407125,772530,1,1,1,0,2019-03-27,2019-03-27
-1407125,772972,1,1,1,0,2019-04-29,2019-04-29
-1407124,772508,1,1,1,0,2018-01-20,2018-01-20
-1407124,772984,1,1,1,0,2017-11-19,2017-11-19
-1407124,773111,1,1,1,0,2019-04-27,2019-04-27
-1407124,773221,1,1,1,0,2018-05-01,2018-05-01
-1407123,772966,1,1,1,0,2019-04-28,2019-04-28
-1407123,772968,2,2,1,0,2019-04-28,2019-04-28
-1407122,773104,1,1,1,0,2016-11-26,2016-11-26
-1407121,772989,1,1,1,0,2017-11-21,2017-11-21
-1407121,773106,1,1,1,0,2018-10-28,2018-10-28
-1407121,773569,1,1,1,0,2016-05-21,2016-05-21
-1407120,771520,1,1,1,0,2016-06-23,2016-06-23
-1407120,772107,1,1,1,0,2018-05-11,2018-05-11
-1407120,772831,1,1,1,0,2017-11-23,2017-11-23
-1407120,772969,1,1,1,0,2019-04-28,2019-04-28
-1407119,772307,1,1,1,0,2018-07-30,2018-07-30
-1407119,772336,1,1,1,0,2017-06-07,2017-06-07
-1407119,772487,1,1,1,0,2018-01-20,2018-01-20
-1407119,774043,1,1,1,0,2016-05-21,2016-05-21
-1407118,772914,1,1,1,0,2017-10-04,2017-10-04
-1407118,772925,1,1,1,0,2019-04-27,2019-04-27
-1407118,773102,1,1,1,0,2016-11-26,2016-11-26
-1407118,773208,2,2,1,1,2019-04-30,2019-04-30
-1407118,773570,1,1,1,0,2016-05-21,2016-05-21
-1407118,773593,1,1,1,0,2016-05-21,2016-05-21
-1407118,773602,1,1,1,0,2016-07-03,2016-07-03
-1407118,773608,1,1,1,0,2016-07-03,2016-07-03
-1407118,773789,1,1,1,1,2017-09-24,2017-09-24
-1407118,774043,1,1,1,0,2016-05-21,2016-05-21
-1407117,772290,1,1,1,0,2016-10-27,2016-10-27
-1407117,772354,1,1,1,0,2017-12-14,2017-12-14
-1407117,772453,1,1,1,1,2019-06-02,2019-06-02
-1407117,772488,1,1,1,0,2018-01-20,2018-01-20
-1407117,772520,1,1,1,0,2017-05-28,2017-05-28
-1407117,772909,1,1,1,0,2018-07-14,2018-07-14
-1407117,773208,2,2,1,1,2019-04-30,2019-04-30
-1407117,773211,1,1,1,0,2019-04-30,2019-04-30
-1407116,772313,1,1,1,0,2019-04-29,2019-04-29
-1407116,772493,1,1,1,0,2018-01-20,2018-01-20
-1407116,772748,1,1,1,0,2019-05-17,2019-05-17
-1407116,772871,1,1,1,0,2019-06-19,2019-06-19
-1407116,772967,1,1,1,1,2019-04-29,2019-04-29
-1407116,772984,1,1,1,0,2017-11-22,2017-11-22
-1407116,773161,1,1,1,0,2017-04-02,2017-04-02
-1407115,772014,1,1,1,0,2017-12-14,2017-12-14
-1407115,772341,1,1,1,0,2018-03-25,2018-03-25
-1407115,772374,1,1,1,1,2019-06-08,2019-06-08
-1407115,772984,1,1,1,0,2017-11-22,2017-11-22
-1407115,773213,1,1,1,1,2019-04-30,2019-04-30
-1407115,773605,1,1,1,0,2016-07-03,2016-07-03
-1407115,773613,1,1,1,0,2016-07-03,2016-07-03
-1407114,772014,1,1,1,0,2019-03-22,2019-03-22
-1407114,772311,1,1,1,0,2019-04-29,2019-04-29
-1407114,772316,1,1,1,0,2019-04-29,2019-04-29
-1407114,772566,1,1,1,0,2019-02-05,2019-02-05
-1407114,772915,1,1,1,0,2016-05-15,2016-05-15
-1407114,772969,2,2,1,0,2019-04-28,2019-04-28
-1407114,773099,1,1,1,0,2016-11-26,2016-11-26
-1407114,773609,1,1,1,0,2018-07-07,2018-07-07
-1407114,773790,1,1,1,1,2017-09-23,2017-09-23
-1407113,772369,1,1,1,1,2018-04-26,2018-04-26
-1407113,772971,1,1,1,0,2019-04-28,2019-04-28
-1407113,773596,2,2,1,0,2016-07-03,2016-07-03
-1407113,773618,1,1,1,0,2016-07-03,2016-07-03
-1407112,772315,2,2,1,1,2019-04-29,2019-04-29
-1407112,772364,1,1,1,0,2018-04-02,2018-04-02
-1407112,772452,1,1,1,1,2018-05-06,2018-05-06
-1407112,773192,1,1,1,1,2019-04-28,2019-04-28
-1407112,773222,1,1,1,0,2019-04-30,2019-04-30
-1407112,773232,1,1,1,0,2019-04-30,2019-04-30
-1407111,772138,1,1,1,1,2018-07-05,2018-07-05
-1407111,772314,2,2,1,0,2019-04-29,2019-04-29
-1407111,772359,1,1,1,0,2017-06-07,2017-06-07
-1407111,773046,1,1,1,0,2019-06-26,2019-06-26
-1407111,773226,1,1,1,0,2019-04-30,2019-04-30
-1407111,773241,1,1,1,0,2019-04-30,2019-04-30
-1407111,773580,1,1,1,0,2016-05-21,2016-05-21
-1407111,773603,1,1,1,0,2016-07-03,2016-07-03
-1407111,773608,1,1,1,0,2016-07-03,2016-07-03
-1407111,773627,1,1,1,0,2017-07-02,2017-07-02
-1407110,772316,1,1,1,0,2019-04-29,2019-04-29
-1407110,772362,1,1,1,0,2017-06-07,2017-06-07
-1407110,772895,1,1,1,0,2019-06-11,2019-06-11
-1407110,773233,1,1,1,0,2019-04-30,2019-04-30
-1407110,773234,1,1,1,0,2019-04-30,2019-04-30
-1407110,773235,1,1,1,1,2019-04-30,2019-04-30
-1407110,773789,1,1,1,1,2017-09-23,2017-09-23
-1407110,773848,1,1,1,0,2017-06-08,2017-06-08
-1407109,772378,1,1,1,0,2019-04-28,2019-04-28
-1407109,773618,1,1,1,0,2016-11-19,2016-11-19
-1407108,772008,1,1,1,0,2019-06-14,2019-06-14
-1407108,773615,1,1,1,0,2016-11-19,2016-11-19
-1407107,772311,1,1,1,0,2019-04-29,2019-04-29
-1407107,772889,1,1,1,1,2019-06-11,2019-06-11
-1407107,773281,1,1,1,0,2016-04-02,2016-04-02
-1407106,772387,1,1,1,0,2017-12-14,2017-12-14
-1407106,772893,1,1,1,1,2017-10-07,2017-10-07
-1407106,773098,1,1,1,0,2016-11-26,2016-11-26
-1407106,773619,2,2,1,0,2016-02-26,2016-02-26
-1407106,773623,2,2,1,0,2016-11-19,2016-09-10
-1407105,772508,1,1,1,0,2018-03-29,2018-03-29
-1407105,772804,1,1,1,0,2019-05-07,2019-05-07
-1407105,772896,1,1,1,1,2017-11-29,2017-11-29
-1407105,773612,4,3,1,0,2016-11-19,2016-11-19
-1407104,772334,1,1,1,0,2019-04-29,2019-04-29
-1407104,772896,1,1,1,1,2017-09-16,2017-09-16
-1407104,773402,1,1,1,0,2019-06-20,2019-06-20
-1407104,773594,1,1,1,0,2016-05-21,2016-05-21
-1407104,773604,2,1,1,0,2016-11-19,2016-11-19
-1407104,773788,1,1,1,1,2017-09-23,2017-09-23
-1407104,773852,1,1,1,0,2017-06-08,2017-06-08
-1407104,774036,1,1,1,0,2019-03-09,2019-03-09
-1407104,774038,1,1,1,0,2016-05-21,2016-05-21
-1407103,773595,1,1,1,0,2016-05-21,2016-05-21
-1407103,773596,1,1,1,0,2016-05-21,2016-05-21
-1407103,773606,1,1,1,0,2016-02-26,2016-02-26
-1407103,773609,1,1,1,0,2016-02-26,2016-02-26
-1407103,773613,1,1,1,0,2016-02-22,2016-02-22
-1407103,773615,1,1,1,0,2016-07-03,2016-07-03
-1407103,773632,2,2,1,0,2017-07-02,2017-07-02
-1407103,774031,1,1,1,0,2016-05-21,2016-05-21
-1407102,772383,1,1,1,0,2017-06-07,2017-06-07
-1407102,772414,1,1,1,0,2019-04-28,2019-04-28
-1407102,772907,1,1,1,0,2018-12-28,2018-12-28
-1407102,773031,1,1,1,0,2019-04-28,2019-04-28
-1407101,772225,1,1,1,0,2017-09-22,2017-09-22
-1407101,772398,1,1,1,0,2017-12-14,2017-12-14
-1407101,772510,1,1,1,0,2016-04-03,2016-04-03
-1407101,773096,3,3,1,0,2016-11-26,2016-11-26
-1407101,773603,1,1,1,0,2016-02-26,2016-02-26
-1407101,773612,1,1,1,0,2016-07-03,2016-07-03
-1407101,773613,1,1,1,0,2016-02-26,2016-02-26
-1407101,773620,1,1,1,0,2016-07-03,2016-07-03
-1407101,773786,2,2,1,0,2019-04-28,2019-04-28
-1407101,774123,1,1,1,1,2016-05-20,2016-05-20
-1407100,772675,1,1,1,0,2019-03-27,2019-03-27
-1407100,772912,1,1,1,0,2019-04-17,2019-04-17
-1407100,773600,1,1,1,0,2016-02-26,2016-02-26
-1407100,773613,1,1,1,0,2016-02-26,2016-02-26
-1407100,773614,1,1,1,0,2016-02-26,2016-02-26
-1407100,773616,1,1,1,0,2016-02-26,2016-02-26
-1407100,773617,1,1,1,0,2016-02-26,2016-02-26
-1407100,774122,1,1,1,0,2016-05-20,2016-05-20
-1407099,772472,1,1,1,0,2018-10-07,2018-10-07
-1407099,773613,4,2,3,0,2016-02-26,2016-02-26
-1407099,773615,1,1,1,0,2016-02-26,2016-02-26
-1407099,773617,1,1,1,0,2016-02-26,2016-02-26
-1407099,773618,3,3,1,0,2016-02-26,2016-02-26
-1407099,773633,3,3,1,0,2016-09-03,2016-09-03
-1407099,774121,1,1,1,0,2016-05-20,2016-05-20
-1407098,772955,1,1,1,1,2019-07-21,2019-07-21
-1407098,773072,1,1,1,0,2019-04-27,2019-04-27
-1407098,773597,1,1,1,0,2016-05-21,2016-05-21
-1407098,773600,1,1,1,0,2016-02-26,2016-02-26
-1407098,773610,1,1,1,0,2016-02-26,2016-02-26
-1407098,773614,1,1,1,0,2017-07-02,2017-07-02
-1407098,773615,1,1,1,0,2016-02-26,2016-02-26
-1407098,773617,1,1,1,0,2016-02-26,2016-02-26
-1407098,773620,1,1,1,0,2016-07-03,2016-07-03
-1407098,773623,2,2,1,0,2016-11-19,2016-09-10
-1407098,773749,1,1,1,0,2018-04-14,2018-04-14
-1407097,772263,1,1,1,0,2019-04-30,2019-04-30
-1407097,772408,1,1,1,0,2017-10-15,2017-10-15
-1407097,772676,1,1,1,0,2019-02-26,2019-02-26
-1407097,772935,1,1,1,0,2018-08-08,2018-08-08
-1407097,772974,1,1,1,0,2019-04-28,2019-04-28
-1407097,773073,1,1,1,0,2018-04-29,2018-04-29
-1407097,773601,1,1,1,0,2016-02-26,2016-02-26
-1407097,773608,1,1,1,0,2016-02-26,2016-02-26
-1407097,773609,1,1,1,0,2016-02-26,2016-02-26
-1407097,773615,1,1,1,0,2016-07-03,2016-07-03
-1407096,772674,1,1,1,0,2017-05-14,2017-05-14
-1407096,773076,1,1,1,0,2019-04-27,2019-04-27
-1407096,773608,2,2,2,0,2016-02-26,2016-02-26
-1407096,773609,1,1,1,0,2016-02-26,2016-02-26
-1407096,773610,1,1,1,0,2016-02-26,2016-02-26
-1407096,773615,1,1,1,0,2016-02-26,2016-02-26
-1407096,773617,1,1,1,0,2016-02-26,2016-02-26
-1407096,773746,1,1,1,0,2019-04-28,2019-04-28
-1407096,773750,1,1,1,0,2019-07-04,2019-07-04
-1407096,773755,2,2,1,0,2019-04-28,2019-04-27
-1407096,774023,1,1,1,0,2016-05-21,2016-05-21
-1407096,774028,1,1,1,0,2016-05-21,2016-05-21
-1407095,772185,1,1,1,1,2016-03-10,2016-03-10
-1407095,772208,1,1,1,0,2018-04-29,2018-04-29
-1407095,772471,1,1,1,0,2019-03-10,2019-03-10
-1407095,773084,1,1,1,0,2018-09-26,2018-09-26
-1407095,773102,1,1,1,0,2019-04-20,2019-04-20
-1407095,773138,1,1,1,0,2017-10-17,2017-10-17
-1407095,773753,1,1,1,0,2019-04-26,2019-04-26
-1407095,773757,1,1,1,0,2019-04-26,2019-04-26
-1407094,772417,1,1,1,0,2019-04-28,2019-04-28
-1407094,772934,1,1,1,0,2018-06-08,2018-06-08
-1407094,772946,1,1,1,0,2019-07-12,2019-07-12
-1407094,773076,1,1,1,0,2017-01-14,2017-01-14
-1407094,773080,1,1,1,0,2019-04-27,2019-04-27
-1407094,773608,1,1,1,0,2016-02-26,2016-02-26
-1407094,773609,2,2,2,0,2016-02-26,2016-02-26
-1407094,773617,1,1,1,0,2016-07-03,2016-07-03
-1407094,773625,1,1,1,0,2016-11-19,2016-11-19
-1407094,773628,1,1,1,0,2016-07-03,2016-07-03
-1407094,773744,1,1,1,0,2018-08-01,2018-08-01
-1407094,773747,1,1,1,0,2018-04-21,2018-04-21
-1407094,773756,1,1,1,0,2019-04-28,2019-04-28
-1407093,773093,2,2,1,0,2016-11-26,2016-11-26
-1407093,773103,1,1,1,0,2018-04-21,2018-04-21
-1407093,773589,1,1,1,0,2016-05-21,2016-05-21
-1407093,773602,1,1,1,0,2016-02-26,2016-02-26
-1407093,773604,1,1,1,0,2016-02-26,2016-02-26
-1407093,773612,1,1,1,0,2016-07-03,2016-07-03
-1407093,773622,1,1,1,0,2016-07-03,2016-07-03
-1407093,773758,1,1,1,0,2019-04-28,2019-04-28
-1407092,772604,1,1,1,1,2019-04-19,2019-04-19
-1407092,773080,1,1,1,0,2016-04-21,2016-04-21
-1407092,773605,1,1,1,0,2016-02-26,2016-02-26
-1407092,773661,1,1,1,0,2019-02-10,2019-02-10
-1407091,771988,1,1,1,0,2018-07-06,2018-07-06
-1407091,772416,1,1,1,0,2016-07-18,2016-07-18
-1407091,772678,1,1,1,0,2019-03-27,2019-03-27
-1407091,772794,1,1,1,1,2018-04-12,2018-04-12
-1407091,772908,1,1,1,0,2019-04-17,2019-04-17
-1407091,772916,1,1,1,0,2018-04-19,2018-04-19
-1407091,773080,1,1,1,0,2019-04-13,2019-04-13
-1407091,773083,1,1,1,0,2017-05-29,2017-05-29
-1407091,773104,1,1,1,0,2018-04-21,2018-04-21
-1407091,773598,1,1,1,0,2016-05-21,2016-05-21
-1407091,773603,1,1,1,0,2016-02-26,2016-02-26
-1407091,773620,1,1,1,0,2016-07-03,2016-07-03
-1407091,773731,1,1,1,0,2019-04-28,2019-04-28
-1407091,773840,1,1,1,0,2019-07-17,2019-07-17
-1407090,772034,1,1,1,0,2019-06-05,2019-06-05
-1407090,772411,1,1,1,0,2017-12-14,2017-12-14
-1407090,772681,1,1,1,0,2019-06-30,2019-06-30
-1407090,772782,1,1,1,0,2019-06-05,2019-06-05
-1407090,772981,1,1,1,0,2019-04-28,2019-04-28
-1407090,773080,1,1,1,0,2019-04-27,2019-04-27
-1407090,773081,1,1,1,0,2018-04-29,2018-04-29
-1407090,773136,1,1,1,0,2018-03-16,2018-03-16
-1407090,773386,1,1,1,0,2018-05-01,2018-05-01
-1407090,773603,1,1,1,0,2016-02-26,2016-02-26
-1407090,773607,1,1,1,0,2016-05-15,2016-05-15
-1407090,773610,1,1,1,0,2016-05-20,2016-05-20
-1407090,773767,1,1,1,0,2018-05-27,2018-05-27
-1407090,773787,1,1,1,0,2019-04-26,2019-04-26
-1407089,772701,1,1,1,0,2017-11-16,2017-11-16
-1407089,772806,1,1,1,1,2019-04-19,2019-04-19
-1407089,772917,1,1,1,0,2019-04-17,2019-04-17
-1407089,772951,1,1,1,0,2017-07-27,2017-07-27
-1407089,773023,1,1,1,0,2018-03-22,2018-03-22
-1407089,773083,2,2,1,0,2018-04-29,2018-04-29
-1407089,773104,1,1,1,0,2018-04-21,2018-04-21
-1407089,773286,1,1,1,0,2019-06-03,2019-06-03
-1407089,773611,1,1,1,0,2018-08-22,2018-08-22
-1407089,773616,3,2,1,0,2016-07-03,2016-07-03
-1407089,773624,1,1,1,0,2016-07-03,2016-07-03
-1407089,773760,2,2,2,0,2019-04-26,2018-05-29
-1407089,773769,1,1,1,0,2018-05-27,2018-05-27
-1407088,772309,1,1,1,0,2016-08-30,2016-08-30
-1407088,772672,1,1,1,0,2018-02-04,2018-02-04
-1407088,772676,1,1,1,0,2019-04-07,2019-04-07
-1407088,772910,1,1,1,1,2018-05-27,2018-05-27
-1407088,772915,1,1,1,0,2018-07-01,2018-07-01
-1407088,772920,1,1,1,0,2019-07-01,2019-07-01
-1407088,772951,1,1,1,0,2017-07-27,2017-07-27
-1407088,773078,1,1,1,0,2019-04-27,2019-04-27
-1407088,773092,1,1,1,0,2016-11-26,2016-11-26
-1407088,773102,1,1,1,0,2016-04-03,2016-04-03
-1407088,773103,1,1,1,0,2018-04-21,2018-04-21
-1407088,773223,1,1,1,1,2019-05-11,2019-05-11
-1407088,773604,1,1,1,0,2016-02-26,2016-02-26
-1407088,773626,1,1,1,0,2016-11-19,2016-11-19
-1407088,773773,1,1,1,0,2018-05-27,2018-05-27
-1407088,773774,1,1,1,0,2019-04-26,2019-04-26
-1407088,773788,1,1,1,0,2019-04-26,2019-04-26
-1407088,773793,1,1,1,0,2017-09-24,2017-09-24
-1407087,771615,1,1,1,0,2018-09-05,2018-09-05
-1407087,772190,1,1,1,0,2019-07-13,2019-07-13
-1407087,772377,1,1,1,0,2017-11-17,2017-11-17
-1407087,772455,1,1,1,0,2018-11-06,2018-11-06
-1407087,772456,1,1,1,0,2018-11-16,2018-11-16
-1407087,772798,1,1,1,1,2019-04-16,2019-04-16
-1407087,773077,1,1,1,0,2019-04-27,2019-04-27
-1407087,773760,1,1,1,1,2019-04-26,2019-04-26
-1407087,773765,1,1,1,0,2018-09-29,2018-09-29
-1407087,773776,1,1,1,0,2019-04-26,2019-04-26
-1407086,772798,1,1,1,1,2019-04-16,2019-04-16
-1407086,772848,1,1,1,0,2019-07-21,2019-07-21
-1407086,772952,1,1,1,1,2016-10-24,2016-10-24
-1407086,772954,2,2,2,1,2017-07-27,2017-03-11
-1407086,773078,1,1,1,0,2019-04-27,2019-04-27
-1407086,773103,1,1,1,0,2018-04-21,2018-04-21
-1407086,773137,1,1,1,0,2017-10-17,2017-10-17
-1407086,773620,1,1,1,0,2016-07-03,2016-07-03
-1407086,773621,1,1,1,0,2016-07-03,2016-07-03
-1407086,773622,3,2,1,0,2016-07-03,2016-07-03
-1407086,773783,1,1,1,0,2018-08-01,2018-08-01
-1407086,773784,1,1,1,0,2019-04-26,2019-04-26
-1407086,773786,1,1,1,0,2017-09-23,2017-09-23
-1407085,769989,1,1,1,1,2016-07-22,2016-07-22
-1407085,771272,1,1,1,0,2016-07-18,2016-07-18
-1407085,772301,1,1,1,0,2016-10-28,2016-10-28
-1407085,772910,1,1,1,0,2017-05-20,2017-05-20
-1407085,772916,1,1,1,0,2019-07-07,2019-07-07
-1407085,773022,1,1,1,1,2019-04-28,2019-04-28
-1407085,773080,1,1,1,0,2017-01-14,2017-01-14
-1407085,773603,1,1,1,0,2016-05-20,2016-05-20
-1407085,773612,1,1,1,0,2016-07-03,2016-07-03
-1407085,773626,2,2,1,0,2016-07-03,2016-07-03
-1407085,773782,1,1,1,0,2019-04-26,2019-04-26
-1407085,773787,1,1,1,0,2019-07-17,2019-07-17
-1407084,770816,1,1,1,1,2019-04-28,2019-04-28
-1407084,772411,1,1,1,0,2017-06-07,2017-06-07
-1407084,772962,1,1,1,1,2019-04-15,2019-04-15
-1407084,772985,1,1,1,0,2017-11-21,2017-11-21
-1407084,773015,1,1,1,0,2018-02-06,2018-02-06
-1407084,773082,1,1,1,0,2018-04-29,2018-04-29
-1407084,773600,1,1,1,0,2016-05-20,2016-05-20
-1407084,773605,2,1,1,0,2016-02-26,2016-02-26
-1407084,773607,1,1,1,0,2016-05-20,2016-05-20
-1407084,773616,1,1,1,0,2016-02-26,2016-02-26
-1407084,773628,1,1,1,0,2016-10-29,2016-10-29
-1407084,773772,1,1,1,0,2018-09-14,2018-09-14
-1407084,773782,1,1,1,0,2019-04-26,2019-04-26
-1407084,773783,1,1,1,0,2019-04-26,2019-04-26
-1407084,773786,1,1,1,0,2018-09-29,2018-09-29
-1407083,772917,1,1,1,0,2018-05-04,2018-05-04
-1407083,772928,1,1,1,0,2018-07-02,2018-07-02
-1407083,773280,1,1,1,0,2019-06-03,2019-06-03
-1407083,773604,1,1,1,0,2016-02-26,2016-02-26
-1407083,773605,1,1,1,0,2016-02-26,2016-02-26
-1407083,773734,1,1,1,0,2018-10-11,2018-10-11
-1407083,773773,1,1,1,0,2019-07-17,2019-07-17
-1407083,773862,1,1,1,0,2017-06-08,2017-06-08
-1407082,772397,1,1,1,0,2016-02-19,2016-02-19
-1407082,773025,1,1,1,0,2018-03-07,2018-03-07
-1407082,773039,1,1,1,0,2018-01-27,2018-01-27
-1407082,773532,1,1,1,0,2016-11-19,2016-11-19
-1407082,773602,2,2,2,0,2016-05-20,2016-05-20
-1407082,773769,1,1,1,0,2019-07-06,2019-07-06
-1407082,773771,2,2,1,0,2019-07-17,2019-07-11
-1407082,773772,2,2,1,0,2019-07-17,2019-01-27
-1407082,773773,2,2,1,0,2019-07-17,2019-07-17
-1407082,773784,1,1,1,0,2019-07-17,2019-07-17
-1407082,773785,1,1,1,0,2018-09-30,2018-09-30
-1407082,773786,2,1,2,0,2019-07-17,2019-02-21
-1407082,773839,1,1,1,0,2019-06-29,2019-06-29
-1407082,774009,1,1,1,0,2016-05-21,2016-05-21
-1407081,772411,1,1,1,0,2017-06-07,2017-06-07
-1407081,772927,1,1,1,0,2018-08-03,2018-08-03
-1407081,773021,1,1,1,0,2018-12-07,2018-12-07
-1407081,773027,1,1,1,0,2017-04-01,2017-04-01
-1407081,773080,3,3,1,0,2018-04-29,2018-04-29
-1407081,773283,1,1,1,0,2019-06-27,2019-06-27
-1407081,773387,1,1,1,1,2018-05-01,2018-05-01
-1407081,773537,2,1,1,0,2016-11-19,2016-11-19
-1407081,773552,1,1,1,0,2019-04-28,2019-04-28
-1407081,773581,1,1,1,0,2019-06-01,2019-06-01
-1407081,773614,1,1,1,0,2016-07-29,2016-07-29
-1407081,773771,3,3,1,0,2019-07-06,2019-03-16
-1407081,773773,1,1,1,0,2018-08-10,2018-08-10
-1407081,773774,1,1,1,1,2018-08-10,2018-08-10
-1407081,773787,1,1,1,0,2016-05-23,2016-05-23
-1407080,772538,1,1,1,1,2018-03-04,2018-03-04
-1407080,772675,1,1,1,0,2019-04-04,2019-04-04
-1407080,773081,1,1,1,0,2017-01-14,2017-01-14
-1407080,773217,1,1,1,1,2018-10-24,2018-10-24
-1407080,773541,1,1,1,0,2016-11-19,2016-11-19
-1407080,773714,1,1,1,0,2019-04-28,2019-04-28
-1407080,773715,1,1,1,0,2019-04-28,2019-04-28
-1407080,773768,1,1,1,0,2019-07-06,2019-07-06
-1407080,773771,1,1,1,0,2019-03-16,2019-03-16
-1407080,773783,1,1,1,0,2017-09-23,2017-09-23
-1407079,772833,1,1,1,1,2019-03-30,2019-03-30
-1407079,773078,1,1,1,0,2018-04-29,2018-04-29
-1407079,773079,1,1,1,0,2018-04-29,2018-04-29
-1407079,773104,1,1,1,0,2018-04-21,2018-04-21
-1407079,773369,1,1,1,0,2019-07-01,2019-07-01
-1407079,773711,1,1,1,0,2018-08-05,2018-08-05
-1407079,773759,1,1,1,0,2017-07-02,2017-07-02
-1407079,773769,1,1,1,0,2018-09-14,2018-09-14
-1407079,773778,1,1,1,0,2018-08-24,2018-08-24
-1407078,772417,1,1,1,0,2018-04-11,2018-04-11
-1407078,772916,1,1,1,0,2019-07-07,2019-07-07
-1407078,772950,1,1,1,0,2019-07-07,2019-07-07
-1407078,772988,1,1,1,0,2019-04-28,2019-04-28
-1407078,773082,1,1,1,0,2017-04-08,2017-04-08
-1407078,773095,1,1,1,0,2016-11-26,2016-11-26
-1407078,773589,1,1,1,1,2019-04-28,2019-04-28
-1407078,773712,1,1,1,0,2019-04-28,2019-04-28
-1407078,773716,2,2,1,0,2017-07-02,2017-07-02
-1407078,773841,1,1,1,0,2016-02-28,2016-02-28
-1407078,774222,2,2,1,0,2019-04-29,2019-04-29
-1407077,772234,1,1,1,1,2019-02-24,2019-02-24
-1407077,772252,1,1,1,0,2017-06-22,2017-06-22
-1407077,772832,1,1,1,1,2019-07-04,2019-07-04
-1407077,773018,1,1,1,0,2019-04-28,2019-04-28
-1407077,773021,1,1,1,0,2017-05-31,2017-05-31
-1407077,773080,1,1,1,0,2018-04-29,2018-04-29
-1407077,773081,1,1,1,0,2018-04-29,2018-04-29
-1407077,773086,1,1,1,0,2019-04-13,2019-04-13
-1407077,773280,1,1,1,0,2016-04-02,2016-04-02
-1407077,773873,1,1,1,0,2017-06-08,2017-06-08
-1407076,772228,1,1,1,0,2017-06-22,2017-06-22
-1407076,772923,1,1,1,0,2019-06-14,2019-06-14
-1407076,773102,1,1,1,0,2018-04-21,2018-04-21
-1407076,773482,1,1,1,0,2016-11-19,2016-11-19
-1407076,773618,1,1,1,0,2018-08-09,2018-08-09
-1407076,773712,1,1,1,0,2019-04-28,2019-04-28
-1407076,773759,1,1,1,0,2017-07-02,2017-07-02
-1407075,772196,1,1,1,0,2017-02-04,2017-02-04
-1407075,772453,1,1,1,0,2018-10-12,2018-10-12
-1407075,773083,1,1,1,0,2018-04-29,2018-04-29
-1407075,773102,1,1,1,0,2016-12-29,2016-12-29
-1407075,773621,1,1,1,0,2018-07-26,2018-07-26
-1407075,773803,1,1,1,0,2018-10-12,2018-10-12
-1407075,773902,1,1,1,0,2018-10-22,2018-10-22
-1407074,772328,1,1,1,0,2017-06-22,2017-06-22
-1407074,772379,1,1,1,0,2019-04-11,2019-04-11
-1407074,772917,1,1,1,0,2019-07-07,2019-07-07
-1407074,772922,1,1,1,0,2019-07-07,2019-07-07
-1407074,773086,1,1,1,0,2018-04-29,2018-04-29
-1407074,773098,1,1,1,0,2016-11-26,2016-11-26
-1407074,773219,1,1,1,1,2018-10-24,2018-10-24
-1407074,773594,1,1,1,0,2019-04-28,2019-04-28
-1407074,773697,1,1,1,0,2019-06-08,2019-06-08
-1407074,773880,1,1,1,0,2017-06-08,2017-06-08
-1407074,774014,1,1,1,0,2016-05-21,2016-05-21
-1407074,774226,1,1,1,0,2016-11-05,2016-11-05
-1407073,772329,1,1,1,0,2017-10-27,2017-10-27
-1407073,772486,1,1,1,0,2019-06-24,2019-06-24
-1407073,772488,1,1,1,0,2019-06-30,2019-06-30
-1407073,772857,1,1,1,1,2018-10-28,2018-10-28
-1407073,772924,1,1,1,0,2018-01-13,2018-01-13
-1407073,772932,1,1,1,0,2019-06-14,2019-06-14
-1407073,773096,1,1,1,0,2016-08-25,2016-08-25
-1407073,773100,1,1,1,0,2018-04-28,2018-04-28
-1407073,773226,1,1,1,0,2019-06-19,2019-06-19
-1407073,773386,1,1,1,0,2018-05-01,2018-05-01
-1407073,774015,1,1,1,0,2016-05-21,2016-05-21
-1407072,770001,1,1,1,0,2016-06-30,2016-06-30
-1407072,772822,1,1,1,1,2019-03-30,2019-03-30
-1407072,772853,1,1,1,1,2019-05-23,2019-05-23
-1407072,773705,2,2,1,0,2019-04-28,2019-04-28
-1407072,773723,2,2,1,0,2016-05-20,2016-05-20
-1407072,773758,6,4,1,0,2016-06-04,2016-05-28
-1407072,773787,1,1,1,0,2019-06-11,2019-06-11
-1407071,772849,1,1,1,0,2019-05-23,2019-05-23
-1407071,772918,1,1,1,0,2016-05-20,2016-05-20
-1407071,772929,1,1,1,0,2018-04-19,2018-04-19
-1407071,773446,1,1,1,0,2018-09-03,2018-09-03
-1407071,773468,1,1,1,0,2017-01-22,2017-01-22
-1407071,773776,1,1,1,0,2016-05-28,2016-05-28
-1407071,773797,1,1,1,0,2016-05-28,2016-05-28
-1407070,772858,1,1,1,0,2018-12-15,2018-12-15
-1407070,773006,1,1,1,0,2018-04-21,2018-04-21
-1407070,773226,1,1,1,0,2019-06-19,2019-06-19
-1407070,773483,1,1,1,0,2016-11-19,2016-11-19
-1407070,773771,9,8,1,0,2016-09-03,2016-09-03
-1407070,773812,1,1,1,0,2019-03-24,2019-03-24
-1407070,774218,1,1,1,0,2019-03-26,2019-03-26
-1407069,772184,1,1,1,0,2017-02-04,2017-02-04
-1407069,772800,1,1,1,0,2019-05-17,2019-05-17
-1407069,773172,1,1,1,0,2019-06-07,2019-06-07
-1407069,773597,1,1,1,0,2016-02-22,2016-02-22
-1407069,773720,1,1,1,0,2016-05-20,2016-05-20
-1407069,773765,1,1,1,0,2019-04-27,2019-04-27
-1407069,773786,2,2,1,0,2017-05-14,2017-05-14
-1407069,773803,1,1,1,0,2019-06-23,2019-06-23
-1407069,773807,1,1,1,0,2016-05-28,2016-05-28
-1407069,773812,1,1,1,0,2016-05-28,2016-05-28
-1407069,773813,1,1,1,0,2019-06-29,2019-06-29
-1407069,773816,1,1,1,0,2019-06-11,2019-06-11
-1407069,773818,1,1,1,0,2016-10-29,2016-10-29
-1407068,772239,1,1,1,0,2017-04-26,2017-04-26
-1407068,772408,1,1,1,0,2016-03-18,2016-03-18
-1407068,772423,1,1,1,0,2018-04-27,2018-04-27
-1407068,772919,1,1,1,0,2017-10-21,2017-10-21
-1407068,772949,1,1,1,0,2019-07-21,2019-07-21
-1407068,773013,1,1,1,0,2019-04-28,2019-04-28
-1407068,773102,1,1,1,0,2018-04-21,2018-04-21
-1407068,773166,1,1,1,0,2017-10-17,2017-10-17
-1407068,773224,1,1,1,0,2019-06-19,2019-06-19
-1407068,773238,1,1,1,0,2019-07-12,2019-07-12
-1407068,773446,1,1,1,0,2017-01-22,2017-01-22
-1407068,773490,1,1,1,0,2016-11-19,2016-11-19
-1407068,773522,1,1,1,0,2016-11-19,2016-11-19
-1407068,773790,1,1,1,0,2019-03-24,2019-03-24
-1407068,773794,2,2,1,0,2017-05-14,2017-05-14
-1407068,773799,1,1,1,0,2017-05-14,2017-05-14
-1407068,773804,1,1,1,0,2019-07-07,2019-07-07
-1407068,773811,1,1,1,0,2016-08-20,2016-08-20
-1407068,773819,1,1,1,0,2019-05-04,2019-05-04
-1407068,773825,1,1,1,0,2016-10-29,2016-10-29
-1407068,773907,1,1,1,0,2019-04-18,2019-04-18
-1407068,773929,1,1,1,0,2017-06-08,2017-06-08
-1407068,774217,1,1,1,0,2019-04-28,2019-04-28
-1407067,771948,1,1,1,0,2019-06-14,2019-06-14
-1407067,771989,1,1,1,0,2017-08-03,2017-08-03
-1407067,772775,1,1,1,1,2019-02-16,2019-02-16
-1407067,772841,1,1,1,1,2019-05-23,2019-05-23
-1407067,772861,1,1,1,0,2019-04-30,2019-04-30
-1407067,772930,1,1,1,1,2019-03-30,2019-03-30
-1407067,772941,1,1,1,0,2016-10-24,2016-10-24
-1407067,772991,1,1,1,0,2019-04-28,2019-04-28
-1407067,773231,1,1,1,1,2019-03-24,2019-03-24
-1407067,773236,1,1,1,1,2017-11-26,2017-11-26
-1407067,773440,1,1,1,0,2018-09-30,2018-09-30
-1407067,773503,1,1,1,0,2016-11-19,2016-11-19
-1407067,773510,1,1,1,0,2016-11-19,2016-11-19
-1407067,773516,1,1,1,0,2016-11-19,2016-11-19
-1407067,773600,1,1,1,0,2016-02-22,2016-02-22
-1407067,773601,1,1,1,0,2016-02-22,2016-02-22
-1407067,773760,1,1,1,0,2017-07-02,2017-07-02
-1407067,773797,1,1,1,0,2016-10-29,2016-10-29
-1407067,773807,3,2,1,0,2016-10-29,2016-09-03
-1407067,773811,1,1,1,0,2016-10-29,2016-10-29
-1407067,773850,1,1,1,0,2019-04-28,2019-04-28
-1407067,773857,1,1,1,0,2019-06-29,2019-06-29
-1407067,773908,1,1,1,0,2019-02-28,2019-02-28
-1407066,771238,1,1,1,0,2018-04-22,2018-04-22
-1407066,771570,1,1,1,1,2018-05-30,2018-05-30
-1407066,771982,1,1,1,0,2019-06-14,2019-06-14
-1407066,772419,1,1,1,0,2017-06-07,2017-06-07
-1407066,772684,1,1,1,0,2019-06-10,2019-06-10
-1407066,772689,1,1,1,0,2019-04-07,2019-04-07
-1407066,772918,1,1,1,0,2018-09-13,2018-09-13
-1407066,772944,1,1,1,1,2019-05-26,2019-05-26
-1407066,773101,1,1,1,0,2016-11-26,2016-11-26
-1407066,773103,2,2,1,0,2019-04-20,2019-04-20
-1407066,773164,1,1,1,0,2017-10-17,2017-10-17
-1407066,773212,1,1,1,1,2018-05-06,2018-05-06
-1407066,773519,2,1,1,0,2019-04-14,2019-04-14
-1407066,773523,1,1,1,0,2019-04-06,2019-04-06
-1407066,773666,1,1,1,0,2018-04-15,2018-04-15
-1407066,773667,1,1,1,0,2018-02-11,2018-02-11
-1407066,773721,1,1,1,0,2016-05-20,2016-05-20
-1407066,774214,1,1,1,0,2019-04-29,2019-04-29
-1407065,771713,1,1,1,0,2018-01-28,2018-01-28
-1407065,772174,1,1,1,0,2017-02-04,2017-02-04
-1407065,772985,1,1,1,0,2019-04-28,2019-04-28
-1407065,773103,2,2,1,0,2019-04-20,2019-04-20
-1407065,773117,1,1,1,0,2017-10-17,2017-10-17
-1407065,773210,1,1,1,1,2018-05-06,2018-05-06
-1407065,773211,1,1,1,0,2019-06-19,2019-06-19
-1407065,773215,1,1,1,1,2017-11-26,2017-11-26
-1407065,773241,1,1,1,1,2018-10-24,2018-10-24
-1407065,773497,1,1,1,0,2016-11-19,2016-11-19
-1407065,773511,1,1,1,0,2019-04-14,2019-04-14
-1407065,773600,2,1,2,0,2016-05-20,2016-05-20
-1407065,773635,1,1,1,0,2018-04-15,2018-04-15
-1407065,773666,1,1,1,0,2018-04-15,2018-04-15
-1407065,773668,1,1,1,0,2018-04-08,2018-04-08
-1407065,773722,1,1,1,0,2016-05-20,2016-05-20
-1407065,773724,1,1,1,0,2016-05-20,2016-05-20
-1407065,773814,1,1,1,0,2017-05-14,2017-05-14
-1407065,773821,1,1,1,0,2016-10-29,2016-10-29
-1407065,773965,1,1,1,0,2019-06-29,2019-06-29
-1407065,773968,1,1,1,0,2019-06-29,2019-06-29
-1407065,774193,1,1,1,0,2016-08-13,2016-08-13
-1407065,774202,13,6,1,0,2016-08-27,2016-08-27
-1407064,772174,1,1,1,0,2017-02-04,2017-02-04
-1407064,772231,1,1,1,0,2017-04-14,2017-04-14
-1407064,772406,1,1,1,0,2016-02-19,2016-02-19
-1407064,772407,1,1,1,0,2016-02-19,2016-02-19
-1407064,772919,1,1,1,0,2018-09-14,2018-09-14
-1407064,772935,1,1,1,0,2018-04-21,2018-04-21
-1407064,772991,1,1,1,0,2019-04-28,2019-04-28
-1407064,773216,1,1,1,0,2019-06-19,2019-06-19
-1407064,773630,1,1,1,0,2018-04-15,2018-04-15
-1407064,773666,1,1,1,0,2018-04-15,2018-04-15
-1407064,773668,1,1,1,0,2018-04-15,2018-04-15
-1407064,773669,3,3,1,0,2018-04-15,2018-04-15
-1407064,773722,3,1,1,0,2016-05-20,2016-05-20
-1407064,773814,2,2,1,0,2016-10-29,2016-10-29
-1407064,773940,1,1,1,0,2017-06-08,2017-06-08
-1407064,773955,2,2,2,0,2019-05-02,2018-05-20
-1407063,772425,1,1,1,0,2018-04-27,2018-04-27
-1407063,772431,1,1,1,0,2017-12-16,2017-12-16
-1407063,772769,1,1,1,0,2019-05-31,2019-05-31
-1407063,772923,1,1,1,0,2018-01-13,2018-01-13
-1407063,772933,1,1,1,0,2018-04-21,2018-04-21
-1407063,772942,1,1,1,0,2018-06-27,2018-06-27
-1407063,773098,1,1,1,0,2016-08-25,2016-08-25
-1407063,773099,1,1,1,0,2018-06-30,2018-06-30
-1407063,773101,1,1,1,0,2017-10-08,2017-10-08
-1407063,773107,1,1,1,1,2016-05-20,2016-05-20
-1407063,773123,1,1,1,0,2018-04-21,2018-04-21
-1407063,773126,1,1,1,0,2018-04-27,2018-04-27
-1407063,773129,1,1,1,0,2018-04-27,2018-04-27
-1407063,773171,1,1,1,0,2019-06-07,2019-06-07
-1407063,773240,1,1,1,1,2018-09-02,2018-09-02
-1407063,773463,1,1,1,1,2018-09-30,2018-09-30
-1407063,773494,3,3,1,0,2016-11-19,2016-11-19
-1407063,773508,1,1,1,0,2019-04-14,2019-04-14
-1407063,773602,1,1,1,0,2016-02-22,2016-02-22
-1407063,773605,1,1,1,0,2017-06-11,2017-06-11
-1407063,773625,1,1,1,0,2018-04-15,2018-04-15
-1407063,773626,1,1,1,0,2018-02-11,2018-02-11
-1407063,773670,1,1,1,0,2018-04-15,2018-04-15
-1407063,773821,10,8,1,0,2016-09-17,2016-09-10
-1407062,772171,1,1,1,0,2017-02-04,2017-02-04
-1407062,772239,1,1,1,0,2016-10-28,2016-10-28
-1407062,772403,2,2,1,0,2018-04-06,2017-04-12
-1407062,772950,1,1,1,0,2018-10-02,2018-10-02
-1407062,772952,1,1,1,0,2017-07-12,2017-07-12
-1407062,773124,1,1,1,0,2018-04-27,2018-04-27
-1407062,773125,1,1,1,0,2018-04-27,2018-04-27
-1407062,773126,1,1,1,0,2018-04-27,2018-04-27
-1407062,773139,1,1,1,0,2019-04-28,2019-04-28
-1407062,773142,1,1,1,0,2017-10-17,2017-10-17
-1407062,773238,1,1,1,1,2017-11-26,2017-11-26
-1407062,773604,1,1,1,0,2016-02-22,2016-02-22
-1407062,773605,1,1,1,0,2016-02-22,2016-02-22
-1407062,773606,1,1,1,0,2016-02-22,2016-02-22
-1407062,773970,1,1,1,0,2017-06-08,2017-06-08
-1407062,774030,1,1,1,0,2019-02-28,2019-02-28
-1407062,774199,1,1,1,0,2016-08-13,2016-08-13
-1407061,772930,1,1,1,0,2017-11-15,2017-11-15
-1407061,772944,1,1,1,1,2017-07-12,2017-07-12
-1407061,772947,2,2,2,1,2019-05-26,2018-12-29
-1407061,773097,1,1,1,0,2019-04-27,2019-04-27
-1407061,773103,1,1,1,0,2017-01-14,2017-01-14
-1407061,773124,1,1,1,0,2018-04-27,2018-04-27
-1407061,773125,3,3,2,0,2018-04-27,2018-04-27
-1407061,773612,1,1,1,0,2018-04-08,2018-04-08
-1407061,773615,2,2,1,0,2018-04-15,2018-04-15
-1407061,773619,1,1,1,0,2018-02-11,2018-02-11
-1407061,773732,1,1,1,0,2016-05-28,2016-05-28
-1407061,773766,1,1,1,0,2019-04-27,2019-04-27
-1407061,773972,1,1,1,0,2018-10-06,2018-10-06
-1407061,773984,1,1,1,0,2018-10-06,2018-10-06
-1407060,771974,1,1,1,0,2017-12-14,2017-12-14
-1407060,772232,1,1,1,0,2016-10-28,2016-10-28
-1407060,772263,1,1,1,1,2016-10-26,2016-10-26
-1407060,772286,1,1,1,0,2016-10-28,2016-10-28
-1407060,772358,1,1,1,0,2018-04-30,2018-04-30
-1407060,772929,1,1,1,0,2018-08-23,2018-08-23
-1407060,772941,1,1,1,0,2018-09-22,2018-09-22
-1407060,773008,1,1,1,0,2019-04-28,2019-04-28
-1407060,773089,1,1,1,0,2019-06-18,2019-06-18
-1407060,773101,1,1,1,0,2019-04-25,2019-04-25
-1407060,773106,1,1,1,0,2018-04-06,2018-04-06
-1407060,773124,1,1,1,0,2018-04-27,2018-04-27
-1407060,773242,1,1,1,1,2018-09-02,2018-09-02
-1407060,773591,1,1,1,0,2016-09-07,2016-09-07
-1407060,773611,1,1,1,0,2018-02-11,2018-02-11
-1407060,773616,1,1,1,0,2018-04-15,2018-04-15
-1407060,774239,1,1,1,0,2018-04-07,2018-04-07
-1407059,772408,1,1,1,0,2016-03-18,2016-03-18
-1407059,772753,1,1,1,0,2018-07-15,2018-07-15
-1407059,772756,1,1,1,0,2018-10-13,2018-10-13
-1407059,772929,1,1,1,1,2019-05-17,2019-05-17
-1407059,772946,1,1,1,0,2018-08-08,2018-08-08
-1407059,772949,1,1,1,0,2018-08-08,2018-08-08
-1407059,773101,1,1,1,0,2018-09-29,2018-09-29
-1407059,773103,1,1,1,0,2016-11-26,2016-11-26
-1407059,773592,1,1,1,0,2016-09-07,2016-09-07
-1407059,773606,1,1,1,0,2019-04-28,2019-04-28
-1407059,773608,1,1,1,0,2017-06-11,2017-06-11
-1407059,773615,1,1,1,0,2018-04-15,2018-04-15
-1407059,773617,1,1,1,0,2018-02-11,2018-02-11
-1407059,773822,1,1,1,0,2016-10-29,2016-10-29
-1407059,774012,1,1,1,0,2019-03-23,2019-03-23
-1407059,774190,2,2,1,0,2016-08-13,2016-08-13
-1407059,774206,1,1,1,0,2019-06-22,2019-06-22
-1407058,772353,1,1,1,0,2018-04-30,2018-04-30
-1407058,772409,1,1,1,0,2016-03-18,2016-03-18
-1407058,772947,1,1,1,0,2016-05-20,2016-05-20
-1407058,772948,1,1,1,0,2018-08-08,2018-08-08
-1407058,773104,2,2,1,0,2019-04-25,2019-04-25
-1407058,773105,2,1,1,0,2019-04-25,2019-04-25
-1407058,773133,1,1,1,0,2019-06-07,2019-06-07
-1407058,773148,1,1,1,0,2019-04-28,2019-04-28
-1407058,773238,1,1,1,0,2019-05-25,2019-05-25
-1407058,773598,1,1,1,0,2017-04-16,2017-04-16
-1407058,773601,1,1,1,0,2016-09-07,2016-09-07
-1407058,773607,1,1,1,0,2017-06-11,2017-06-11
-1407058,773608,1,1,1,0,2018-04-15,2018-04-15
-1407058,773609,3,3,2,0,2019-04-28,2017-06-11
-1407058,773621,1,1,1,0,2019-06-16,2019-06-16
-1407058,773886,1,1,1,1,2019-04-27,2019-04-27
-1407058,774240,1,1,1,0,2018-04-07,2018-04-07
-1407057,772199,1,1,1,0,2018-09-05,2018-09-05
-1407057,772222,1,1,1,0,2017-07-24,2017-07-24
-1407057,772702,1,1,1,0,2018-10-20,2018-10-20
-1407057,772787,1,1,1,0,2019-07-06,2019-07-06
-1407057,772947,1,1,1,1,2018-10-21,2018-10-21
-1407057,773098,3,3,1,0,2019-04-27,2019-04-27
-1407057,773104,2,1,1,0,2019-04-25,2019-04-25
-1407057,773107,1,1,1,0,2019-04-25,2019-04-25
-1407057,773147,1,1,1,0,2019-04-28,2019-04-28
-1407057,773161,1,1,1,0,2018-10-13,2018-10-13
-1407057,773236,1,1,1,0,2019-06-27,2019-06-27
-1407057,773469,1,1,1,0,2017-01-22,2017-01-22
-1407057,773518,1,1,1,0,2017-11-04,2017-11-04
-1407057,773735,1,1,1,0,2019-03-24,2019-03-24
-1407057,773828,1,1,1,0,2016-05-28,2016-05-28
-1407057,773834,1,1,1,0,2016-09-17,2016-09-17
-1407057,773992,1,1,1,0,2017-06-08,2017-06-08
-1407057,774040,1,1,1,0,2017-06-08,2017-06-08
-1407056,771923,1,1,1,0,2017-12-14,2017-12-14
-1407056,772358,1,1,1,0,2018-04-30,2018-04-30
-1407056,772952,1,1,1,0,2018-10-07,2018-10-07
-1407056,773003,1,1,1,0,2017-09-09,2017-09-09
-1407056,773098,1,1,1,0,2019-04-27,2019-04-27
-1407056,773143,1,1,1,0,2017-10-08,2017-10-08
-1407056,773155,1,1,1,0,2019-04-28,2019-04-28
-1407056,773237,1,1,1,1,2019-05-10,2019-05-10
-1407056,773480,1,1,1,0,2018-07-07,2018-07-07
-1407056,773596,1,1,1,0,2017-04-16,2017-04-16
-1407056,773597,1,1,1,0,2019-04-28,2019-04-28
-1407056,773611,1,1,1,0,2019-04-28,2019-04-28
-1407056,773616,1,1,1,0,2019-04-28,2019-04-28
-1407056,773622,1,1,1,0,2017-04-16,2017-04-16
-1407056,773649,1,1,1,0,2019-05-02,2019-05-02
-1407056,773757,2,2,1,0,2017-07-02,2017-07-02
-1407056,774004,1,1,1,0,2019-07-13,2019-07-13
-1407055,772355,2,1,1,0,2018-04-30,2018-04-30
-1407055,772362,1,1,1,0,2018-04-30,2018-04-30
-1407055,772731,1,1,1,0,2018-09-29,2018-09-29
-1407055,772952,1,1,1,0,2018-07-23,2018-07-23
-1407055,773087,1,1,1,0,2017-10-08,2017-10-08
-1407055,773092,1,1,1,0,2019-06-16,2019-06-16
-1407055,773111,2,2,2,0,2017-10-17,2017-10-12
-1407055,773113,1,1,1,0,2019-05-30,2019-05-30
-1407055,773118,1,1,1,0,2017-10-08,2017-10-08
-1407055,773160,1,1,1,0,2018-10-13,2018-10-13
-1407055,773222,1,1,1,0,2018-05-20,2018-05-20
-1407055,773241,1,1,1,0,2017-03-30,2017-03-30
-1407055,773609,1,1,1,0,2018-04-08,2018-04-08
-1407055,773610,1,1,1,0,2018-04-08,2018-04-08
-1407055,773612,1,1,1,0,2017-04-16,2017-04-16
-1407055,773617,2,2,2,0,2019-06-06,2018-01-21
-1407055,773838,1,1,1,0,2016-10-29,2016-10-29
-1407055,774043,1,1,1,0,2018-10-06,2018-10-06
-1407055,774044,1,1,1,0,2017-06-08,2017-06-08
-1407055,774049,1,1,1,0,2018-10-06,2018-10-06
-1407055,774245,1,1,1,0,2019-04-09,2019-04-09
-1407055,774246,1,1,1,0,2019-04-09,2019-04-09
-1407054,772352,2,2,1,1,2018-04-30,2018-04-30
-1407054,773110,1,1,1,0,2017-10-08,2017-10-08
-1407054,773115,1,1,1,0,2017-10-17,2017-10-17
-1407054,773182,1,1,1,0,2016-05-20,2016-05-20
-1407054,773220,1,1,1,1,2018-03-27,2018-03-27
-1407054,773615,1,1,1,0,2019-03-03,2019-03-03
-1407054,773621,1,1,1,0,2019-06-06,2019-06-06
-1407054,774000,1,1,1,0,2017-06-08,2017-06-08
-1407054,774237,1,1,1,0,2019-04-07,2019-04-07
-1407053,772126,1,1,1,0,2019-06-21,2019-06-21
-1407053,772353,1,1,1,0,2018-04-30,2018-04-30
-1407053,772362,14,10,2,0,2018-04-30,2018-04-30
-1407053,772403,1,1,1,0,2017-04-14,2017-04-14
-1407053,772422,1,1,1,0,2017-06-07,2017-06-07
-1407053,772706,1,1,1,1,2018-10-20,2018-10-20
-1407053,773101,1,1,1,0,2017-09-16,2017-09-16
-1407053,773104,1,1,1,0,2019-04-20,2019-04-20
-1407053,773139,1,1,1,0,2017-10-08,2017-10-08
-1407053,773150,1,1,1,0,2018-09-07,2018-09-07
-1407053,773185,1,1,1,0,2016-05-20,2016-05-20
-1407053,773224,1,1,1,0,2017-03-30,2017-03-30
-1407053,773232,1,1,1,0,2019-06-19,2019-06-19
-1407053,773236,1,1,1,1,2019-07-24,2019-07-24
-1407053,773603,1,1,1,0,2019-04-21,2019-04-21
-1407053,773937,1,1,1,0,2016-08-20,2016-08-20
-1407053,774001,1,1,1,0,2019-05-02,2019-05-02
-1407053,774181,2,2,1,0,2016-08-13,2016-08-13
-1407052,771129,1,1,1,0,2016-06-24,2016-06-24
-1407052,771710,1,1,1,0,2018-08-12,2018-08-12
-1407052,772244,1,1,1,0,2019-06-07,2019-06-07
-1407052,772353,1,1,1,0,2018-04-30,2018-04-30
-1407052,772360,1,1,1,0,2018-04-30,2018-04-30
-1407052,772363,2,1,1,0,2018-04-30,2018-04-30
-1407052,772402,1,1,1,0,2017-04-14,2017-04-14
-1407052,772409,1,1,1,0,2016-03-18,2016-03-18
-1407052,772698,1,1,1,1,2018-12-08,2018-12-08
-1407052,773103,1,1,1,0,2019-04-20,2019-04-20
-1407052,773104,1,1,1,0,2019-04-20,2019-04-20
-1407052,773117,1,1,1,0,2017-10-08,2017-10-08
-1407052,773232,1,1,1,0,2019-06-19,2019-06-19
-1407052,773235,1,1,1,0,2018-06-27,2018-06-27
-1407052,773237,1,1,1,1,2019-07-24,2019-07-24
-1407052,773239,1,1,1,0,2019-07-09,2019-07-09
-1407052,773436,1,1,1,0,2018-09-03,2018-09-03
-1407052,773471,1,1,1,0,2017-01-22,2017-01-22
-1407052,773594,1,1,1,0,2016-02-26,2016-02-26
-1407052,773610,1,1,1,0,2018-01-06,2018-01-06
-1407052,773624,1,1,1,0,2019-06-06,2019-06-06
-1407052,774011,1,1,1,0,2017-06-08,2017-06-08
-1407052,774238,1,1,1,0,2019-06-07,2019-06-07
-1407051,772359,1,1,1,1,2018-04-30,2018-04-30
-1407051,772363,1,1,1,0,2018-04-30,2018-04-30
-1407051,772730,1,1,1,0,2018-05-05,2018-05-05
-1407051,772784,1,1,1,0,2019-07-06,2019-07-06
-1407051,773102,1,1,1,0,2019-04-27,2019-04-27
-1407051,773237,1,1,1,0,2019-06-22,2019-06-22
-1407051,773515,1,1,1,0,2017-11-04,2017-11-04
-1407051,773600,1,1,1,0,2019-04-28,2019-04-28
-1407051,773604,1,1,1,0,2016-05-21,2016-05-21
-1407051,773608,2,2,1,0,2016-05-21,2016-05-21
-1407051,773613,1,1,1,0,2016-05-21,2016-05-21
-1407051,773617,1,1,1,0,2016-09-07,2016-09-07
-1407051,773737,1,1,1,0,2018-04-08,2018-04-08
-1407051,773751,1,1,1,0,2019-04-27,2019-04-27
-1407051,773833,1,1,1,0,2016-10-29,2016-10-29
-1407051,773907,1,1,1,0,2016-08-09,2016-08-09
-1407051,774193,1,1,1,0,2017-12-15,2017-12-15
-1407050,772350,1,1,1,0,2018-04-30,2018-04-30
-1407050,772353,1,1,1,0,2018-04-30,2018-04-30
-1407050,772359,1,1,1,0,2018-04-30,2018-04-30
-1407050,772362,2,2,1,0,2018-04-30,2018-04-30
-1407050,772367,1,1,1,0,2018-04-30,2018-04-30
-1407050,772404,1,1,1,0,2016-02-19,2016-02-19
-1407050,772468,1,1,1,0,2019-06-30,2019-06-30
-1407050,772949,1,1,1,0,2016-05-20,2016-05-20
-1407050,773077,1,1,1,0,2017-04-08,2017-04-08
-1407050,773102,1,1,1,0,2019-04-27,2019-04-27
-1407050,773103,1,1,1,0,2019-04-27,2019-04-27
-1407050,773104,2,2,1,0,2019-04-27,2019-04-27
-1407050,773126,1,1,1,0,2016-11-26,2016-11-26
-1407050,773152,1,1,1,0,2016-05-20,2016-05-20
-1407050,773177,1,1,1,0,2016-05-20,2016-05-20
-1407050,773189,1,1,1,0,2016-05-20,2016-05-20
-1407050,773236,1,1,1,0,2019-07-09,2019-07-09
-1407050,773472,1,1,1,0,2019-04-19,2019-04-19
-1407050,773486,1,1,1,0,2017-01-22,2017-01-22
-1407050,773572,1,1,1,0,2017-11-04,2017-11-04
-1407050,773596,1,1,1,0,2017-08-17,2017-08-17
-1407050,773598,1,1,1,0,2016-02-26,2016-02-26
-1407050,773599,1,1,1,0,2017-08-17,2017-08-17
-1407050,773611,1,1,1,0,2019-04-28,2019-04-28
-1407050,773617,1,1,1,0,2016-09-07,2016-09-07
-1407050,773627,1,1,1,0,2019-06-06,2019-06-06
-1407050,773636,1,1,1,0,2019-03-03,2019-03-03
-1407050,773673,1,1,1,0,2018-04-08,2018-04-08
-1407050,774169,1,1,1,0,2016-08-27,2016-08-27
-1407049,772358,1,1,1,1,2018-04-30,2018-04-30
-1407049,772359,1,1,1,1,2018-04-30,2018-04-30
-1407049,772360,1,1,1,1,2018-04-30,2018-04-30
-1407049,772400,1,1,1,0,2016-02-19,2016-02-19
-1407049,772406,1,1,1,0,2017-04-14,2017-04-14
-1407049,772842,1,1,1,0,2019-05-11,2019-05-11
-1407049,773110,2,2,1,0,2019-04-27,2019-04-27
-1407049,773135,1,1,1,0,2019-04-27,2019-04-27
-1407049,773226,1,1,1,0,2019-06-19,2019-06-19
-1407049,773237,1,1,1,1,2018-11-08,2018-11-08
-1407049,773463,1,1,1,0,2017-01-22,2017-01-22
-1407049,774067,1,1,1,0,2019-05-17,2019-05-17
-1407049,774210,4,4,1,0,2016-11-05,2016-11-05
-1407048,771983,1,1,1,0,2018-12-22,2018-12-22
-1407048,772351,3,3,1,1,2018-04-30,2018-04-30
-1407048,772361,2,2,1,1,2018-04-30,2018-04-30
-1407048,772858,1,1,1,0,2017-11-13,2017-11-13
-1407048,772948,1,1,1,0,2016-05-20,2016-05-20
-1407048,772950,1,1,1,0,2019-06-30,2019-06-30
-1407048,772952,1,1,1,0,2018-12-08,2018-12-08
-1407048,773098,1,1,1,0,2018-05-13,2018-05-13
-1407048,773108,1,1,1,0,2019-04-27,2019-04-27
-1407048,773129,1,1,1,0,2019-04-27,2019-04-27
-1407048,773135,1,1,1,0,2018-09-02,2018-09-02
-1407048,773160,1,1,1,0,2019-05-19,2019-05-19
-1407048,773163,1,1,1,0,2019-05-19,2019-05-19
-1407048,773226,1,1,1,0,2019-06-24,2019-06-24
-1407048,773237,1,1,1,1,2018-11-08,2018-11-08
-1407048,773488,1,1,1,0,2017-01-22,2017-01-22
-1407048,773490,1,1,1,0,2017-01-22,2017-01-22
-1407048,773598,1,1,1,0,2017-04-16,2017-04-16
-1407048,773603,1,1,1,0,2019-04-26,2019-04-26
-1407048,773606,1,1,1,0,2016-05-21,2016-05-21
-1407048,773616,1,1,1,0,2017-11-04,2017-11-04
-1407048,773619,1,1,1,0,2016-05-21,2016-05-21
-1407048,773674,1,1,1,0,2018-04-15,2018-04-15
-1407048,774172,1,1,1,0,2018-08-16,2018-08-16
-1407048,774185,1,1,1,0,2016-11-05,2016-11-05
-1407048,774198,1,1,1,0,2016-12-03,2016-12-03
-1407047,772351,1,1,1,0,2018-04-30,2018-04-30
-1407047,772357,2,2,2,0,2018-04-30,2018-04-30
-1407047,772358,1,1,1,0,2018-04-30,2018-04-30
-1407047,772361,1,1,1,1,2018-04-30,2018-04-30
-1407047,772752,1,1,1,0,2019-04-04,2019-04-04
-1407047,772754,1,1,1,0,2017-10-04,2017-10-04
-1407047,773083,1,1,1,0,2019-04-27,2019-04-27
-1407047,773110,2,2,1,0,2019-04-27,2019-04-27
-1407047,773111,2,2,1,0,2019-04-27,2019-04-27
-1407047,773136,1,1,1,0,2019-04-27,2019-04-27
-1407047,773137,1,1,1,0,2019-04-27,2019-04-27
-1407047,773141,1,1,1,0,2016-05-20,2016-05-20
-1407047,773146,1,1,1,0,2016-05-20,2016-05-20
-1407047,773153,1,1,1,0,2019-06-03,2019-06-03
-1407047,773175,1,1,1,0,2019-06-07,2019-06-07
-1407047,773227,1,1,1,0,2019-06-24,2019-06-24
-1407047,773237,2,2,2,1,2019-05-05,2018-12-29
-1407047,773464,1,1,1,0,2017-01-22,2017-01-22
-1407047,773465,3,3,1,0,2017-01-22,2017-01-22
-1407047,773466,3,3,1,0,2017-01-22,2017-01-22
-1407047,773488,1,1,1,0,2017-01-22,2017-01-22
-1407047,773504,1,1,1,0,2017-11-04,2017-11-04
-1407047,773600,1,1,1,0,2019-04-26,2019-04-26
-1407047,773608,1,1,1,0,2019-06-06,2019-06-06
-1407047,773732,1,1,1,0,2018-04-08,2018-04-08
-1407047,773835,1,1,1,0,2016-05-28,2016-05-28
-1407047,774167,1,1,1,0,2019-04-29,2019-04-29
-1407047,774192,2,2,1,0,2016-07-02,2016-07-02
-1407047,774233,2,2,1,0,2018-04-07,2017-08-05
-1407047,774234,2,2,1,0,2018-04-07,2017-08-05
-1407046,770148,1,1,1,1,2016-08-05,2016-08-05
-1407046,772267,1,1,1,0,2016-10-26,2016-10-26
-1407046,772355,1,1,1,0,2018-04-30,2018-04-30
-1407046,772949,1,1,1,0,2019-03-22,2019-03-22
-1407046,773138,1,1,1,0,2018-04-21,2018-04-21
-1407046,773143,1,1,1,0,2016-05-20,2016-05-20
-1407046,773144,3,3,1,0,2016-05-20,2016-05-20
-1407046,773146,2,2,1,0,2016-05-20,2016-05-20
-1407046,773187,1,1,1,0,2017-10-17,2017-10-17
-1407046,773226,1,1,1,0,2017-09-03,2017-09-03
-1407046,773240,1,1,1,0,2019-06-19,2019-06-19
-1407046,773465,2,1,1,0,2019-04-28,2019-04-28
-1407046,773466,1,1,1,0,2019-04-28,2019-04-28
-1407046,773472,1,1,1,0,2018-06-17,2018-06-17
-1407046,773486,1,1,1,0,2017-01-22,2017-01-22
-1407046,773489,1,1,1,0,2017-01-22,2017-01-22
-1407046,773493,1,1,1,0,2018-11-03,2018-11-03
-1407046,773598,1,1,1,0,2016-09-07,2016-09-07
-1407046,773600,1,1,1,0,2019-04-26,2019-04-26
-1407046,773615,1,1,1,0,2016-05-21,2016-05-21
-1407046,773617,1,1,1,0,2016-05-21,2016-05-21
-1407046,773618,2,2,2,0,2016-05-21,2016-04-08
-1407046,773625,1,1,1,0,2019-06-06,2019-06-06
-1407046,773728,1,1,1,0,2019-04-30,2019-04-30
-1407046,774078,1,1,1,0,2017-05-28,2017-05-28
-1407046,774146,2,2,1,0,2016-03-26,2016-03-26
-1407046,774157,1,1,1,0,2019-04-29,2019-04-29
-1407046,774236,1,1,1,0,2018-01-27,2018-01-27
-1407045,772995,1,1,1,0,2019-04-28,2019-04-28
-1407045,773083,1,1,1,0,2019-04-27,2019-04-27
-1407045,773143,2,2,2,0,2017-07-16,2016-12-17
-1407045,773145,3,3,2,0,2019-04-28,2016-05-20
-1407045,773148,2,1,1,0,2016-05-20,2016-05-20
-1407045,773151,1,1,1,0,2016-05-20,2016-05-20
-1407045,773464,1,1,1,0,2019-04-28,2019-04-28
-1407045,773488,1,1,1,0,2017-01-22,2017-01-22
-1407045,773489,1,1,1,0,2016-05-28,2016-05-28
-1407045,773494,1,1,1,0,2019-05-31,2019-05-31
-1407045,773598,2,1,1,0,2016-09-07,2016-09-07
-1407045,773599,1,1,1,0,2018-04-08,2018-04-08
-1407045,773601,1,1,1,0,2019-04-26,2019-04-26
-1407045,773607,1,1,1,0,2019-06-06,2019-06-06
-1407045,773608,2,2,2,0,2018-08-19,2018-06-17
-1407045,773612,1,1,1,0,2018-08-19,2018-08-19
-1407045,773615,1,1,1,0,2019-04-28,2019-04-28
-1407045,773616,1,1,1,0,2016-05-21,2016-05-21
-1407045,773622,1,1,1,0,2019-06-06,2019-06-06
-1407045,774232,1,1,1,0,2018-04-22,2018-04-22
-1407044,772179,2,2,1,0,2018-04-29,2018-04-29
-1407044,772227,1,1,1,0,2016-10-26,2016-10-26
-1407044,772401,1,1,1,0,2016-10-24,2016-10-24
-1407044,772987,1,1,1,0,2019-04-28,2019-04-28
-1407044,773095,1,1,1,0,2019-04-28,2019-04-28
-1407044,773137,1,1,1,0,2016-05-20,2016-05-20
-1407044,773140,1,1,1,0,2016-05-20,2016-05-20
-1407044,773145,1,1,1,0,2017-09-16,2017-09-16
-1407044,773147,1,1,1,0,2016-05-20,2016-05-20
-1407044,773148,1,1,1,0,2016-05-20,2016-05-20
-1407044,773149,1,1,1,0,2016-05-20,2016-05-20
-1407044,773598,1,1,1,0,2016-09-07,2016-09-07
-1407044,773600,3,3,3,0,2018-04-08,2016-05-21
-1407044,773601,1,1,1,0,2019-04-26,2019-04-26
-1407044,773603,1,1,1,0,2016-05-21,2016-05-21
-1407044,773604,1,1,1,0,2017-11-04,2017-11-04
-1407044,773607,2,2,1,0,2018-04-15,2018-04-15
-1407044,773612,2,2,1,0,2019-04-28,2019-04-28
-1407044,773613,1,1,1,0,2019-04-28,2019-04-28
-1407044,773617,1,1,1,0,2016-05-21,2016-05-21
-1407044,773618,1,1,1,0,2016-05-21,2016-05-21
-1407044,773732,1,1,1,0,2019-05-25,2019-05-25
-1407044,773903,1,1,1,0,2016-09-03,2016-09-03
-1407044,774234,1,1,1,0,2016-07-02,2016-07-02
-1407043,772212,1,1,1,0,2019-05-22,2019-05-22
-1407043,772357,1,1,1,0,2018-04-30,2018-04-30
-1407043,772460,1,1,1,0,2019-06-30,2019-06-30
-1407043,773142,1,1,1,0,2016-05-20,2016-05-20
-1407043,773143,1,1,1,0,2019-04-27,2019-04-27
-1407043,773146,1,1,1,0,2017-06-17,2017-06-17
-1407043,773432,1,1,1,0,2018-09-03,2018-09-03
-1407043,773488,2,2,2,0,2018-09-03,2017-11-12
-1407043,773593,1,1,1,0,2018-09-12,2018-09-12
-1407043,773597,1,1,1,0,2018-04-08,2018-04-08
-1407043,773599,2,2,2,0,2018-04-08,2017-04-29
-1407043,773601,1,1,1,0,2016-05-21,2016-05-21
-1407043,773602,1,1,1,0,2016-02-26,2016-02-26
-1407043,773603,1,1,1,0,2017-04-16,2017-04-16
-1407043,773606,1,1,1,0,2016-05-21,2016-05-21
-1407043,773607,1,1,1,0,2016-02-26,2016-02-26
-1407043,773608,1,1,1,0,2016-05-21,2016-05-21
-1407043,773609,1,1,1,0,2019-06-06,2019-06-06
-1407043,773610,1,1,1,0,2016-05-21,2016-05-21
-1407043,773613,1,1,1,0,2016-05-21,2016-05-21
-1407043,773614,1,1,1,0,2016-05-21,2016-05-21
-1407043,773616,1,1,1,0,2016-05-21,2016-05-21
-1407043,773618,1,1,1,0,2016-02-26,2016-02-26
-1407043,773620,1,1,1,0,2016-05-21,2016-05-21
-1407043,773625,1,1,1,0,2017-04-16,2017-04-16
-1407043,773633,1,1,1,0,2016-05-21,2016-05-21
-1407043,774172,1,1,1,0,2016-11-05,2016-11-05
-1407042,772458,1,1,1,0,2019-06-30,2019-06-30
-1407042,772931,1,1,1,0,2016-05-20,2016-05-20
-1407042,773147,1,1,1,0,2019-04-28,2019-04-28
-1407042,773149,1,1,1,0,2016-05-20,2016-05-20
-1407042,773162,1,1,1,0,2018-09-07,2018-09-07
-1407042,773184,1,1,1,0,2018-09-07,2018-09-07
-1407042,773430,1,1,1,0,2016-11-19,2016-11-19
-1407042,773487,1,1,1,0,2017-01-22,2017-01-22
-1407042,773596,1,1,1,0,2018-04-08,2018-04-08
-1407042,773598,1,1,1,0,2016-05-21,2016-05-21
-1407042,773599,1,1,1,0,2016-05-21,2016-05-21
-1407042,773600,1,1,1,0,2016-05-21,2016-05-21
-1407042,773601,2,2,2,0,2018-04-15,2017-05-03
-1407042,773603,1,1,1,0,2018-12-04,2018-12-04
-1407042,773604,1,1,1,0,2016-02-26,2016-02-26
-1407042,773610,1,1,1,0,2016-05-21,2016-05-21
-1407042,773612,1,1,1,0,2016-02-26,2016-02-26
-1407042,773617,1,1,1,0,2019-06-06,2019-06-06
-1407042,773622,1,1,1,0,2019-06-05,2019-06-05
-1407042,773631,2,2,1,0,2016-05-21,2016-05-21
-1407041,772309,1,1,1,0,2017-06-22,2017-06-22
-1407041,772349,1,1,1,1,2018-04-30,2018-04-30
-1407041,773150,1,1,1,0,2016-05-20,2016-05-20
-1407041,773151,1,1,1,0,2016-05-20,2016-05-20
-1407041,773162,1,1,1,0,2019-04-28,2019-04-28
-1407041,773190,1,1,1,0,2017-10-17,2017-10-17
-1407041,773419,1,1,1,0,2019-04-28,2019-04-28
-1407041,773424,1,1,1,0,2016-09-03,2016-09-03
-1407041,773427,1,1,1,0,2016-11-19,2016-11-19
-1407041,773433,1,1,1,0,2016-09-03,2016-09-03
-1407041,773590,1,1,1,0,2018-06-17,2018-06-17
-1407041,773592,1,1,1,0,2016-05-21,2016-05-21
-1407041,773599,1,1,1,0,2016-05-21,2016-05-21
-1407041,773600,1,1,1,0,2016-05-21,2016-05-21
-1407041,773610,1,1,1,0,2016-02-26,2016-02-26
-1407041,773612,1,1,1,0,2019-06-06,2019-06-06
-1407041,773621,1,1,1,0,2019-06-05,2019-06-05
-1407041,773633,1,1,1,0,2016-02-22,2016-02-22
-1407041,773635,1,1,1,0,2016-02-22,2016-02-22
-1407041,773675,1,1,1,0,2018-04-15,2018-04-15
-1407041,774117,1,1,1,0,2019-03-26,2019-03-26
-1407040,773420,1,1,1,0,2016-11-19,2016-11-19
-1407040,773438,1,1,1,0,2017-01-22,2017-01-22
-1407040,773531,1,1,1,0,2019-04-19,2019-04-19
-1407040,773592,1,1,1,0,2018-02-04,2018-02-04
-1407040,773595,1,1,1,0,2016-05-21,2016-05-21
-1407040,773597,1,1,1,0,2016-05-21,2016-05-21
-1407040,773599,1,1,1,0,2016-05-21,2016-05-21
-1407040,773600,1,1,1,0,2016-02-26,2016-02-26
-1407040,773605,1,1,1,0,2016-02-26,2016-02-26
-1407040,773622,1,1,1,0,2019-06-06,2019-06-06
-1407040,773624,2,2,2,0,2019-04-28,2017-09-26
-1407040,773626,1,1,1,0,2018-06-17,2018-06-17
-1407040,773630,2,2,2,0,2019-06-16,2017-12-02
-1407040,773633,7,2,4,0,2019-06-05,2016-05-20
-1407040,773634,1,1,1,0,2016-05-20,2016-05-20
-1407040,774203,1,1,1,0,2019-06-22,2019-06-22
-1407040,774248,1,1,1,0,2018-04-07,2018-04-07
-1407039,771704,1,1,1,0,2016-04-21,2016-04-21
-1407039,772195,1,1,1,0,2019-02-28,2019-02-28
-1407039,773408,1,1,1,0,2016-11-19,2016-11-19
-1407039,773410,1,1,1,0,2018-10-10,2018-10-10
-1407039,773437,1,1,1,0,2017-01-22,2017-01-22
-1407039,773533,1,1,1,0,2017-11-04,2017-11-04
-1407039,773577,1,1,1,0,2018-08-18,2018-08-18
-1407039,773586,1,1,1,0,2018-05-12,2018-05-12
-1407039,773594,1,1,1,0,2016-02-26,2016-02-26
-1407039,773603,1,1,1,0,2018-04-15,2018-04-15
-1407039,773613,1,1,1,0,2016-05-21,2016-05-21
-1407039,773617,1,1,1,0,2017-04-16,2017-04-16
-1407039,773622,1,1,1,0,2019-06-05,2019-06-05
-1407039,773625,1,1,1,0,2019-06-05,2019-06-05
-1407039,773633,1,1,1,0,2016-05-21,2016-05-21
-1407039,773634,2,2,2,0,2019-06-16,2017-12-02
-1407039,773674,1,1,1,0,2018-02-11,2018-02-11
-1407039,773929,1,1,1,0,2016-07-09,2016-07-09
-1407039,774117,1,1,1,0,2019-03-26,2019-03-26
-1407039,774228,1,1,1,0,2019-04-22,2019-04-22
-1407038,771689,1,1,1,0,2018-09-17,2018-09-17
-1407038,772396,1,1,1,0,2017-04-14,2017-04-14
-1407038,772447,1,1,1,0,2019-06-30,2019-06-30
-1407038,772740,1,1,1,0,2017-10-04,2017-10-04
-1407038,773075,1,1,1,0,2017-10-08,2017-10-08
-1407038,773194,1,1,1,0,2016-05-20,2016-05-20
-1407038,773541,1,1,1,0,2019-05-31,2019-05-31
-1407038,773577,1,1,1,0,2017-11-04,2017-11-04
-1407038,773611,1,1,1,0,2019-05-03,2019-05-03
-1407038,773623,1,1,1,0,2016-02-26,2016-02-26
-1407038,774142,1,1,1,0,2019-05-09,2019-05-09
-1407037,772244,1,1,1,0,2016-11-13,2016-11-13
-1407037,772408,1,1,1,0,2017-04-14,2017-04-14
-1407037,773577,1,1,1,0,2016-02-26,2016-02-26
-1407037,773580,1,1,1,0,2017-04-16,2017-04-16
-1407037,773587,1,1,1,0,2016-05-21,2016-05-21
-1407037,773588,1,1,1,0,2016-02-26,2016-02-26
-1407037,773592,1,1,1,0,2019-04-28,2019-04-28
-1407037,773611,1,1,1,0,2019-05-03,2019-05-03
-1407037,773618,1,1,1,0,2019-06-06,2019-06-06
-1407037,773633,1,1,1,0,2016-05-21,2016-05-21
-1407037,773636,1,1,1,0,2016-02-26,2016-02-26
-1407037,774115,1,1,1,0,2019-04-28,2019-04-28
-1407036,772833,1,1,1,0,2019-03-30,2019-03-30
-1407036,772886,1,1,1,1,2017-01-01,2017-01-01
-1407036,773281,1,1,1,0,2019-04-14,2019-04-14
-1407036,773283,1,1,1,0,2019-04-14,2019-04-14
-1407036,773399,1,1,1,0,2018-09-14,2018-09-14
-1407036,773432,1,1,1,0,2016-11-19,2016-11-19
-1407036,773586,1,1,1,0,2018-08-18,2018-08-18
-1407036,773587,1,1,1,0,2017-04-16,2017-04-16
-1407036,773591,1,1,1,0,2016-02-26,2016-02-26
-1407036,773632,2,2,2,0,2016-05-21,2016-05-21
-1407036,773633,1,1,1,0,2016-05-21,2016-05-21
-1407036,773635,1,1,1,0,2016-05-21,2016-05-21
-1407036,773636,1,1,1,0,2016-02-26,2016-02-26
-1407036,773739,1,1,1,0,2017-05-14,2017-05-14
-1407036,774115,1,1,1,0,2019-03-26,2019-03-26
-1407036,774229,1,1,1,0,2019-04-07,2019-04-07
-1407035,772196,1,1,1,1,2018-07-13,2018-07-13
-1407035,772428,1,1,1,0,2018-04-27,2018-04-27
-1407035,772833,1,1,1,0,2019-03-30,2019-03-30
-1407035,773193,1,1,1,0,2018-09-07,2018-09-07
-1407035,773280,1,1,1,0,2019-04-14,2019-04-14
-1407035,773422,1,1,1,0,2019-04-28,2019-04-28
-1407035,773441,1,1,1,0,2017-11-04,2017-11-04
-1407035,773535,1,1,1,0,2017-11-04,2017-11-04
-1407035,773542,1,1,1,0,2016-02-26,2016-02-26
-1407035,773576,1,1,1,0,2016-02-26,2016-02-26
-1407035,773577,1,1,1,0,2016-02-26,2016-02-26
-1407035,773590,1,1,1,0,2016-02-26,2016-02-26
-1407035,773596,1,1,1,0,2016-02-26,2016-02-26
-1407034,771685,1,1,1,0,2019-04-06,2019-04-06
-1407034,772145,1,1,1,0,2018-04-29,2018-04-29
-1407034,772243,1,1,1,0,2016-11-21,2016-11-21
-1407034,772329,1,1,1,0,2017-04-13,2017-04-13
-1407034,772423,1,1,1,0,2019-06-30,2019-06-30
-1407034,772429,1,1,1,0,2018-04-27,2018-04-27
-1407034,772490,1,1,1,1,2019-06-07,2019-06-07
-1407034,773385,1,1,1,0,2016-11-19,2016-11-19
-1407034,773403,1,1,1,0,2019-03-16,2019-03-16
-1407034,773485,1,1,1,0,2017-11-04,2017-11-04
-1407034,773564,1,1,1,0,2019-04-28,2019-04-28
-1407034,773574,1,1,1,0,2016-02-26,2016-02-26
-1407034,773575,1,1,1,0,2016-09-07,2016-09-07
-1407034,773583,1,1,1,0,2016-02-26,2016-02-26
-1407034,773593,1,1,1,0,2019-04-28,2019-04-28
-1407034,773635,2,1,1,0,2016-09-07,2016-09-07
-1407034,774254,1,1,1,0,2017-04-12,2017-04-12
-1407033,772387,1,1,1,0,2018-10-18,2018-10-18
-1407033,772403,1,1,1,0,2017-04-14,2017-04-14
-1407033,772715,1,1,1,0,2017-07-02,2017-07-02
-1407033,773154,1,1,1,0,2018-09-02,2018-09-02
-1407033,773542,1,1,1,0,2016-02-26,2016-02-26
-1407033,773576,1,1,1,0,2016-09-07,2016-09-07
-1407033,773577,1,1,1,0,2016-02-26,2016-02-26
-1407033,773598,1,1,1,0,2018-06-17,2018-06-17
-1407033,773633,1,1,1,0,2016-05-21,2016-05-21
-1407033,773634,1,1,1,0,2016-05-21,2016-05-21
-1407032,772734,1,1,1,0,2018-04-29,2018-04-29
-1407032,772823,1,1,1,0,2019-02-25,2019-02-25
-1407032,772911,1,1,1,0,2017-10-21,2017-10-21
-1407032,772982,1,1,1,0,2019-04-20,2019-04-20
-1407032,773209,1,1,1,1,2016-11-26,2016-11-26
-1407032,773290,1,1,1,0,2017-11-04,2017-11-04
-1407032,773398,1,1,1,0,2019-03-16,2019-03-16
-1407032,773562,1,1,1,0,2016-05-21,2016-05-21
-1407032,773594,1,1,1,0,2019-04-28,2019-04-28
-1407032,773598,1,1,1,0,2019-05-03,2019-05-03
-1407032,773916,2,1,1,0,2016-07-09,2016-07-09
-1407032,774116,1,1,1,0,2019-04-28,2019-04-28
-1407032,774260,1,1,1,0,2018-12-15,2018-12-15
-1407031,772394,1,1,1,0,2016-10-24,2016-10-24
-1407031,772824,1,1,1,0,2019-03-15,2019-03-15
-1407031,772826,1,1,1,0,2019-04-09,2019-04-09
-1407031,773539,1,1,1,0,2017-04-16,2017-04-16
-1407031,773543,1,1,1,0,2018-05-02,2018-05-02
-1407031,773937,2,2,1,0,2016-07-09,2016-07-09
-1407031,774234,1,1,1,0,2018-02-24,2018-02-24
-1407030,772401,1,1,1,0,2017-04-14,2017-04-14
-1407030,772821,1,1,1,0,2019-04-18,2019-04-18
-1407030,772980,1,1,1,0,2018-04-21,2018-04-21
-1407030,773125,1,1,1,0,2016-05-20,2016-05-20
-1407030,773207,1,1,1,0,2016-05-20,2016-05-20
-1407030,773269,1,1,1,0,2019-04-09,2019-04-09
-1407030,773277,1,1,1,0,2017-11-04,2017-11-04
-1407030,773544,1,1,1,0,2016-05-21,2016-05-21
-1407030,773574,1,1,1,0,2018-08-18,2018-08-18
-1407030,773580,1,1,1,0,2016-02-26,2016-02-26
-1407030,773581,1,1,1,0,2016-05-21,2016-05-21
-1407030,773596,1,1,1,0,2016-02-26,2016-02-26
-1407030,773632,1,1,1,0,2016-05-21,2016-05-21
-1407030,773676,1,1,1,0,2016-02-28,2016-02-28
-1407030,774227,1,1,1,0,2019-06-22,2019-06-22
-1407029,772329,1,1,1,0,2017-04-13,2017-04-13
-1407029,772391,1,1,1,0,2016-10-24,2016-10-24
-1407029,772410,1,1,1,0,2018-09-16,2018-09-16
-1407029,772731,1,1,1,0,2018-04-29,2018-04-29
-1407029,772830,1,1,1,0,2019-03-14,2019-03-14
-1407029,772944,1,1,1,0,2019-07-06,2019-07-06
-1407029,773544,1,1,1,0,2016-05-21,2016-05-21
-1407029,773567,1,1,1,0,2019-04-28,2019-04-28
-1407029,773572,1,1,1,0,2019-06-20,2019-06-20
-1407029,773629,1,1,1,0,2016-02-26,2016-02-26
-1407029,773634,1,1,1,0,2016-02-26,2016-02-26
-1407029,773635,1,1,1,0,2016-02-26,2016-02-26
-1407029,774070,1,1,1,0,2017-06-08,2017-06-08
-1407029,774224,1,1,1,0,2019-06-22,2019-06-22
-1407028,771902,1,1,1,0,2016-03-19,2016-03-19
-1407028,773364,1,1,1,0,2017-08-12,2017-08-12
-1407028,773376,1,1,1,0,2018-09-03,2018-09-03
-1407028,773542,1,1,1,0,2016-05-21,2016-05-21
-1407028,773545,1,1,1,0,2016-05-21,2016-05-21
-1407028,773547,1,1,1,0,2016-05-21,2016-05-21
-1407028,773548,1,1,1,0,2016-05-21,2016-05-21
-1407028,773560,1,1,1,0,2019-04-28,2019-04-28
-1407028,773567,1,1,1,0,2019-04-28,2019-04-28
-1407028,773594,1,1,1,0,2016-02-26,2016-02-26
-1407028,773882,1,1,1,0,2016-05-28,2016-05-28
-1407028,774192,1,1,1,0,2019-06-22,2019-06-22
-1407027,772213,1,1,1,0,2018-10-07,2018-10-07
-1407027,772393,1,1,1,0,2017-04-14,2017-04-14
-1407027,772397,1,1,1,0,2016-02-19,2016-02-19
-1407027,772400,1,1,1,0,2017-04-14,2017-04-14
-1407027,772401,1,1,1,0,2017-04-14,2017-04-14
-1407027,772820,1,1,1,0,2019-02-18,2019-02-18
-1407027,772945,1,1,1,0,2018-11-03,2018-11-03
-1407027,773375,1,1,1,0,2016-11-19,2016-11-19
-1407027,773447,1,1,1,0,2017-11-04,2017-11-04
-1407027,773533,1,1,1,0,2016-05-21,2016-05-21
-1407027,773537,1,1,1,0,2018-05-05,2018-05-05
-1407027,773596,1,1,1,0,2016-02-26,2016-02-26
-1407027,773806,1,1,1,0,2016-06-04,2016-06-04
-1407027,774236,1,1,1,0,2016-11-05,2016-11-05
-1407026,772146,1,1,1,1,2019-03-10,2019-03-10
-1407026,772393,1,1,1,0,2017-04-14,2017-04-14
-1407026,772398,3,3,1,0,2017-04-14,2017-04-14
-1407026,772431,1,1,1,1,2019-07-12,2019-07-12
-1407026,773212,1,1,1,0,2017-11-04,2017-11-04
-1407026,773398,1,1,1,0,2019-04-19,2019-04-19
-1407026,773535,1,1,1,0,2019-05-27,2019-05-27
-1407026,773591,1,1,1,0,2019-04-28,2019-04-28
-1407026,774233,1,1,1,0,2019-07-26,2019-07-26
-1407026,774264,2,2,1,0,2019-04-14,2019-04-14
-1407025,772223,1,1,1,0,2017-01-20,2017-01-20
-1407025,772295,1,1,1,0,2018-04-30,2018-04-30
-1407025,772414,2,2,1,0,2019-05-15,2019-05-15
-1407025,772932,1,1,1,0,2018-04-19,2018-04-19
-1407025,773220,1,1,1,0,2016-05-20,2016-05-20
-1407025,773230,1,1,1,0,2016-11-26,2016-11-26
-1407025,773234,1,1,1,0,2017-10-17,2017-10-17
-1407025,773363,1,1,1,0,2016-11-19,2016-11-19
-1407025,773373,1,1,1,0,2018-05-06,2018-05-06
-1407025,773397,1,1,1,0,2017-11-04,2017-11-04
-1407025,773532,1,1,1,0,2016-05-21,2016-05-21
-1407025,773533,1,1,1,0,2016-05-21,2016-05-21
-1407025,773683,1,1,1,0,2018-04-15,2018-04-15
-1407025,773733,1,1,1,0,2019-07-03,2019-07-03
-1407025,773933,1,1,1,0,2016-08-20,2016-08-20
-1407024,772220,1,1,1,1,2017-09-15,2017-09-15
-1407024,772905,1,1,1,0,2019-05-27,2019-05-27
-1407024,772909,1,1,1,0,2018-04-19,2018-04-19
-1407024,772912,1,1,1,1,2018-04-27,2018-04-27
-1407024,772982,1,1,1,0,2018-05-21,2018-05-21
-1407024,773360,1,1,1,0,2017-11-19,2017-11-19
-1407024,773603,1,1,1,0,2016-02-26,2016-02-26
-1407024,773607,1,1,1,0,2016-06-29,2016-06-29
-1407024,773609,1,1,1,0,2019-04-28,2019-04-28
-1407024,773686,2,2,1,0,2018-04-15,2018-04-15
-1407023,771951,1,1,1,0,2019-04-18,2019-04-18
-1407023,772268,1,1,1,0,2017-04-02,2017-04-02
-1407023,772411,1,1,1,0,2016-10-24,2016-10-24
-1407023,772415,1,1,1,0,2019-05-15,2019-05-15
-1407023,772934,1,1,1,0,2019-07-15,2019-07-15
-1407023,772935,1,1,1,0,2019-04-08,2019-04-08
-1407023,773449,1,1,1,0,2017-11-04,2017-11-04
-1407023,773599,1,1,1,0,2019-04-28,2019-04-28
-1407023,773601,1,1,1,0,2016-02-26,2016-02-26
-1407023,773605,1,1,1,0,2019-04-28,2019-04-28
-1407023,773607,1,1,1,0,2019-04-28,2019-04-28
-1407023,774119,1,1,1,0,2019-05-09,2019-05-09
-1407023,774167,1,1,1,0,2016-07-02,2016-07-02
-1407022,772396,1,1,1,0,2017-04-14,2017-04-14
-1407022,772419,1,1,1,0,2019-05-15,2019-05-15
-1407022,773087,1,1,1,0,2017-09-16,2017-09-16
-1407022,773269,1,1,1,0,2019-02-24,2019-02-24
-1407022,773357,1,1,1,0,2016-11-19,2016-11-19
-1407022,773389,1,1,1,0,2017-11-04,2017-11-04
-1407022,773601,1,1,1,0,2016-02-26,2016-02-26
-1407022,773602,1,1,1,0,2016-02-26,2016-02-26
-1407022,773734,1,1,1,0,2017-10-20,2017-10-20
-1407022,773896,1,1,1,0,2016-05-28,2016-05-28
-1407022,773928,1,1,1,0,2019-05-08,2019-05-08
-1407022,774149,1,1,1,0,2016-07-02,2016-07-02
-1407021,772419,2,2,1,0,2019-05-15,2019-05-08
-1407021,772923,1,1,1,0,2018-09-30,2018-09-30
-1407021,772933,1,1,1,1,2017-10-07,2017-10-07
-1407021,773626,1,1,1,0,2016-05-21,2016-05-21
-1407021,773638,1,1,1,0,2016-02-26,2016-02-26
-1407020,772157,1,1,1,0,2019-02-28,2019-02-28
-1407020,772162,1,1,1,0,2016-05-20,2016-05-20
-1407020,772197,1,1,1,0,2017-05-15,2017-05-15
-1407020,772998,1,1,1,0,2018-04-28,2018-04-28
-1407020,773140,1,1,1,0,2018-09-15,2018-09-15
-1407020,773257,1,1,1,0,2019-04-14,2019-04-14
-1407020,773455,1,1,1,0,2017-11-04,2017-11-04
-1407020,773636,1,1,1,0,2016-05-20,2016-05-20
-1407020,773936,1,1,1,0,2016-07-09,2016-07-09
-1407020,773985,1,1,1,0,2016-06-01,2016-06-01
-1407020,774101,1,1,1,0,2019-04-29,2019-04-29
-1407019,772936,1,1,1,0,2018-07-23,2018-07-23
-1407019,773067,1,1,1,0,2019-04-28,2019-04-28
-1407019,773821,1,1,1,0,2016-06-04,2016-06-04
-1407019,773895,1,1,1,0,2016-07-09,2016-07-09
-1407019,774098,1,1,1,0,2019-03-26,2019-03-26
-1407019,774145,1,1,1,0,2016-08-27,2016-08-27
-1407019,774267,22,21,1,0,2016-04-13,2016-04-13
-1407018,771638,1,1,1,0,2019-07-04,2019-07-04
-1407018,771967,1,1,1,0,2017-01-05,2017-01-05
-1407018,772061,1,1,1,0,2017-04-18,2017-04-18
-1407018,772269,1,1,1,0,2017-04-02,2017-04-02
-1407018,772312,1,1,1,0,2016-10-24,2016-10-24
-1407018,772317,1,1,1,0,2017-04-14,2017-04-14
-1407018,772752,1,1,1,0,2019-04-06,2019-04-06
-1407018,772911,1,1,1,0,2018-07-29,2018-07-29
-1407018,772914,1,1,1,1,2019-05-02,2019-05-02
-1407018,773239,1,1,1,0,2017-10-17,2017-10-17
-1407018,773260,1,1,1,0,2019-02-24,2019-02-24
-1407018,773287,1,1,1,0,2017-11-04,2017-11-04
-1407018,773321,1,1,1,0,2019-04-14,2019-04-14
-1407018,773581,1,1,1,0,2018-02-18,2018-02-18
-1407017,772143,1,1,1,1,2018-09-30,2018-09-30
-1407017,772320,1,1,1,0,2017-04-02,2017-04-02
-1407017,772716,1,1,1,0,2017-09-17,2017-09-17
-1407017,772720,1,1,1,0,2019-05-18,2019-05-18
-1407017,772765,1,1,1,0,2019-05-18,2019-05-18
-1407017,772913,1,1,1,0,2019-03-30,2019-03-30
-1407017,773235,1,1,1,0,2017-11-04,2017-11-04
-1407017,773236,1,1,1,0,2019-05-25,2019-05-25
-1407017,773245,1,1,1,0,2017-10-17,2017-10-17
-1407017,773341,1,1,1,0,2019-06-13,2019-06-13
-1407017,773973,1,1,1,0,2016-08-27,2016-08-27
-1407017,774096,1,1,1,0,2019-04-28,2019-04-28
-1407017,774233,1,1,1,0,2016-12-03,2016-12-03
-1407016,772040,1,1,1,1,2018-03-25,2018-03-25
-1407016,772144,1,1,1,0,2018-09-30,2018-09-30
-1407016,772288,1,1,1,0,2017-04-02,2017-04-02
-1407016,772291,1,1,1,0,2017-04-13,2017-04-13
-1407016,772398,1,1,1,0,2019-04-10,2019-04-10
-1407016,772399,1,1,1,0,2019-04-10,2019-04-10
-1407016,773226,1,1,1,0,2019-05-04,2019-05-04
-1407016,773551,1,1,1,0,2016-05-20,2016-05-20
-1407016,774231,1,1,1,0,2019-03-26,2019-03-26
-1407016,774278,1,1,1,0,2019-04-28,2019-04-28
-1407015,771637,1,1,1,0,2018-01-28,2018-01-28
-1407015,771950,1,1,1,0,2019-06-19,2019-06-19
-1407015,771952,1,1,1,0,2018-06-11,2018-06-11
-1407015,772191,1,1,1,0,2017-04-02,2017-04-02
-1407015,772215,1,1,1,0,2017-01-20,2017-01-20
-1407015,772267,1,1,1,1,2019-01-13,2019-01-13
-1407015,772343,1,1,1,0,2017-04-02,2017-04-02
-1407015,772344,1,1,1,0,2016-10-30,2016-10-30
-1407015,772398,1,1,1,0,2019-04-10,2019-04-10
-1407015,772431,1,1,1,0,2016-10-24,2016-10-24
-1407015,772824,1,1,1,0,2017-05-09,2017-05-09
-1407015,773255,1,1,1,0,2016-05-28,2016-05-28
-1407015,773283,1,1,1,0,2017-11-04,2017-11-04
-1407015,773315,1,1,1,0,2018-09-03,2018-09-03
-1407015,773348,1,1,1,0,2016-11-19,2016-11-19
-1407015,773736,1,1,1,0,2016-06-04,2016-06-04
-1407015,773903,1,1,1,0,2019-06-29,2019-06-29
-1407015,774101,1,1,1,0,2019-05-16,2019-05-16
-1407015,774232,1,1,1,0,2019-02-28,2019-02-28
-1407014,771953,1,1,1,0,2017-12-24,2017-12-24
-1407014,772428,1,1,1,0,2017-06-07,2017-06-07
-1407014,774147,1,1,1,0,2016-08-27,2016-08-27
-1407014,774230,1,1,1,0,2016-12-03,2016-12-03
-1407013,771892,1,1,1,1,2016-05-21,2016-05-21
-1407013,771960,1,1,1,0,2018-09-09,2018-09-09
-1407013,771976,1,1,1,0,2017-10-08,2017-10-08
-1407013,772144,1,1,1,1,2018-09-30,2018-09-30
-1407013,772270,1,1,1,0,2019-04-16,2019-04-16
-1407013,772714,1,1,1,0,2017-09-17,2017-09-17
-1407013,772905,1,1,1,1,2018-08-12,2018-08-12
-1407013,772913,1,1,1,1,2018-02-21,2018-02-21
-1407013,773054,1,1,1,0,2016-04-08,2016-04-08
-1407013,773215,1,1,1,0,2017-08-17,2017-08-17
-1407013,773239,1,1,1,0,2019-05-25,2019-05-25
-1407013,773343,1,1,1,0,2019-04-28,2019-04-28
-1407013,773858,1,1,1,0,2018-02-24,2018-02-24
-1407013,773935,1,1,1,0,2016-07-09,2016-07-09
-1407012,772538,1,1,1,1,2019-05-17,2019-05-17
-1407012,772899,1,1,1,1,2018-05-07,2018-05-07
-1407012,773150,1,1,1,0,2018-09-15,2018-09-15
-1407012,773315,1,1,1,0,2018-07-19,2018-07-19
-1407012,773573,2,1,1,0,2016-09-07,2016-09-07
-1407012,774143,1,1,1,0,2016-11-05,2016-11-05
-1407012,774228,1,1,1,0,2018-04-12,2018-04-12
-1407011,771977,1,1,1,1,2016-08-05,2016-08-05
-1407011,772196,1,1,1,1,2019-07-17,2019-07-17
-1407011,772396,1,1,1,0,2017-03-05,2017-03-05
-1407011,772850,1,1,1,0,2018-04-07,2018-04-07
-1407011,773066,1,1,1,0,2016-12-29,2016-12-29
-1407011,773251,1,1,1,0,2019-04-14,2019-04-14
-1407011,773682,1,1,1,0,2018-04-15,2018-04-15
-1407011,774090,1,1,1,0,2019-04-29,2019-04-29
-1407011,774244,1,1,1,0,2019-02-28,2019-02-28
-1407010,771957,1,1,1,1,2019-03-05,2019-03-05
-1407010,772908,1,1,1,1,2018-05-30,2018-05-30
-1407010,773270,1,1,1,0,2017-11-04,2017-11-04
-1407010,773957,1,1,1,0,2019-04-09,2019-04-09
-1407010,774137,2,2,1,0,2016-08-27,2016-08-27
-1407009,772138,1,1,1,1,2017-10-12,2017-10-12
-1407009,772423,1,1,1,0,2017-06-07,2017-06-07
-1407009,772940,1,1,1,1,2018-04-29,2018-04-29
-1407009,773234,1,1,1,0,2018-06-30,2018-06-30
-1407009,773266,1,1,1,0,2017-11-04,2017-11-04
-1407009,773268,1,1,1,0,2017-11-04,2017-11-04
-1407009,773303,1,1,1,0,2019-06-14,2019-06-14
-1407009,773328,1,1,1,0,2019-04-14,2019-04-14
-1407009,773339,1,1,1,0,2018-09-03,2018-09-03
-1407009,773416,1,1,1,0,2018-04-29,2018-04-29
-1407009,773926,1,1,1,0,2016-07-09,2016-07-09
-1407009,774095,1,1,1,0,2019-05-09,2019-05-09
-1407009,774227,2,2,1,0,2019-06-29,2019-06-29
-1407009,774285,1,1,1,0,2019-04-28,2019-04-28
-1407008,771893,1,1,1,0,2016-05-21,2016-05-21
-1407008,771976,1,1,1,0,2018-05-16,2018-05-16
-1407008,772425,1,1,1,0,2019-03-30,2019-03-30
-1407008,772672,1,1,1,0,2017-10-04,2017-10-04
-1407008,772811,1,1,1,0,2018-04-27,2018-04-27
-1407008,773075,1,1,1,0,2017-10-08,2017-10-08
-1407008,773344,2,2,1,0,2016-11-19,2016-11-19
-1407008,773681,1,1,1,0,2018-04-15,2018-04-15
-1407008,773682,1,1,1,0,2018-09-03,2018-09-03
-1407008,774089,1,1,1,0,2019-05-09,2019-05-09
-1407008,774227,1,1,1,0,2019-06-22,2019-06-22
-1407007,771886,1,1,1,0,2016-05-21,2016-05-21
-1407007,771898,1,1,1,0,2016-05-21,2016-05-21
-1407007,772291,1,1,1,0,2017-04-13,2017-04-13
-1407007,772425,1,1,1,0,2019-03-30,2019-03-30
-1407007,772477,1,1,1,1,2019-06-07,2019-06-07
-1407007,772805,1,1,1,0,2017-05-29,2017-05-29
-1407007,772855,1,1,1,0,2018-04-07,2018-04-07
-1407007,772926,1,1,1,0,2018-04-19,2018-04-19
-1407007,772937,1,1,1,0,2018-04-28,2018-04-28
-1407007,772938,1,1,1,1,2018-04-29,2018-04-29
-1407007,772939,1,1,1,1,2018-04-29,2018-04-29
-1407007,773038,1,1,1,0,2019-06-13,2019-06-13
-1407007,773894,1,1,1,0,2016-09-17,2016-09-17
-1407007,773899,1,1,1,0,2019-05-22,2019-05-22
-1407007,773935,2,2,1,0,2016-08-20,2016-08-20
-1407007,774084,1,1,1,0,2016-12-03,2016-12-03
-1407006,771884,1,1,1,0,2018-12-30,2018-12-30
-1407006,771956,1,1,1,1,2019-03-05,2019-03-05
-1407006,771957,1,1,1,1,2019-03-05,2019-03-05
-1407006,772424,2,2,1,0,2019-03-30,2019-03-30
-1407006,772425,1,1,1,0,2017-03-05,2017-03-05
-1407006,772832,1,1,1,0,2017-09-17,2017-09-17
-1407006,772901,1,1,1,1,2017-09-09,2017-09-09
-1407006,772939,1,1,1,1,2018-04-29,2018-04-29
-1407006,773247,1,1,1,0,2019-04-26,2019-04-26
-1407006,773340,1,1,1,0,2016-09-03,2016-09-03
-1407006,773545,1,1,1,1,2016-02-26,2016-02-26
-1407006,774141,1,1,1,0,2016-11-05,2016-11-05
-1407005,771888,1,1,1,1,2016-05-21,2016-05-21
-1407005,772142,1,1,1,1,2017-04-18,2017-04-18
-1407005,772209,1,1,1,0,2017-09-15,2017-09-15
-1407005,772664,2,1,2,0,2017-10-04,2017-09-11
-1407005,772666,1,1,1,0,2017-10-04,2017-10-04
-1407005,772813,1,1,1,0,2018-04-07,2018-04-07
-1407005,772918,1,1,1,0,2018-06-09,2018-06-09
-1407005,773522,1,1,1,0,2016-05-21,2016-05-21
-1407005,773578,1,1,1,0,2016-09-07,2016-09-07
-1407005,773735,1,1,1,0,2019-04-27,2019-04-27
-1407005,773736,1,1,1,0,2016-06-04,2016-06-04
-1407005,774232,1,1,1,0,2016-11-05,2016-11-05
-1407004,772105,1,1,1,0,2017-01-25,2017-01-25
-1407004,772672,1,1,1,0,2018-04-29,2018-04-29
-1407004,772741,1,1,1,0,2018-05-14,2018-05-14
-1407004,772805,1,1,1,0,2016-09-03,2016-09-03
-1407004,772869,1,1,1,0,2018-08-03,2018-08-03
-1407004,772909,1,1,1,0,2018-08-09,2018-08-09
-1407004,772910,1,1,1,0,2018-12-03,2018-12-03
-1407004,773290,1,1,1,0,2019-04-14,2019-04-14
-1407004,773340,1,1,1,0,2018-09-30,2018-09-30
-1407004,773412,1,1,1,0,2016-09-07,2016-09-07
-1407004,773492,1,1,1,0,2016-05-07,2016-05-07
-1407004,773581,1,1,1,0,2019-04-19,2019-04-19
-1407004,773582,1,1,1,0,2019-05-14,2019-05-14
-1407004,774228,1,1,1,0,2016-10-29,2016-10-29
-1407003,771955,1,1,1,0,2018-06-23,2018-06-23
-1407003,771960,1,1,1,0,2017-12-24,2017-12-24
-1407003,772208,1,1,1,0,2019-04-26,2019-04-26
-1407003,772904,1,1,1,1,2018-02-21,2018-02-21
-1407003,773006,1,1,1,0,2016-04-02,2016-04-02
-1407003,773114,1,1,1,0,2018-02-19,2018-02-19
-1407003,773117,1,1,1,0,2019-06-16,2019-06-16
-1407003,773264,1,1,1,0,2017-11-04,2017-11-04
-1407003,773337,1,1,1,0,2019-04-28,2019-04-28
-1407003,773354,1,1,1,0,2016-05-14,2016-05-14
-1407003,773674,2,2,2,0,2018-09-03,2018-06-24
-1407003,773677,1,1,1,0,2018-04-15,2018-04-15
-1407003,773960,1,1,1,0,2017-04-21,2017-04-21
-1407003,774009,1,1,1,0,2017-10-31,2017-10-31
-1407003,774125,1,1,1,0,2016-08-13,2016-08-13
-1407002,771956,1,1,1,0,2018-11-04,2018-11-04
-1407002,771961,1,1,1,1,2019-03-05,2019-03-05
-1407002,772658,1,1,1,0,2017-10-04,2017-10-04
-1407002,772739,1,1,1,0,2019-05-18,2019-05-18
-1407002,772888,1,1,1,1,2018-02-21,2018-02-21
-1407002,772920,1,1,1,0,2019-05-21,2019-05-21
-1407002,773216,1,1,1,0,2019-06-27,2019-06-27
-1407002,773329,1,1,1,0,2019-04-28,2019-04-28
-1407002,773360,1,1,1,0,2017-11-04,2017-11-04
-1407002,773505,1,1,1,0,2019-05-25,2019-05-25
-1407002,773520,1,1,1,0,2019-06-28,2019-06-28
-1407002,773580,1,1,1,0,2018-09-22,2018-09-22
-1407002,773735,1,1,1,0,2016-06-04,2016-06-04
-1407002,773901,1,1,1,0,2016-08-04,2016-08-04
-1407002,773923,1,1,1,0,2016-07-09,2016-07-09
-1407002,773965,1,1,1,0,2019-05-08,2019-05-08
-1407002,774074,1,1,1,0,2019-04-29,2019-04-29
-1407001,771881,1,1,1,0,2016-05-21,2016-05-21
-1407001,771931,1,1,1,0,2017-06-24,2017-06-24
-1407001,772885,1,1,1,1,2019-05-27,2019-05-27
-1407001,772889,1,1,1,1,2019-05-27,2019-05-27
-1407001,772902,1,1,1,0,2017-09-09,2017-09-09
-1407001,773102,1,1,1,0,2016-04-20,2016-04-20
-1407001,773671,1,1,1,0,2018-04-15,2018-04-15
-1407001,773732,1,1,1,0,2016-06-04,2016-06-04
-1407001,773733,1,1,1,0,2019-04-27,2019-04-27
-1407001,773971,1,1,1,0,2016-03-12,2016-03-12
-1407001,774211,1,1,1,0,2019-06-22,2019-06-22
-1407000,771915,1,1,1,0,2018-12-14,2018-12-14
-1407000,771919,1,1,1,0,2019-04-20,2019-04-20
-1407000,771931,1,1,1,0,2017-06-25,2017-06-25
-1407000,771935,1,1,1,0,2018-06-23,2018-06-23
-1407000,772881,2,2,2,0,2018-08-20,2018-08-14
-1407000,772898,1,1,1,0,2019-07-15,2019-07-15
-1407000,772899,3,1,1,0,2019-07-15,2019-07-15
-1407000,772900,1,1,1,0,2019-07-15,2019-07-15
-1407000,772961,1,1,1,0,2019-04-28,2019-04-28
-1407000,773550,1,1,1,1,2016-02-26,2016-02-26
-1407000,773582,2,2,2,0,2019-04-13,2017-12-25
-1407000,773671,3,2,3,0,2018-10-10,2018-08-12
-1407000,773736,1,1,1,0,2017-05-14,2017-05-14
-1407000,773968,1,1,1,0,2016-11-11,2016-11-11
-1407000,774020,1,1,1,0,2016-06-27,2016-06-27
-1407000,774225,1,1,1,0,2019-04-27,2019-04-27
-1406999,771878,2,2,1,0,2016-05-21,2016-05-21
-1406999,771887,1,1,1,0,2018-05-23,2018-05-23
-1406999,771931,1,1,1,0,2017-06-25,2017-06-25
-1406999,771947,1,1,1,0,2017-06-24,2017-06-24
-1406999,772175,1,1,1,1,2018-09-30,2018-09-30
-1406999,772177,1,1,1,1,2018-09-30,2018-09-30
-1406999,772665,1,1,1,0,2018-04-29,2018-04-29
-1406999,772875,1,1,1,0,2018-05-14,2018-05-14
-1406999,772878,1,1,1,1,2018-04-20,2018-04-20
-1406999,772900,1,1,1,1,2019-05-27,2019-05-27
-1406999,773114,1,1,1,0,2018-09-15,2018-09-15
-1406999,773116,1,1,1,0,2018-09-15,2018-09-15
-1406999,773514,1,1,1,0,2016-05-21,2016-05-21
-1406999,773581,1,1,1,0,2016-09-07,2016-09-07
-1406999,773903,1,1,1,0,2019-06-20,2019-06-20
-1406999,774079,1,1,1,0,2019-05-16,2019-05-16
-1406998,771877,2,1,1,0,2016-05-21,2016-05-21
-1406998,771878,3,1,1,0,2016-05-21,2016-05-21
-1406998,772197,2,1,1,1,2018-09-30,2018-09-30
-1406998,772665,1,1,1,0,2018-04-29,2018-04-29
-1406998,772859,1,1,1,0,2017-09-17,2017-09-17
-1406998,773242,1,1,1,0,2018-06-30,2018-06-30
-1406998,773244,1,1,1,0,2018-06-30,2018-06-30
-1406998,773450,1,1,1,0,2019-04-19,2019-04-19
-1406998,773551,1,1,1,1,2016-02-26,2016-02-26
-1406998,773581,1,1,1,0,2016-05-20,2016-05-20
-1406998,773918,1,1,1,0,2016-07-09,2016-07-09
-1406998,773958,1,1,1,0,2018-12-09,2018-12-09
-1406998,774076,1,1,1,0,2019-07-06,2019-07-06
-1406997,771876,1,1,1,0,2016-05-21,2016-05-21
-1406997,771995,1,1,1,1,2019-04-09,2019-04-09
-1406997,772170,1,1,1,1,2018-05-02,2018-05-02
-1406997,772178,1,1,1,0,2018-04-29,2018-04-29
-1406997,772200,1,1,1,1,2018-09-30,2018-09-30
-1406997,772212,1,1,1,0,2017-09-15,2017-09-15
-1406997,772429,1,1,1,0,2017-05-18,2017-05-18
-1406997,772461,1,1,1,0,2017-12-14,2017-12-14
-1406997,772664,2,2,1,0,2018-04-29,2018-04-29
-1406997,772879,1,1,1,0,2018-05-14,2018-05-14
-1406997,772898,1,1,1,0,2019-07-15,2019-07-15
-1406997,772915,1,1,1,0,2018-12-03,2018-12-03
-1406997,773077,1,1,1,0,2017-10-08,2017-10-08
-1406997,773266,1,1,1,0,2019-04-14,2019-04-14
-1406997,773271,1,1,1,0,2017-11-04,2017-11-04
-1406997,773581,1,1,1,0,2018-08-18,2018-08-18
-1406997,773737,1,1,1,0,2016-06-04,2016-06-04
-1406997,773911,1,1,1,0,2016-09-11,2016-09-11
-1406997,773965,1,1,1,0,2016-08-07,2016-08-07
-1406997,774107,1,1,1,0,2018-08-05,2018-08-05
-1406997,774222,1,1,1,0,2016-11-05,2016-11-05
-1406997,774258,1,1,1,0,2018-04-07,2018-04-07
-1406996,771928,1,1,1,0,2017-06-25,2017-06-25
-1406996,772171,1,1,1,1,2018-05-02,2018-05-02
-1406996,772175,1,1,1,1,2018-05-02,2018-05-02
-1406996,772176,1,1,1,1,2018-05-02,2018-05-02
-1406996,772178,1,1,1,0,2019-04-19,2019-04-19
-1406996,772199,1,1,1,1,2018-09-30,2018-09-30
-1406996,772201,1,1,1,0,2019-04-12,2019-04-12
-1406996,772210,1,1,1,0,2017-09-01,2017-09-01
-1406996,772381,1,1,1,0,2017-05-18,2017-05-18
-1406996,772397,1,1,1,0,2017-07-09,2017-07-09
-1406996,772406,1,1,1,0,2017-05-18,2017-05-18
-1406996,772663,1,1,1,0,2018-04-29,2018-04-29
-1406996,772664,1,1,1,0,2018-04-29,2018-04-29
-1406996,772666,1,1,1,0,2018-04-29,2018-04-29
-1406996,772825,1,1,1,0,2019-07-25,2019-07-25
-1406996,772833,1,1,1,0,2018-06-28,2018-06-28
-1406996,772876,1,1,1,0,2019-05-27,2019-05-27
-1406996,772879,1,1,1,0,2016-06-25,2016-06-25
-1406996,772959,1,1,1,0,2018-04-21,2018-04-21
-1406996,773081,1,1,1,0,2019-03-10,2019-03-10
-1406996,773267,1,1,1,0,2019-04-14,2019-04-14
-1406996,773362,1,1,1,0,2017-11-04,2017-11-04
-1406996,773486,1,1,1,0,2019-05-06,2019-05-06
-1406996,773503,1,1,1,0,2018-04-28,2018-04-28
-1406996,773668,1,1,1,0,2018-04-15,2018-04-15
-1406996,773936,1,1,1,0,2017-02-25,2017-02-25
-1406996,773988,2,2,1,0,2016-08-07,2016-08-07
-1406996,774010,1,1,1,0,2018-10-23,2018-10-23
-1406995,771686,1,1,1,0,2019-07-07,2019-07-07
-1406995,771926,1,1,1,0,2017-06-25,2017-06-25
-1406995,771927,1,1,1,1,2017-06-25,2017-06-25
-1406995,771928,1,1,1,0,2017-06-24,2017-06-24
-1406995,772172,1,1,1,1,2018-05-02,2018-05-02
-1406995,772173,1,1,1,1,2018-05-02,2018-05-02
-1406995,772175,1,1,1,1,2018-05-02,2018-05-02
-1406995,772177,1,1,1,1,2018-05-02,2018-05-02
-1406995,772179,1,1,1,1,2018-05-02,2018-05-02
-1406995,772825,1,1,1,0,2016-05-24,2016-05-24
-1406995,772829,1,1,1,0,2018-08-31,2018-08-31
-1406995,772830,1,1,1,0,2018-08-10,2018-08-10
-1406995,772833,1,1,1,0,2018-07-27,2018-07-27
-1406995,772857,1,1,1,0,2016-05-20,2016-05-20
-1406995,772915,1,1,1,1,2018-10-21,2018-10-21
-1406995,773124,1,1,1,0,2018-02-19,2018-02-19
-1406995,773265,1,1,1,0,2018-11-11,2018-11-11
-1406995,773280,1,1,1,0,2017-11-04,2017-11-04
-1406995,773419,1,1,1,0,2018-06-30,2018-06-30
-1406995,773578,1,1,1,0,2018-08-18,2018-08-18
-1406995,773668,1,1,1,0,2018-04-15,2018-04-15
-1406995,774133,5,4,1,0,2016-08-27,2016-07-02
-1406995,774218,1,1,1,0,2019-06-29,2019-06-29
-1406994,771875,1,1,1,0,2016-05-21,2016-05-21
-1406994,771877,1,1,1,0,2016-05-21,2016-05-21
-1406994,771920,1,1,1,0,2017-06-25,2017-06-25
-1406994,771927,1,1,1,0,2017-06-25,2017-06-25
-1406994,771929,1,1,1,0,2017-06-25,2017-06-25
-1406994,772145,1,1,1,0,2017-01-20,2017-01-20
-1406994,772163,1,1,1,1,2017-04-18,2017-04-18
-1406994,772171,1,1,1,1,2018-05-02,2018-05-02
-1406994,772172,2,2,2,2,2018-09-30,2018-07-16
-1406994,772173,1,1,1,1,2018-05-02,2018-05-02
-1406994,772175,2,2,1,2,2018-05-02,2018-05-02
-1406994,772189,1,1,1,1,2018-09-30,2018-09-30
-1406994,772213,1,1,1,1,2018-09-30,2018-09-30
-1406994,772288,1,1,1,1,2018-09-22,2018-09-22
-1406994,772391,1,1,1,0,2018-07-13,2018-07-13
-1406994,772397,1,1,1,0,2017-07-19,2017-07-19
-1406994,772398,1,1,1,0,2017-06-24,2017-06-24
-1406994,772413,1,1,1,0,2017-05-18,2017-05-18
-1406994,772474,1,1,1,1,2019-05-23,2019-05-23
-1406994,772666,1,1,1,0,2018-04-29,2018-04-29
-1406994,772670,1,1,1,0,2018-04-27,2018-04-27
-1406994,772831,1,1,1,0,2018-08-23,2018-08-23
-1406994,772832,1,1,1,0,2018-08-23,2018-08-23
-1406994,772833,1,1,1,0,2019-02-07,2019-02-07
-1406994,772835,1,1,1,0,2018-08-13,2018-08-13
-1406994,773175,1,1,1,0,2019-06-21,2019-06-21
-1406994,773217,1,1,1,0,2019-07-25,2019-07-25
-1406994,773261,1,1,1,0,2019-06-15,2019-06-15
-1406994,773262,2,2,1,0,2019-06-15,2019-06-15
-1406994,773285,1,1,1,0,2017-11-04,2017-11-04
-1406994,773419,1,1,1,0,2018-06-30,2018-06-30
-1406994,773489,1,1,1,0,2019-05-04,2019-05-04
-1406994,773498,1,1,1,0,2019-05-04,2019-05-04
-1406994,773574,1,1,1,0,2018-08-18,2018-08-18
-1406994,773669,1,1,1,0,2018-04-15,2018-04-15
-1406994,773734,1,1,1,0,2017-05-14,2017-05-14
-1406994,773893,1,1,1,0,2016-09-03,2016-09-03
-1406994,773901,1,1,1,0,2019-06-29,2019-06-29
-1406994,774214,1,1,1,0,2019-03-26,2019-03-26
-1406993,771923,1,1,1,0,2017-06-24,2017-06-24
-1406993,772133,1,1,1,0,2018-06-01,2018-06-01
-1406993,772172,1,1,1,1,2018-05-02,2018-05-02
-1406993,772177,1,1,1,1,2018-05-02,2018-05-02
-1406993,772195,1,1,1,1,2018-09-30,2018-09-30
-1406993,772197,1,1,1,1,2017-09-22,2017-09-22
-1406993,772212,1,1,1,1,2017-09-01,2017-09-01
-1406993,772831,3,3,1,0,2018-08-29,2018-08-10
-1406993,772833,1,1,1,0,2018-10-12,2018-10-12
-1406993,772842,1,1,1,0,2017-10-26,2017-10-26
-1406993,772883,1,1,1,0,2017-07-03,2017-07-03
-1406993,772917,1,1,1,1,2016-01-02,2016-01-02
-1406993,772919,1,1,1,1,2016-10-24,2016-10-24
-1406993,773261,1,1,1,0,2019-06-15,2019-06-15
-1406993,773265,1,1,1,0,2016-11-19,2016-11-19
-1406993,773581,1,1,1,0,2018-08-18,2018-08-18
-1406993,773939,1,1,1,0,2017-02-25,2017-02-25
-1406993,773996,1,1,1,0,2016-08-27,2016-08-27
-1406993,774122,1,1,1,0,2017-06-08,2017-06-08
-1406992,771920,2,1,2,0,2017-06-25,2017-06-24
-1406992,771971,1,1,1,0,2018-12-08,2018-12-08
-1406992,772171,1,1,1,1,2019-04-19,2019-04-19
-1406992,772172,1,1,1,1,2018-05-02,2018-05-02
-1406992,772174,1,1,1,1,2018-05-02,2018-05-02
-1406992,772175,1,1,1,1,2018-05-02,2018-05-02
-1406992,772177,2,2,1,2,2018-05-02,2018-05-02
-1406992,772190,1,1,1,1,2018-09-30,2018-09-30
-1406992,772214,1,1,1,1,2018-09-30,2018-09-30
-1406992,772217,2,2,1,2,2017-09-15,2017-09-15
-1406992,772218,1,1,1,0,2018-09-22,2018-09-22
-1406992,772394,1,1,1,0,2018-10-03,2018-10-03
-1406992,772395,1,1,1,0,2017-07-30,2017-07-30
-1406992,772491,1,1,1,0,2019-05-11,2019-05-11
-1406992,772646,1,1,1,0,2019-04-30,2019-04-30
-1406992,772829,1,1,1,0,2019-07-24,2019-07-24
-1406992,772830,1,1,1,0,2018-08-30,2018-08-30
-1406992,772831,1,1,1,0,2018-08-31,2018-08-31
-1406992,772832,1,1,1,0,2018-08-27,2018-08-27
-1406992,772833,2,2,1,0,2018-09-11,2018-08-05
-1406992,773207,1,1,1,0,2018-09-30,2018-09-30
-1406992,773248,1,1,1,0,2018-06-30,2018-06-30
-1406992,773260,1,1,1,0,2019-06-15,2019-06-15
-1406992,773497,1,1,1,0,2018-04-28,2018-04-28
-1406992,773499,1,1,1,0,2018-04-28,2018-04-28
-1406992,773501,1,1,1,0,2018-04-28,2018-04-28
-1406992,773575,1,1,1,0,2018-08-18,2018-08-18
-1406992,773583,1,1,1,0,2016-05-20,2016-05-20
-1406992,773584,1,1,1,0,2018-08-18,2018-08-18
-1406992,773902,1,1,1,0,2016-09-11,2016-09-11
-1406992,773951,1,1,1,0,2019-07-07,2019-07-07
-1406992,774112,1,1,1,0,2016-05-26,2016-05-26
-1406991,771918,1,1,1,0,2017-06-25,2017-06-25
-1406991,771935,1,1,1,0,2016-05-14,2016-05-14
-1406991,772167,1,1,1,1,2018-05-02,2018-05-02
-1406991,772169,1,1,1,1,2018-05-02,2018-05-02
-1406991,772172,1,1,1,1,2018-05-02,2018-05-02
-1406991,772173,1,1,1,1,2018-09-30,2018-09-30
-1406991,772175,1,1,1,1,2018-05-02,2018-05-02
-1406991,772176,1,1,1,1,2018-05-02,2018-05-02
-1406991,772178,2,2,1,2,2018-05-02,2018-05-02
-1406991,772179,3,1,1,3,2018-05-02,2018-05-02
-1406991,772180,2,2,1,2,2018-05-02,2018-05-02
-1406991,772192,1,1,1,1,2018-09-30,2018-09-30
-1406991,772214,1,1,1,1,2017-09-07,2017-09-07
-1406991,772215,1,1,1,1,2017-09-15,2017-09-15
-1406991,772294,1,1,1,0,2018-10-20,2018-10-20
-1406991,772401,1,1,1,0,2017-06-06,2017-06-06
-1406991,772534,1,1,1,1,2018-04-18,2018-04-18
-1406991,772831,1,1,1,0,2019-07-25,2019-07-25
-1406991,772832,2,2,1,0,2018-08-23,2018-07-30
-1406991,772833,1,1,1,0,2018-09-04,2018-09-04
-1406991,772904,1,1,1,0,2019-05-16,2019-05-16
-1406991,772917,1,1,1,1,2016-10-24,2016-10-24
-1406991,773500,1,1,1,0,2016-05-21,2016-05-21
-1406991,773581,1,1,1,0,2018-08-18,2018-08-18
-1406991,773665,1,1,1,0,2018-04-15,2018-04-15
-1406991,773956,1,1,1,0,2019-07-04,2019-07-04
-1406991,773960,3,3,1,0,2016-09-10,2016-09-10
-1406990,771873,1,1,1,0,2016-05-21,2016-05-21
-1406990,771920,1,1,1,0,2017-06-25,2017-06-25
-1406990,771921,1,1,1,0,2017-06-25,2017-06-25
-1406990,771931,1,1,1,0,2017-06-25,2017-06-25
-1406990,771948,1,1,1,0,2019-04-10,2019-04-10
-1406990,772024,1,1,1,0,2017-04-02,2017-04-02
-1406990,772166,1,1,1,1,2018-05-23,2018-05-23
-1406990,772167,2,1,1,2,2018-05-02,2018-05-02
-1406990,772168,1,1,1,1,2017-09-01,2017-09-01
-1406990,772169,1,1,1,1,2019-04-19,2019-04-19
-1406990,772173,2,2,2,1,2019-04-19,2018-10-25
-1406990,772175,1,1,1,1,2018-05-02,2018-05-02
-1406990,772176,1,1,1,1,2018-05-02,2018-05-02
-1406990,772179,1,1,1,1,2018-05-02,2018-05-02
-1406990,772180,2,1,1,2,2018-05-02,2018-05-02
-1406990,772181,1,1,1,1,2018-05-02,2018-05-02
-1406990,772182,1,1,1,1,2018-05-02,2018-05-02
-1406990,772322,1,1,1,0,2017-04-13,2017-04-13
-1406990,772830,1,1,1,0,2018-08-22,2018-08-22
-1406990,772877,1,1,1,0,2019-07-07,2019-07-07
-1406990,772906,1,1,1,0,2018-05-14,2018-05-14
-1406990,773026,1,1,1,0,2016-04-02,2016-04-02
-1406990,773083,1,1,1,0,2017-10-08,2017-10-08
-1406990,773581,1,1,1,0,2016-02-26,2016-02-26
-1406990,773586,1,1,1,0,2018-08-18,2018-08-18
-1406990,773977,2,2,1,0,2016-10-23,2016-08-31
-1406990,773983,2,2,1,0,2016-09-10,2016-08-16
-1406989,771919,1,1,1,0,2017-06-25,2017-06-25
-1406989,771920,1,1,1,0,2017-06-25,2017-06-25
-1406989,771921,1,1,1,0,2017-06-25,2017-06-25
-1406989,771922,2,1,1,0,2017-06-25,2017-06-25
-1406989,771925,1,1,1,0,2017-06-25,2017-06-25
-1406989,771974,1,1,1,0,2017-12-24,2017-12-24
-1406989,771983,1,1,1,0,2018-05-16,2018-05-16
-1406989,771986,1,1,1,1,2018-07-18,2018-07-18
-1406989,772165,1,1,1,1,2019-04-19,2019-04-19
-1406989,772169,1,1,1,1,2018-09-30,2018-09-30
-1406989,772170,3,2,1,2,2019-04-19,2019-04-19
-1406989,772171,1,1,1,0,2019-04-19,2019-04-19
-1406989,772172,3,2,1,3,2018-05-02,2018-05-02
-1406989,772173,1,1,1,1,2018-05-02,2018-05-02
-1406989,772174,1,1,1,1,2018-05-02,2018-05-02
-1406989,772175,1,1,1,1,2018-05-02,2018-05-02
-1406989,772177,2,2,1,2,2018-05-02,2018-05-02
-1406989,772178,1,1,1,1,2018-05-02,2018-05-02
-1406989,772212,1,1,1,1,2017-09-01,2017-09-01
-1406989,772665,1,1,1,1,2019-04-28,2019-04-28
-1406989,772760,1,1,1,0,2017-09-17,2017-09-17
-1406989,773259,1,1,1,0,2019-06-15,2019-06-15
-1406989,773733,1,1,1,0,2016-06-04,2016-06-04
-1406989,773964,1,1,1,0,2016-07-09,2016-07-09
-1406989,774019,1,1,1,0,2016-11-05,2016-11-05
-1406989,774141,2,2,1,0,2016-05-07,2016-05-07
-1406989,774216,1,1,1,0,2016-12-03,2016-12-03
-1406988,771916,1,1,1,0,2017-06-25,2017-06-25
-1406988,771917,1,1,1,0,2017-06-25,2017-06-25
-1406988,771918,1,1,1,0,2017-06-25,2017-06-25
-1406988,771920,1,1,1,0,2017-06-25,2017-06-25
-1406988,771921,1,1,1,0,2017-06-25,2017-06-25
-1406988,771922,1,1,1,0,2017-06-25,2017-06-25
-1406988,771956,1,1,1,0,2018-05-16,2018-05-16
-1406988,771974,1,1,1,0,2018-07-02,2018-07-02
-1406988,771976,1,1,1,0,2018-08-07,2018-08-07
-1406988,771980,1,1,1,0,2019-06-18,2019-06-18
-1406988,772033,1,1,1,0,2018-05-25,2018-05-25
-1406988,772165,1,1,1,1,2017-09-01,2017-09-01
-1406988,772167,1,1,1,1,2018-09-30,2018-09-30
-1406988,772170,4,3,3,3,2019-04-19,2019-01-08
-1406988,772171,3,3,1,2,2019-04-19,2019-04-19
-1406988,772172,1,1,1,1,2019-04-19,2019-04-19
-1406988,772173,1,1,1,1,2018-05-02,2018-05-02
-1406988,772174,1,1,1,1,2019-04-19,2019-04-19
-1406988,772175,1,1,1,1,2018-05-02,2018-05-02
-1406988,772177,1,1,1,1,2018-05-02,2018-05-02
-1406988,772179,1,1,1,1,2018-05-02,2018-05-02
-1406988,772181,1,1,1,1,2018-05-02,2018-05-02
-1406988,772183,1,1,1,1,2018-05-02,2018-05-02
-1406988,772185,1,1,1,1,2018-05-02,2018-05-02
-1406988,772210,1,1,1,1,2017-09-01,2017-09-01
-1406988,772862,1,1,1,0,2018-05-14,2018-05-14
-1406988,773023,1,1,1,0,2016-04-03,2016-04-03
-1406988,773234,1,1,1,0,2019-06-23,2019-06-23
-1406988,773344,1,1,1,0,2017-11-04,2017-11-04
-1406988,773567,1,1,1,0,2018-09-22,2018-09-22
-1406988,773581,1,1,1,0,2016-08-06,2016-08-06
-1406988,773582,1,1,1,0,2018-08-18,2018-08-18
-1406988,773934,1,1,1,0,2016-03-12,2016-03-12
-1406988,773939,1,1,1,0,2019-07-04,2019-07-04
-1406988,773949,1,1,1,0,2016-11-11,2016-11-11
-1406988,773957,1,1,1,0,2019-07-04,2019-07-04
-1406987,771856,1,1,1,0,2018-06-01,2018-06-01
-1406987,771915,1,1,1,0,2017-06-25,2017-06-25
-1406987,771920,1,1,1,1,2017-06-25,2017-06-25
-1406987,771923,1,1,1,0,2017-06-25,2017-06-25
-1406987,771926,1,1,1,0,2017-06-25,2017-06-25
-1406987,772031,1,1,1,0,2017-04-02,2017-04-02
-1406987,772039,1,1,1,1,2018-05-24,2018-05-24
-1406987,772165,1,1,1,0,2018-06-06,2018-06-06
-1406987,772166,1,1,1,1,2018-09-30,2018-09-30
-1406987,772168,2,2,2,1,2019-04-19,2018-10-25
-1406987,772170,2,2,2,0,2019-04-19,2019-04-19
-1406987,772171,1,1,1,1,2019-04-19,2019-04-19
-1406987,772172,3,2,2,1,2019-04-19,2019-04-19
-1406987,772173,1,1,1,1,2018-05-02,2018-05-02
-1406987,772174,1,1,1,1,2018-05-02,2018-05-02
-1406987,772176,1,1,1,1,2018-05-02,2018-05-02
-1406987,772177,2,1,1,2,2018-05-02,2018-05-02
-1406987,772178,3,3,1,3,2018-05-02,2018-05-02
-1406987,772179,1,1,1,1,2018-05-02,2018-05-02
-1406987,772180,2,1,1,2,2018-05-02,2018-05-02
-1406987,772213,2,2,2,2,2017-09-07,2017-09-04
-1406987,772400,1,1,1,0,2017-06-28,2017-06-28
-1406987,772958,1,1,1,0,2018-10-24,2018-10-24
-1406987,773186,1,1,1,0,2019-05-11,2019-05-11
-1406987,773265,1,1,1,0,2019-04-20,2019-04-20
-1406987,773275,1,1,1,0,2016-11-19,2016-11-19
-1406987,773504,1,1,1,0,2019-05-27,2019-05-27
-1406987,773560,1,1,1,0,2016-08-06,2016-08-06
-1406987,773566,1,1,1,1,2016-02-26,2016-02-26
-1406987,773576,1,1,1,0,2018-08-18,2018-08-18
-1406987,773943,2,2,1,0,2017-02-25,2017-02-25
-1406987,773981,2,2,1,0,2016-11-11,2016-11-11
-1406987,774086,1,1,1,0,2019-04-29,2019-04-29
-1406987,774259,1,1,1,0,2019-04-02,2019-04-02
-1406986,771945,1,1,1,0,2017-06-24,2017-06-24
-1406986,772164,1,1,1,1,2018-09-30,2018-09-30
-1406986,772170,4,4,3,2,2019-04-19,2019-04-19
-1406986,772171,2,2,1,0,2019-04-19,2019-04-19
-1406986,772172,2,2,2,1,2019-04-19,2018-10-25
-1406986,772173,1,1,1,1,2018-05-02,2018-05-02
-1406986,772176,1,1,1,1,2018-05-02,2018-05-02
-1406986,772178,2,2,1,2,2018-05-02,2018-05-02
-1406986,772179,2,2,1,2,2018-05-02,2018-05-02
-1406986,772180,1,1,1,1,2018-05-02,2018-05-02
-1406986,772199,1,1,1,1,2018-09-30,2018-09-30
-1406986,772861,1,1,1,0,2018-08-03,2018-08-03
-1406986,772959,1,1,1,0,2019-04-28,2019-04-28
-1406986,773184,1,1,1,0,2017-06-20,2017-06-20
-1406986,773351,1,1,1,0,2016-09-07,2016-09-07
-1406986,773501,1,1,1,0,2019-05-27,2019-05-27
-1406986,773580,1,1,1,0,2018-08-18,2018-08-18
-1406986,773898,3,2,1,0,2016-10-29,2016-10-29
-1406986,773959,1,1,1,0,2017-10-31,2017-10-31
-1406986,773965,1,1,1,0,2016-11-11,2016-11-11
-1406986,774064,1,1,1,0,2016-10-12,2016-10-12
-1406985,771949,1,1,1,0,2017-06-24,2017-06-24
-1406985,771959,2,1,1,0,2018-03-16,2018-03-16
-1406985,771977,1,1,1,0,2018-06-23,2018-06-23
-1406985,772171,1,1,1,0,2019-04-19,2019-04-19
-1406985,772172,1,1,1,0,2019-04-19,2019-04-19
-1406985,772176,1,1,1,1,2018-05-02,2018-05-02
-1406985,772177,1,1,1,1,2018-05-02,2018-05-02
-1406985,772178,2,2,1,2,2018-05-02,2018-05-02
-1406985,772180,2,2,2,2,2018-09-30,2018-07-16
-1406985,772181,1,1,1,1,2018-05-02,2018-05-02
-1406985,772471,1,1,1,0,2017-12-14,2017-12-14
-1406985,773062,1,1,1,0,2017-10-08,2017-10-08
-1406985,773076,1,1,1,0,2019-04-27,2019-04-27
-1406985,773274,1,1,1,0,2018-09-03,2018-09-03
-1406985,773345,1,1,1,0,2016-09-07,2016-09-07
-1406985,773346,1,1,1,0,2016-09-07,2016-09-07
-1406985,773499,1,1,1,0,2018-09-05,2018-09-05
-1406985,773547,1,1,1,0,2016-08-06,2016-08-06
-1406985,773585,1,1,1,0,2018-08-18,2018-08-18
-1406985,773739,1,1,1,0,2016-05-28,2016-05-28
-1406985,774216,1,1,1,0,2018-04-12,2018-04-12
-1406984,771912,1,1,1,0,2017-06-24,2017-06-24
-1406984,771922,1,1,1,0,2017-06-25,2017-06-25
-1406984,771923,1,1,1,0,2017-06-24,2017-06-24
-1406984,771961,1,1,1,0,2018-08-07,2018-08-07
-1406984,771980,1,1,1,0,2019-06-18,2019-06-18
-1406984,771983,1,1,1,0,2017-06-25,2017-06-25
-1406984,772165,1,1,1,1,2017-09-01,2017-09-01
-1406984,772169,1,1,1,1,2019-04-19,2019-04-19
-1406984,772179,1,1,1,1,2018-05-02,2018-05-02
-1406984,772180,2,2,1,2,2018-05-02,2018-05-02
-1406984,772182,1,1,1,1,2018-05-02,2018-05-02
-1406984,772187,1,1,1,1,2018-05-02,2018-05-02
-1406984,772853,1,1,1,0,2017-09-17,2017-09-17
-1406984,773075,1,1,1,0,2019-04-27,2019-04-27
-1406984,773077,1,1,1,0,2018-04-21,2018-04-21
-1406984,773079,1,1,1,0,2018-07-28,2018-07-28
-1406984,773280,1,1,1,0,2016-11-19,2016-11-19
-1406984,773352,1,1,1,0,2016-09-07,2016-09-07
-1406984,773507,1,1,1,0,2018-08-19,2018-08-19
-1406984,773577,1,1,1,1,2016-02-26,2016-02-26
-1406984,773916,2,1,1,0,2016-07-09,2016-07-09
-1406984,774046,1,1,1,0,2016-11-05,2016-11-05
-1406984,774081,1,1,1,0,2019-04-29,2019-04-29
-1406984,774082,1,1,1,0,2016-07-02,2016-07-02
-1406984,774088,1,1,1,0,2016-07-02,2016-07-02
-1406984,774219,1,1,1,0,2019-03-26,2019-03-26
-1406983,771869,1,1,1,1,2016-05-21,2016-05-21
-1406983,771951,1,1,1,0,2019-03-30,2019-03-30
-1406983,771973,1,1,1,0,2018-09-09,2018-09-09
-1406983,772176,2,2,1,2,2018-05-02,2018-05-02
-1406983,772179,2,2,1,2,2018-05-02,2018-05-02
-1406983,772180,1,1,1,1,2018-05-02,2018-05-02
-1406983,772181,1,1,1,1,2018-05-02,2018-05-02
-1406983,772182,2,2,1,2,2018-05-02,2018-05-02
-1406983,772183,1,1,1,1,2018-05-02,2018-05-02
-1406983,772333,1,1,1,1,2019-05-31,2019-05-31
-1406983,773063,1,1,1,0,2018-04-21,2018-04-21
-1406983,773065,1,1,1,0,2017-10-08,2017-10-08
-1406983,773078,1,1,1,0,2019-05-24,2019-05-24
-1406983,773354,3,1,1,0,2016-09-07,2016-09-07
-1406983,773567,1,1,1,0,2018-08-18,2018-08-18
-1406983,773573,1,1,1,1,2016-02-26,2016-02-26
-1406983,773732,1,1,1,0,2016-06-04,2016-06-04
-1406983,773959,3,3,1,0,2016-10-23,2016-08-20
-1406983,773961,1,1,1,0,2016-07-23,2016-07-23
-1406983,773989,3,3,1,0,2016-09-10,2016-08-07
-1406983,774005,1,1,1,0,2016-08-07,2016-08-07
-1406983,774231,1,1,1,0,2019-02-27,2019-02-27
-1406982,771867,1,1,1,1,2016-05-21,2016-05-21
-1406982,771869,1,1,1,0,2016-05-21,2016-05-21
-1406982,771918,1,1,1,0,2019-06-21,2019-06-21
-1406982,773040,1,1,1,0,2016-04-03,2016-04-03
-1406982,773054,1,1,1,0,2018-04-21,2018-04-21
-1406982,773098,1,1,1,0,2018-02-19,2018-02-19
-1406982,773204,1,1,1,0,2019-06-19,2019-06-19
-1406982,773272,1,1,1,0,2019-06-30,2019-06-30
-1406982,773357,1,1,1,0,2017-11-04,2017-11-04
-1406982,773576,1,1,1,1,2016-02-26,2016-02-26
-1406982,773743,1,1,1,0,2016-06-04,2016-06-04
-1406982,773947,2,2,1,0,2016-10-23,2016-09-21
-1406982,774237,1,1,1,0,2018-04-07,2018-04-07
-1406982,774241,1,1,1,0,2017-04-12,2017-04-12
-1406982,774259,1,1,1,0,2018-03-29,2018-03-29
-1406982,774263,1,1,1,0,2019-04-02,2019-04-02
-1406981,771868,1,1,1,0,2016-05-21,2016-05-21
-1406981,771869,1,1,1,0,2016-05-21,2016-05-21
-1406981,771959,1,1,1,0,2018-03-16,2018-03-16
-1406981,771964,1,1,1,0,2019-03-05,2019-03-05
-1406981,771966,1,1,1,0,2019-03-05,2019-03-05
-1406981,772166,1,1,1,1,2018-06-13,2018-06-13
-1406981,772180,1,1,1,0,2018-09-30,2018-09-30
-1406981,772181,3,3,1,3,2018-05-02,2018-05-02
-1406981,772388,1,1,1,0,2018-06-12,2018-06-12
-1406981,772957,1,1,1,0,2019-04-28,2019-04-28
-1406981,773043,1,1,1,0,2018-09-26,2018-09-26
-1406981,773822,1,1,1,0,2017-10-22,2017-10-22
-1406981,773953,5,5,1,0,2016-10-23,2016-08-07
-1406981,774011,1,1,1,0,2016-11-05,2016-11-05
-1406981,774019,1,1,1,0,2016-08-13,2016-08-13
-1406981,774079,1,1,1,0,2016-08-13,2016-08-13
-1406981,774113,1,1,1,0,2016-07-02,2016-07-02
-1406980,771920,1,1,1,0,2017-06-25,2017-06-25
-1406980,772113,1,1,1,1,2019-03-10,2019-03-10
-1406980,772179,1,1,1,1,2018-05-02,2018-05-02
-1406980,772181,1,1,1,1,2018-05-02,2018-05-02
-1406980,772185,1,1,1,1,2018-05-02,2018-05-02
-1406980,772221,1,1,1,1,2018-09-30,2018-09-30
-1406980,772823,1,1,1,0,2017-11-16,2017-11-16
-1406980,773592,1,1,1,0,2019-05-14,2019-05-14
-1406980,773942,1,1,1,0,2016-05-28,2016-05-28
-1406980,773979,3,2,1,0,2016-07-16,2016-07-16
-1406980,774040,2,2,1,0,2016-08-13,2016-08-13
-1406980,774264,1,1,1,0,2019-04-02,2019-04-02
-1406979,771919,1,1,1,0,2017-06-25,2017-06-25
-1406979,771961,1,1,1,0,2016-05-20,2016-05-20
-1406979,772021,1,1,1,0,2018-06-25,2018-06-25
-1406979,772180,1,1,1,1,2018-05-02,2018-05-02
-1406979,772181,1,1,1,1,2018-05-02,2018-05-02
-1406979,772191,1,1,1,1,2018-09-30,2018-09-30
-1406979,772874,1,1,1,0,2019-04-20,2019-04-20
-1406979,773283,1,1,1,0,2019-06-15,2019-06-15
-1406979,773285,1,1,1,0,2016-11-19,2016-11-19
-1406979,773569,1,1,1,0,2018-08-18,2018-08-18
-1406979,773821,1,1,1,0,2017-10-22,2017-10-22
-1406979,773893,1,1,1,0,2016-10-29,2016-10-29
-1406979,773994,1,1,1,0,2016-11-05,2016-11-05
-1406979,774035,1,1,1,0,2016-08-13,2016-08-13
-1406979,774216,1,1,1,0,2018-04-13,2018-04-13
-1406978,771916,1,1,1,1,2017-06-25,2017-06-25
-1406978,771963,1,1,1,0,2016-05-20,2016-05-20
-1406978,772181,1,1,1,1,2018-04-29,2018-04-29
-1406978,772182,2,1,1,2,2018-05-02,2018-04-30
-1406978,772183,1,1,1,1,2018-04-29,2018-04-29
-1406978,772191,1,1,1,1,2018-09-30,2018-09-30
-1406978,772220,1,1,1,1,2018-09-30,2018-09-30
-1406978,772294,1,1,1,0,2017-04-13,2017-04-13
-1406978,772898,1,1,1,0,2019-07-15,2019-07-15
-1406978,773937,3,3,1,0,2016-09-10,2016-09-10
-1406978,774047,1,1,1,0,2016-11-05,2016-11-05
-1406978,774240,1,1,1,0,2017-04-12,2017-04-12
-1406977,771859,1,1,1,0,2016-05-21,2016-05-21
-1406977,771863,1,1,1,1,2016-05-21,2016-05-21
-1406977,771946,1,1,1,0,2018-10-08,2018-10-08
-1406977,772031,1,1,1,1,2018-10-14,2018-10-14
-1406977,772180,1,1,1,1,2018-05-02,2018-05-02
-1406977,772181,4,3,2,4,2018-09-30,2018-04-30
-1406977,772182,3,3,1,3,2018-05-02,2018-05-02
-1406977,772183,1,1,1,1,2018-09-30,2018-09-30
-1406977,772195,1,1,1,1,2018-04-29,2018-04-29
-1406977,772198,1,1,1,1,2018-05-02,2018-05-02
-1406977,772818,1,1,1,0,2018-08-01,2018-08-01
-1406977,773327,1,1,1,0,2019-04-28,2019-04-28
-1406977,773501,1,1,1,0,2018-07-04,2018-07-04
-1406977,773514,1,1,1,0,2016-03-13,2016-03-13
-1406977,773655,1,1,1,0,2018-04-15,2018-04-15
-1406977,773740,1,1,1,0,2016-06-04,2016-06-04
-1406977,773750,1,1,1,0,2019-04-27,2019-04-27
-1406977,773754,1,1,1,0,2019-07-14,2019-07-14
-1406977,773941,2,2,1,0,2016-08-07,2016-08-07
-1406977,774061,1,1,1,0,2019-02-16,2019-02-16
-1406977,774213,1,1,1,0,2016-10-29,2016-10-29
-1406976,771861,1,1,1,0,2016-05-21,2016-05-21
-1406976,771917,1,1,1,0,2017-06-24,2017-06-24
-1406976,772159,1,1,1,0,2018-09-30,2018-09-30
-1406976,772179,2,2,2,2,2018-09-30,2018-07-15
-1406976,772182,5,4,1,5,2018-05-02,2018-04-29
-1406976,772183,2,2,2,1,2018-09-30,2018-07-15
-1406976,772184,1,1,1,1,2018-04-29,2018-04-29
-1406976,772185,1,1,1,1,2018-05-02,2018-05-02
-1406976,772186,1,1,1,1,2018-05-02,2018-05-02
-1406976,772187,1,1,1,1,2018-04-29,2018-04-29
-1406976,772790,1,1,1,0,2018-04-27,2018-04-27
-1406976,772819,1,1,1,0,2017-04-28,2017-04-28
-1406976,772909,1,1,1,0,2019-06-28,2019-06-28
-1406976,773066,1,1,1,0,2019-04-28,2019-04-28
-1406976,773383,2,2,1,0,2016-11-26,2016-11-26
-1406976,773509,1,1,1,0,2018-04-15,2018-04-15
-1406976,773589,1,1,1,0,2019-04-06,2019-04-06
-1406976,774210,1,1,1,0,2019-04-27,2019-04-27
-1406975,771861,1,1,1,0,2016-05-21,2016-05-21
-1406975,771862,2,2,1,1,2016-05-21,2016-05-21
-1406975,772153,1,1,1,1,2018-05-24,2018-05-24
-1406975,772166,1,1,1,1,2017-09-15,2017-09-15
-1406975,772180,1,1,1,1,2018-04-29,2018-04-29
-1406975,772181,2,2,1,2,2018-04-29,2018-04-29
-1406975,772182,3,3,1,3,2018-05-02,2018-04-29
-1406975,772183,2,1,2,2,2018-09-30,2018-07-16
-1406975,772190,1,1,1,1,2018-04-29,2018-04-29
-1406975,772193,1,1,1,1,2018-04-29,2018-04-29
-1406975,772194,1,1,1,1,2018-04-29,2018-04-29
-1406975,772195,1,1,1,1,2018-09-30,2018-09-30
-1406975,772299,1,1,1,1,2019-06-23,2019-06-23
-1406975,772469,1,1,1,0,2017-05-18,2017-05-18
-1406975,772800,1,1,1,0,2018-10-31,2018-10-31
-1406975,772813,1,1,1,0,2018-09-13,2018-09-13
-1406975,772848,1,1,1,0,2018-08-20,2018-08-20
-1406975,773286,1,1,1,0,2016-11-19,2016-11-19
-1406975,773349,1,1,1,0,2016-11-26,2016-11-26
-1406975,773590,1,1,1,0,2018-12-04,2018-12-04
-1406975,773598,1,1,1,0,2016-09-07,2016-09-07
-1406975,773778,1,1,1,0,2019-05-25,2019-05-25
-1406975,773894,1,1,1,0,2016-07-09,2016-07-09
-1406975,773934,1,1,1,0,2016-03-12,2016-03-12
-1406975,773998,1,1,1,0,2016-11-11,2016-11-11
-1406975,774227,1,1,1,0,2019-04-28,2019-04-28
-1406974,771862,1,1,1,1,2016-05-21,2016-05-21
-1406974,771958,1,1,1,0,2016-08-14,2016-08-14
-1406974,772163,1,1,1,0,2018-09-30,2018-09-30
-1406974,772179,1,1,1,1,2018-04-29,2018-04-29
-1406974,772180,1,1,1,1,2018-04-29,2018-04-29
-1406974,772181,1,1,1,1,2018-04-29,2018-04-29
-1406974,772183,1,1,1,1,2018-04-29,2018-04-29
-1406974,772184,1,1,1,1,2018-04-22,2018-04-22
-1406974,772185,3,2,1,3,2018-04-29,2018-04-29
-1406974,772186,4,2,1,4,2018-04-29,2018-04-29
-1406974,772188,1,1,1,1,2018-04-29,2018-04-29
-1406974,772189,1,1,1,1,2018-04-29,2018-04-29
-1406974,772190,7,2,1,7,2018-04-29,2018-04-29
-1406974,772191,2,1,1,2,2018-04-29,2018-04-29
-1406974,772192,1,1,1,1,2018-04-29,2018-04-29
-1406974,772194,1,1,1,1,2018-04-29,2018-04-29
-1406974,772195,1,1,1,1,2018-04-29,2018-04-29
-1406974,772801,1,1,1,0,2018-12-13,2018-12-13
-1406974,772816,2,2,1,0,2018-08-14,2018-08-05
-1406974,772901,1,1,1,0,2018-05-14,2018-05-14
-1406974,774034,1,1,1,0,2016-11-05,2016-11-05
-1406974,774038,1,1,1,0,2016-12-03,2016-12-03
-1406974,774227,1,1,1,0,2018-04-07,2018-04-07
-1406974,774258,1,1,1,1,2019-04-02,2019-04-02
-1406974,774323,1,1,1,0,2016-04-27,2016-04-27
-1406973,772163,1,1,1,1,2018-09-30,2018-09-30
-1406973,772164,2,2,2,2,2019-05-30,2019-01-29
-1406973,772173,1,1,1,1,2018-04-22,2018-04-22
-1406973,772177,1,1,1,1,2018-04-22,2018-04-22
-1406973,772181,1,1,1,0,2017-04-18,2017-04-18
-1406973,772183,1,1,1,1,2018-04-29,2018-04-29
-1406973,772184,3,3,2,2,2019-05-30,2018-04-29
-1406973,772187,2,1,1,2,2018-04-29,2018-04-29
-1406973,772188,1,1,1,1,2018-04-29,2018-04-29
-1406973,772190,1,1,1,1,2018-04-29,2018-04-29
-1406973,772191,4,2,2,4,2018-04-29,2018-04-29
-1406973,772192,1,1,1,1,2018-04-29,2018-04-29
-1406973,772195,1,1,1,0,2019-05-27,2019-05-27
-1406973,772219,1,1,1,0,2018-09-30,2018-09-30
-1406973,772811,2,2,1,0,2018-07-06,2018-02-12
-1406973,773204,1,1,1,0,2018-10-26,2018-10-26
-1406973,773382,1,1,1,0,2019-04-30,2019-04-30
-1406973,773781,1,1,1,0,2019-06-29,2019-06-29
-1406973,773783,1,1,1,0,2019-06-29,2019-06-29
-1406973,773934,1,1,1,0,2016-09-10,2016-09-10
-1406972,771942,1,1,1,0,2019-04-14,2019-04-14
-1406972,771958,1,1,1,0,2018-04-28,2018-04-28
-1406972,772154,1,1,1,1,2018-09-30,2018-09-30
-1406972,772155,1,1,1,0,2018-05-24,2018-05-24
-1406972,772161,1,1,1,0,2018-09-30,2018-09-30
-1406972,772165,1,1,1,0,2018-09-30,2018-09-30
-1406972,772174,1,1,1,1,2018-04-22,2018-04-22
-1406972,772175,1,1,1,1,2018-04-22,2018-04-22
-1406972,772176,1,1,1,1,2018-04-22,2018-04-22
-1406972,772179,1,1,1,1,2018-04-29,2018-04-29
-1406972,772180,1,1,1,1,2018-04-22,2018-04-22
-1406972,772181,1,1,1,1,2018-04-29,2018-04-29
-1406972,772183,1,1,1,1,2018-04-29,2018-04-29
-1406972,772184,2,2,1,2,2018-04-29,2018-04-25
-1406972,772185,1,1,1,1,2018-04-22,2018-04-22
-1406972,772186,2,1,1,2,2018-04-22,2018-04-22
-1406972,772187,5,2,1,5,2018-04-29,2018-04-22
-1406972,772191,1,1,1,1,2018-04-29,2018-04-29
-1406972,772192,1,1,1,1,2018-04-29,2018-04-29
-1406972,772294,1,1,1,0,2017-04-13,2017-04-13
-1406972,772379,1,1,1,0,2018-06-26,2018-06-26
-1406972,772502,1,1,1,1,2017-10-25,2017-10-25
-1406972,772737,1,1,1,0,2019-04-18,2019-04-18
-1406972,772812,1,1,1,0,2018-08-23,2018-08-23
-1406972,772867,1,1,1,1,2019-04-22,2019-04-22
-1406972,772900,1,1,1,0,2018-07-06,2018-07-06
-1406972,773033,1,1,1,0,2018-05-12,2018-05-12
-1406972,773096,1,1,1,0,2019-03-31,2019-03-31
-1406972,773288,1,1,1,0,2016-11-19,2016-11-19
-1406972,773506,1,1,1,0,2016-09-03,2016-09-03
-1406972,773719,1,1,1,0,2018-08-12,2018-08-12
-1406972,773780,1,1,1,0,2019-06-29,2019-06-29
-1406972,773891,1,1,1,0,2016-10-29,2016-10-29
-1406972,773930,1,1,1,0,2016-11-11,2016-11-11
-1406972,774212,1,1,1,0,2016-10-29,2016-10-29
-1406972,774223,1,1,1,0,2018-04-07,2018-04-07
-1406972,774323,1,1,1,0,2019-04-28,2019-04-28
-1406971,772155,1,1,1,0,2018-05-24,2018-05-24
-1406971,772166,1,1,1,0,2018-09-30,2018-09-30
-1406971,772174,2,1,1,2,2018-04-22,2018-04-22
-1406971,772175,2,2,1,2,2018-04-22,2018-04-22
-1406971,772176,1,1,1,1,2018-04-22,2018-04-22
-1406971,772177,3,2,1,3,2018-04-22,2018-04-22
-1406971,772179,1,1,1,1,2018-04-22,2018-04-22
-1406971,772180,4,3,2,3,2018-04-22,2018-04-22
-1406971,772183,1,1,1,1,2018-04-22,2018-04-22
-1406971,772184,1,1,1,1,2018-04-29,2018-04-29
-1406971,772185,1,1,1,1,2018-04-29,2018-04-29
-1406971,772186,5,2,1,5,2018-04-29,2018-04-22
-1406971,772210,1,1,1,0,2019-03-22,2019-03-22
-1406971,772736,1,1,1,0,2018-10-28,2018-10-28
-1406971,772743,1,1,1,0,2018-10-28,2018-10-28
-1406971,772896,2,1,1,0,2016-06-08,2016-05-29
-1406971,773716,1,1,1,0,2019-05-23,2019-05-23
-1406971,773929,1,1,1,0,2019-03-23,2019-03-23
-1406970,771658,1,1,1,1,2018-04-29,2018-04-29
-1406970,771837,1,1,1,1,2019-04-01,2019-04-01
-1406970,772152,1,1,1,0,2016-09-17,2016-09-17
-1406970,772168,1,1,1,1,2018-04-22,2018-04-22
-1406970,772173,1,1,1,1,2018-05-02,2018-05-02
-1406970,772174,2,2,1,2,2018-04-22,2018-04-22
-1406970,772175,3,1,1,3,2018-04-22,2018-04-22
-1406970,772176,3,2,1,3,2018-04-22,2018-04-22
-1406970,772177,3,1,1,3,2018-04-22,2018-04-22
-1406970,772178,2,2,1,2,2018-04-22,2018-04-22
-1406970,772179,1,1,1,1,2018-04-22,2018-04-22
-1406970,772180,1,1,1,1,2018-04-22,2018-04-22
-1406970,772181,1,1,1,1,2018-04-22,2018-04-22
-1406970,772182,1,1,1,1,2018-04-22,2018-04-22
-1406970,772183,4,3,2,4,2018-09-30,2018-04-25
-1406970,772184,3,2,1,3,2018-04-22,2018-04-22
-1406970,772185,1,1,1,1,2018-04-22,2018-04-22
-1406970,772186,1,1,1,1,2018-04-22,2018-04-22
-1406970,772189,1,1,1,1,2018-04-29,2018-04-29
-1406970,772536,1,1,1,1,2019-05-04,2019-05-04
-1406970,772872,1,1,1,1,2019-04-22,2019-04-22
-1406970,772887,1,1,1,0,2018-08-23,2018-08-23
-1406970,772897,2,2,1,0,2018-09-11,2018-09-11
-1406970,772905,2,2,1,2,2017-07-12,2017-07-12
-1406970,773933,1,1,1,0,2016-08-07,2016-08-07
-1406970,773939,1,1,1,0,2016-08-07,2016-08-07
-1406969,771859,1,1,1,1,2016-05-21,2016-05-21
-1406969,771914,1,1,1,1,2019-04-27,2019-04-27
-1406969,772148,1,1,1,1,2019-05-30,2019-05-30
-1406969,772175,2,2,1,2,2018-04-22,2018-04-22
-1406969,772176,2,2,1,2,2018-04-22,2018-04-22
-1406969,772177,5,1,1,5,2018-04-22,2018-04-22
-1406969,772178,4,2,1,4,2018-04-22,2018-04-22
-1406969,772179,4,2,1,4,2018-04-22,2018-04-22
-1406969,772180,3,2,1,3,2018-04-22,2018-04-22
-1406969,772181,5,2,1,5,2018-04-22,2018-04-22
-1406969,772182,3,3,1,3,2018-04-22,2018-04-22
-1406969,772183,2,2,1,2,2018-04-22,2018-04-22
-1406969,772184,3,3,1,3,2018-04-22,2018-04-22
-1406969,772185,2,1,1,2,2018-04-22,2018-04-22
-1406969,772191,1,1,1,1,2018-04-29,2018-04-29
-1406969,772505,1,1,1,0,2019-05-04,2019-05-04
-1406969,772730,1,1,1,1,2018-10-28,2018-10-28
-1406969,772736,1,1,1,1,2018-10-28,2018-10-28
-1406969,772738,1,1,1,1,2019-04-06,2019-04-06
-1406969,772743,1,1,1,0,2019-04-04,2019-04-04
-1406969,772807,1,1,1,0,2018-08-17,2018-08-17
-1406969,772813,1,1,1,0,2018-06-13,2018-06-13
-1406969,772868,1,1,1,1,2019-04-22,2019-04-22
-1406969,772870,1,1,1,1,2019-07-15,2019-07-15
-1406969,773392,1,1,1,0,2016-11-26,2016-11-26
-1406969,773989,1,1,1,0,2016-11-05,2016-11-05
-1406969,774222,1,1,1,0,2019-02-26,2019-02-26
-1406968,771916,1,1,1,1,2018-07-18,2018-07-18
-1406968,772153,1,1,1,1,2019-05-30,2019-05-30
-1406968,772160,1,1,1,0,2018-05-25,2018-05-25
-1406968,772172,1,1,1,1,2018-04-22,2018-04-22
-1406968,772173,1,1,1,1,2018-04-22,2018-04-22
-1406968,772174,1,1,1,1,2018-04-22,2018-04-22
-1406968,772176,4,2,1,4,2018-04-22,2018-04-22
-1406968,772178,3,2,2,3,2019-06-03,2018-04-22
-1406968,772179,2,2,2,1,2018-09-30,2018-07-11
-1406968,772180,3,2,1,3,2018-04-22,2018-04-22
-1406968,772181,5,3,2,5,2018-09-30,2018-04-22
-1406968,772182,4,1,1,4,2018-04-22,2018-04-22
-1406968,772183,4,2,1,4,2018-04-22,2018-04-22
-1406968,772184,3,3,1,3,2018-04-29,2018-04-22
-1406968,772185,1,1,1,1,2018-04-29,2018-04-29
-1406968,773287,1,1,1,0,2016-11-19,2016-11-19
-1406968,773893,1,1,1,0,2016-07-09,2016-07-09
-1406967,772171,1,1,1,1,2018-04-22,2018-04-22
-1406967,772172,2,1,1,2,2018-04-22,2018-04-22
-1406967,772175,1,1,1,1,2018-04-22,2018-04-22
-1406967,772176,1,1,1,1,2018-04-22,2018-04-22
-1406967,772177,1,1,1,1,2018-04-22,2018-04-22
-1406967,772178,1,1,1,1,2018-04-22,2018-04-22
-1406967,772179,2,2,2,1,2018-09-30,2018-07-11
-1406967,772180,5,3,1,5,2018-04-22,2018-04-22
-1406967,772181,9,4,2,9,2018-09-30,2018-04-22
-1406967,772182,7,4,2,6,2018-09-30,2018-04-22
-1406967,772183,5,2,1,5,2018-04-22,2018-04-22
-1406967,772184,1,1,1,1,2018-04-22,2018-04-22
-1406967,772185,1,1,1,1,2018-04-22,2018-04-22
-1406967,772875,1,1,1,1,2019-04-22,2019-04-22
-1406967,772894,1,1,1,0,2018-09-11,2018-09-11
-1406967,773720,1,1,1,0,2016-05-20,2016-05-20
-1406966,771965,1,1,1,0,2019-02-05,2019-02-05
-1406966,772140,1,1,1,0,2018-09-30,2018-09-30
-1406966,772148,1,1,1,0,2019-05-30,2019-05-30
-1406966,772170,1,1,1,1,2018-04-22,2018-04-22
-1406966,772173,1,1,1,1,2018-04-22,2018-04-22
-1406966,772174,1,1,1,1,2018-04-22,2018-04-22
-1406966,772177,3,2,1,3,2018-04-22,2018-04-22
-1406966,772178,2,2,1,2,2018-04-22,2018-04-22
-1406966,772179,1,1,1,1,2018-09-30,2018-09-30
-1406966,772180,7,3,1,7,2018-04-22,2018-04-22
-1406966,772181,14,4,2,13,2018-04-22,2018-04-22
-1406966,772182,3,2,1,3,2018-04-22,2018-04-22
-1406966,772183,2,1,1,2,2018-04-22,2018-04-22
-1406966,772345,1,1,1,0,2017-11-16,2017-11-16
-1406966,772510,1,1,1,1,2019-05-04,2019-05-04
-1406966,772617,1,1,1,0,2017-10-04,2017-10-04
-1406966,772745,1,1,1,1,2018-09-23,2018-09-23
-1406966,772871,1,1,1,0,2019-07-15,2019-07-15
-1406966,773789,1,1,1,0,2019-06-08,2019-06-08
-1406966,773884,4,4,1,0,2017-05-14,2016-09-17
-1406966,773925,4,3,1,0,2016-09-10,2016-07-16
-1406966,773926,1,1,1,0,2017-02-25,2017-02-25
-1406966,773935,3,2,1,0,2016-09-10,2016-09-10
-1406966,773992,1,1,1,0,2016-11-05,2016-11-05
-1406966,774039,1,1,1,0,2019-06-22,2019-06-22
-1406966,774207,1,1,1,0,2019-04-27,2019-04-27
-1406965,771833,1,1,1,0,2019-04-01,2019-04-01
-1406965,772158,1,1,1,1,2019-05-30,2019-05-30
-1406965,772172,1,1,1,1,2018-04-22,2018-04-22
-1406965,772173,2,1,1,2,2018-04-22,2018-04-22
-1406965,772174,1,1,1,1,2018-04-22,2018-04-22
-1406965,772175,1,1,1,1,2018-04-22,2018-04-22
-1406965,772178,1,1,1,1,2018-04-22,2018-04-22
-1406965,772179,3,2,1,3,2018-04-22,2018-04-22
-1406965,772180,5,4,2,4,2018-09-30,2018-04-22
-1406965,772181,2,1,1,2,2018-04-22,2018-04-22
-1406965,772182,2,2,1,2,2018-04-22,2018-04-22
-1406965,772183,4,4,1,4,2018-04-22,2018-04-22
-1406965,772187,1,1,1,1,2018-04-22,2018-04-22
-1406965,772734,2,1,2,1,2019-04-04,2018-12-28
-1406965,772883,2,2,1,0,2018-05-05,2018-05-05
-1406965,773721,1,1,1,0,2016-05-20,2016-05-20
-1406965,773922,1,1,1,0,2016-11-11,2016-11-11
-1406965,774031,1,1,1,0,2016-07-02,2016-07-02
-1406965,774208,1,1,1,0,2019-04-27,2019-04-27
-1406965,774209,1,1,1,0,2018-04-12,2018-04-12
-1406965,774222,1,1,1,0,2019-06-09,2019-06-09
-1406964,772155,1,1,1,0,2018-09-30,2018-09-30
-1406964,772174,2,2,1,2,2018-04-22,2018-04-22
-1406964,772176,2,1,1,2,2018-04-22,2018-04-22
-1406964,772178,1,1,1,1,2018-04-22,2018-04-22
-1406964,772179,2,1,1,2,2018-04-22,2018-04-22
-1406964,772180,7,3,1,7,2018-04-22,2018-04-22
-1406964,772182,3,1,1,3,2018-04-22,2018-04-22
-1406964,772183,4,2,1,4,2018-04-22,2018-04-22
-1406964,772184,3,2,1,3,2018-04-22,2018-04-22
-1406964,772185,1,1,1,1,2018-04-22,2018-04-22
-1406964,772192,1,1,1,0,2017-09-01,2017-09-01
-1406964,772529,1,1,1,1,2019-05-04,2019-05-04
-1406964,772725,1,1,1,1,2019-04-04,2019-04-04
-1406964,772729,1,1,1,1,2019-04-04,2019-04-04
-1406964,772746,1,1,1,1,2018-10-28,2018-10-28
-1406964,772838,1,1,1,1,2018-09-22,2018-09-22
-1406964,773927,1,1,1,0,2017-02-25,2017-02-25
-1406964,773928,1,1,1,0,2019-04-27,2019-04-27
-1406964,773929,1,1,1,0,2019-04-27,2019-04-27
-1406964,773995,1,1,1,0,2016-08-07,2016-08-07
-1406964,774207,1,1,1,0,2019-04-27,2019-04-27
-1406963,771648,1,1,1,1,2018-07-14,2018-07-14
-1406963,772176,2,1,1,2,2018-04-22,2018-04-22
-1406963,772177,2,2,1,2,2018-04-22,2018-04-22
-1406963,772179,3,3,1,3,2018-04-22,2018-04-22
-1406963,772180,1,1,1,1,2018-04-22,2018-04-22
-1406963,772181,4,2,1,4,2018-04-22,2018-04-22
-1406963,772182,5,4,1,5,2018-04-22,2018-04-22
-1406963,772184,1,1,1,1,2018-04-22,2018-04-22
-1406963,772190,1,1,1,1,2018-04-22,2018-04-22
-1406963,772191,1,1,1,1,2017-09-01,2017-09-01
-1406963,772302,1,1,1,1,2019-04-18,2019-04-18
-1406963,772339,1,1,1,0,2019-06-30,2019-06-30
-1406963,772524,1,1,1,0,2017-02-17,2017-02-17
-1406963,773323,1,1,1,0,2016-11-26,2016-11-26
-1406963,773396,1,1,1,0,2016-11-26,2016-11-26
-1406963,773800,1,1,1,0,2019-04-27,2019-04-27
-1406963,774037,1,1,1,0,2019-02-16,2019-02-16
-1406963,774136,1,1,1,0,2017-06-08,2017-06-08
-1406962,771919,1,1,1,1,2016-03-18,2016-03-18
-1406962,772107,1,1,1,0,2016-03-10,2016-03-10
-1406962,772141,1,1,1,0,2018-09-30,2018-09-30
-1406962,772178,2,2,1,2,2018-04-22,2018-04-22
-1406962,772179,3,3,1,3,2018-04-22,2018-04-22
-1406962,772181,3,2,1,3,2018-04-22,2018-04-22
-1406962,772182,1,1,1,1,2018-04-22,2018-04-22
-1406962,772183,1,1,1,1,2018-04-22,2018-04-22
-1406962,772184,1,1,1,0,2016-10-27,2016-10-27
-1406962,772185,2,2,1,2,2018-04-22,2018-04-22
-1406962,772187,1,1,1,1,2018-04-22,2018-04-22
-1406962,772222,1,1,1,1,2018-09-30,2018-09-30
-1406962,772457,1,1,1,0,2019-01-19,2019-01-19
-1406962,772625,1,1,1,1,2019-04-28,2019-04-28
-1406962,772736,1,1,1,1,2018-10-28,2018-10-28
-1406962,772903,1,1,1,0,2019-05-23,2019-05-23
-1406962,772907,1,1,1,0,2018-06-09,2018-06-09
-1406962,773700,1,1,1,0,2018-04-23,2018-04-23
-1406962,773874,1,1,1,0,2019-03-24,2019-03-24
-1406962,773889,1,1,1,0,2019-05-25,2019-05-25
-1406962,774108,1,1,1,0,2019-06-15,2019-06-15
-1406961,771965,1,1,1,0,2019-03-05,2019-03-05
-1406961,772178,1,1,1,1,2018-04-22,2018-04-22
-1406961,772180,2,1,2,2,2018-09-30,2018-07-11
-1406961,772182,3,2,1,3,2018-04-22,2018-04-22
-1406961,772183,1,1,1,1,2018-04-22,2018-04-22
-1406961,772184,1,1,1,1,2018-04-22,2018-04-22
-1406961,772858,1,1,1,0,2019-07-15,2019-07-15
-1406961,773593,1,1,1,0,2016-05-20,2016-05-20
-1406961,773744,1,1,1,0,2016-06-04,2016-06-04
-1406961,773930,3,3,1,0,2016-08-20,2016-07-16
-1406961,774033,1,1,1,0,2019-06-22,2019-06-22
-1406960,771652,1,1,1,1,2018-07-14,2018-07-14
-1406960,771985,1,1,1,1,2016-05-21,2016-05-21
-1406960,772142,1,1,1,1,2018-09-30,2018-09-30
-1406960,772180,2,1,1,2,2018-04-22,2018-04-22
-1406960,772181,1,1,1,1,2018-04-22,2018-04-22
-1406960,772182,4,4,1,4,2018-04-22,2018-04-22
-1406960,772183,4,3,1,4,2018-04-22,2018-04-22
-1406960,772184,1,1,1,1,2018-04-22,2018-04-22
-1406960,772192,1,1,1,1,2017-09-01,2017-09-01
-1406960,772220,1,1,1,1,2018-09-30,2018-09-30
-1406960,772499,1,1,1,1,2019-05-04,2019-05-04
-1406960,772738,1,1,1,1,2018-09-23,2018-09-23
-1406960,772905,1,1,1,0,2018-06-09,2018-06-09
-1406960,773295,1,1,1,0,2016-11-26,2016-11-26
-1406960,773706,1,1,1,0,2018-04-23,2018-04-23
-1406960,773923,1,1,1,0,2016-10-29,2016-10-29
-1406960,773989,1,1,1,0,2016-07-09,2016-07-09
-1406960,774202,1,1,1,0,2019-04-27,2019-04-27
-1406960,774205,1,1,1,0,2019-06-29,2019-06-29
-1406959,771906,1,1,1,0,2017-04-14,2017-04-14
-1406959,772179,3,2,1,3,2018-04-22,2018-04-22
-1406959,772180,3,3,2,3,2018-09-30,2018-04-22
-1406959,772181,2,1,1,2,2018-04-22,2018-04-22
-1406959,772182,5,2,1,5,2018-04-22,2018-04-22
-1406959,772183,4,2,1,4,2018-04-22,2018-04-22
-1406959,772184,4,3,1,4,2018-04-22,2018-04-22
-1406959,772185,1,1,1,1,2018-04-22,2018-04-22
-1406959,772342,1,1,1,0,2018-11-06,2018-11-06
-1406959,772726,1,1,1,0,2018-09-29,2018-09-29
-1406959,772730,1,1,1,1,2018-09-23,2018-09-23
-1406959,773263,1,1,1,0,2018-04-28,2018-04-28
-1406959,773380,1,1,1,0,2019-04-27,2019-04-27
-1406959,773896,1,1,1,0,2017-05-14,2017-05-14
-1406959,773918,1,1,1,0,2017-04-30,2017-04-30
-1406959,773928,1,1,1,0,2016-07-16,2016-07-16
-1406959,774197,1,1,1,0,2016-12-03,2016-12-03
-1406959,774215,1,1,1,0,2019-04-13,2019-04-13
-1406958,771992,1,1,1,1,2017-09-13,2017-09-13
-1406958,772164,1,1,1,1,2018-04-14,2018-04-14
-1406958,772166,1,1,1,1,2019-04-19,2019-04-19
-1406958,772167,5,2,1,5,2019-04-19,2019-04-19
-1406958,772168,2,1,1,2,2018-04-14,2018-04-14
-1406958,772174,1,1,1,1,2019-04-19,2019-04-19
-1406958,772179,1,1,1,1,2018-04-22,2018-04-22
-1406958,772180,1,1,1,1,2018-04-22,2018-04-22
-1406958,772182,3,2,1,3,2018-04-22,2018-04-22
-1406958,772183,4,1,1,4,2018-04-22,2018-04-22
-1406958,772195,1,1,1,1,2018-09-30,2018-09-30
-1406958,772208,1,1,1,1,2018-09-30,2018-09-30
-1406958,772225,1,1,1,1,2018-09-30,2018-09-30
-1406958,772372,1,1,1,0,2018-10-08,2018-10-08
-1406958,772725,1,1,1,0,2018-10-28,2018-10-28
-1406958,772864,1,1,1,0,2019-04-22,2019-04-22
-1406958,773340,1,1,1,0,2017-08-17,2017-08-17
-1406958,773750,1,1,1,0,2016-06-04,2016-06-04
-1406958,773895,1,1,1,0,2016-09-17,2016-09-17
-1406958,773995,2,2,1,0,2016-11-05,2016-11-05
-1406958,774138,1,1,1,0,2017-06-08,2017-06-08
-1406958,774200,1,1,1,0,2016-08-27,2016-08-27
-1406957,771992,1,1,1,0,2018-04-26,2018-04-26
-1406957,771997,1,1,1,0,2018-05-16,2018-05-16
-1406957,772162,2,1,1,2,2018-04-14,2018-04-14
-1406957,772163,1,1,1,1,2018-04-14,2018-04-14
-1406957,772165,2,1,1,2,2018-04-14,2018-04-14
-1406957,772166,4,3,1,4,2019-04-19,2018-04-14
-1406957,772167,1,1,1,1,2018-04-14,2018-04-14
-1406957,772168,4,3,1,4,2019-04-19,2018-10-16
-1406957,772169,4,2,1,4,2019-04-19,2018-10-16
-1406957,772170,2,2,1,2,2019-04-19,2018-10-16
-1406957,772171,1,1,1,1,2019-04-19,2019-04-19
-1406957,772173,3,2,3,3,2019-04-19,2019-04-19
-1406957,772180,2,2,2,2,2018-04-22,2017-12-28
-1406957,772182,1,1,1,1,2018-04-22,2018-04-22
-1406957,772183,3,3,2,3,2018-04-22,2018-04-08
-1406957,772184,1,1,1,1,2019-04-19,2019-04-19
-1406957,772185,1,1,1,1,2017-09-04,2017-09-04
-1406957,772224,1,1,1,1,2018-09-30,2018-09-30
-1406957,772290,1,1,1,0,2017-04-23,2017-04-23
-1406957,772336,1,1,1,0,2018-03-18,2018-03-18
-1406957,772939,1,1,1,0,2017-05-16,2017-05-16
-1406957,773349,2,2,1,0,2018-09-03,2018-09-03
-1406957,773714,1,1,1,0,2016-05-20,2016-05-20
-1406957,774212,1,1,1,0,2016-11-05,2016-11-05
-1406956,771984,1,1,1,1,2016-05-21,2016-05-21
-1406956,772001,1,1,1,0,2018-12-16,2018-12-16
-1406956,772006,1,1,1,0,2018-09-09,2018-09-09
-1406956,772144,1,1,1,1,2018-09-30,2018-09-30
-1406956,772162,3,1,1,3,2018-04-14,2018-04-14
-1406956,772163,2,1,1,2,2018-04-14,2018-04-14
-1406956,772164,1,1,1,1,2018-04-08,2018-04-08
-1406956,772165,3,1,1,3,2018-04-14,2018-04-14
-1406956,772166,2,2,1,2,2019-04-19,2018-10-16
-1406956,772167,10,2,1,9,2019-04-19,2018-04-14
-1406956,772168,4,3,2,3,2018-06-06,2018-05-10
-1406956,772169,1,1,1,1,2019-04-19,2019-04-19
-1406956,772170,3,3,1,3,2019-04-19,2018-04-14
-1406956,772172,1,1,1,1,2019-04-19,2019-04-19
-1406956,772173,2,2,2,2,2019-04-19,2018-10-13
-1406956,772174,2,1,2,2,2019-04-19,2018-10-13
-1406956,772175,1,1,1,1,2018-04-08,2018-04-08
-1406956,772176,1,1,1,0,2019-04-19,2019-04-19
-1406956,772179,1,1,1,1,2018-04-08,2018-04-08
-1406956,772182,1,1,1,1,2018-04-22,2018-04-22
-1406956,772184,1,1,1,1,2017-09-01,2017-09-01
-1406956,772220,1,1,1,1,2018-09-30,2018-09-30
-1406956,772279,1,1,1,0,2017-05-18,2017-05-18
-1406956,772342,1,1,1,1,2019-04-02,2019-04-02
-1406956,772373,1,1,1,1,2018-08-28,2018-08-28
-1406956,772431,1,1,1,0,2017-06-07,2017-06-07
-1406956,772736,1,1,1,1,2018-11-04,2018-11-04
-1406956,772852,1,1,1,0,2017-07-31,2017-07-31
-1406956,773315,1,1,1,0,2016-11-26,2016-11-26
-1406956,773592,1,1,1,0,2016-05-20,2016-05-20
-1406956,773643,1,1,1,0,2018-04-15,2018-04-15
-1406956,773713,1,1,1,0,2016-05-20,2016-05-20
-1406956,773756,1,1,1,0,2016-06-04,2016-06-04
-1406956,773761,1,1,1,0,2016-06-18,2016-06-18
-1406956,773921,1,1,1,0,2017-04-30,2017-04-30
-1406956,773922,1,1,1,0,2017-04-30,2017-04-30
-1406956,773927,1,1,1,0,2019-07-03,2019-07-03
-1406955,772012,1,1,1,0,2016-05-22,2016-05-22
-1406955,772014,1,1,1,0,2019-06-19,2019-06-19
-1406955,772150,1,1,1,1,2018-06-13,2018-06-13
-1406955,772163,2,1,1,2,2018-04-14,2018-04-14
-1406955,772164,1,1,1,1,2018-04-14,2018-04-14
-1406955,772165,1,1,1,1,2018-04-14,2018-04-14
-1406955,772166,5,3,2,4,2019-04-19,2019-04-19
-1406955,772167,6,3,2,5,2019-04-19,2018-05-08
-1406955,772168,8,4,2,7,2019-04-19,2018-04-14
-1406955,772169,3,2,1,3,2018-04-14,2018-04-14
-1406955,772172,3,2,2,3,2019-04-19,2019-04-19
-1406955,772174,1,1,1,1,2018-04-08,2018-04-08
-1406955,772178,1,1,1,1,2018-04-08,2018-04-08
-1406955,772182,1,1,1,1,2019-04-19,2019-04-19
-1406955,772183,1,1,1,0,2019-04-19,2019-04-19
-1406955,772189,1,1,1,1,2019-04-19,2019-04-19
-1406955,772270,1,1,1,0,2017-05-18,2017-05-18
-1406955,772379,1,1,1,0,2017-04-14,2017-04-14
-1406955,772481,1,1,1,1,2017-04-24,2017-04-24
-1406955,772796,1,1,1,0,2016-03-01,2016-03-01
-1406955,772799,1,1,1,0,2018-05-04,2018-05-04
-1406955,773139,1,1,1,0,2017-06-29,2017-06-29
-1406955,773144,1,1,1,0,2017-05-29,2017-05-29
-1406955,773311,1,1,1,0,2016-11-26,2016-11-26
-1406955,773339,1,1,1,0,2018-09-02,2018-09-02
-1406955,773456,1,1,1,0,2016-04-24,2016-04-24
-1406955,773923,4,4,1,0,2016-10-23,2016-09-10
-1406955,773968,1,1,1,0,2016-10-23,2016-10-23
-1406955,773995,1,1,1,0,2019-07-04,2019-07-04
-1406955,774214,1,1,1,0,2019-07-06,2019-07-06
-1406954,771906,1,1,1,0,2018-05-26,2018-05-26
-1406954,772033,1,1,1,0,2019-01-22,2019-01-22
-1406954,772043,1,1,1,0,2019-06-14,2019-06-14
-1406954,772146,1,1,1,1,2018-09-30,2018-09-30
-1406954,772164,1,1,1,1,2018-04-14,2018-04-14
-1406954,772165,4,1,1,4,2019-04-19,2018-04-14
-1406954,772166,10,2,1,10,2019-04-19,2018-04-14
-1406954,772167,10,4,1,9,2019-04-19,2019-04-19
-1406954,772168,8,4,1,8,2019-04-19,2018-04-14
-1406954,772169,3,2,1,3,2019-04-19,2018-04-14
-1406954,772170,1,1,1,1,2018-04-14,2018-04-14
-1406954,772171,3,2,1,3,2018-04-14,2018-04-14
-1406954,772172,2,1,1,1,2019-04-19,2019-04-19
-1406954,772173,1,1,1,1,2019-04-19,2019-04-19
-1406954,772177,1,1,1,1,2018-04-08,2018-04-08
-1406954,772181,1,1,1,1,2018-12-03,2018-12-03
-1406954,772182,1,1,1,1,2019-04-19,2019-04-19
-1406954,772189,1,1,1,1,2018-04-08,2018-04-08
-1406954,772192,1,1,1,0,2019-04-19,2019-04-19
-1406954,772201,1,1,1,1,2018-04-29,2018-04-29
-1406954,772207,1,1,1,1,2018-09-30,2018-09-30
-1406954,772217,1,1,1,1,2018-09-30,2018-09-30
-1406954,772220,1,1,1,1,2018-09-30,2018-09-30
-1406954,772401,1,1,1,0,2018-09-18,2018-09-18
-1406954,773009,1,1,1,0,2017-06-27,2017-06-27
-1406954,773701,1,1,1,0,2016-02-28,2016-02-28
-1406954,773705,1,1,1,0,2016-05-20,2016-05-20
-1406954,773771,1,1,1,0,2016-06-04,2016-06-04
-1406954,773928,1,1,1,0,2016-11-11,2016-11-11
-1406954,774001,1,1,1,0,2016-11-05,2016-11-05
-1406954,774106,1,1,1,0,2019-06-15,2019-06-15
-1406954,774214,1,1,1,0,2019-05-16,2019-05-16
-1406953,772118,1,1,1,0,2018-05-21,2018-05-21
-1406953,772160,1,1,1,1,2018-06-06,2018-06-06
-1406953,772163,1,1,1,1,2018-04-14,2018-04-14
-1406953,772165,8,3,1,8,2018-04-14,2018-04-14
-1406953,772166,4,1,1,4,2019-04-19,2018-04-14
-1406953,772167,6,2,1,6,2019-04-19,2018-10-16
-1406953,772168,4,3,1,4,2019-04-19,2018-10-16
-1406953,772169,1,1,1,1,2018-04-14,2018-04-14
-1406953,772170,3,1,1,3,2018-04-14,2018-04-14
-1406953,772171,4,2,1,4,2019-04-19,2018-10-16
-1406953,772172,1,1,1,1,2019-04-19,2019-04-19
-1406953,772173,2,2,2,2,2019-04-19,2018-10-16
-1406953,772174,2,2,1,2,2019-04-19,2018-10-13
-1406953,772175,1,1,1,1,2019-04-19,2019-04-19
-1406953,772177,1,1,1,1,2019-04-19,2019-04-19
-1406953,772178,3,2,2,3,2019-04-19,2018-04-08
-1406953,772179,1,1,1,1,2018-04-08,2018-04-08
-1406953,772181,1,1,1,1,2019-04-19,2019-04-19
-1406953,772182,1,1,1,0,2019-04-19,2019-04-19
-1406953,772183,1,1,1,1,2019-04-19,2019-04-19
-1406953,772188,1,1,1,1,2018-04-08,2018-04-08
-1406953,772189,1,1,1,0,2019-04-19,2019-04-19
-1406953,772190,1,1,1,1,2019-04-19,2019-04-19
-1406953,772192,2,2,2,1,2019-04-19,2019-04-19
-1406953,772204,1,1,1,1,2018-09-30,2018-09-30
-1406953,772480,1,1,1,1,2018-10-24,2018-10-24
-1406953,772496,1,1,1,0,2016-09-11,2016-09-11
-1406953,772498,1,1,1,1,2019-05-04,2019-05-04
-1406953,773300,1,1,1,0,2019-06-16,2019-06-16
-1406953,773687,2,2,1,0,2018-04-23,2018-04-23
-1406953,773703,4,2,1,0,2016-05-20,2016-05-20
-1406953,773786,3,3,1,0,2016-06-18,2016-06-04
-1406953,773829,1,1,1,0,2019-04-27,2019-04-27
-1406953,773990,1,1,1,0,2016-07-09,2016-07-09
-1406952,772027,1,1,1,0,2018-06-29,2018-06-29
-1406952,772160,2,1,1,2,2018-04-14,2018-04-14
-1406952,772162,3,2,1,3,2018-04-14,2018-04-14
-1406952,772163,1,1,1,1,2018-04-14,2018-04-14
-1406952,772164,2,1,1,2,2018-04-14,2018-04-14
-1406952,772165,1,1,1,1,2018-04-14,2018-04-14
-1406952,772166,2,2,2,1,2018-06-01,2018-05-08
-1406952,772167,1,1,1,0,2018-06-01,2018-06-01
-1406952,772168,2,2,1,0,2018-06-01,2018-06-01
-1406952,772169,2,1,1,2,2018-04-14,2018-04-14
-1406952,772171,2,1,1,2,2019-04-19,2019-04-19
-1406952,772172,1,1,1,0,2019-04-19,2019-04-19
-1406952,772173,2,1,1,2,2019-04-19,2019-04-19
-1406952,772174,1,1,1,1,2019-04-19,2019-04-19
-1406952,772177,1,1,1,1,2019-04-19,2019-04-19
-1406952,772179,1,1,1,1,2019-04-19,2019-04-19
-1406952,772183,1,1,1,1,2019-04-19,2019-04-19
-1406952,772193,1,1,1,1,2019-04-19,2019-04-19
-1406952,772502,1,1,1,0,2019-06-07,2019-06-07
-1406952,772888,1,1,1,0,2017-08-13,2017-08-13
-1406952,773143,1,1,1,1,2017-05-29,2017-05-29
-1406952,773685,1,1,1,0,2018-04-23,2018-04-23
-1406952,773687,1,1,1,0,2018-04-23,2018-04-23
-1406952,773734,1,1,1,0,2016-11-26,2016-11-26
-1406952,773764,2,2,1,0,2016-06-04,2016-05-31
-1406952,773779,1,1,1,0,2016-06-04,2016-06-04
-1406952,773827,1,1,1,0,2019-04-27,2019-04-27
-1406952,773853,1,1,1,0,2019-04-27,2019-04-27
-1406952,774002,1,1,1,0,2016-07-23,2016-07-23
-1406952,774034,1,1,1,0,2019-05-16,2019-05-16
-1406951,771967,1,1,1,0,2019-03-05,2019-03-05
-1406951,772119,2,2,1,2,2018-05-20,2018-05-20
-1406951,772160,1,1,1,1,2018-04-14,2018-04-14
-1406951,772163,3,2,1,3,2018-04-14,2018-04-14
-1406951,772164,2,2,1,2,2018-04-14,2018-04-14
-1406951,772165,4,2,1,4,2018-04-14,2018-04-14
-1406951,772166,2,1,1,2,2018-04-14,2018-04-14
-1406951,772167,1,1,1,1,2018-04-14,2018-04-14
-1406951,772169,1,1,1,1,2018-04-14,2018-04-14
-1406951,772170,1,1,1,1,2018-04-14,2018-04-14
-1406951,772179,1,1,1,1,2019-04-19,2019-04-19
-1406951,772330,1,1,1,1,2018-09-22,2018-09-22
-1406951,772734,1,1,1,0,2018-09-23,2018-09-23
-1406951,772958,1,1,1,1,2019-03-17,2019-03-17
-1406951,773790,1,1,1,0,2016-06-18,2016-06-18
-1406951,773855,1,1,1,0,2019-04-27,2019-04-27
-1406951,773919,2,2,1,0,2016-09-10,2016-09-10
-1406951,773921,2,2,1,0,2016-07-23,2016-07-23
-1406950,770289,1,1,1,1,2016-09-23,2016-09-23
-1406950,772113,1,1,1,0,2016-10-27,2016-10-27
-1406950,772161,1,1,1,1,2018-04-14,2018-04-14
-1406950,772163,3,3,1,3,2018-04-14,2018-04-14
-1406950,772164,4,2,1,4,2018-04-14,2018-04-14
-1406950,772165,1,1,1,1,2018-04-14,2018-04-14
-1406950,772166,3,1,1,3,2018-04-14,2018-04-14
-1406950,772180,1,1,1,1,2019-04-19,2019-04-19
-1406950,772193,1,1,1,1,2019-04-19,2019-04-19
-1406950,772194,2,1,2,2,2019-04-19,2019-04-19
-1406950,772195,1,1,1,1,2019-04-19,2019-04-19
-1406950,772196,1,1,1,1,2019-04-19,2019-04-19
-1406950,772842,1,1,1,1,2019-05-02,2019-05-02
-1406950,773372,1,1,1,0,2019-04-20,2019-04-20
-1406950,773378,1,1,1,0,2019-05-19,2019-05-19
-1406950,773679,1,1,1,0,2019-07-21,2019-07-21
-1406950,773680,1,1,1,0,2018-08-12,2018-08-12
-1406950,773792,1,1,1,0,2016-05-28,2016-05-28
-1406950,773910,1,1,1,0,2019-07-04,2019-07-04
-1406950,773993,1,1,1,0,2019-07-04,2019-07-04
-1406950,774218,1,1,1,0,2018-03-13,2018-03-13
-1406949,772086,1,1,1,0,2018-06-22,2018-06-22
-1406949,772142,1,1,1,1,2017-04-26,2017-04-26
-1406949,772160,1,1,1,0,2018-06-04,2018-06-04
-1406949,772162,3,2,1,3,2018-04-14,2018-04-14
-1406949,772163,3,3,1,3,2018-04-14,2018-04-14
-1406949,772165,2,2,1,2,2018-04-14,2018-04-14
-1406949,772166,2,2,2,1,2018-06-01,2018-05-08
-1406949,772167,2,2,1,2,2018-04-14,2018-04-14
-1406949,772168,1,1,1,1,2018-04-14,2018-04-14
-1406949,772169,1,1,1,1,2018-04-14,2018-04-14
-1406949,772180,1,1,1,1,2018-04-08,2018-04-08
-1406949,772192,1,1,1,1,2018-04-08,2018-04-08
-1406949,772193,1,1,1,1,2019-04-19,2019-04-19
-1406949,772194,3,2,2,2,2019-04-19,2019-04-19
-1406949,772195,1,1,1,1,2019-04-19,2019-04-19
-1406949,773317,1,1,1,0,2019-04-27,2019-04-27
-1406949,773722,1,1,1,0,2016-06-18,2016-06-18
-1406949,774190,2,2,1,0,2016-08-27,2016-08-20
-1406948,772143,1,1,1,0,2018-06-13,2018-06-13
-1406948,772159,1,1,1,1,2018-05-23,2018-05-23
-1406948,772160,2,2,1,0,2018-06-01,2018-05-31
-1406948,772163,5,3,3,4,2018-09-30,2018-06-05
-1406948,772164,2,2,2,1,2018-06-18,2018-05-16
-1406948,772165,5,4,3,2,2018-06-29,2018-06-18
-1406948,772166,6,2,2,5,2018-06-21,2018-04-14
-1406948,772167,2,2,1,2,2018-04-14,2018-04-14
-1406948,772169,2,2,2,0,2018-06-13,2018-06-06
-1406948,772178,1,1,1,0,2019-04-19,2019-04-19
-1406948,772179,1,1,1,1,2018-04-08,2018-04-08
-1406948,772359,1,1,1,0,2019-05-16,2019-05-16
-1406948,772432,1,1,1,0,2017-06-07,2017-06-07
-1406948,772579,1,1,1,1,2019-04-28,2019-04-28
-1406948,772687,1,1,1,0,2019-07-13,2019-07-13
-1406948,772959,1,1,1,1,2019-03-17,2019-03-17
-1406948,773140,1,1,1,0,2017-05-29,2017-05-29
-1406948,773465,1,1,1,0,2018-09-26,2018-09-26
-1406948,773898,1,1,1,0,2016-07-09,2016-07-09
-1406948,773925,1,1,1,0,2016-08-20,2016-08-20
-1406948,774001,1,1,1,0,2016-08-07,2016-08-07
-1406948,774035,1,1,1,0,2019-02-16,2019-02-16
-1406947,772093,1,1,1,0,2019-04-14,2019-04-14
-1406947,772142,1,1,1,1,2018-06-13,2018-06-13
-1406947,772157,1,1,1,0,2018-06-06,2018-06-06
-1406947,772162,2,2,2,1,2019-01-28,2018-09-05
-1406947,772163,3,3,2,0,2018-09-30,2018-07-12
-1406947,772164,1,1,1,0,2018-07-10,2018-07-10
-1406947,772165,3,2,1,0,2018-07-09,2018-06-20
-1406947,772166,4,3,2,2,2018-06-04,2018-05-08
-1406947,772168,2,2,1,2,2018-04-14,2018-04-14
-1406947,772169,1,1,1,1,2018-04-14,2018-04-14
-1406947,772178,1,1,1,1,2018-04-08,2018-04-08
-1406947,772179,1,1,1,0,2019-04-19,2019-04-19
-1406947,772195,1,1,1,1,2018-04-08,2018-04-08
-1406947,772215,1,1,1,0,2016-05-20,2016-05-20
-1406947,772574,2,2,1,2,2019-04-28,2019-04-28
-1406947,772576,1,1,1,1,2019-04-28,2019-04-28
-1406947,772577,3,2,1,3,2019-04-28,2019-04-28
-1406947,772578,3,2,1,3,2019-04-28,2019-04-28
-1406947,772579,2,2,1,2,2019-04-28,2019-04-28
-1406947,772929,2,2,1,0,2019-04-28,2019-04-28
-1406947,772958,2,2,1,2,2019-03-17,2019-03-17
-1406947,773256,1,1,1,0,2018-04-28,2018-04-28
-1406947,774036,1,1,1,0,2019-06-22,2019-06-22
-1406947,774188,1,1,1,0,2016-08-27,2016-08-27
-1406947,774189,1,1,1,0,2019-04-27,2019-04-27
-1406946,771958,1,1,1,0,2019-05-11,2019-05-11
-1406946,772077,1,1,1,1,2019-05-09,2019-05-09
-1406946,772161,1,1,1,1,2018-04-14,2018-04-14
-1406946,772162,1,1,1,0,2018-06-01,2018-06-01
-1406946,772163,1,1,1,0,2018-06-25,2018-06-25
-1406946,772164,2,2,1,0,2018-07-16,2018-07-12
-1406946,772166,1,1,1,1,2018-04-14,2018-04-14
-1406946,772167,5,3,2,4,2018-07-02,2018-04-14
-1406946,772168,3,2,2,2,2018-07-12,2018-04-14
-1406946,772177,1,1,1,1,2019-04-19,2019-04-19
-1406946,772179,3,3,1,3,2018-04-08,2018-04-08
-1406946,772180,2,1,1,2,2018-04-08,2018-04-08
-1406946,772182,1,1,1,1,2018-04-08,2018-04-08
-1406946,772187,1,1,1,1,2018-04-08,2018-04-08
-1406946,772191,1,1,1,1,2018-04-08,2018-04-08
-1406946,772193,3,3,3,2,2019-04-19,2019-04-19
-1406946,772196,1,1,1,1,2018-04-08,2018-04-08
-1406946,772357,1,1,1,0,2018-10-25,2018-10-25
-1406946,772499,1,1,1,1,2019-06-07,2019-06-07
-1406946,772576,6,4,1,5,2019-04-28,2019-04-28
-1406946,772577,1,1,1,1,2019-04-28,2019-04-28
-1406946,772727,1,1,1,1,2018-11-04,2018-11-04
-1406946,772728,1,1,1,1,2018-09-23,2018-09-23
-1406946,772773,1,1,1,1,2019-03-18,2019-03-18
-1406946,772924,1,1,1,0,2018-10-26,2018-10-26
-1406946,772930,1,1,1,0,2019-04-28,2019-04-28
-1406946,772953,1,1,1,0,2019-04-24,2019-04-24
-1406946,773307,1,1,1,0,2018-10-07,2018-10-07
-1406946,773592,1,1,1,0,2016-05-20,2016-05-20
-1406946,773679,1,1,1,0,2018-04-23,2018-04-23
-1406946,773792,1,1,1,0,2016-06-18,2016-06-18
-1406946,773919,3,3,2,0,2017-02-25,2016-07-16
-1406946,773922,1,1,1,0,2016-05-28,2016-05-28
-1406946,774183,1,1,1,0,2016-11-05,2016-11-05
-1406945,771961,1,1,1,0,2018-11-30,2018-11-30
-1406945,771965,1,1,1,0,2019-03-05,2019-03-05
-1406945,771967,1,1,1,0,2019-03-05,2019-03-05
-1406945,772072,1,1,1,0,2018-08-04,2018-08-04
-1406945,772097,4,4,1,0,2016-03-10,2016-03-10
-1406945,772159,1,1,1,1,2018-04-14,2018-04-14
-1406945,772161,2,2,1,1,2018-06-28,2018-06-28
-1406945,772163,3,1,1,3,2018-04-14,2018-04-14
-1406945,772164,4,3,2,4,2018-06-28,2018-04-14
-1406945,772165,5,2,1,5,2018-04-14,2018-04-14
-1406945,772166,3,2,2,2,2018-07-06,2018-04-14
-1406945,772167,6,4,2,5,2019-06-18,2018-04-14
-1406945,772168,1,1,1,0,2018-07-06,2018-07-06
-1406945,772169,2,2,2,1,2018-07-09,2018-05-27
-1406945,772179,3,3,2,3,2019-04-19,2018-04-08
-1406945,772181,1,1,1,1,2018-04-08,2018-04-08
-1406945,772190,1,1,1,0,2019-04-19,2019-04-19
-1406945,772191,1,1,1,1,2019-04-19,2019-04-19
-1406945,772195,1,1,1,1,2018-04-08,2018-04-08
-1406945,772576,1,1,1,1,2019-04-28,2019-04-28
-1406945,772727,1,1,1,1,2018-10-13,2018-10-13
-1406945,772729,1,1,1,1,2018-09-23,2018-09-23
-1406945,772796,1,1,1,0,2016-06-14,2016-06-14
-1406945,772917,1,1,1,0,2018-04-27,2018-04-27
-1406945,772923,1,1,1,0,2019-05-18,2019-05-18
-1406945,772950,1,1,1,1,2019-03-17,2019-03-17
-1406945,772951,1,1,1,0,2019-03-17,2019-03-17
-1406945,772952,1,1,1,1,2019-03-17,2019-03-17
-1406945,772988,1,1,1,0,2019-05-31,2019-05-31
-1406945,773636,1,1,1,0,2018-04-15,2018-04-15
-1406945,773677,1,1,1,0,2018-04-23,2018-04-23
-1406945,773718,1,1,1,0,2016-06-18,2016-06-18
-1406945,774027,1,1,1,0,2017-09-23,2017-09-23
-1406944,771966,1,1,1,0,2019-03-05,2019-03-05
-1406944,772008,1,1,1,0,2016-05-17,2016-05-17
-1406944,772159,1,1,1,1,2018-04-14,2018-04-14
-1406944,772160,1,1,1,1,2018-04-14,2018-04-14
-1406944,772161,1,1,1,1,2018-04-14,2018-04-14
-1406944,772162,3,1,1,3,2018-04-14,2018-04-14
-1406944,772163,4,2,2,3,2018-07-16,2018-04-14
-1406944,772164,3,2,1,3,2018-04-14,2018-04-14
-1406944,772165,3,2,1,3,2018-04-14,2018-04-14
-1406944,772166,1,1,1,0,2018-07-16,2018-07-16
-1406944,772167,6,5,1,6,2018-04-14,2018-04-14
-1406944,772168,3,2,1,3,2018-04-14,2018-04-14
-1406944,772169,2,2,1,0,2019-06-04,2018-12-19
-1406944,772172,1,1,1,1,2018-04-08,2018-04-08
-1406944,772173,1,1,1,1,2018-04-08,2018-04-08
-1406944,772174,1,1,1,0,2019-04-19,2019-04-19
-1406944,772175,1,1,1,1,2018-04-08,2018-04-08
-1406944,772178,2,1,1,2,2018-04-08,2018-04-08
-1406944,772179,1,1,1,1,2018-04-08,2018-04-08
-1406944,772180,1,1,1,1,2018-04-08,2018-04-08
-1406944,772183,1,1,1,1,2018-04-08,2018-04-08
-1406944,772185,2,1,2,1,2019-04-19,2019-04-19
-1406944,772188,1,1,1,1,2018-04-08,2018-04-08
-1406944,772192,1,1,1,1,2019-04-19,2019-04-19
-1406944,772193,2,1,2,1,2019-04-19,2019-04-19
-1406944,772196,1,1,1,1,2018-09-30,2018-09-30
-1406944,772795,1,1,1,0,2018-05-02,2018-05-02
-1406944,772869,1,1,1,0,2017-12-26,2017-12-26
-1406944,773052,1,1,1,0,2018-02-19,2018-02-19
-1406944,773396,1,1,1,0,2016-11-26,2016-11-26
-1406944,773688,1,1,1,0,2016-05-20,2016-05-20
-1406944,773708,1,1,1,0,2019-04-12,2019-04-12
-1406944,773797,1,1,1,0,2016-05-28,2016-05-28
-1406943,772092,1,1,1,0,2019-04-14,2019-04-14
-1406943,772095,1,1,1,0,2019-04-14,2019-04-14
-1406943,772159,1,1,1,1,2018-04-14,2018-04-14
-1406943,772160,2,2,1,2,2018-04-14,2018-04-14
-1406943,772161,1,1,1,1,2018-04-14,2018-04-14
-1406943,772162,3,2,1,3,2018-04-14,2018-04-14
-1406943,772163,1,1,1,1,2018-04-14,2018-04-14
-1406943,772164,2,1,1,2,2018-04-14,2018-04-14
-1406943,772165,1,1,1,1,2018-04-14,2018-04-14
-1406943,772167,3,3,1,3,2018-04-14,2018-04-14
-1406943,772168,1,1,1,1,2018-04-14,2018-04-14
-1406943,772173,1,1,1,1,2018-04-08,2018-04-08
-1406943,772175,1,1,1,1,2019-04-19,2019-04-19
-1406943,772176,1,1,1,1,2019-04-19,2019-04-19
-1406943,772178,1,1,1,0,2018-04-08,2018-04-08
-1406943,772183,1,1,1,0,2019-04-19,2019-04-19
-1406943,772186,1,1,1,1,2018-04-08,2018-04-08
-1406943,772192,1,1,1,0,2018-09-07,2018-09-07
-1406943,772193,1,1,1,1,2018-06-15,2018-06-15
-1406943,772194,1,1,1,1,2019-04-19,2019-04-19
-1406943,773261,1,1,1,0,2018-02-19,2018-02-19
-1406943,773392,1,1,1,0,2016-09-07,2016-09-07
-1406943,773795,1,1,1,0,2019-04-30,2019-04-30
-1406943,773918,5,5,1,0,2016-11-11,2016-09-10
-1406943,774003,1,1,1,0,2016-08-13,2016-08-13
-1406943,774014,1,1,1,0,2016-11-05,2016-11-05
-1406943,774188,1,1,1,1,2019-04-27,2019-04-27
-1406943,774189,1,1,1,0,2018-04-12,2018-04-12
-1406942,772108,1,1,1,0,2018-09-10,2018-09-10
-1406942,772111,1,1,1,0,2018-08-03,2018-08-03
-1406942,772112,1,1,1,0,2018-08-03,2018-08-03
-1406942,772162,1,1,1,1,2018-04-14,2018-04-14
-1406942,772163,1,1,1,1,2018-04-14,2018-04-14
-1406942,772164,3,2,1,3,2018-04-14,2018-04-14
-1406942,772165,2,2,1,2,2018-04-14,2018-04-14
-1406942,772166,1,1,1,1,2018-04-14,2018-04-14
-1406942,772167,2,2,2,1,2019-07-01,2018-11-21
-1406942,772169,2,2,1,2,2018-04-14,2018-04-14
-1406942,772177,1,1,1,0,2019-04-19,2019-04-19
-1406942,772178,1,1,1,1,2018-04-08,2018-04-08
-1406942,772180,1,1,1,1,2019-04-19,2019-04-19
-1406942,772189,1,1,1,1,2018-04-08,2018-04-08
-1406942,772190,1,1,1,1,2017-09-15,2017-09-15
-1406942,772191,2,1,1,2,2018-04-08,2018-04-08
-1406942,772192,5,4,3,4,2019-04-19,2018-09-07
-1406942,772364,1,1,1,1,2017-04-14,2017-04-14
-1406942,772366,1,1,1,0,2017-04-14,2017-04-14
-1406942,772483,1,1,1,1,2017-08-17,2017-08-17
-1406942,772773,1,1,1,0,2016-10-30,2016-10-30
-1406942,772818,1,1,1,0,2019-07-15,2019-07-15
-1406942,773137,1,1,1,0,2017-06-29,2017-06-29
-1406942,773388,1,1,1,0,2019-04-27,2019-04-27
-1406942,773391,1,1,1,0,2019-04-24,2019-04-24
-1406942,773634,1,1,1,0,2018-04-15,2018-04-15
-1406942,773671,1,1,1,0,2018-04-15,2018-04-15
-1406942,773690,1,1,1,0,2016-05-20,2016-05-20
-1406942,773691,1,1,1,0,2016-05-20,2016-05-20
-1406942,773700,1,1,1,0,2016-05-20,2016-05-20
-1406942,773806,1,1,1,0,2019-04-27,2019-04-27
-1406942,774202,1,1,1,0,2016-11-05,2016-11-05
-1406941,772154,1,1,1,1,2019-05-15,2019-05-15
-1406941,772159,1,1,1,1,2018-04-14,2018-04-14
-1406941,772160,1,1,1,1,2018-04-14,2018-04-14
-1406941,772163,1,1,1,1,2018-04-14,2018-04-14
-1406941,772164,2,2,2,2,2018-09-30,2018-07-07
-1406941,772165,1,1,1,1,2018-04-14,2018-04-14
-1406941,772166,3,2,1,3,2018-04-14,2018-04-14
-1406941,772167,2,1,1,2,2018-04-14,2018-04-14
-1406941,772168,1,1,1,1,2018-04-14,2018-04-14
-1406941,772169,1,1,1,1,2018-04-14,2018-04-14
-1406941,772175,1,1,1,1,2019-04-19,2019-04-19
-1406941,772189,1,1,1,1,2018-04-08,2018-04-08
-1406941,772190,2,1,1,2,2018-04-08,2018-04-08
-1406941,772191,1,1,1,1,2018-04-08,2018-04-08
-1406941,772192,3,3,3,2,2019-04-19,2019-04-19
-1406941,772200,1,1,1,1,2018-04-08,2018-04-08
-1406941,772921,1,1,1,0,2017-05-14,2017-05-14
-1406941,772969,1,1,1,0,2019-05-03,2019-05-03
-1406941,773064,1,1,1,0,2018-02-19,2018-02-19
-1406941,773317,1,1,1,0,2018-08-04,2018-08-04
-1406941,773476,1,1,1,0,2016-04-24,2016-04-24
-1406941,773789,1,1,1,0,2019-04-12,2019-04-12
-1406941,773903,3,3,1,0,2016-09-03,2016-09-03
-1406941,774185,2,2,1,0,2016-08-13,2016-08-13
-1406940,771960,1,1,1,0,2018-11-21,2018-11-21
-1406940,772155,1,1,1,1,2018-04-14,2018-04-14
-1406940,772158,2,2,2,2,2018-09-30,2018-07-07
-1406940,772160,1,1,1,1,2018-04-14,2018-04-14
-1406940,772161,1,1,1,1,2018-04-14,2018-04-14
-1406940,772163,1,1,1,1,2018-04-14,2018-04-14
-1406940,772164,3,1,1,3,2018-04-14,2018-04-14
-1406940,772165,1,1,1,1,2018-04-14,2018-04-14
-1406940,772166,4,3,2,3,2018-06-26,2018-04-14
-1406940,772167,4,3,1,4,2018-04-14,2018-04-14
-1406940,772169,1,1,1,1,2018-04-08,2018-04-08
-1406940,772171,1,1,1,1,2018-04-14,2018-04-14
-1406940,772189,2,1,1,2,2018-04-08,2018-04-08
-1406940,772190,3,2,2,2,2018-06-15,2018-04-08
-1406940,772191,4,3,2,4,2018-06-15,2018-04-08
-1406940,772192,1,1,1,1,2018-04-08,2018-04-08
-1406940,772193,4,2,2,4,2018-07-11,2018-04-08
-1406940,772585,1,1,1,1,2018-03-13,2018-03-13
-1406940,772949,1,1,1,1,2019-03-17,2019-03-17
-1406940,773137,1,1,1,0,2017-05-29,2017-05-29
-1406940,773316,1,1,1,0,2019-04-27,2019-04-27
-1406940,773457,1,1,1,0,2019-04-19,2019-04-19
-1406940,773632,2,2,1,0,2018-04-15,2018-04-15
-1406940,773712,1,1,1,0,2016-06-18,2016-06-18
-1406940,773777,1,1,1,0,2016-11-26,2016-11-26
-1406940,773804,2,2,1,0,2016-06-04,2016-06-04
-1406940,773920,2,2,1,0,2016-07-16,2016-07-16
-1406940,774006,1,1,1,0,2016-08-07,2016-08-07
-1406939,771956,1,1,1,0,2019-04-09,2019-04-09
-1406939,772158,1,1,1,1,2018-09-30,2018-09-30
-1406939,772162,1,1,1,1,2018-04-14,2018-04-14
-1406939,772163,2,2,1,2,2018-04-14,2018-04-14
-1406939,772164,1,1,1,1,2018-04-09,2018-04-09
-1406939,772165,1,1,1,1,2018-04-14,2018-04-14
-1406939,772166,5,2,1,5,2018-04-14,2018-04-14
-1406939,772167,3,3,1,3,2018-04-14,2018-04-14
-1406939,772168,1,1,1,1,2018-06-26,2018-06-26
-1406939,772169,1,1,1,1,2018-04-14,2018-04-14
-1406939,772175,1,1,1,1,2018-04-08,2018-04-08
-1406939,772176,1,1,1,1,2018-04-08,2018-04-08
-1406939,772190,1,1,1,1,2018-04-08,2018-04-08
-1406939,772193,2,2,1,2,2018-04-08,2018-04-08
-1406939,772368,1,1,1,0,2018-10-27,2018-10-27
-1406939,772483,1,1,1,1,2019-05-26,2019-05-26
-1406939,772615,1,1,1,1,2019-01-04,2019-01-04
-1406939,772744,1,1,1,0,2018-04-13,2018-04-13
-1406939,772922,1,1,1,0,2017-05-14,2017-05-14
-1406939,773808,1,1,1,0,2016-06-04,2016-06-04
-1406939,774187,1,1,1,0,2016-10-29,2016-10-29
-1406938,771959,1,1,1,0,2019-05-15,2019-05-15
-1406938,772161,1,1,1,1,2018-04-14,2018-04-14
-1406938,772164,4,3,1,4,2018-04-14,2018-04-14
-1406938,772165,2,2,1,2,2018-04-14,2018-04-14
-1406938,772166,6,1,1,6,2018-04-14,2018-04-14
-1406938,772167,3,2,1,3,2018-04-14,2018-04-14
-1406938,772168,3,1,1,3,2018-04-14,2018-04-14
-1406938,772169,3,2,1,3,2018-04-14,2018-04-14
-1406938,772170,3,3,1,3,2018-04-14,2018-04-14
-1406938,772172,1,1,1,0,2016-07-27,2016-07-27
-1406938,772173,1,1,1,1,2018-04-08,2018-04-08
-1406938,772175,1,1,1,0,2016-09-20,2016-09-20
-1406938,772177,2,2,2,1,2019-06-14,2019-05-17
-1406938,772178,1,1,1,1,2018-04-08,2018-04-08
-1406938,772183,1,1,1,1,2018-04-08,2018-04-08
-1406938,772192,3,3,2,2,2019-04-19,2019-04-19
-1406938,772193,1,1,1,1,2019-06-11,2019-06-11
-1406938,772231,1,1,1,0,2018-04-30,2018-04-30
-1406938,772481,1,1,1,1,2019-05-26,2019-05-26
-1406938,772501,2,2,2,1,2019-05-04,2019-02-21
-1406938,772731,1,1,1,0,2019-04-09,2019-04-09
-1406938,772829,1,1,1,1,2018-10-02,2018-10-02
-1406938,773709,1,1,1,0,2016-06-18,2016-06-18
-1406938,773893,1,1,1,0,2017-05-14,2017-05-14
-1406937,771923,1,1,1,0,2019-04-21,2019-04-21
-1406937,772164,3,2,1,3,2018-04-14,2018-04-14
-1406937,772166,2,2,1,2,2018-04-14,2018-04-14
-1406937,772167,2,2,1,2,2018-04-14,2018-04-14
-1406937,772168,3,2,1,3,2018-04-14,2018-04-14
-1406937,772169,1,1,1,1,2018-04-14,2018-04-14
-1406937,772170,2,2,1,2,2018-04-14,2018-04-14
-1406937,772172,1,1,1,1,2018-04-14,2018-04-14
-1406937,772176,4,3,2,4,2019-04-19,2019-04-19
-1406937,772177,1,1,1,1,2019-04-19,2019-04-19
-1406937,772179,1,1,1,1,2018-04-08,2018-04-08
-1406937,772189,1,1,1,1,2018-04-08,2018-04-08
-1406937,772191,4,2,2,4,2018-06-13,2018-04-08
-1406937,772192,1,1,1,1,2018-04-08,2018-04-08
-1406937,772728,1,1,1,1,2018-11-04,2018-11-04
-1406937,772793,1,1,1,0,2016-03-18,2016-03-18
-1406937,772827,1,1,1,0,2018-04-19,2018-04-19
-1406937,773136,1,1,1,0,2017-05-29,2017-05-29
-1406937,773137,1,1,1,0,2017-05-29,2017-05-29
-1406937,773265,1,1,1,0,2019-05-11,2019-05-11
-1406937,773319,1,1,1,0,2019-04-27,2019-04-27
-1406937,773587,1,1,1,0,2016-05-20,2016-05-20
-1406937,773591,1,1,1,0,2018-11-03,2018-11-03
-1406937,773667,1,1,1,0,2018-04-15,2018-04-15
-1406937,773831,1,1,1,0,2016-06-04,2016-06-04
-1406937,773917,4,4,1,0,2016-09-10,2016-07-23
-1406937,774009,1,1,1,0,2016-08-13,2016-08-13
-1406936,772155,1,1,1,0,2018-09-30,2018-09-30
-1406936,772156,1,1,1,1,2018-09-30,2018-09-30
-1406936,772162,2,2,1,2,2018-04-14,2018-04-14
-1406936,772163,2,2,2,1,2018-04-14,2018-02-25
-1406936,772164,1,1,1,1,2018-04-14,2018-04-14
-1406936,772165,1,1,1,1,2018-04-14,2018-04-14
-1406936,772167,1,1,1,1,2018-04-14,2018-04-14
-1406936,772169,1,1,1,1,2018-04-14,2018-04-14
-1406936,772170,2,2,1,2,2018-04-14,2018-04-14
-1406936,772171,1,1,1,1,2018-04-14,2018-04-14
-1406936,772175,2,2,1,2,2018-04-08,2018-04-08
-1406936,772176,1,1,1,1,2018-04-08,2018-04-08
-1406936,772189,1,1,1,1,2018-04-08,2018-04-08
-1406936,772191,2,1,1,2,2018-04-08,2018-04-08
-1406936,772192,4,2,1,4,2018-04-08,2018-04-08
-1406936,772193,1,1,1,0,2018-09-07,2018-09-07
-1406936,772195,1,1,1,1,2018-04-08,2018-04-08
-1406936,772230,1,1,1,0,2018-04-30,2018-04-30
-1406936,772849,1,1,1,0,2019-07-03,2019-07-03
-1406936,772883,1,1,1,0,2017-11-18,2017-11-18
-1406936,773634,1,1,1,0,2018-04-15,2018-04-15
-1406936,773811,1,1,1,0,2017-05-14,2017-05-14
-1406936,773813,1,1,1,0,2019-06-30,2019-06-30
-1406936,774196,1,1,1,0,2016-11-05,2016-11-05
-1406935,772158,1,1,1,0,2019-05-29,2019-05-29
-1406935,772160,1,1,1,1,2018-04-14,2018-04-14
-1406935,772162,1,1,1,1,2018-04-14,2018-04-14
-1406935,772163,3,3,1,3,2018-04-14,2018-04-14
-1406935,772164,1,1,1,1,2018-04-14,2018-04-14
-1406935,772165,2,1,1,2,2018-04-14,2018-04-14
-1406935,772166,1,1,1,1,2018-04-14,2018-04-14
-1406935,772169,2,1,1,2,2018-04-14,2018-04-14
-1406935,772170,1,1,1,1,2018-04-14,2018-04-14
-1406935,772174,2,1,1,2,2018-04-08,2018-04-08
-1406935,772175,2,2,1,2,2018-04-14,2018-04-11
-1406935,772177,2,2,1,2,2018-04-08,2018-04-08
-1406935,772181,1,1,1,1,2018-04-08,2018-04-08
-1406935,772182,1,1,1,1,2018-04-08,2018-04-08
-1406935,772185,1,1,1,1,2018-04-08,2018-04-08
-1406935,772186,1,1,1,1,2018-04-08,2018-04-08
-1406935,772189,1,1,1,0,2019-04-19,2019-04-19
-1406935,772190,4,1,1,4,2018-04-08,2018-04-08
-1406935,772191,11,1,1,11,2018-04-08,2018-04-08
-1406935,772192,1,1,1,1,2018-04-08,2018-04-08
-1406935,772193,1,1,1,1,2017-09-04,2017-09-04
-1406935,772378,1,1,1,0,2019-06-02,2019-06-02
-1406935,772731,1,1,1,0,2019-05-02,2019-05-02
-1406935,772796,1,1,1,0,2017-02-10,2017-02-10
-1406935,772851,1,1,1,0,2017-07-27,2017-07-27
-1406935,773272,1,1,1,0,2018-02-19,2018-02-19
-1406935,773455,1,1,1,0,2018-06-30,2018-06-30
-1406935,773699,1,1,1,0,2016-05-20,2016-05-20
-1406935,773760,1,1,1,0,2019-06-30,2019-06-30
-1406935,773821,1,1,1,0,2016-11-26,2016-11-26
-1406935,774044,1,1,1,0,2019-06-15,2019-06-15
-1406935,774183,1,1,1,0,2016-08-13,2016-08-13
-1406934,772156,1,1,1,1,2018-09-30,2018-09-30
-1406934,772162,4,3,1,4,2018-04-14,2018-04-14
-1406934,772163,1,1,1,1,2018-04-14,2018-04-14
-1406934,772164,2,1,1,2,2018-04-14,2018-04-14
-1406934,772170,1,1,1,1,2018-04-14,2018-04-14
-1406934,772174,1,1,1,1,2018-04-08,2018-04-08
-1406934,772175,2,2,1,2,2018-04-08,2018-04-08
-1406934,772177,1,1,1,1,2018-04-08,2018-04-08
-1406934,772178,1,1,1,1,2018-04-08,2018-04-08
-1406934,772180,1,1,1,1,2018-04-08,2018-04-08
-1406934,772182,2,2,1,2,2018-04-08,2018-04-08
-1406934,772183,2,2,1,2,2018-04-08,2018-04-08
-1406934,772185,1,1,1,1,2018-04-08,2018-04-08
-1406934,772193,1,1,1,1,2018-07-10,2018-07-10
-1406934,772506,1,1,1,1,2019-05-04,2019-05-04
-1406934,772725,1,1,1,1,2018-11-04,2018-11-04
-1406934,772731,1,1,1,0,2018-05-11,2018-05-11
-1406934,773281,1,1,1,0,2018-02-19,2018-02-19
-1406934,773400,1,1,1,0,2016-11-26,2016-11-26
-1406934,773490,1,1,1,0,2018-05-05,2018-05-05
-1406934,773586,1,1,1,0,2016-05-20,2016-05-20
-1406934,773687,3,3,1,0,2016-05-20,2016-05-20
-1406934,773899,1,1,1,0,2019-06-29,2019-06-29
-1406934,773970,1,1,1,0,2016-10-23,2016-10-23
-1406934,774014,1,1,1,0,2016-11-05,2016-11-05
-1406934,774042,2,2,1,0,2019-06-15,2019-06-15
-1406933,771965,1,1,1,0,2019-06-15,2019-06-15
-1406933,772073,1,1,1,0,2017-05-19,2017-05-19
-1406933,772158,1,1,1,1,2018-04-14,2018-04-14
-1406933,772161,2,2,2,2,2018-09-30,2018-07-07
-1406933,772170,1,1,1,1,2018-04-14,2018-04-14
-1406933,772174,1,1,1,1,2018-04-08,2018-04-08
-1406933,772175,2,2,1,2,2018-04-08,2018-04-08
-1406933,772176,2,1,1,2,2018-04-08,2018-04-08
-1406933,772177,1,1,1,1,2018-04-08,2018-04-08
-1406933,772178,1,1,1,1,2018-04-08,2018-04-08
-1406933,772179,1,1,1,1,2018-04-08,2018-04-08
-1406933,772180,1,1,1,1,2018-04-08,2018-04-08
-1406933,772181,1,1,1,1,2018-04-08,2018-04-08
-1406933,772182,3,3,1,3,2019-04-19,2019-04-19
-1406933,772183,2,1,1,2,2018-04-08,2018-04-08
-1406933,772185,7,2,1,7,2018-04-08,2018-04-08
-1406933,772186,5,1,1,5,2018-04-08,2018-04-08
-1406933,772187,2,1,1,2,2018-04-08,2018-04-08
-1406933,772190,1,1,1,0,2019-04-19,2019-04-19
-1406933,772192,1,1,1,1,2018-04-08,2018-04-08
-1406933,772372,1,1,1,0,2019-03-27,2019-03-27
-1406933,772727,1,1,1,1,2018-09-23,2018-09-23
-1406933,772749,1,1,1,1,2018-11-08,2018-11-08
-1406933,773894,3,3,1,0,2017-05-14,2017-05-14
-1406933,773899,2,2,2,0,2019-06-20,2018-02-02
-1406933,773931,1,1,1,0,2016-11-11,2016-11-11
-1406932,771960,1,1,1,0,2019-04-08,2019-04-08
-1406932,772165,1,1,1,1,2018-04-14,2018-04-14
-1406932,772166,1,1,1,1,2018-04-14,2018-04-14
-1406932,772172,1,1,1,1,2018-04-08,2018-04-08
-1406932,772174,2,1,1,2,2018-04-08,2018-04-08
-1406932,772175,1,1,1,1,2018-04-08,2018-04-08
-1406932,772176,1,1,1,1,2018-04-08,2018-04-08
-1406932,772178,1,1,1,1,2018-04-08,2018-04-08
-1406932,772179,2,1,1,2,2018-04-08,2018-04-08
-1406932,772180,1,1,1,1,2018-04-08,2018-04-08
-1406932,772181,5,4,2,3,2019-04-19,2018-04-08
-1406932,772182,6,1,1,6,2018-04-08,2018-04-08
-1406932,772185,6,1,1,6,2018-04-08,2018-04-08
-1406932,772186,5,1,1,5,2018-04-08,2018-04-08
-1406932,772187,1,1,1,1,2018-04-08,2018-04-08
-1406932,772192,1,1,1,1,2018-04-14,2018-04-14
-1406932,772690,1,1,1,0,2018-06-24,2018-06-24
-1406932,773279,1,1,1,0,2018-02-19,2018-02-19
-1406932,773317,1,1,1,0,2018-09-03,2018-09-03
-1406932,773378,1,1,1,1,2018-04-22,2018-04-22
-1406932,773406,1,1,1,0,2016-11-26,2016-11-26
-1406932,773838,1,1,1,0,2016-06-04,2016-06-04
-1406932,773924,2,2,1,0,2016-07-16,2016-07-16
-1406931,771972,1,1,1,0,2018-04-29,2018-04-29
-1406931,772162,1,1,1,1,2018-04-14,2018-04-14
-1406931,772173,1,1,1,1,2018-04-08,2018-04-08
-1406931,772174,1,1,1,1,2018-04-08,2018-04-08
-1406931,772175,1,1,1,1,2018-04-08,2018-04-08
-1406931,772176,1,1,1,1,2018-04-08,2018-04-08
-1406931,772177,1,1,1,1,2019-04-19,2019-04-19
-1406931,772178,1,1,1,1,2018-04-08,2018-04-08
-1406931,772179,2,1,1,2,2018-04-08,2018-04-08
-1406931,772180,2,2,2,2,2018-09-30,2018-07-04
-1406931,772181,5,2,2,4,2019-04-19,2018-04-08
-1406931,772182,3,3,1,3,2018-04-08,2018-04-08
-1406931,772184,3,2,2,2,2019-04-19,2018-04-08
-1406931,772185,8,3,2,7,2019-04-19,2018-04-08
-1406931,772186,7,1,1,7,2018-04-08,2018-04-08
-1406931,772187,2,1,2,2,2019-04-19,2018-10-13
-1406931,772188,1,1,1,0,2019-04-19,2019-04-19
-1406931,772192,1,1,1,1,2019-04-19,2019-04-19
-1406931,772193,2,1,2,2,2019-04-19,2018-10-16
-1406931,772197,1,1,1,1,2018-04-14,2018-04-14
-1406931,772207,1,1,1,1,2018-04-14,2018-04-14
-1406931,772383,1,1,1,0,2017-04-14,2017-04-14
-1406931,772430,1,1,1,1,2017-03-03,2017-03-03
-1406931,773269,1,1,1,0,2018-08-05,2018-08-05
-1406931,773387,1,1,1,0,2019-04-27,2019-04-27
-1406931,773812,1,1,1,0,2016-06-04,2016-06-04
-1406931,773814,1,1,1,0,2017-05-14,2017-05-14
-1406931,773920,1,1,1,0,2017-02-25,2017-02-25
-1406930,771969,1,1,1,0,2018-04-29,2018-04-29
-1406930,771981,1,1,1,0,2019-04-10,2019-04-10
-1406930,772070,1,1,1,0,2016-08-15,2016-08-15
-1406930,772143,1,1,1,1,2018-03-23,2018-03-23
-1406930,772162,1,1,1,1,2018-04-14,2018-04-14
-1406930,772163,1,1,1,1,2018-04-14,2018-04-14
-1406930,772164,1,1,1,1,2018-04-14,2018-04-14
-1406930,772165,1,1,1,1,2018-04-08,2018-04-08
-1406930,772166,1,1,1,1,2018-04-14,2018-04-14
-1406930,772170,1,1,1,1,2018-04-14,2018-04-14
-1406930,772180,1,1,1,1,2018-04-08,2018-04-08
-1406930,772181,2,2,1,2,2018-04-08,2018-04-08
-1406930,772183,1,1,1,1,2019-04-19,2019-04-19
-1406930,772184,1,1,1,1,2018-04-08,2018-04-08
-1406930,772185,4,2,2,3,2019-04-19,2018-04-08
-1406930,772186,5,1,1,5,2018-04-08,2018-04-08
-1406930,772192,1,1,1,1,2019-04-19,2019-04-19
-1406930,772197,1,1,1,1,2018-04-14,2018-04-14
-1406930,772200,1,1,1,1,2018-04-14,2018-04-14
-1406930,772441,1,1,1,1,2018-06-11,2018-06-11
-1406930,772889,1,1,1,0,2018-12-27,2018-12-27
-1406930,772974,1,1,1,1,2017-09-20,2017-09-20
-1406930,773135,1,1,1,0,2017-06-29,2017-06-29
-1406930,773385,1,1,1,0,2016-11-19,2016-11-19
-1406930,773416,1,1,1,0,2016-11-26,2016-11-26
-1406930,773682,1,1,1,0,2016-05-20,2016-05-20
-1406930,774183,1,1,1,0,2016-10-29,2016-10-29
-1406929,772094,1,1,1,0,2017-01-20,2017-01-20
-1406929,772163,1,1,1,1,2018-04-08,2018-04-08
-1406929,772165,1,1,1,1,2018-04-14,2018-04-14
-1406929,772166,1,1,1,1,2018-04-08,2018-04-08
-1406929,772183,1,1,1,1,2019-04-19,2019-04-19
-1406929,772184,1,1,1,0,2019-04-19,2019-04-19
-1406929,772186,2,2,2,2,2019-04-19,2018-10-13
-1406929,772192,1,1,1,0,2019-04-19,2019-04-19
-1406929,772198,1,1,1,1,2018-04-14,2018-04-14
-1406929,772205,1,1,1,1,2018-04-14,2018-04-14
-1406929,772330,1,1,1,1,2018-05-10,2018-05-10
-1406929,772442,1,1,1,1,2018-06-11,2018-06-11
-1406929,772537,1,1,1,1,2019-05-04,2019-05-04
-1406929,772673,1,1,1,1,2018-09-08,2018-09-08
-1406929,772690,1,1,1,1,2018-06-24,2018-06-24
-1406929,772981,1,1,1,0,2019-06-27,2019-06-27
-1406929,773324,1,1,1,0,2019-04-27,2019-04-27
-1406929,773341,1,1,1,0,2019-04-27,2019-04-27
-1406929,773404,1,1,1,0,2019-04-24,2019-04-24
-1406929,773416,1,1,1,0,2019-04-19,2019-04-19
-1406929,773419,1,1,1,0,2016-09-07,2016-09-07
-1406929,773452,1,1,1,0,2018-06-30,2018-06-30
-1406929,773638,1,1,1,0,2018-04-15,2018-04-15
-1406929,773662,1,1,1,0,2018-05-14,2018-05-14
-1406929,773699,1,1,1,0,2016-06-18,2016-06-18
-1406929,773929,1,1,1,0,2016-08-07,2016-08-07
-1406928,772164,1,1,1,1,2018-04-08,2018-04-08
-1406928,772176,1,1,1,1,2019-04-19,2019-04-19
-1406928,772191,1,1,1,1,2018-04-08,2018-04-08
-1406928,772194,4,1,1,4,2018-04-14,2018-04-14
-1406928,772195,1,1,1,1,2019-04-19,2019-04-19
-1406928,772196,1,1,1,0,2019-04-19,2019-04-19
-1406928,772198,1,1,1,1,2018-04-14,2018-04-14
-1406928,772202,1,1,1,1,2018-04-14,2018-04-14
-1406928,772204,1,1,1,1,2018-04-14,2018-04-14
-1406928,772376,1,1,1,0,2019-07-03,2019-07-03
-1406928,772387,1,1,1,0,2018-04-07,2018-04-07
-1406928,772493,1,1,1,0,2019-05-27,2019-05-27
-1406928,772848,1,1,1,0,2019-04-27,2019-04-27
-1406928,772886,2,2,1,0,2018-12-27,2018-12-27
-1406927,771988,1,1,1,0,2016-05-20,2016-05-20
-1406927,771989,1,1,1,1,2016-05-20,2016-05-20
-1406927,772007,1,1,1,0,2016-05-20,2016-05-20
-1406927,772052,1,1,1,1,2016-05-21,2016-05-21
-1406927,772091,1,1,1,0,2017-01-20,2017-01-20
-1406927,772163,1,1,1,1,2018-04-08,2018-04-08
-1406927,772164,1,1,1,1,2018-09-30,2018-09-30
-1406927,772165,1,1,1,1,2018-04-08,2018-04-08
-1406927,772167,1,1,1,1,2018-04-08,2018-04-08
-1406927,772193,1,1,1,0,2019-04-19,2019-04-19
-1406927,772201,1,1,1,1,2018-04-14,2018-04-14
-1406927,772730,1,1,1,1,2018-10-07,2018-10-07
-1406927,772878,1,1,1,0,2017-11-18,2017-11-18
-1406927,773418,1,1,1,0,2019-04-27,2019-04-27
-1406927,773419,1,1,1,0,2019-04-19,2019-04-19
-1406927,773917,1,1,1,0,2016-08-07,2016-08-07
-1406927,773920,1,1,1,0,2019-05-08,2019-05-08
-1406927,774188,1,1,1,0,2016-11-05,2016-11-05
-1406926,772165,2,1,1,2,2018-04-08,2018-04-08
-1406926,772166,1,1,1,1,2018-04-08,2018-04-08
-1406926,772168,1,1,1,1,2018-04-08,2018-04-08
-1406926,772191,1,1,1,1,2018-04-14,2018-04-14
-1406926,772197,1,1,1,0,2019-03-07,2019-03-07
-1406926,772203,1,1,1,1,2018-04-14,2018-04-14
-1406926,772206,1,1,1,1,2018-04-14,2018-04-14
-1406926,772691,1,1,1,1,2018-06-24,2018-06-24
-1406926,772875,1,1,1,0,2017-11-18,2017-11-18
-1406926,772883,2,2,1,0,2018-12-27,2018-12-27
-1406926,772894,3,3,1,0,2018-12-30,2018-12-30
-1406926,773037,1,1,1,0,2018-11-11,2018-11-11
-1406926,773135,1,1,1,0,2017-06-29,2017-06-29
-1406926,773238,1,1,1,0,2018-08-06,2018-08-06
-1406926,773239,1,1,1,0,2018-08-03,2018-08-03
-1406926,773344,1,1,1,0,2018-10-26,2018-10-26
-1406926,773410,1,1,1,0,2019-04-24,2019-04-24
-1406926,773430,1,1,1,0,2019-04-19,2019-04-19
-1406926,773816,1,1,1,0,2016-06-04,2016-06-04
-1406926,773922,1,1,1,0,2016-07-16,2016-07-16
-1406926,773928,1,1,1,0,2016-09-10,2016-09-10
-1406925,771983,1,1,1,0,2019-04-10,2019-04-10
-1406925,772163,1,1,1,1,2018-04-08,2018-04-08
-1406925,772165,1,1,1,1,2018-04-08,2018-04-08
-1406925,772191,1,1,1,1,2019-04-19,2019-04-19
-1406925,772193,2,1,2,0,2019-04-19,2018-10-24
-1406925,772390,1,1,1,1,2017-04-14,2017-04-14
-1406925,772402,1,1,1,0,2017-11-15,2017-11-15
-1406925,772446,1,1,1,0,2019-04-22,2019-04-22
-1406925,772449,1,1,1,1,2019-05-04,2019-05-04
-1406925,772482,1,1,1,1,2017-04-14,2017-04-14
-1406925,772601,1,1,1,0,2018-03-02,2018-03-02
-1406925,772727,1,1,1,1,2018-11-04,2018-11-04
-1406925,772875,1,1,1,0,2018-12-27,2018-12-27
-1406925,772878,1,1,1,0,2018-12-27,2018-12-27
-1406925,772893,5,5,1,0,2018-12-30,2018-12-30
-1406925,772894,2,2,1,0,2018-12-30,2018-12-30
-1406925,773414,1,1,1,0,2019-04-24,2019-04-24
-1406924,771959,1,1,1,0,2018-11-29,2018-11-29
-1406924,771983,2,2,1,0,2019-04-10,2019-04-10
-1406924,772162,1,1,1,1,2018-04-08,2018-04-08
-1406924,772164,1,1,1,1,2018-04-08,2018-04-08
-1406924,772165,2,2,1,2,2018-04-08,2018-04-08
-1406924,772172,1,1,1,1,2018-04-08,2018-04-08
-1406924,772184,1,1,1,1,2019-04-19,2019-04-19
-1406924,772186,1,1,1,1,2018-04-14,2018-04-14
-1406924,772190,1,1,1,1,2018-04-14,2018-04-14
-1406924,772349,1,1,1,0,2018-10-10,2018-10-10
-1406924,772401,1,1,1,0,2017-06-22,2017-06-22
-1406924,772405,1,1,1,0,2017-06-22,2017-06-22
-1406924,772449,1,1,1,1,2017-04-14,2017-04-14
-1406924,772601,1,1,1,0,2018-02-23,2018-02-23
-1406924,772672,1,1,1,1,2018-09-08,2018-09-08
-1406924,772875,2,2,1,0,2018-12-27,2018-12-27
-1406924,772892,1,1,1,0,2018-12-30,2018-12-30
-1406924,772893,2,2,1,0,2018-12-30,2018-12-30
-1406924,773318,1,1,1,0,2019-05-11,2019-05-11
-1406924,773326,1,1,1,0,2016-09-03,2016-09-03
-1406924,773334,1,1,1,0,2018-10-28,2018-10-28
-1406924,773410,1,1,1,0,2019-04-27,2019-04-27
-1406924,773415,1,1,1,0,2018-09-22,2018-09-22
-1406924,773424,1,1,1,0,2019-04-19,2019-04-19
-1406924,773856,1,1,1,0,2016-11-11,2016-11-11
-1406924,774020,1,1,1,0,2016-08-13,2016-08-13
-1406923,771966,1,1,1,0,2019-03-05,2019-03-05
-1406923,771983,1,1,1,0,2018-07-02,2018-07-02
-1406923,772166,1,1,1,1,2018-04-08,2018-04-08
-1406923,772181,1,1,1,1,2018-04-08,2018-04-08
-1406923,772183,1,1,1,1,2019-04-19,2019-04-19
-1406923,772184,1,1,1,1,2018-04-14,2018-04-14
-1406923,772186,1,1,1,1,2018-04-14,2018-04-14
-1406923,772204,1,1,1,1,2018-04-14,2018-04-14
-1406923,772368,1,1,1,0,2019-04-28,2019-04-28
-1406923,772373,1,1,1,0,2018-09-21,2018-09-21
-1406923,772532,1,1,1,0,2018-10-09,2018-10-09
-1406923,772561,1,1,1,0,2017-06-22,2017-06-22
-1406923,772564,1,1,1,1,2018-07-12,2018-07-12
-1406923,772602,1,1,1,0,2018-03-06,2018-03-06
-1406923,773137,1,1,1,0,2017-05-18,2017-05-18
-1406923,773764,1,1,1,0,2019-06-30,2019-06-30
-1406923,773815,1,1,1,0,2019-06-30,2019-06-30
-1406923,773820,2,2,1,0,2016-06-04,2016-06-04
-1406923,773855,2,2,1,0,2019-04-28,2019-04-28
-1406923,773894,2,2,1,0,2019-06-29,2019-06-29
-1406923,773916,1,1,1,0,2017-02-25,2017-02-25
-1406923,773929,1,1,1,0,2016-08-20,2016-08-20
-1406923,773987,1,1,1,0,2019-07-04,2019-07-04
-1406923,774019,1,1,1,0,2016-11-05,2016-11-05
-1406923,774034,1,1,1,0,2019-06-15,2019-06-15
-1406922,771851,1,1,1,0,2018-06-10,2018-06-10
-1406922,771966,4,4,1,0,2016-05-21,2016-05-21
-1406922,772026,1,1,1,0,2019-03-20,2019-03-20
-1406922,772163,1,1,1,1,2018-04-08,2018-04-08
-1406922,772173,1,1,1,1,2018-04-08,2018-04-08
-1406922,772182,1,1,1,1,2018-04-08,2018-04-08
-1406922,772187,1,1,1,1,2018-04-14,2018-04-14
-1406922,772190,1,1,1,1,2018-04-14,2018-04-14
-1406922,772194,1,1,1,1,2018-04-14,2018-04-14
-1406922,772199,1,1,1,0,2019-03-11,2019-03-11
-1406922,772204,1,1,1,1,2018-04-14,2018-04-14
-1406922,772359,1,1,1,0,2019-05-18,2019-05-18
-1406922,772464,1,1,1,1,2018-10-14,2018-10-14
-1406922,772475,1,1,1,0,2016-10-24,2016-10-24
-1406922,772677,1,1,1,1,2018-07-10,2018-07-10
-1406922,772692,1,1,1,1,2018-04-12,2018-04-12
-1406922,772851,1,1,1,0,2018-09-30,2018-09-30
-1406922,773079,1,1,1,0,2017-09-20,2017-09-20
-1406922,773224,1,1,1,0,2019-03-02,2019-03-02
-1406922,773652,1,1,1,0,2018-04-15,2018-04-15
-1406922,773824,1,1,1,0,2016-06-18,2016-06-18
-1406922,773858,1,1,1,0,2016-09-10,2016-09-10
-1406922,773865,1,1,1,0,2019-07-04,2019-07-04
-1406922,773866,2,2,1,0,2016-09-10,2016-08-16
-1406922,773925,1,1,1,0,2016-08-20,2016-08-20
-1406922,774193,1,1,1,0,2018-03-30,2018-03-30
-1406921,771859,1,1,1,1,2017-06-25,2017-06-25
-1406921,771879,1,1,1,0,2018-05-29,2018-05-29
-1406921,771962,1,1,1,0,2019-05-25,2019-05-25
-1406921,772173,1,1,1,1,2018-04-08,2018-04-08
-1406921,772174,1,1,1,1,2018-04-08,2018-04-08
-1406921,772175,1,1,1,1,2019-04-19,2019-04-19
-1406921,772176,1,1,1,1,2018-04-08,2018-04-08
-1406921,772178,1,1,1,1,2018-04-08,2018-04-08
-1406921,772180,3,2,1,3,2018-04-08,2018-04-08
-1406921,772181,1,1,1,0,2019-04-19,2019-04-19
-1406921,772183,1,1,1,1,2018-03-23,2018-03-23
-1406921,772184,1,1,1,1,2018-04-14,2018-04-14
-1406921,772188,1,1,1,1,2018-04-14,2018-04-14
-1406921,772204,1,1,1,0,2018-04-30,2018-04-30
-1406921,772208,1,1,1,1,2016-03-26,2016-03-26
-1406921,772467,1,1,1,0,2019-04-14,2019-04-14
-1406921,772468,1,1,1,0,2018-08-03,2018-08-03
-1406921,772470,1,1,1,0,2017-10-04,2017-10-04
-1406921,772474,1,1,1,0,2017-10-04,2017-10-04
-1406921,772600,1,1,1,0,2018-04-16,2018-04-16
-1406921,772677,1,1,1,1,2018-07-10,2018-07-10
-1406921,773655,1,1,1,0,2018-04-23,2018-04-23
-1406921,773852,1,1,1,0,2019-04-12,2019-04-12
-1406921,773868,1,1,1,0,2019-07-04,2019-07-04
-1406921,773904,1,1,1,0,2016-07-09,2016-07-09
-1406921,774178,1,1,1,0,2019-04-27,2019-04-27
-1406921,774194,1,1,1,0,2018-04-07,2018-04-07
-1406920,771965,1,1,1,0,2019-03-05,2019-03-05
-1406920,772171,2,2,1,2,2018-04-08,2018-04-08
-1406920,772173,2,2,1,2,2018-04-08,2018-04-08
-1406920,772174,1,1,1,1,2018-04-08,2018-04-08
-1406920,772175,3,3,1,3,2018-04-08,2018-04-08
-1406920,772176,4,2,1,4,2018-04-08,2018-04-08
-1406920,772177,2,1,1,2,2018-04-08,2018-04-08
-1406920,772178,2,1,1,2,2018-04-08,2018-04-08
-1406920,772179,3,2,1,3,2018-04-08,2018-04-08
-1406920,772181,1,1,1,1,2018-04-08,2018-04-08
-1406920,772184,1,1,1,1,2019-04-19,2019-04-19
-1406920,772188,1,1,1,1,2018-04-14,2018-04-14
-1406920,772189,1,1,1,0,2019-04-19,2019-04-19
-1406920,772409,1,1,1,1,2017-04-14,2017-04-14
-1406920,772465,1,1,1,0,2018-10-27,2018-10-27
-1406920,772467,2,2,2,0,2019-04-14,2018-12-08
-1406920,772472,1,1,1,1,2017-04-14,2017-04-14
-1406920,772482,1,1,1,0,2017-09-18,2017-09-18
-1406920,772525,1,1,1,1,2019-06-15,2019-06-15
-1406920,772831,1,1,1,0,2019-06-19,2019-06-19
-1406920,773437,2,2,1,0,2019-04-27,2019-04-27
-1406920,773592,1,1,1,0,2016-05-20,2016-05-20
-1406920,773851,1,1,1,0,2016-10-29,2016-10-29
-1406920,773862,3,3,1,0,2016-11-11,2016-11-11
-1406920,773868,1,1,1,0,2016-11-11,2016-11-11
-1406920,773924,1,1,1,0,2016-11-11,2016-11-11
-1406919,771786,1,1,1,0,2018-12-30,2018-12-30
-1406919,771851,1,1,1,0,2018-03-27,2018-03-27
-1406919,771962,1,1,1,0,2019-03-05,2019-03-05
-1406919,772003,1,1,1,0,2016-05-20,2016-05-20
-1406919,772058,2,2,1,0,2016-08-12,2016-08-12
-1406919,772170,1,1,1,1,2019-04-19,2019-04-19
-1406919,772172,2,1,1,2,2018-04-08,2018-04-08
-1406919,772174,1,1,1,1,2018-04-08,2018-04-08
-1406919,772175,3,3,1,3,2018-04-08,2018-04-08
-1406919,772176,1,1,1,1,2018-04-08,2018-04-08
-1406919,772177,2,2,1,2,2018-04-08,2018-04-08
-1406919,772178,1,1,1,1,2018-04-08,2018-04-08
-1406919,772179,3,1,1,3,2018-04-08,2018-04-08
-1406919,772180,1,1,1,0,2019-04-19,2019-04-19
-1406919,772183,2,2,2,1,2019-04-19,2018-10-16
-1406919,772193,1,1,1,1,2018-04-14,2018-04-14
-1406919,772241,1,1,1,0,2019-05-08,2019-05-08
-1406919,772462,1,1,1,0,2018-10-27,2018-10-27
-1406919,772465,1,1,1,0,2018-08-03,2018-08-03
-1406919,772467,1,1,1,0,2018-08-13,2018-08-13
-1406919,772468,1,1,1,0,2018-08-13,2018-08-13
-1406919,772470,1,1,1,1,2017-04-14,2017-04-14
-1406919,772662,1,1,1,0,2018-02-13,2018-02-13
-1406919,773587,2,1,1,0,2016-05-20,2016-05-20
-1406919,773590,1,1,1,0,2016-05-20,2016-05-20
-1406919,773853,1,1,1,0,2019-04-28,2019-04-28
-1406919,773855,1,1,1,0,2019-07-04,2019-07-04
-1406919,773858,2,2,1,0,2016-04-30,2016-04-30
-1406918,771949,1,1,1,0,2019-05-11,2019-05-11
-1406918,771981,2,2,1,1,2016-05-16,2016-05-16
-1406918,772003,1,1,1,0,2016-05-21,2016-05-21
-1406918,772057,1,1,1,0,2016-10-19,2016-10-19
-1406918,772058,1,1,1,0,2016-10-19,2016-10-19
-1406918,772172,2,2,1,2,2018-04-08,2018-04-08
-1406918,772173,1,1,1,1,2018-04-08,2018-04-08
-1406918,772174,2,1,1,2,2018-04-08,2018-04-08
-1406918,772175,1,1,1,1,2018-04-08,2018-04-08
-1406918,772176,1,1,1,1,2018-04-08,2018-04-08
-1406918,772177,2,1,1,2,2018-04-08,2018-04-08
-1406918,772180,2,2,2,1,2019-04-19,2018-10-13
-1406918,772205,1,1,1,1,2018-04-14,2018-04-14
-1406918,772461,1,1,1,0,2018-10-27,2018-10-27
-1406918,772462,1,1,1,0,2018-10-27,2018-10-27
-1406918,772532,1,1,1,1,2018-07-28,2018-07-28
-1406918,772674,1,1,1,1,2018-09-08,2018-09-08
-1406918,772806,1,1,1,0,2016-07-17,2016-07-17
-1406918,773443,1,1,1,0,2019-05-04,2019-05-04
-1406918,773591,1,1,1,0,2016-05-20,2016-05-20
-1406918,773662,1,1,1,0,2016-05-20,2016-05-20
-1406918,773844,1,1,1,0,2017-05-14,2017-05-14
-1406918,773915,1,1,1,0,2016-11-11,2016-11-11
-1406918,773920,1,1,1,0,2019-03-16,2019-03-16
-1406918,774187,1,1,1,0,2016-11-05,2016-11-05
-1406917,771829,1,1,1,0,2019-06-22,2019-06-22
-1406917,771833,1,1,1,1,2017-06-25,2017-06-25
-1406917,771835,1,1,1,0,2017-06-25,2017-06-25
-1406917,771980,1,1,1,0,2016-05-16,2016-05-16
-1406917,771983,1,1,1,0,2016-05-20,2016-05-20
-1406917,771993,1,1,1,0,2016-05-20,2016-05-20
-1406917,771994,1,1,1,0,2016-02-26,2016-02-26
-1406917,772173,3,2,1,3,2018-04-08,2018-04-08
-1406917,772176,1,1,1,1,2018-04-08,2018-04-08
-1406917,772636,1,1,1,1,2019-04-04,2019-04-04
-1406917,772732,1,1,1,1,2018-11-08,2018-11-08
-1406917,772880,1,1,1,0,2018-12-27,2018-12-27
-1406917,772881,1,1,1,0,2018-12-27,2018-12-27
-1406917,773583,1,1,1,0,2019-04-28,2019-04-28
-1406917,773848,1,1,1,0,2019-06-25,2019-06-25
-1406917,773853,1,1,1,0,2016-11-11,2016-11-11
-1406917,773854,2,2,2,0,2019-07-04,2019-06-26
-1406917,773861,1,1,1,0,2019-04-28,2019-04-28
-1406916,771829,1,1,1,1,2018-07-20,2018-07-20
-1406916,771924,1,1,1,1,2018-07-05,2018-07-05
-1406916,771971,1,1,1,0,2016-05-20,2016-05-20
-1406916,771979,1,1,1,0,2016-05-20,2016-05-20
-1406916,772412,1,1,1,1,2017-06-25,2017-06-25
-1406916,772531,1,1,1,0,2018-10-01,2018-10-01
-1406916,772640,1,1,1,1,2018-10-13,2018-10-13
-1406916,772742,1,1,1,1,2018-11-08,2018-11-08
-1406916,772865,1,1,1,0,2018-04-21,2018-04-21
-1406916,772875,1,1,1,0,2018-12-30,2018-12-30
-1406916,772879,1,1,1,0,2018-12-27,2018-12-27
-1406916,772896,1,1,1,0,2019-04-28,2019-04-28
-1406916,772997,1,1,1,0,2018-08-11,2018-08-11
-1406916,773409,1,1,1,0,2019-04-27,2019-04-27
-1406916,773450,1,1,1,0,2019-04-25,2019-04-25
-1406916,773552,1,1,1,0,2019-06-05,2019-06-05
-1406916,773655,1,1,1,0,2018-04-15,2018-04-15
-1406916,773873,1,1,1,0,2019-07-04,2019-07-04
-1406916,773919,2,2,1,0,2016-07-23,2016-07-19
-1406915,771830,1,1,1,1,2017-06-25,2017-06-25
-1406915,771832,1,1,1,0,2017-06-25,2017-06-25
-1406915,771877,1,1,1,1,2018-04-03,2018-04-03
-1406915,771980,1,1,1,0,2019-07-18,2019-07-18
-1406915,771982,1,1,1,0,2016-05-20,2016-05-20
-1406915,772058,1,1,1,0,2016-10-19,2016-10-19
-1406915,772163,1,1,1,1,2018-04-08,2018-04-08
-1406915,772173,1,1,1,1,2018-04-08,2018-04-08
-1406915,772460,1,1,1,0,2018-10-29,2018-10-29
-1406915,772534,1,1,1,1,2019-05-04,2019-05-04
-1406915,772681,1,1,1,0,2018-07-29,2018-07-29
-1406915,772875,1,1,1,0,2018-12-30,2018-12-30
-1406915,772895,2,2,1,0,2019-04-28,2019-04-28
-1406915,773453,1,1,1,0,2016-11-26,2016-11-26
-1406915,773595,1,1,1,0,2016-05-20,2016-05-20
-1406915,773652,1,1,1,0,2018-05-14,2018-05-14
-1406915,773654,1,1,1,0,2018-05-14,2018-05-14
-1406915,773858,11,10,1,0,2016-11-11,2016-09-10
-1406915,773871,1,1,1,0,2019-07-04,2019-07-04
-1406915,773872,1,1,1,0,2016-09-10,2016-09-10
-1406915,773901,1,1,1,0,2017-02-25,2017-02-25
-1406915,773913,2,2,1,0,2017-02-25,2017-02-25
-1406915,773928,1,1,1,0,2016-10-23,2016-10-23
-1406914,771824,1,1,1,0,2017-06-25,2017-06-25
-1406914,771829,1,1,1,0,2017-06-25,2017-06-25
-1406914,771876,1,1,1,1,2018-04-03,2018-04-03
-1406914,771965,1,1,1,0,2018-03-16,2018-03-16
-1406914,771979,1,1,1,0,2016-05-16,2016-05-16
-1406914,771980,1,1,1,0,2016-05-20,2016-05-20
-1406914,771995,1,1,1,0,2016-05-21,2016-05-21
-1406914,772002,1,1,1,0,2016-05-19,2016-05-19
-1406914,772003,1,1,1,0,2016-05-19,2016-05-19
-1406914,772013,1,1,1,0,2016-05-20,2016-05-20
-1406914,772187,1,1,1,1,2018-04-14,2018-04-14
-1406914,772724,1,1,1,1,2018-10-07,2018-10-07
-1406914,772875,9,8,1,0,2018-12-30,2018-12-30
-1406914,772973,1,1,1,0,2018-08-10,2018-08-10
-1406914,773038,1,1,1,0,2019-04-28,2019-04-28
-1406914,773416,1,1,1,0,2019-04-27,2019-04-27
-1406914,773440,1,1,1,0,2017-11-25,2017-11-25
-1406914,773590,2,2,2,0,2016-05-20,2016-05-20
-1406914,773595,1,1,1,0,2016-05-20,2016-05-20
-1406914,773654,1,1,1,0,2018-04-23,2018-04-23
-1406914,773856,2,2,1,0,2017-04-16,2016-11-30
-1406914,773864,1,1,1,0,2019-06-25,2019-06-25
-1406914,773902,1,1,1,0,2019-05-25,2019-05-25
-1406914,773910,1,1,1,0,2016-07-23,2016-07-23
-1406914,774077,1,1,1,0,2016-07-02,2016-07-02
-1406914,774082,1,1,1,0,2019-04-27,2019-04-27
-1406913,771832,1,1,1,1,2017-06-25,2017-06-25
-1406913,771836,1,1,1,1,2017-06-25,2017-06-25
-1406913,771878,1,1,1,1,2019-03-22,2019-03-22
-1406913,771911,10,8,1,0,2016-05-20,2016-05-20
-1406913,771995,1,1,1,0,2018-12-08,2018-12-08
-1406913,772003,1,1,1,0,2016-05-20,2016-05-20
-1406913,772189,1,1,1,1,2018-04-14,2018-04-14
-1406913,772874,2,2,1,0,2018-12-30,2018-12-30
-1406913,772875,1,1,1,0,2018-12-30,2018-12-30
-1406913,773034,1,1,1,0,2019-04-28,2019-04-28
-1406913,773037,1,1,1,0,2019-04-28,2019-04-28
-1406913,773039,1,1,1,0,2019-04-28,2019-04-28
-1406913,773040,2,2,2,0,2019-04-28,2019-04-28
-1406913,773432,1,1,1,0,2016-09-03,2016-09-03
-1406913,773547,2,1,1,0,2019-06-05,2019-06-05
-1406913,773604,1,1,1,0,2016-05-20,2016-05-20
-1406913,773863,1,1,1,0,2016-10-29,2016-10-29
-1406913,773865,1,1,1,0,2016-06-04,2016-06-04
-1406913,774083,1,1,1,0,2016-11-05,2016-11-05
-1406913,774087,1,1,1,0,2016-06-18,2016-06-18
-1406913,774190,1,1,1,0,2018-12-15,2018-12-15
-1406912,771826,1,1,1,0,2017-06-25,2017-06-25
-1406912,771828,1,1,1,1,2017-06-25,2017-06-25
-1406912,771874,1,1,1,0,2019-03-30,2019-03-30
-1406912,771963,1,1,1,0,2019-05-25,2019-05-25
-1406912,771994,1,1,1,0,2017-03-16,2017-03-16
-1406912,771997,1,1,1,0,2016-05-20,2016-05-20
-1406912,771999,1,1,1,0,2016-05-20,2016-05-20
-1406912,772334,1,1,1,0,2016-05-23,2016-05-23
-1406912,772983,1,1,1,0,2019-07-18,2019-07-18
-1406912,772993,1,1,1,0,2019-05-31,2019-05-31
-1406912,773037,1,1,1,0,2019-04-28,2019-04-28
-1406912,773038,1,1,1,0,2019-04-28,2019-04-28
-1406912,773432,1,1,1,0,2016-09-03,2016-09-03
-1406912,773544,2,2,1,0,2019-06-05,2019-06-05
-1406912,773547,1,1,1,0,2019-06-05,2019-06-05
-1406912,773737,1,1,1,0,2017-07-01,2017-07-01
-1406912,773853,5,5,1,0,2016-10-29,2016-05-28
-1406912,773857,1,1,1,0,2017-04-16,2017-04-16
-1406912,773871,1,1,1,0,2017-09-09,2017-09-09
-1406912,773901,1,1,1,0,2017-02-25,2017-02-25
-1406912,773904,1,1,1,0,2019-06-08,2019-06-08
-1406912,774175,1,1,1,0,2019-06-26,2019-06-26
-1406912,774182,1,1,1,0,2019-04-09,2019-04-09
-1406912,774189,1,1,1,0,2018-12-15,2018-12-15
-1406911,771877,1,1,1,1,2017-06-25,2017-06-25
-1406911,771880,1,1,1,0,2019-05-27,2019-05-27
-1406911,771964,1,1,1,0,2018-10-22,2018-10-22
-1406911,772003,1,1,1,1,2016-05-21,2016-05-21
-1406911,772437,1,1,1,0,2017-04-14,2017-04-14
-1406911,772727,1,1,1,1,2018-09-13,2018-09-13
-1406911,772842,1,1,1,0,2017-05-14,2017-05-14
-1406911,773033,1,1,1,0,2019-04-28,2019-04-28
-1406911,773036,1,1,1,0,2019-04-28,2019-04-28
-1406911,773039,1,1,1,0,2019-04-28,2019-04-28
-1406911,773040,1,1,1,0,2019-04-28,2019-04-28
-1406911,773544,1,1,1,0,2019-06-05,2019-06-05
-1406911,773551,2,2,1,0,2019-06-05,2019-06-05
-1406911,773654,1,1,1,0,2018-05-14,2018-05-14
-1406911,773872,1,1,1,0,2019-07-04,2019-07-04
-1406911,773876,1,1,1,0,2019-07-04,2019-07-04
-1406911,774088,1,1,1,0,2019-06-12,2019-06-12
-1406910,771825,1,1,1,1,2017-06-25,2017-06-25
-1406910,771876,1,1,1,1,2019-06-08,2019-06-08
-1406910,771977,1,1,1,0,2016-05-19,2016-05-19
-1406910,771999,2,2,2,1,2016-05-21,2016-05-21
-1406910,772536,1,1,1,0,2018-10-01,2018-10-01
-1406910,772729,1,1,1,1,2017-09-15,2017-09-15
-1406910,772759,1,1,1,1,2018-01-26,2018-01-26
-1406910,773014,1,1,1,0,2017-09-14,2017-09-14
-1406910,773034,1,1,1,0,2019-04-28,2019-04-28
-1406910,773038,1,1,1,0,2019-04-28,2019-04-28
-1406910,773039,2,2,2,0,2019-04-28,2019-04-28
-1406910,773040,1,1,1,0,2019-04-28,2019-04-28
-1406910,773041,1,1,1,0,2019-04-28,2019-04-28
-1406910,773235,1,1,1,0,2019-03-02,2019-03-02
-1406910,773320,1,1,1,0,2018-06-30,2018-06-30
-1406910,773367,1,1,1,0,2018-09-05,2018-09-05
-1406910,773432,1,1,1,0,2018-09-03,2018-09-03
-1406910,773542,1,1,1,0,2019-06-05,2019-06-05
-1406910,773544,1,1,1,0,2019-06-05,2019-06-05
-1406910,773545,1,1,1,0,2018-10-21,2018-10-21
-1406910,773857,2,2,1,0,2017-05-14,2016-11-23
-1406910,773870,1,1,1,0,2019-04-28,2019-04-28
-1406910,773901,1,1,1,0,2016-11-11,2016-11-11
-1406910,773921,1,1,1,0,2016-11-11,2016-11-11
-1406910,774085,1,1,1,0,2016-11-05,2016-11-05
-1406910,774089,2,2,1,0,2019-04-27,2019-04-27
-1406909,771821,1,1,1,1,2018-04-20,2018-04-20
-1406909,771825,1,1,1,1,2017-06-25,2017-06-25
-1406909,771881,1,1,1,0,2018-07-17,2018-07-17
-1406909,772001,1,1,1,0,2017-12-24,2017-12-24
-1406909,772002,1,1,1,0,2017-12-24,2017-12-24
-1406909,772006,1,1,1,0,2018-07-24,2018-07-24
-1406909,772032,1,1,1,1,2018-07-05,2018-07-05
-1406909,772606,1,1,1,1,2018-10-13,2018-10-13
-1406909,772955,2,2,1,2,2018-04-01,2018-04-01
-1406909,772973,1,1,1,0,2019-03-04,2019-03-04
-1406909,772977,1,1,1,0,2019-04-26,2019-04-26
-1406909,772981,1,1,1,1,2018-04-01,2018-04-01
-1406909,772993,1,1,1,1,2018-04-01,2018-04-01
-1406909,773001,1,1,1,1,2018-04-01,2018-04-01
-1406909,773004,1,1,1,1,2018-04-01,2018-04-01
-1406909,773268,1,1,1,0,2018-09-20,2018-09-20
-1406909,773549,1,1,1,0,2019-06-05,2019-06-05
-1406909,773861,1,1,1,0,2017-04-16,2017-04-16
-1406909,773862,1,1,1,0,2016-11-11,2016-11-11
-1406909,773865,1,1,1,0,2016-08-20,2016-08-20
-1406909,773906,1,1,1,0,2016-07-23,2016-07-23
-1406909,774064,1,1,1,0,2019-04-27,2019-04-27
-1406909,774067,1,1,1,0,2019-04-27,2019-04-27
-1406909,774079,2,2,1,0,2016-11-05,2016-09-13
-1406909,774186,1,1,1,0,2016-08-27,2016-08-27
-1406908,771838,1,1,1,0,2017-06-25,2017-06-25
-1406908,771875,1,1,1,0,2018-04-08,2018-04-08
-1406908,771886,1,1,1,1,2018-08-18,2018-08-18
-1406908,771972,1,1,1,0,2016-05-20,2016-05-20
-1406908,772001,1,1,1,0,2017-12-24,2017-12-24
-1406908,772003,1,1,1,1,2016-05-20,2016-05-20
-1406908,772978,1,1,1,1,2019-04-26,2019-04-26
-1406908,773008,1,1,1,1,2018-04-01,2018-04-01
-1406908,773032,1,1,1,0,2019-04-28,2019-04-28
-1406908,773342,1,1,1,0,2018-06-30,2018-06-30
-1406908,773547,1,1,1,0,2019-06-05,2019-06-05
-1406908,773607,1,1,1,0,2016-05-20,2016-05-20
-1406908,773864,1,1,1,0,2019-07-04,2019-07-04
-1406908,773865,2,2,1,0,2019-07-04,2019-07-04
-1406908,773873,1,1,1,0,2017-04-30,2017-04-30
-1406908,773883,1,1,1,0,2019-07-04,2019-07-04
-1406908,773891,1,1,1,0,2017-02-25,2017-02-25
-1406908,773898,1,1,1,0,2019-07-04,2019-07-04
-1406908,774021,1,1,1,0,2019-04-28,2019-04-28
-1406908,774062,2,2,1,0,2019-04-27,2019-04-27
-1406908,774092,3,2,3,0,2019-06-21,2019-04-27
-1406907,771828,1,1,1,0,2018-06-10,2018-06-10
-1406907,771878,1,1,1,0,2018-04-03,2018-04-03
-1406907,771880,1,1,1,0,2018-04-03,2018-04-03
-1406907,771883,1,1,1,1,2017-06-25,2017-06-25
-1406907,771975,1,1,1,0,2016-05-20,2016-05-20
-1406907,771979,1,1,1,0,2016-05-20,2016-05-20
-1406907,772003,3,3,3,0,2016-05-20,2016-05-20
-1406907,772391,1,1,1,1,2019-06-13,2019-06-13
-1406907,772392,1,1,1,1,2019-06-13,2019-06-13
-1406907,772434,1,1,1,0,2017-06-08,2017-06-08
-1406907,772449,1,1,1,1,2017-04-14,2017-04-14
-1406907,772727,1,1,1,1,2018-09-13,2018-09-13
-1406907,772732,1,1,1,0,2019-04-12,2019-04-12
-1406907,772978,2,2,1,1,2019-04-26,2019-04-26
-1406907,773032,1,1,1,0,2019-04-28,2019-04-28
-1406907,773042,1,1,1,0,2019-04-28,2019-04-28
-1406907,773653,1,1,1,0,2018-04-15,2018-04-15
-1406907,773654,1,1,1,0,2018-04-23,2018-04-23
-1406907,773867,1,1,1,0,2019-06-13,2019-06-13
-1406907,773899,1,1,1,0,2016-10-23,2016-10-23
-1406907,774073,2,2,1,0,2016-07-02,2016-07-02
-1406907,774091,1,1,1,0,2019-06-21,2019-06-21
-1406907,774179,1,1,1,0,2018-04-07,2018-04-07
-1406906,771880,1,1,1,0,2018-04-03,2018-04-03
-1406906,771977,1,1,1,0,2016-05-21,2016-05-21
-1406906,772003,1,1,1,0,2016-02-26,2016-02-26
-1406906,772006,1,1,1,0,2016-05-21,2016-05-21
-1406906,772099,1,1,1,0,2018-06-22,2018-06-22
-1406906,772392,1,1,1,0,2019-05-13,2019-05-13
-1406906,772975,1,1,1,0,2019-04-26,2019-04-26
-1406906,773450,1,1,1,0,2019-04-24,2019-04-24
-1406906,773866,3,3,1,0,2019-07-04,2019-04-28
-1406906,773868,2,2,1,0,2019-06-25,2019-06-19
-1406906,773869,1,1,1,0,2016-11-11,2016-11-11
-1406906,773896,1,1,1,0,2016-07-09,2016-07-09
-1406906,773915,1,1,1,0,2016-09-10,2016-09-10
-1406906,774061,1,1,1,0,2019-06-21,2019-06-21
-1406906,774064,2,2,1,0,2016-06-18,2016-06-18
-1406906,774090,1,1,1,0,2019-06-21,2019-06-21
-1406905,771822,1,1,1,1,2017-06-25,2017-06-25
-1406905,771878,1,1,1,0,2018-04-26,2018-04-26
-1406905,771943,1,1,1,0,2018-09-22,2018-09-22
-1406905,772005,1,1,1,0,2016-02-26,2016-02-26
-1406905,772432,1,1,1,1,2017-04-14,2017-04-14
-1406905,772604,1,1,1,0,2019-04-06,2019-04-06
-1406905,772729,1,1,1,1,2019-03-28,2019-03-28
-1406905,772757,1,1,1,0,2017-11-18,2017-11-18
-1406905,772862,1,1,1,1,2019-03-01,2019-03-01
-1406905,772938,1,1,1,1,2018-04-01,2018-04-01
-1406905,772977,1,1,1,0,2019-04-26,2019-04-26
-1406905,773022,1,1,1,0,2019-04-23,2019-04-23
-1406905,773031,1,1,1,0,2019-04-28,2019-04-28
-1406905,773206,1,1,1,0,2018-05-14,2018-05-14
-1406905,773253,1,1,1,0,2016-04-21,2016-04-21
-1406905,773351,1,1,1,0,2019-05-11,2019-05-11
-1406905,773859,2,2,1,0,2016-10-23,2016-10-23
-1406905,773863,2,2,1,0,2017-05-14,2017-05-14
-1406905,773868,2,2,1,0,2016-08-07,2016-07-23
-1406905,773891,1,1,1,0,2016-09-10,2016-09-10
-1406905,773895,4,4,1,0,2017-02-25,2017-02-25
-1406905,774068,3,3,1,0,2016-07-02,2016-06-18
-1406905,774069,1,1,1,0,2016-06-18,2016-06-18
-1406905,774083,1,1,1,0,2016-08-07,2016-08-07
-1406905,774180,2,2,1,0,2016-11-05,2016-11-05
-1406904,771875,1,1,1,0,2018-03-27,2018-03-27
-1406904,771884,1,1,1,1,2017-06-25,2017-06-25
-1406904,772005,1,1,1,0,2016-02-26,2016-02-26
-1406904,772006,1,1,1,0,2016-02-26,2016-02-26
-1406904,772427,1,1,1,0,2018-06-27,2018-06-27
-1406904,772433,1,1,1,0,2017-06-08,2017-06-08
-1406904,772435,1,1,1,0,2018-07-17,2018-07-17
-1406904,772977,1,1,1,1,2019-04-26,2019-04-26
-1406904,772978,1,1,1,1,2019-04-26,2019-04-26
-1406904,772979,1,1,1,0,2019-04-26,2019-04-26
-1406904,773041,1,1,1,0,2019-04-28,2019-04-28
-1406904,773864,1,1,1,0,2017-04-16,2017-04-16
-1406904,773865,1,1,1,0,2017-04-16,2017-04-16
-1406904,773867,3,3,1,0,2017-05-14,2017-05-14
-1406904,773873,1,1,1,0,2019-06-29,2019-06-29
-1406904,773891,1,1,1,0,2016-03-12,2016-03-12
-1406904,773898,2,2,1,0,2017-02-25,2017-02-25
-1406904,773907,2,2,1,0,2017-02-25,2017-02-25
-1406904,773909,1,1,1,0,2016-07-16,2016-07-16
-1406904,774019,1,1,1,0,2016-08-13,2016-08-13
-1406904,774029,1,1,1,0,2016-08-27,2016-08-27
-1406904,774059,5,4,1,0,2016-11-05,2016-11-05
-1406903,771826,1,1,1,1,2019-04-03,2019-04-03
-1406903,771885,1,1,1,1,2017-06-25,2017-06-25
-1406903,771886,1,1,1,1,2017-06-25,2017-06-25
-1406903,771965,1,1,1,0,2019-07-02,2019-07-02
-1406903,772001,1,1,1,0,2016-02-26,2016-02-26
-1406903,772434,4,4,2,1,2017-04-14,2017-04-14
-1406903,772452,1,1,1,0,2018-08-25,2018-08-25
-1406903,772885,1,1,1,0,2018-10-05,2018-10-05
-1406903,772890,1,1,1,0,2018-04-21,2018-04-21
-1406903,772977,2,2,1,1,2019-04-26,2019-04-26
-1406903,773275,1,1,1,0,2018-06-07,2018-06-07
-1406903,773455,1,1,1,0,2018-07-07,2018-07-07
-1406903,773655,1,1,1,0,2018-04-23,2018-04-23
-1406903,773915,1,1,1,0,2016-11-11,2016-11-11
-1406903,774050,2,1,1,0,2016-11-05,2016-11-05
-1406903,774054,1,1,1,0,2016-08-07,2016-08-07
-1406903,774076,2,2,1,0,2016-11-05,2016-11-05
-1406903,774190,3,1,1,0,2016-11-05,2016-11-05
-1406903,774192,1,1,1,0,2018-03-30,2018-03-30
-1406902,771820,1,1,1,0,2017-06-25,2017-06-25
-1406902,771883,1,1,1,0,2018-03-27,2018-03-27
-1406902,772003,1,1,1,0,2016-05-21,2016-05-21
-1406902,772005,2,2,2,0,2016-02-26,2016-02-26
-1406902,772006,1,1,1,0,2016-02-26,2016-02-26
-1406902,772007,1,1,1,0,2016-05-20,2016-05-20
-1406902,772014,1,1,1,0,2017-12-24,2017-12-24
-1406902,772434,2,2,2,1,2017-04-14,2017-04-14
-1406902,772538,1,1,1,0,2019-05-04,2019-05-04
-1406902,772726,1,1,1,1,2018-09-10,2018-09-10
-1406902,772977,2,2,1,0,2019-04-26,2019-04-26
-1406902,772978,1,1,1,0,2019-04-26,2019-04-26
-1406902,773033,1,1,1,0,2019-04-28,2019-04-28
-1406902,773869,2,2,1,0,2016-10-23,2016-10-23
-1406902,773889,1,1,1,0,2019-07-04,2019-07-04
-1406902,773901,1,1,1,0,2017-02-25,2017-02-25
-1406902,774042,1,1,1,0,2019-04-27,2019-04-27
-1406902,774053,1,1,1,0,2019-04-27,2019-04-27
-1406902,774062,1,1,1,0,2016-07-02,2016-07-02
-1406902,774064,2,1,1,0,2016-11-05,2016-11-05
-1406902,774080,1,1,1,0,2016-11-05,2016-11-05
-1406901,771983,1,1,1,0,2019-04-10,2019-04-10
-1406901,771985,1,1,1,0,2019-04-10,2019-04-10
-1406901,772005,1,1,1,0,2016-02-26,2016-02-26
-1406901,772007,1,1,1,0,2016-05-20,2016-05-20
-1406901,772113,2,2,1,0,2019-06-19,2019-06-19
-1406901,772578,1,1,1,1,2018-06-09,2018-06-09
-1406901,772692,1,1,1,1,2018-11-04,2018-11-04
-1406901,772976,1,1,1,1,2019-04-26,2019-04-26
-1406901,772978,1,1,1,1,2019-04-26,2019-04-26
-1406901,773032,2,2,2,0,2019-04-28,2019-04-28
-1406901,773198,1,1,1,0,2019-05-19,2019-05-19
-1406901,773596,1,1,1,0,2019-04-28,2019-04-28
-1406901,773615,1,1,1,0,2016-05-20,2016-05-20
-1406901,773893,1,1,1,0,2017-02-25,2017-02-25
-1406901,773905,1,1,1,0,2016-08-20,2016-08-20
-1406901,774069,1,1,1,0,2016-08-07,2016-08-07
-1406901,774096,1,1,1,0,2019-04-14,2019-04-14
-1406900,771999,2,2,1,0,2019-03-26,2019-03-26
-1406900,772005,1,1,1,0,2016-02-26,2016-02-26
-1406900,772007,1,1,1,0,2016-02-26,2016-02-26
-1406900,772114,1,1,1,1,2019-06-19,2019-06-19
-1406900,772390,1,1,1,1,2018-04-20,2018-04-20
-1406900,772432,1,1,1,0,2018-09-20,2018-09-20
-1406900,772755,1,1,1,0,2017-08-03,2017-08-03
-1406900,772978,1,1,1,0,2019-04-26,2019-04-26
-1406900,772979,1,1,1,0,2019-04-26,2019-04-26
-1406900,773033,2,2,2,0,2019-04-28,2019-04-28
-1406900,773043,1,1,1,0,2019-04-28,2019-04-28
-1406900,773619,1,1,1,0,2019-04-19,2019-04-19
-1406900,773869,9,8,1,0,2016-10-29,2016-10-29
-1406900,774056,1,1,1,0,2019-04-14,2019-04-14
-1406900,774057,2,2,1,0,2016-11-05,2016-11-05
-1406900,774128,1,1,1,0,2017-06-08,2017-06-08
-1406900,774173,1,1,1,0,2016-11-05,2016-11-05
-1406900,774249,1,1,1,0,2019-06-30,2019-06-30
-1406899,771825,1,1,1,0,2017-06-25,2017-06-25
-1406899,771884,1,1,1,0,2019-04-03,2019-04-03
-1406899,771976,1,1,1,1,2016-05-20,2016-05-20
-1406899,771977,1,1,1,0,2016-05-20,2016-05-20
-1406899,771982,1,1,1,0,2018-05-07,2018-05-07
-1406899,771984,1,1,1,0,2019-01-08,2019-01-08
-1406899,772003,1,1,1,0,2016-02-26,2016-02-26
-1406899,772004,1,1,1,0,2016-02-26,2016-02-26
-1406899,772005,1,1,1,0,2016-02-26,2016-02-26
-1406899,772007,1,1,1,0,2016-02-26,2016-02-26
-1406899,772009,1,1,1,0,2016-05-20,2016-05-20
-1406899,772100,1,1,1,1,2017-08-03,2017-08-03
-1406899,772105,1,1,1,1,2019-06-19,2019-06-19
-1406899,772232,1,1,1,1,2019-04-26,2019-04-26
-1406899,772393,1,1,1,1,2017-03-03,2017-03-03
-1406899,772427,1,1,1,1,2017-04-14,2017-04-14
-1406899,772429,1,1,1,0,2018-06-20,2018-06-20
-1406899,772727,1,1,1,1,2018-12-14,2018-12-14
-1406899,772876,1,1,1,0,2018-04-21,2018-04-21
-1406899,772978,1,1,1,0,2019-04-26,2019-04-26
-1406899,772980,1,1,1,0,2019-04-22,2019-04-22
-1406899,773040,1,1,1,0,2019-04-28,2019-04-28
-1406899,773438,1,1,1,0,2019-06-21,2019-06-21
-1406899,773456,1,1,1,0,2018-09-03,2018-09-03
-1406899,773868,1,1,1,0,2019-07-04,2019-07-04
-1406899,774033,1,1,1,0,2016-08-15,2016-08-15
-1406899,774044,1,1,1,0,2016-11-05,2016-11-05
-1406899,774050,3,3,1,0,2016-11-05,2016-07-02
-1406899,774092,1,1,1,0,2019-06-12,2019-06-12
-1406898,771815,1,1,1,0,2017-06-25,2017-06-25
-1406898,771819,1,1,1,0,2017-06-25,2017-06-25
-1406898,771913,1,1,1,0,2018-10-04,2018-10-04
-1406898,771955,1,1,1,0,2018-05-26,2018-05-26
-1406898,771987,1,1,1,0,2016-06-27,2016-06-27
-1406898,771991,1,1,1,0,2016-06-03,2016-06-03
-1406898,771998,1,1,1,0,2016-02-26,2016-02-26
-1406898,772003,1,1,1,0,2016-05-19,2016-05-19
-1406898,772005,1,1,1,1,2016-02-26,2016-02-26
-1406898,772006,1,1,1,0,2016-05-20,2016-05-20
-1406898,772099,1,1,1,1,2017-08-03,2017-08-03
-1406898,772429,1,1,1,0,2018-09-19,2018-09-19
-1406898,772430,1,1,1,0,2018-05-13,2018-05-13
-1406898,772507,1,1,1,1,2019-06-24,2019-06-24
-1406898,772575,1,1,1,0,2018-10-13,2018-10-13
-1406898,772586,1,1,1,1,2018-10-13,2018-10-13
-1406898,773455,1,1,1,0,2019-06-22,2019-06-22
-1406898,773574,1,1,1,0,2019-04-28,2019-04-28
-1406898,773869,1,1,1,0,2017-04-16,2017-04-16
-1406898,773872,1,1,1,0,2017-05-14,2017-05-14
-1406898,773885,1,1,1,0,2017-02-25,2017-02-25
-1406898,774093,1,1,1,0,2019-06-12,2019-06-12
-1406898,774392,1,1,1,0,2017-08-24,2017-08-24
-1406897,771817,1,1,1,0,2017-06-25,2017-06-25
-1406897,771818,1,1,1,1,2019-04-21,2019-04-21
-1406897,771971,1,1,1,0,2016-05-20,2016-05-20
-1406897,771995,1,1,1,0,2016-05-20,2016-05-20
-1406897,771996,1,1,1,0,2016-02-26,2016-02-26
-1406897,772114,1,1,1,0,2017-08-03,2017-08-03
-1406897,772302,1,1,1,0,2018-09-29,2018-09-29
-1406897,772386,1,1,1,1,2019-03-11,2019-03-11
-1406897,772390,1,1,1,0,2019-06-02,2019-06-02
-1406897,772422,1,1,1,0,2018-04-27,2018-04-27
-1406897,772423,1,1,1,0,2018-04-27,2018-04-27
-1406897,772429,1,1,1,1,2017-10-08,2017-10-08
-1406897,772432,1,1,1,0,2016-10-24,2016-10-24
-1406897,772489,1,1,1,0,2019-05-04,2019-05-04
-1406897,772503,1,1,1,1,2018-10-11,2018-10-11
-1406897,772979,1,1,1,0,2019-04-26,2019-04-26
-1406897,773043,1,1,1,0,2018-05-10,2018-05-10
-1406897,773641,1,1,1,0,2018-05-14,2018-05-14
-1406897,773652,1,1,1,0,2018-04-23,2018-04-23
-1406897,773870,2,2,1,0,2017-04-16,2016-11-09
-1406897,773874,1,1,1,0,2017-04-16,2017-04-16
-1406897,774069,2,2,1,0,2017-05-06,2017-05-06
-1406897,774073,1,1,1,0,2017-05-06,2017-05-06
-1406897,774084,2,2,1,0,2016-11-05,2016-11-05
-1406897,774091,2,2,1,0,2019-07-04,2019-07-04
-1406897,774094,2,2,1,0,2016-06-18,2016-06-18
-1406897,774314,1,1,1,0,2017-05-29,2017-05-29
-1406896,771818,1,1,1,0,2017-06-25,2017-06-25
-1406896,771820,2,2,2,1,2019-04-21,2018-05-23
-1406896,771907,1,1,1,0,2017-03-13,2017-03-13
-1406896,771980,1,1,1,0,2016-05-20,2016-05-20
-1406896,771995,1,1,1,0,2016-05-20,2016-05-20
-1406896,771997,1,1,1,0,2016-02-26,2016-02-26
-1406896,772000,2,2,2,0,2016-05-20,2016-04-08
-1406896,772001,1,1,1,0,2018-05-07,2018-05-07
-1406896,772004,1,1,1,0,2016-05-20,2016-05-20
-1406896,772125,1,1,1,1,2018-11-07,2018-11-07
-1406896,772213,1,1,1,0,2018-04-30,2018-04-30
-1406896,772405,1,1,1,1,2019-06-13,2019-06-13
-1406896,772422,1,1,1,0,2018-04-27,2018-04-27
-1406896,772428,1,1,1,1,2017-10-08,2017-10-08
-1406896,772430,1,1,1,0,2019-07-14,2019-07-14
-1406896,772552,1,1,1,0,2018-05-06,2018-05-06
-1406896,772977,1,1,1,0,2019-04-26,2019-04-26
-1406896,772978,2,2,1,1,2019-04-26,2019-04-26
-1406896,773035,1,1,1,0,2019-04-28,2019-04-28
-1406896,773398,1,1,1,0,2019-04-19,2019-04-19
-1406896,773466,1,1,1,0,2016-09-07,2016-09-07
-1406896,773567,1,1,1,0,2019-04-28,2019-04-28
-1406896,773866,1,1,1,0,2019-06-25,2019-06-25
-1406896,773868,1,1,1,0,2016-11-11,2016-11-11
-1406896,773869,5,4,1,0,2016-10-23,2016-10-23
-1406896,773871,1,1,1,0,2016-07-16,2016-07-16
-1406896,773872,1,1,1,0,2016-11-11,2016-11-11
-1406896,773917,1,1,1,0,2018-08-14,2018-08-14
-1406896,774042,2,1,1,0,2016-11-05,2016-11-05
-1406896,774045,1,1,1,0,2016-07-02,2016-07-02
-1406896,774052,1,1,1,0,2018-04-30,2018-04-30
-1406896,774054,2,2,1,0,2016-11-05,2016-11-05
-1406896,774055,1,1,1,0,2016-07-02,2016-07-02
-1406896,774181,1,1,1,0,2016-10-29,2016-10-29
-1406896,774193,1,1,1,1,2018-12-08,2018-12-08
-1406895,771826,1,1,1,0,2018-06-11,2018-06-11
-1406895,771986,1,1,1,0,2016-05-20,2016-05-20
-1406895,771988,1,1,1,0,2016-05-20,2016-05-20
-1406895,771995,1,1,1,0,2016-05-20,2016-05-20
-1406895,771996,1,1,1,0,2016-05-20,2016-05-20
-1406895,771997,1,1,1,0,2016-05-20,2016-05-20
-1406895,772006,1,1,1,0,2016-02-26,2016-02-26
-1406895,772010,1,1,1,0,2016-02-26,2016-02-26
-1406895,772429,1,1,1,0,2017-06-08,2017-06-08
-1406895,772547,1,1,1,0,2018-09-25,2018-09-25
-1406895,772556,1,1,1,1,2018-10-13,2018-10-13
-1406895,772828,1,1,1,0,2018-05-19,2018-05-19
-1406895,772977,2,2,1,0,2019-04-26,2019-04-26
-1406895,772978,2,2,1,0,2019-04-27,2019-04-26
-1406895,773035,1,1,1,0,2019-04-28,2019-04-28
-1406895,773204,1,1,1,0,2017-05-18,2017-05-18
-1406895,773622,1,1,1,0,2019-04-28,2019-04-28
-1406895,773644,1,1,1,0,2018-04-23,2018-04-23
-1406895,773867,1,1,1,0,2019-06-13,2019-06-13
-1406895,773870,7,5,1,0,2017-04-16,2017-04-16
-1406895,774039,1,1,1,0,2016-10-29,2016-10-29
-1406894,771977,1,1,1,0,2016-05-20,2016-05-20
-1406894,771995,1,1,1,0,2016-05-20,2016-05-20
-1406894,771997,2,2,2,0,2016-05-20,2016-05-20
-1406894,772001,1,1,1,0,2019-05-29,2019-05-29
-1406894,772002,1,1,1,0,2016-02-26,2016-02-26
-1406894,772120,1,1,1,0,2017-08-03,2017-08-03
-1406894,772136,1,1,1,0,2017-08-03,2017-08-03
-1406894,772235,1,1,1,1,2019-04-26,2019-04-26
-1406894,772379,1,1,1,1,2018-04-11,2018-04-11
-1406894,772470,1,1,1,1,2017-10-06,2017-10-06
-1406894,772496,1,1,1,0,2017-08-21,2017-08-21
-1406894,772603,1,1,1,0,2019-04-04,2019-04-04
-1406894,772974,1,1,1,0,2019-04-27,2019-04-27
-1406894,772980,1,1,1,0,2019-04-26,2019-04-26
-1406894,773027,1,1,1,0,2019-05-23,2019-05-23
-1406894,773180,1,1,1,1,2019-03-11,2019-03-11
-1406894,773470,1,1,1,0,2018-06-30,2018-06-30
-1406894,773681,1,1,1,0,2016-11-26,2016-11-26
-1406894,773947,3,2,1,0,2016-11-11,2016-11-11
-1406894,774028,1,1,1,0,2016-11-05,2016-11-05
-1406894,774037,1,1,1,0,2019-06-20,2019-06-20
-1406894,774077,1,1,1,0,2016-11-05,2016-11-05
-1406894,774180,1,1,1,0,2017-04-12,2017-04-12
-1406894,774182,1,1,1,0,2018-10-05,2018-10-05
-1406894,774395,1,1,1,0,2017-08-09,2017-08-09
-1406893,771974,2,2,1,0,2016-05-20,2016-05-20
-1406893,771976,1,1,1,0,2016-05-20,2016-05-20
-1406893,771981,1,1,1,0,2016-05-20,2016-05-20
-1406893,771982,1,1,1,0,2016-05-20,2016-05-20
-1406893,771984,1,1,1,0,2016-05-20,2016-05-20
-1406893,771985,1,1,1,0,2016-05-20,2016-05-20
-1406893,771995,2,2,1,0,2016-02-26,2016-02-26
-1406893,771996,1,1,1,0,2016-05-21,2016-05-21
-1406893,771998,2,1,2,0,2016-05-20,2016-04-08
-1406893,772002,3,2,1,0,2016-02-26,2016-02-26
-1406893,772003,1,1,1,0,2016-05-20,2016-05-20
-1406893,772004,1,1,1,0,2016-02-26,2016-02-26
-1406893,772006,2,2,2,0,2016-05-20,2016-04-08
-1406893,772007,1,1,1,1,2016-02-26,2016-02-26
-1406893,772096,1,1,1,0,2017-08-03,2017-08-03
-1406893,772319,1,1,1,1,2019-06-13,2019-06-13
-1406893,772431,1,1,1,0,2018-06-20,2018-06-20
-1406893,772569,1,1,1,0,2018-10-06,2018-10-06
-1406893,772975,1,1,1,0,2019-04-26,2019-04-26
-1406893,772976,1,1,1,0,2019-04-26,2019-04-26
-1406893,773033,1,1,1,0,2019-04-28,2019-04-28
-1406893,773042,1,1,1,0,2019-04-28,2019-04-28
-1406893,773636,1,1,1,0,2018-04-23,2018-04-23
-1406893,773645,1,1,1,0,2018-04-23,2018-04-23
-1406893,773858,1,1,1,0,2019-05-27,2019-05-27
-1406893,773865,2,2,1,0,2019-06-30,2019-06-30
-1406893,773872,1,1,1,0,2017-04-16,2017-04-16
-1406893,774034,1,1,1,0,2019-06-15,2019-06-15
-1406893,774039,1,1,1,0,2019-06-22,2019-06-22
-1406893,774047,1,1,1,0,2016-07-23,2016-07-23
-1406893,774060,1,1,1,0,2018-09-05,2018-09-05
-1406893,774181,1,1,1,0,2016-11-05,2016-11-05
-1406893,774186,1,1,1,0,2016-08-27,2016-08-27
-1406892,771819,1,1,1,1,2017-06-25,2017-06-25
-1406892,771974,2,2,2,0,2016-05-20,2016-05-20
-1406892,771975,1,1,1,0,2016-05-20,2016-05-20
-1406892,771995,1,1,1,0,2016-05-20,2016-05-20
-1406892,772002,2,1,2,0,2016-05-21,2016-04-08
-1406892,772003,2,2,2,0,2016-05-19,2016-04-07
-1406892,772004,1,1,1,0,2016-05-19,2016-05-19
-1406892,772005,1,1,1,0,2016-02-26,2016-02-26
-1406892,772007,1,1,1,0,2016-02-26,2016-02-26
-1406892,772009,1,1,1,1,2016-05-19,2016-05-19
-1406892,772012,1,1,1,1,2016-02-26,2016-02-26
-1406892,772974,1,1,1,0,2019-04-28,2019-04-28
-1406892,772976,1,1,1,0,2019-04-26,2019-04-26
-1406892,772977,2,2,1,0,2019-04-26,2019-04-26
-1406892,773041,1,1,1,0,2019-04-28,2019-04-28
-1406892,773475,1,1,1,0,2018-06-30,2018-06-30
-1406892,773621,1,1,1,0,2019-04-28,2019-04-28
-1406892,773873,1,1,1,0,2016-11-11,2016-11-11
-1406892,774036,1,1,1,0,2016-03-12,2016-03-12
-1406892,774060,1,1,1,0,2018-09-05,2018-09-05
-1406892,774084,1,1,1,0,2017-04-12,2017-04-12
-1406892,774178,1,1,1,0,2019-04-27,2019-04-27
-1406892,774400,1,1,1,0,2017-06-14,2017-06-14
-1406891,771882,1,1,1,1,2016-03-27,2016-03-27
-1406891,771954,1,1,1,0,2018-05-26,2018-05-26
-1406891,771977,1,1,1,0,2016-05-20,2016-05-20
-1406891,771999,2,2,1,0,2018-01-27,2018-01-27
-1406891,772001,1,1,1,0,2016-02-26,2016-02-26
-1406891,772002,1,1,1,0,2016-02-26,2016-02-26
-1406891,772003,4,4,4,0,2016-02-26,2016-02-26
-1406891,772004,1,1,1,0,2016-02-26,2016-02-26
-1406891,772005,1,1,1,0,2016-05-20,2016-05-20
-1406891,772009,1,1,1,0,2016-05-21,2016-05-21
-1406891,772011,1,1,1,0,2016-05-19,2016-05-19
-1406891,772016,1,1,1,0,2016-02-26,2016-02-26
-1406891,772017,1,1,1,0,2016-02-26,2016-02-26
-1406891,772447,1,1,1,1,2019-04-02,2019-04-02
-1406891,772975,1,1,1,1,2019-04-27,2019-04-27
-1406891,773004,1,1,1,1,2019-04-28,2019-04-28
-1406891,773041,1,1,1,0,2019-04-28,2019-04-28
-1406891,773389,1,1,1,0,2019-04-19,2019-04-19
-1406891,773455,1,1,1,0,2016-09-07,2016-09-07
-1406891,773641,1,1,1,0,2018-05-14,2018-05-14
-1406891,774061,1,1,1,0,2018-09-05,2018-09-05
-1406890,771811,1,1,1,0,2017-06-25,2017-06-25
-1406890,771976,1,1,1,0,2016-05-20,2016-05-20
-1406890,771983,1,1,1,0,2016-05-20,2016-05-20
-1406890,771985,1,1,1,0,2016-05-20,2016-05-20
-1406890,771996,1,1,1,0,2016-05-21,2016-05-21
-1406890,771999,2,2,1,0,2018-01-27,2018-01-27
-1406890,772002,2,2,2,0,2016-02-26,2016-02-26
-1406890,772003,3,2,3,0,2016-02-26,2016-02-26
-1406890,772005,1,1,1,0,2016-02-26,2016-02-26
-1406890,772012,1,1,1,0,2016-05-19,2016-05-19
-1406890,772667,1,1,1,1,2019-04-27,2019-04-27
-1406890,772743,1,1,1,0,2018-04-04,2018-04-04
-1406890,772915,1,1,1,0,2019-04-22,2019-04-22
-1406890,773041,1,1,1,0,2019-04-28,2019-04-28
-1406890,773043,1,1,1,0,2019-04-28,2019-04-28
-1406890,773459,1,1,1,0,2019-06-19,2019-06-19
-1406890,773475,1,1,1,0,2018-04-22,2018-04-22
-1406890,773868,3,3,1,0,2016-09-03,2016-09-03
-1406890,773869,1,1,1,0,2017-05-14,2017-05-14
-1406890,774090,12,11,1,0,2016-06-18,2016-06-18
-1406890,774180,1,1,1,0,2019-04-09,2019-04-09
-1406890,774182,1,1,1,0,2017-06-08,2017-06-08
-1406889,771891,1,1,1,1,2019-05-20,2019-05-20
-1406889,771976,1,1,1,1,2016-05-20,2016-05-20
-1406889,771985,1,1,1,0,2016-05-20,2016-05-20
-1406889,771986,1,1,1,0,2016-05-20,2016-05-20
-1406889,772007,1,1,1,0,2016-02-26,2016-02-26
-1406889,772012,1,1,1,0,2016-05-19,2016-05-19
-1406889,772912,1,1,1,1,2019-04-22,2019-04-22
-1406889,772915,1,1,1,1,2018-04-01,2018-04-01
-1406889,773008,1,1,1,0,2018-08-03,2018-08-03
-1406889,773036,1,1,1,0,2018-06-18,2018-06-18
-1406889,773041,1,1,1,0,2019-04-28,2019-04-28
-1406889,773044,1,1,1,0,2019-04-28,2019-04-28
-1406889,773668,1,1,1,0,2016-11-26,2016-11-26
-1406889,774037,1,1,1,0,2019-06-22,2019-06-22
-1406889,774046,1,1,1,0,2019-06-10,2019-06-10
-1406889,774060,1,1,1,0,2018-09-05,2018-09-05
-1406889,774081,1,1,1,0,2016-12-03,2016-12-03
-1406889,774285,1,1,1,0,2017-06-30,2017-06-30
-1406889,774289,1,1,1,0,2017-06-30,2017-06-30
-1406888,771972,1,1,1,0,2016-05-20,2016-05-20
-1406888,771995,1,1,1,0,2016-05-21,2016-05-21
-1406888,771996,1,1,1,0,2016-05-21,2016-05-21
-1406888,771997,3,3,3,0,2016-05-21,2016-05-20
-1406888,772001,1,1,1,0,2016-02-26,2016-02-26
-1406888,772005,3,3,3,0,2016-05-19,2016-05-19
-1406888,772007,1,1,1,0,2016-02-26,2016-02-26
-1406888,772014,1,1,1,0,2016-05-19,2016-05-19
-1406888,772053,1,1,1,0,2017-05-25,2017-05-25
-1406888,772093,1,1,1,0,2017-08-03,2017-08-03
-1406888,772095,1,1,1,0,2017-08-03,2017-08-03
-1406888,772239,1,1,1,1,2019-04-26,2019-04-26
-1406888,772425,1,1,1,0,2018-08-05,2018-08-05
-1406888,772973,1,1,1,0,2019-04-22,2019-04-22
-1406888,772976,1,1,1,0,2019-04-22,2019-04-22
-1406888,773023,1,1,1,0,2019-04-21,2019-04-21
-1406888,773036,1,1,1,0,2019-04-28,2019-04-28
-1406888,773037,1,1,1,0,2019-05-05,2019-05-05
-1406888,773619,1,1,1,0,2016-05-20,2016-05-20
-1406888,773645,1,1,1,0,2016-05-08,2016-05-08
-1406888,773871,2,2,1,0,2016-07-09,2016-07-09
-1406888,774059,1,1,1,0,2018-09-05,2018-09-05
-1406888,774061,1,1,1,0,2019-03-26,2019-03-26
-1406887,771808,1,1,1,0,2018-11-17,2018-11-17
-1406887,771981,1,1,1,0,2019-04-10,2019-04-10
-1406887,771987,1,1,1,0,2018-12-08,2018-12-08
-1406887,771994,1,1,1,0,2016-05-20,2016-05-20
-1406887,771995,2,1,1,0,2016-05-21,2016-05-21
-1406887,771996,5,4,5,0,2018-05-07,2016-05-21
-1406887,772000,1,1,1,0,2016-05-20,2016-05-20
-1406887,772001,1,1,1,0,2016-02-26,2016-02-26
-1406887,772002,2,2,2,0,2016-05-20,2016-04-08
-1406887,772004,1,1,1,0,2016-05-21,2016-05-21
-1406887,772006,1,1,1,0,2016-05-19,2016-05-19
-1406887,772007,2,2,2,0,2016-02-26,2016-02-26
-1406887,772008,1,1,1,0,2016-05-19,2016-05-19
-1406887,772054,1,1,1,0,2018-06-22,2018-06-22
-1406887,772093,2,2,1,0,2017-08-03,2017-08-03
-1406887,772420,1,1,1,0,2018-04-27,2018-04-27
-1406887,772974,1,1,1,0,2019-04-28,2019-04-28
-1406887,773035,1,1,1,0,2019-04-28,2019-04-28
-1406887,773389,1,1,1,0,2019-04-19,2019-04-19
-1406887,773466,1,1,1,0,2016-09-07,2016-09-07
-1406887,773471,1,1,1,0,2019-04-19,2019-04-19
-1406887,773484,1,1,1,0,2019-04-20,2019-04-20
-1406887,773618,1,1,1,0,2016-05-20,2016-05-20
-1406887,774077,1,1,1,0,2019-06-21,2019-06-21
-1406887,774178,1,1,1,0,2017-06-08,2017-06-08
-1406887,774179,1,1,1,0,2018-04-07,2018-04-07
-1406886,771886,1,1,1,0,2019-04-14,2019-04-14
-1406886,771951,1,1,1,0,2019-06-18,2019-06-18
-1406886,771960,1,1,1,0,2018-11-29,2018-11-29
-1406886,771974,1,1,1,1,2016-05-21,2016-05-21
-1406886,771975,2,2,1,1,2016-05-21,2016-05-21
-1406886,771991,1,1,1,0,2016-05-19,2016-05-19
-1406886,771993,1,1,1,0,2016-03-23,2016-03-23
-1406886,771995,4,3,2,0,2018-06-19,2016-05-21
-1406886,771996,5,4,5,0,2016-05-21,2016-05-20
-1406886,771997,4,3,4,1,2016-05-20,2016-05-20
-1406886,771998,2,2,2,1,2016-05-21,2016-05-20
-1406886,771999,1,1,1,0,2016-02-26,2016-02-26
-1406886,772000,1,1,1,0,2016-05-20,2016-05-20
-1406886,772001,1,1,1,0,2016-02-26,2016-02-26
-1406886,772002,1,1,1,0,2017-02-21,2017-02-21
-1406886,772003,1,1,1,0,2016-05-21,2016-05-21
-1406886,772005,4,4,2,0,2016-02-26,2016-02-26
-1406886,772007,1,1,1,0,2016-02-26,2016-02-26
-1406886,772011,2,2,2,1,2016-05-19,2016-05-19
-1406886,772013,1,1,1,0,2016-02-26,2016-02-26
-1406886,772056,1,1,1,0,2018-06-29,2018-06-29
-1406886,772569,1,1,1,0,2019-04-06,2019-04-06
-1406886,772974,1,1,1,0,2019-04-27,2019-04-27
-1406886,773043,1,1,1,0,2019-04-28,2019-04-28
-1406886,773044,1,1,1,0,2019-04-25,2019-04-25
-1406886,773870,2,2,1,0,2017-05-14,2017-02-11
-1406886,774039,1,1,1,0,2016-08-13,2016-08-13
-1406886,774287,1,1,1,0,2017-08-09,2017-08-09
-1406886,774376,1,1,1,0,2017-06-14,2017-06-14
-1406885,771333,1,1,1,0,2019-06-10,2019-06-10
-1406885,771812,1,1,1,0,2017-06-25,2017-06-25
-1406885,771972,1,1,1,1,2016-05-21,2016-05-21
-1406885,771981,3,3,3,0,2019-04-18,2019-04-10
-1406885,771994,2,2,2,0,2019-07-22,2017-12-20
-1406885,771995,3,3,2,0,2016-05-20,2016-05-20
-1406885,771996,1,1,1,0,2016-05-21,2016-05-21
-1406885,771998,1,1,1,1,2016-05-20,2016-05-20
-1406885,771999,1,1,1,0,2018-06-26,2018-06-26
-1406885,772001,3,2,3,0,2016-05-21,2016-05-20
-1406885,772002,4,3,3,0,2016-05-21,2016-04-08
-1406885,772003,3,2,2,0,2016-05-21,2016-02-26
-1406885,772004,3,3,2,0,2016-02-26,2016-02-26
-1406885,772007,1,1,1,0,2016-02-26,2016-02-26
-1406885,772008,1,1,1,0,2016-02-26,2016-02-26
-1406885,772014,1,1,1,0,2016-02-26,2016-02-26
-1406885,772055,1,1,1,0,2018-06-21,2018-06-21
-1406885,772972,1,1,1,0,2019-04-28,2019-04-28
-1406885,772977,1,1,1,0,2019-04-28,2019-04-28
-1406885,773042,1,1,1,0,2019-04-28,2019-04-28
-1406885,773044,1,1,1,0,2019-04-28,2019-04-28
-1406885,774051,3,2,1,0,2016-10-23,2016-10-23
-1406885,774075,1,1,1,0,2018-04-30,2018-04-30
-1406885,774085,1,1,1,0,2019-04-27,2019-04-27
-1406884,771969,1,1,1,0,2016-05-20,2016-05-20
-1406884,771971,1,1,1,0,2016-05-20,2016-05-20
-1406884,771972,1,1,1,0,2016-05-20,2016-05-20
-1406884,771976,1,1,1,0,2016-05-21,2016-05-21
-1406884,771982,1,1,1,0,2019-04-10,2019-04-10
-1406884,771996,2,2,2,0,2016-05-20,2016-04-08
-1406884,771997,1,1,1,0,2016-02-26,2016-02-26
-1406884,771998,1,1,1,0,2016-05-21,2016-05-21
-1406884,772003,1,1,1,0,2016-02-26,2016-02-26
-1406884,772008,2,1,2,1,2016-02-26,2016-02-26
-1406884,772010,1,1,1,1,2016-05-19,2016-05-19
-1406884,772013,1,1,1,0,2016-05-19,2016-05-19
-1406884,772055,1,1,1,0,2016-08-17,2016-08-17
-1406884,772207,1,1,1,1,2019-03-29,2019-03-29
-1406884,772968,1,1,1,1,2019-04-27,2019-04-27
-1406884,772977,1,1,1,0,2019-04-26,2019-04-26
-1406884,773031,2,2,1,0,2019-05-10,2019-04-30
-1406884,773032,5,5,1,4,2019-06-09,2019-05-31
-1406884,773039,1,1,1,0,2019-04-28,2019-04-28
-1406884,773040,1,1,1,0,2019-04-28,2019-04-28
-1406884,773043,2,2,1,0,2019-04-28,2019-04-28
-1406884,773615,1,1,1,0,2019-04-27,2019-04-27
-1406884,773617,2,2,1,0,2019-04-27,2019-04-27
-1406884,773635,1,1,1,1,2016-11-26,2016-11-26
-1406884,773639,1,1,1,0,2018-05-14,2018-05-14
-1406884,773644,1,1,1,0,2019-04-12,2019-04-12
-1406884,773869,1,1,1,0,2016-10-23,2016-10-23
-1406884,773889,1,1,1,0,2019-04-14,2019-04-14
-1406884,774042,2,2,1,0,2016-08-13,2016-08-13
-1406884,774043,2,2,2,0,2019-06-10,2018-11-19
-1406884,774087,1,1,1,0,2019-04-27,2019-04-27
-1406884,774405,1,1,1,0,2017-06-14,2017-06-14
-1406883,771810,1,1,1,0,2018-11-17,2018-11-17
-1406883,771915,1,1,1,0,2016-05-20,2016-05-20
-1406883,771923,1,1,1,0,2016-05-20,2016-05-20
-1406883,771977,2,1,1,0,2016-05-21,2016-05-21
-1406883,771978,1,1,1,0,2016-05-21,2016-05-21
-1406883,771995,1,1,1,0,2016-05-20,2016-05-20
-1406883,772000,1,1,1,0,2016-05-21,2016-05-21
-1406883,772001,1,1,1,0,2016-02-26,2016-02-26
-1406883,772002,2,2,2,1,2016-05-20,2016-04-08
-1406883,772003,1,1,1,0,2016-02-26,2016-02-26
-1406883,772004,1,1,1,0,2016-02-26,2016-02-26
-1406883,772006,1,1,1,0,2016-02-26,2016-02-26
-1406883,772008,1,1,1,1,2016-02-26,2016-02-26
-1406883,772009,4,1,3,1,2016-02-26,2016-02-26
-1406883,772010,2,2,1,0,2016-02-26,2016-02-26
-1406883,772011,1,1,1,0,2016-02-26,2016-02-26
-1406883,772505,1,1,1,1,2019-07-20,2019-07-20
-1406883,772568,1,1,1,0,2018-09-22,2018-09-22
-1406883,772726,1,1,1,1,2018-07-06,2018-07-06
-1406883,772841,1,1,1,0,2018-12-29,2018-12-29
-1406883,772906,1,1,1,1,2018-04-01,2018-04-01
-1406883,772972,1,1,1,1,2019-04-27,2019-04-27
-1406883,772975,2,2,1,0,2019-04-28,2019-04-27
-1406883,772976,3,3,1,0,2019-04-28,2019-04-27
-1406883,773035,1,1,1,0,2019-04-28,2019-04-28
-1406883,774037,1,1,1,0,2016-08-27,2016-08-27
-1406883,774041,1,1,1,0,2018-04-30,2018-04-30
-1406883,774082,1,1,1,0,2019-04-27,2019-04-27
-1406883,774087,1,1,1,0,2019-04-27,2019-04-27
-1406883,774182,1,1,1,0,2016-11-05,2016-11-05
-1406883,774276,1,1,1,0,2017-06-08,2017-06-08
-1406882,771966,1,1,1,0,2018-04-26,2018-04-26
-1406882,771973,1,1,1,1,2016-05-20,2016-05-20
-1406882,771976,1,1,1,0,2016-05-21,2016-05-21
-1406882,771977,1,1,1,0,2016-05-21,2016-05-21
-1406882,771978,4,3,1,0,2016-05-21,2016-05-21
-1406882,771994,1,1,1,0,2019-07-18,2019-07-18
-1406882,771995,1,1,1,0,2016-02-26,2016-02-26
-1406882,771996,1,1,1,0,2016-02-26,2016-02-26
-1406882,772001,1,1,1,0,2016-02-26,2016-02-26
-1406882,772002,2,2,2,0,2016-02-26,2016-02-26
-1406882,772005,1,1,1,0,2016-02-26,2016-02-26
-1406882,772006,1,1,1,0,2016-02-26,2016-02-26
-1406882,772008,3,3,3,1,2016-02-26,2016-02-26
-1406882,772010,1,1,1,1,2016-02-26,2016-02-26
-1406882,772356,1,1,1,0,2019-03-24,2019-03-24
-1406882,772464,1,1,1,0,2018-05-15,2018-05-15
-1406882,772732,1,1,1,1,2018-10-07,2018-10-07
-1406882,772842,1,1,1,0,2018-12-29,2018-12-29
-1406882,772973,1,1,1,0,2019-04-28,2019-04-28
-1406882,772975,2,2,1,0,2019-04-28,2019-04-27
-1406882,772978,1,1,1,0,2019-04-26,2019-04-26
-1406882,773038,1,1,1,0,2019-04-28,2019-04-28
-1406882,773525,1,1,1,0,2019-03-10,2019-03-10
-1406882,774086,1,1,1,0,2016-10-29,2016-10-29
-1406882,774130,1,1,1,0,2018-09-06,2018-09-06
-1406882,774180,2,2,1,0,2016-12-03,2016-12-03
-1406882,774185,1,1,1,0,2016-03-02,2016-03-02
-1406881,771810,1,1,1,0,2018-11-17,2018-11-17
-1406881,771977,2,2,2,0,2016-05-21,2016-05-21
-1406881,771980,1,1,1,0,2019-06-10,2019-06-10
-1406881,771995,2,2,2,1,2016-02-26,2016-02-26
-1406881,772001,1,1,1,0,2016-02-26,2016-02-26
-1406881,772002,1,1,1,0,2016-02-26,2016-02-26
-1406881,772012,1,1,1,1,2016-05-19,2016-05-19
-1406881,772107,1,1,1,0,2018-06-22,2018-06-22
-1406881,772430,1,1,1,1,2019-05-04,2019-05-04
-1406881,772843,1,1,1,0,2018-12-29,2018-12-29
-1406881,772844,2,2,1,0,2018-12-29,2018-12-29
-1406881,772845,1,1,1,0,2018-12-29,2018-12-29
-1406881,772846,2,2,1,0,2018-12-29,2018-12-29
-1406881,772963,1,1,1,0,2019-05-11,2019-05-11
-1406881,772975,2,2,1,0,2019-04-28,2019-04-27
-1406881,772976,1,1,1,0,2019-04-26,2019-04-26
-1406881,772978,1,1,1,0,2019-04-28,2019-04-28
-1406881,773044,2,2,1,0,2017-09-28,2017-09-28
-1406881,773465,1,1,1,0,2019-05-11,2019-05-11
-1406881,773616,1,1,1,0,2019-04-27,2019-04-27
-1406881,773871,1,1,1,0,2016-07-09,2016-07-09
-1406881,774041,1,1,1,0,2016-08-27,2016-08-27
-1406881,774183,1,1,1,0,2016-03-02,2016-03-02
-1406880,771886,1,1,1,0,2018-05-26,2018-05-26
-1406880,771973,1,1,1,0,2016-05-20,2016-05-20
-1406880,771994,1,1,1,0,2016-02-26,2016-02-26
-1406880,771995,4,3,4,2,2018-12-16,2016-02-26
-1406880,771996,2,2,1,0,2016-02-26,2016-02-26
-1406880,771997,1,1,1,0,2016-02-26,2016-02-26
-1406880,771998,1,1,1,0,2016-02-26,2016-02-26
-1406880,771999,1,1,1,0,2016-02-26,2016-02-26
-1406880,772003,1,1,1,0,2016-05-20,2016-05-20
-1406880,772005,1,1,1,0,2016-02-26,2016-02-26
-1406880,772008,2,2,2,0,2016-02-26,2016-02-26
-1406880,772427,1,1,1,1,2019-05-04,2019-05-04
-1406880,772429,1,1,1,0,2018-09-20,2018-09-20
-1406880,772844,2,2,1,0,2018-12-29,2018-12-29
-1406880,772845,2,2,1,0,2018-12-29,2018-12-29
-1406880,772846,1,1,1,0,2018-12-29,2018-12-29
-1406880,772977,2,1,1,0,2019-04-28,2019-04-28
-1406880,772978,1,1,1,0,2019-04-28,2019-04-28
-1406880,773032,1,1,1,1,2019-05-31,2019-05-31
-1406880,773035,2,2,2,0,2019-04-28,2019-04-28
-1406880,773036,1,1,1,0,2019-04-28,2019-04-28
-1406880,773516,1,1,1,0,2016-11-26,2016-11-26
-1406880,773532,1,1,1,0,2018-06-30,2018-06-30
-1406880,773552,1,1,1,0,2019-04-12,2019-04-12
-1406880,773616,1,1,1,0,2019-04-27,2019-04-27
-1406880,773866,1,1,1,0,2017-04-16,2017-04-16
-1406880,774084,2,2,1,0,2017-04-12,2017-04-12
-1406880,774199,1,1,1,0,2019-04-16,2019-04-16
-1406879,771731,1,1,1,0,2017-06-25,2017-06-25
-1406879,771972,2,1,1,0,2016-05-20,2016-05-20
-1406879,771979,1,1,1,1,2016-05-20,2016-05-20
-1406879,771997,1,1,1,0,2016-02-26,2016-02-26
-1406879,771999,2,1,1,0,2016-02-26,2016-02-26
-1406879,772001,1,1,1,1,2016-02-26,2016-02-26
-1406879,772002,4,4,2,0,2017-02-02,2017-02-02
-1406879,772003,1,1,1,0,2016-05-20,2016-05-20
-1406879,772004,2,1,1,0,2016-02-26,2016-02-26
-1406879,772007,1,1,1,0,2016-02-26,2016-02-26
-1406879,772008,1,1,1,0,2016-02-26,2016-02-26
-1406879,772010,1,1,1,0,2016-02-26,2016-02-26
-1406879,772019,2,2,1,0,2016-05-21,2016-05-21
-1406879,772239,1,1,1,1,2019-04-26,2019-04-26
-1406879,772425,1,1,1,0,2018-09-20,2018-09-20
-1406879,772721,1,1,1,1,2019-06-27,2019-06-27
-1406879,772781,1,1,1,0,2019-04-28,2019-04-28
-1406879,772844,2,2,1,0,2018-12-29,2018-12-29
-1406879,772845,3,3,1,0,2018-12-29,2018-12-29
-1406879,772846,1,1,1,0,2018-12-29,2018-12-29
-1406879,772975,1,1,1,0,2019-04-28,2019-04-28
-1406879,772980,1,1,1,0,2019-04-28,2019-04-28
-1406879,773028,1,1,1,0,2019-04-23,2019-04-23
-1406879,773035,1,1,1,1,2019-04-28,2019-04-28
-1406879,773045,1,1,1,0,2019-04-28,2019-04-28
-1406879,773866,2,2,1,0,2016-07-23,2016-07-19
-1406879,774075,1,1,1,0,2019-06-23,2019-06-23
-1406879,774233,1,1,1,0,2017-06-08,2017-06-08
-1406878,771967,1,1,1,0,2018-03-16,2018-03-16
-1406878,771972,1,1,1,1,2016-05-20,2016-05-20
-1406878,771973,2,2,1,0,2016-05-20,2016-05-20
-1406878,771974,1,1,1,0,2016-05-20,2016-05-20
-1406878,771975,1,1,1,1,2016-05-21,2016-05-21
-1406878,771996,4,4,3,0,2019-03-26,2017-09-10
-1406878,772002,1,1,1,0,2018-12-12,2018-12-12
-1406878,772004,1,1,1,0,2017-11-09,2017-11-09
-1406878,772005,1,1,1,0,2017-01-20,2017-01-20
-1406878,772006,1,1,1,0,2016-05-20,2016-05-20
-1406878,772047,1,1,1,0,2017-02-19,2017-02-19
-1406878,772212,1,1,1,1,2019-03-29,2019-03-29
-1406878,772292,1,1,1,0,2017-04-13,2017-04-13
-1406878,772427,1,1,1,1,2018-06-20,2018-06-20
-1406878,772429,1,1,1,0,2018-09-20,2018-09-20
-1406878,772536,1,1,1,0,2018-09-25,2018-09-25
-1406878,772720,1,1,1,1,2019-05-16,2019-05-16
-1406878,773034,1,1,1,0,2018-05-15,2018-05-15
-1406878,773042,1,1,1,0,2019-04-28,2019-04-28
-1406878,773049,1,1,1,0,2019-04-28,2019-04-28
-1406878,773497,2,2,1,0,2016-11-26,2016-11-26
-1406878,773525,1,1,1,0,2018-06-30,2018-06-30
-1406878,773568,1,1,1,0,2018-09-03,2018-09-03
-1406878,773616,1,1,1,0,2019-04-27,2019-04-27
-1406878,773871,1,1,1,0,2019-06-29,2019-06-29
-1406878,773903,1,1,1,0,2018-09-05,2018-09-05
-1406878,774035,1,1,1,0,2016-08-27,2016-08-27
-1406878,774181,1,1,1,0,2017-12-09,2017-12-09
-1406878,774187,1,1,1,0,2016-08-27,2016-08-27
-1406877,771932,1,1,1,0,2016-05-20,2016-05-20
-1406877,771980,1,1,1,1,2016-05-20,2016-05-20
-1406877,772004,2,2,1,0,2017-02-21,2017-02-21
-1406877,772005,2,2,2,0,2017-02-21,2016-10-06
-1406877,772006,1,1,1,0,2016-02-26,2016-02-26
-1406877,772008,2,2,2,0,2016-05-21,2016-04-08
-1406877,772010,1,1,1,1,2016-02-26,2016-02-26
-1406877,772204,1,1,1,0,2017-04-21,2017-04-21
-1406877,772372,1,1,1,0,2016-10-24,2016-10-24
-1406877,772534,1,1,1,0,2018-09-28,2018-09-28
-1406877,772660,1,1,1,1,2018-05-24,2018-05-24
-1406877,772978,1,1,1,1,2019-04-27,2019-04-27
-1406877,773043,1,1,1,0,2019-04-28,2019-04-28
-1406877,773499,3,3,1,0,2018-09-03,2018-09-03
-1406877,773508,1,1,1,0,2018-12-04,2018-12-04
-1406877,773533,1,1,1,0,2018-06-30,2018-06-30
-1406877,773541,1,1,1,0,2019-04-12,2019-04-12
-1406877,773546,1,1,1,0,2019-04-12,2019-04-12
-1406877,773569,1,1,1,0,2019-04-12,2019-04-12
-1406877,773866,1,1,1,0,2017-04-16,2017-04-16
-1406877,774076,1,1,1,0,2019-04-27,2019-04-27
-1406877,774202,1,1,1,0,2019-03-25,2019-03-25
-1406876,771932,1,1,1,0,2016-05-20,2016-05-20
-1406876,771935,1,1,1,0,2016-05-20,2016-05-20
-1406876,771974,1,1,1,1,2016-05-20,2016-05-20
-1406876,772008,2,2,1,1,2016-02-26,2016-02-26
-1406876,772239,1,1,1,1,2019-04-26,2019-04-26
-1406876,772294,1,1,1,1,2019-05-20,2019-05-20
-1406876,772902,1,1,1,0,2018-04-01,2018-04-01
-1406876,772972,1,1,1,0,2019-04-28,2019-04-28
-1406876,772974,2,2,1,0,2019-04-28,2019-04-28
-1406876,772975,2,2,1,0,2019-04-28,2019-04-25
-1406876,772978,1,1,1,0,2019-04-28,2019-04-28
-1406876,773049,1,1,1,0,2019-04-28,2019-04-28
-1406876,773472,1,1,1,0,2017-07-19,2017-07-19
-1406876,773500,1,1,1,0,2019-04-22,2019-04-22
-1406876,773561,1,1,1,0,2019-04-27,2019-04-27
-1406876,773568,1,1,1,0,2019-04-27,2019-04-27
-1406876,773863,1,1,1,0,2016-07-16,2016-07-16
-1406876,774076,1,1,1,0,2019-04-27,2019-04-27
-1406876,774156,1,1,1,0,2017-06-08,2017-06-08
-1406875,771977,1,1,1,1,2016-05-21,2016-05-21
-1406875,771979,1,1,1,0,2016-05-20,2016-05-20
-1406875,772004,1,1,1,0,2016-05-20,2016-05-20
-1406875,772007,1,1,1,0,2016-02-26,2016-02-26
-1406875,772023,1,1,1,0,2018-06-25,2018-06-25
-1406875,772101,1,1,1,0,2018-07-25,2018-07-25
-1406875,772718,1,1,1,1,2019-05-19,2019-05-19
-1406875,772845,1,1,1,0,2018-12-29,2018-12-29
-1406875,772972,2,2,1,0,2019-04-28,2019-04-27
-1406875,772973,1,1,1,0,2019-04-28,2019-04-28
-1406875,772975,2,1,1,0,2019-04-28,2019-04-28
-1406875,772976,2,1,1,0,2019-04-28,2019-04-28
-1406875,772977,2,1,1,0,2019-04-28,2019-04-28
-1406875,772978,1,1,1,0,2019-04-26,2019-04-26
-1406875,773037,3,3,1,0,2018-03-29,2017-09-14
-1406875,773043,1,1,1,0,2019-04-28,2019-04-28
-1406875,773864,14,12,1,0,2016-09-03,2016-07-30
-1406875,773867,1,1,1,0,2019-06-30,2019-06-30
-1406875,773869,1,1,1,0,2019-06-26,2019-06-26
-1406875,774041,1,1,1,0,2016-08-13,2016-08-13
-1406875,774069,1,1,1,0,2016-07-02,2016-07-02
-1406875,774148,1,1,1,0,2017-06-08,2017-06-08
-1406875,774416,1,1,1,0,2017-06-14,2017-06-14
-1406874,771800,1,1,1,0,2018-11-17,2018-11-17
-1406874,771960,1,1,1,0,2018-02-02,2018-02-02
-1406874,771974,1,1,1,1,2016-05-21,2016-05-21
-1406874,771978,1,1,1,1,2016-05-20,2016-05-20
-1406874,771979,1,1,1,1,2016-05-20,2016-05-20
-1406874,771981,1,1,1,0,2018-04-14,2018-04-14
-1406874,772005,1,1,1,0,2016-05-20,2016-05-20
-1406874,772008,1,1,1,0,2016-05-21,2016-05-21
-1406874,772012,1,1,1,1,2016-02-26,2016-02-26
-1406874,772689,1,1,1,0,2019-04-27,2019-04-27
-1406874,772690,1,1,1,0,2019-04-27,2019-04-27
-1406874,772976,1,1,1,0,2019-04-26,2019-04-26
-1406874,772977,1,1,1,0,2019-04-26,2019-04-26
-1406874,773027,1,1,1,1,2019-04-28,2019-04-28
-1406874,773036,1,1,1,0,2019-04-28,2019-04-28
-1406874,773044,2,1,2,0,2019-04-28,2019-04-28
-1406874,773047,1,1,1,0,2019-04-28,2019-04-28
-1406874,773494,1,1,1,0,2018-06-30,2018-06-30
-1406874,773542,1,1,1,0,2019-04-22,2019-04-22
-1406874,773543,1,1,1,0,2019-04-19,2019-04-19
-1406874,773562,1,1,1,0,2018-11-17,2018-11-17
-1406874,773570,1,1,1,0,2018-06-30,2018-06-30
-1406874,774141,1,1,1,0,2017-06-08,2017-06-08
-1406874,774178,1,1,1,0,2019-04-27,2019-04-27
-1406874,774185,1,1,1,0,2018-07-01,2018-07-01
-1406874,774197,1,1,1,0,2019-03-25,2019-03-25
-1406873,771800,1,1,1,0,2018-11-17,2018-11-17
-1406873,771929,1,1,1,0,2016-05-20,2016-05-20
-1406873,771976,1,1,1,1,2016-05-21,2016-05-21
-1406873,771977,1,1,1,1,2016-05-21,2016-05-21
-1406873,772011,1,1,1,0,2017-12-24,2017-12-24
-1406873,772237,1,1,1,1,2019-04-26,2019-04-26
-1406873,772977,1,1,1,0,2019-04-28,2019-04-28
-1406873,772978,1,1,1,0,2019-04-26,2019-04-26
-1406873,773036,2,2,1,0,2018-04-12,2018-04-12
-1406873,773037,1,1,1,0,2018-04-12,2018-04-12
-1406873,773044,2,1,2,0,2019-04-28,2019-04-28
-1406873,773045,1,1,1,0,2019-04-28,2019-04-28
-1406873,773067,1,1,1,0,2019-05-16,2019-05-16
-1406873,773496,1,1,1,0,2019-04-22,2019-04-22
-1406873,773561,1,1,1,0,2018-11-17,2018-11-17
-1406873,774036,1,1,1,0,2018-04-30,2018-04-30
-1406873,774075,1,1,1,0,2016-11-05,2016-11-05
-1406873,774237,2,2,1,0,2017-06-08,2017-06-08
-1406872,771930,1,1,1,0,2016-05-20,2016-05-20
-1406872,771933,1,1,1,0,2016-05-20,2016-05-20
-1406872,771971,1,1,1,1,2016-05-21,2016-05-21
-1406872,772004,1,1,1,0,2016-06-13,2016-06-13
-1406872,772009,1,1,1,0,2016-05-21,2016-05-21
-1406872,772507,1,1,1,1,2016-04-24,2016-04-24
-1406872,772690,1,1,1,0,2016-05-09,2016-05-09
-1406872,772974,1,1,1,0,2019-04-26,2019-04-26
-1406872,772975,1,1,1,0,2019-04-26,2019-04-26
-1406872,773042,1,1,1,0,2019-04-28,2019-04-28
-1406872,773534,1,1,1,0,2019-04-20,2019-04-20
-1406872,773543,1,1,1,0,2019-04-28,2019-04-28
-1406872,773867,1,1,1,0,2016-05-28,2016-05-28
-1406871,771805,1,1,1,1,2017-06-25,2017-06-25
-1406871,771932,1,1,1,0,2016-05-20,2016-05-20
-1406871,771934,1,1,1,0,2016-05-20,2016-05-20
-1406871,771943,1,1,1,1,2018-05-09,2018-05-09
-1406871,772008,1,1,1,0,2016-05-20,2016-05-20
-1406871,772269,1,1,1,0,2018-08-23,2018-08-23
-1406871,772286,1,1,1,1,2019-05-27,2019-05-27
-1406871,772537,1,1,1,0,2018-04-12,2018-04-12
-1406871,772849,1,1,1,1,2019-04-28,2019-04-28
-1406871,772963,1,1,1,0,2018-07-28,2018-07-28
-1406871,772975,2,2,1,1,2019-04-26,2019-04-26
-1406871,772979,1,1,1,0,2019-04-26,2019-04-26
-1406871,773045,1,1,1,0,2019-04-28,2019-04-28
-1406871,773865,1,1,1,0,2016-07-16,2016-07-16
-1406871,773867,2,2,1,0,2017-04-16,2017-04-16
-1406871,774076,1,1,1,0,2019-05-25,2019-05-25
-1406871,774203,1,1,1,0,2019-04-27,2019-04-27
-1406870,771797,1,1,1,0,2018-07-17,2018-07-17
-1406870,771930,1,1,1,0,2016-05-20,2016-05-20
-1406870,771978,1,1,1,1,2016-05-21,2016-05-21
-1406870,772831,1,1,1,1,2016-08-07,2016-08-07
-1406870,772881,1,1,1,0,2019-05-04,2019-05-04
-1406870,772974,2,2,1,0,2019-04-26,2019-04-26
-1406870,772976,1,1,1,1,2019-04-26,2019-04-26
-1406870,773025,1,1,1,1,2019-04-23,2019-04-23
-1406870,773026,1,1,1,1,2019-04-28,2019-04-28
-1406870,773040,1,1,1,0,2019-04-22,2019-04-22
-1406870,773098,1,1,1,0,2018-05-24,2018-05-24
-1406870,774029,1,1,1,0,2016-06-18,2016-06-18
-1406870,774036,1,1,1,0,2018-04-30,2018-04-30
-1406870,774037,2,1,1,0,2016-08-27,2016-08-20
-1406870,774064,1,1,1,0,2016-11-05,2016-11-05
-1406870,774080,1,1,1,0,2016-11-05,2016-11-05
-1406870,774137,1,1,1,0,2017-06-08,2017-06-08
-1406870,774184,1,1,1,0,2019-04-28,2019-04-28
-1406870,774424,1,1,1,0,2017-06-14,2017-06-14
-1406869,771972,1,1,1,0,2018-08-07,2018-08-07
-1406869,772471,1,1,1,1,2018-11-21,2018-11-21
-1406869,772953,1,1,1,0,2019-04-27,2019-04-27
-1406869,772972,1,1,1,0,2019-04-26,2019-04-26
-1406869,773571,1,1,1,0,2019-04-27,2019-04-27
-1406869,773572,1,1,1,0,2019-04-12,2019-04-12
-1406869,773616,1,1,1,0,2019-04-28,2019-04-28
-1406869,773865,2,2,1,0,2016-08-20,2016-08-06
-1406869,774176,1,1,1,0,2016-06-07,2016-06-07
-1406869,774185,1,1,1,0,2019-04-16,2019-04-16
-1406869,774424,1,1,1,0,2017-06-14,2017-06-14
-1406868,771925,1,1,1,1,2017-07-01,2017-07-01
-1406868,772010,1,1,1,0,2016-05-21,2016-05-21
-1406868,772011,1,1,1,0,2016-05-21,2016-05-21
-1406868,772012,1,1,1,0,2016-05-21,2016-05-21
-1406868,772014,1,1,1,0,2016-05-20,2016-05-20
-1406868,772100,1,1,1,1,2018-03-30,2018-03-30
-1406868,772202,1,1,1,0,2018-04-22,2018-04-22
-1406868,772465,1,1,1,1,2018-08-10,2018-08-10
-1406868,772918,1,1,1,0,2019-06-27,2019-06-27
-1406868,772968,1,1,1,1,2019-04-26,2019-04-26
-1406868,772973,1,1,1,1,2019-04-27,2019-04-27
-1406868,772974,2,2,1,0,2019-04-26,2019-04-26
-1406868,772979,1,1,1,0,2019-04-26,2019-04-26
-1406868,773571,1,1,1,0,2019-04-12,2019-04-12
-1406868,773884,1,1,1,0,2016-11-11,2016-11-11
-1406868,774075,1,1,1,0,2019-04-27,2019-04-27
-1406867,771924,1,1,1,0,2017-07-01,2017-07-01
-1406867,771971,1,1,1,0,2017-02-21,2017-02-21
-1406867,771979,1,1,1,0,2019-01-08,2019-01-08
-1406867,772540,1,1,1,1,2017-10-08,2017-10-08
-1406867,772740,1,1,1,0,2018-09-18,2018-09-18
-1406867,772921,1,1,1,0,2019-06-27,2019-06-27
-1406867,772970,1,1,1,0,2019-04-26,2019-04-26
-1406867,772975,1,1,1,0,2019-04-27,2019-04-27
-1406867,773036,1,1,1,0,2019-04-28,2019-04-28
-1406867,774027,1,1,1,0,2016-07-02,2016-07-02
-1406867,774037,1,1,1,0,2019-06-29,2019-06-29
-1406867,774057,1,1,1,0,2016-08-07,2016-08-07
-1406867,774077,1,1,1,0,2016-08-15,2016-08-15
-1406867,774139,1,1,1,0,2017-06-08,2017-06-08
-1406867,774180,1,1,1,0,2016-08-13,2016-08-13
-1406866,771348,1,1,1,0,2017-05-20,2017-05-20
-1406866,771976,1,1,1,0,2016-05-20,2016-05-20
-1406866,771982,1,1,1,0,2019-01-08,2019-01-08
-1406866,772006,1,1,1,0,2016-05-21,2016-05-21
-1406866,772007,2,2,2,0,2016-05-21,2016-05-21
-1406866,772008,1,1,1,0,2016-05-21,2016-05-21
-1406866,772115,1,1,1,1,2017-08-08,2017-08-08
-1406866,772267,1,1,1,0,2019-03-19,2019-03-19
-1406866,772515,1,1,1,1,2019-05-04,2019-05-04
-1406866,772529,1,1,1,0,2018-09-28,2018-09-28
-1406866,772531,1,1,1,1,2019-05-04,2019-05-04
-1406866,772532,1,1,1,1,2019-05-04,2019-05-04
-1406866,772564,1,1,1,0,2018-07-18,2018-07-18
-1406866,772900,1,1,1,0,2018-11-08,2018-11-08
-1406866,772955,1,1,1,0,2016-03-24,2016-03-24
-1406866,773035,2,2,2,0,2019-04-28,2019-04-28
-1406866,773043,1,1,1,0,2019-04-28,2019-04-28
-1406866,773044,2,2,2,0,2019-04-28,2019-02-03
-1406866,773619,1,1,1,0,2019-04-27,2019-04-27
-1406866,773865,2,2,1,0,2016-06-18,2016-06-07
-1406866,773868,1,1,1,0,2017-04-16,2017-04-16
-1406866,774026,1,1,1,0,2016-06-18,2016-06-18
-1406866,774388,1,1,1,0,2017-06-14,2017-06-14
-1406866,774428,1,1,1,0,2017-06-14,2017-06-14
-1406865,771885,1,1,1,0,2019-04-03,2019-04-03
-1406865,771925,1,1,1,0,2019-04-13,2019-04-13
-1406865,771977,1,1,1,1,2016-05-21,2016-05-21
-1406865,771981,1,1,1,0,2016-05-20,2016-05-20
-1406865,771982,1,1,1,0,2019-01-08,2019-01-08
-1406865,771983,1,1,1,0,2019-01-08,2019-01-08
-1406865,772006,2,1,2,0,2019-07-25,2017-12-21
-1406865,772007,1,1,1,0,2016-05-21,2016-05-21
-1406865,772010,1,1,1,0,2016-06-13,2016-06-13
-1406865,772014,1,1,1,0,2016-05-20,2016-05-20
-1406865,772102,1,1,1,0,2017-08-08,2017-08-08
-1406865,772572,1,1,1,0,2018-11-21,2018-11-21
-1406865,772921,2,1,1,0,2019-07-06,2019-07-06
-1406865,772937,1,1,1,0,2019-06-20,2019-06-20
-1406865,772977,1,1,1,0,2019-04-27,2019-04-27
-1406865,773041,1,1,1,0,2019-04-28,2019-04-28
-1406865,773042,1,1,1,0,2019-04-28,2019-04-28
-1406865,773043,2,1,2,0,2019-04-28,2019-04-28
-1406865,773044,3,3,3,0,2019-04-28,2019-04-28
-1406865,773575,1,1,1,0,2019-04-22,2019-04-22
-1406865,773631,1,1,1,0,2019-04-12,2019-04-12
-1406865,773866,1,1,1,0,2016-10-23,2016-10-23
-1406865,774019,1,1,1,0,2019-03-27,2019-03-27
-1406865,774028,1,1,1,0,2019-03-27,2019-03-27
-1406864,771797,1,1,1,0,2017-10-04,2017-10-04
-1406864,771887,1,1,1,1,2019-04-06,2019-04-06
-1406864,771912,1,1,1,0,2019-06-21,2019-06-21
-1406864,771979,1,1,1,0,2016-05-20,2016-05-20
-1406864,771980,2,1,2,0,2016-05-20,2016-05-20
-1406864,772008,1,1,1,0,2016-05-21,2016-05-21
-1406864,772405,1,1,1,1,2018-12-05,2018-12-05
-1406864,772467,1,1,1,1,2019-05-04,2019-05-04
-1406864,772593,1,1,1,0,2017-06-01,2017-06-01
-1406864,772672,1,1,1,0,2019-07-20,2019-07-20
-1406864,772803,1,1,1,0,2019-04-28,2019-04-28
-1406864,772924,1,1,1,0,2019-07-06,2019-07-06
-1406864,772972,1,1,1,0,2019-04-26,2019-04-26
-1406864,772975,1,1,1,0,2019-04-27,2019-04-27
-1406864,772976,1,1,1,0,2019-04-27,2019-04-27
-1406864,773033,2,2,2,0,2019-06-08,2019-05-18
-1406864,773043,2,2,2,0,2019-04-28,2019-04-28
-1406864,773044,2,2,2,0,2019-04-28,2019-04-28
-1406864,773608,1,1,1,0,2019-04-27,2019-04-27
-1406864,773610,1,1,1,0,2019-04-27,2019-04-27
-1406864,773870,1,1,1,0,2017-04-16,2017-04-16
-1406864,774032,2,2,1,0,2019-06-08,2019-06-08
-1406864,774433,1,1,1,0,2017-06-14,2017-06-14
-1406863,771896,1,1,1,0,2018-01-16,2018-01-16
-1406863,772034,1,1,1,0,2018-06-02,2018-06-02
-1406863,772346,1,1,1,0,2018-12-16,2018-12-16
-1406863,772512,1,1,1,1,2019-06-02,2019-06-02
-1406863,772573,1,1,1,0,2018-09-29,2018-09-29
-1406863,772921,1,1,1,0,2019-07-06,2019-07-06
-1406863,772923,1,1,1,0,2019-07-06,2019-07-06
-1406863,772925,1,1,1,0,2019-06-21,2019-06-21
-1406863,772976,1,1,1,0,2019-04-26,2019-04-26
-1406863,773041,1,1,1,0,2019-04-28,2019-04-28
-1406863,773042,2,2,2,0,2019-04-28,2019-04-28
-1406863,773043,1,1,1,0,2019-04-28,2019-04-28
-1406863,773044,3,2,3,0,2019-04-28,2019-04-28
-1406863,773204,1,1,1,0,2019-06-16,2019-06-16
-1406863,773288,1,1,1,0,2019-05-01,2019-05-01
-1406863,773569,1,1,1,0,2019-04-27,2019-04-27
-1406863,773577,1,1,1,0,2016-07-30,2016-07-30
-1406863,773866,1,1,1,0,2016-07-23,2016-07-23
-1406863,774027,4,3,1,0,2016-08-27,2016-08-27
-1406863,774061,2,2,1,0,2016-11-05,2016-11-05
-1406863,774180,1,1,1,0,2019-04-13,2019-04-13
-1406862,771974,1,1,1,1,2016-05-21,2016-05-21
-1406862,771980,2,2,1,0,2016-05-20,2016-05-20
-1406862,772006,1,1,1,0,2016-05-20,2016-05-20
-1406862,772233,1,1,1,1,2019-04-26,2019-04-26
-1406862,772412,1,1,1,0,2017-06-08,2017-06-08
-1406862,772509,1,1,1,1,2018-06-04,2018-06-04
-1406862,772517,1,1,1,0,2018-09-28,2018-09-28
-1406862,772976,1,1,1,1,2019-04-26,2019-04-26
-1406862,772977,2,2,1,0,2019-04-26,2019-04-26
-1406862,773043,2,2,2,0,2019-04-28,2019-04-28
-1406862,773044,1,1,1,0,2019-04-28,2019-04-28
-1406862,773045,1,1,1,0,2019-04-28,2019-04-28
-1406862,773046,2,2,2,0,2019-04-28,2019-04-28
-1406862,773582,1,1,1,0,2018-06-30,2018-06-30
-1406862,773867,1,1,1,0,2017-05-14,2017-05-14
-1406862,774023,2,2,1,0,2016-06-18,2016-06-18
-1406862,774073,1,1,1,0,2019-04-27,2019-04-27
-1406862,774391,1,1,1,0,2017-06-14,2017-06-14
-1406861,771977,1,1,1,1,2016-05-21,2016-05-21
-1406861,772003,1,1,1,0,2016-11-11,2016-11-11
-1406861,772052,1,1,1,0,2019-06-26,2019-06-26
-1406861,772113,1,1,1,0,2018-06-09,2018-06-09
-1406861,772139,1,1,1,1,2017-08-08,2017-08-08
-1406861,772342,1,1,1,0,2016-04-01,2016-04-01
-1406861,772836,1,1,1,1,2019-04-28,2019-04-28
-1406861,772875,1,1,1,0,2018-05-10,2018-05-10
-1406861,772888,1,1,1,0,2019-05-25,2019-05-25
-1406861,772922,2,2,1,0,2019-07-06,2019-07-01
-1406861,772976,1,1,1,0,2019-04-22,2019-04-22
-1406861,772986,1,1,1,1,2019-06-10,2019-06-10
-1406861,773042,2,2,2,0,2019-04-28,2019-04-28
-1406861,773116,1,1,1,1,2018-03-29,2018-03-29
-1406861,773588,1,1,1,0,2018-06-30,2018-06-30
-1406861,773867,1,1,1,0,2016-06-18,2016-06-18
-1406861,773869,2,2,1,0,2017-04-16,2017-04-16
-1406861,774030,1,1,1,0,2016-06-18,2016-06-18
-1406861,774066,1,1,1,0,2016-11-05,2016-11-05
-1406861,774073,1,1,1,0,2017-04-12,2017-04-12
-1406860,771346,1,1,1,0,2018-11-13,2018-11-13
-1406860,771784,1,1,1,1,2016-04-03,2016-04-03
-1406860,771974,1,1,1,0,2016-05-20,2016-05-20
-1406860,771979,1,1,1,0,2016-05-20,2016-05-20
-1406860,772354,1,1,1,0,2019-07-01,2019-07-01
-1406860,773028,1,1,1,0,2019-05-05,2019-05-05
-1406860,773042,2,2,1,0,2019-04-28,2019-04-28
-1406860,773044,1,1,1,0,2019-04-28,2019-04-28
-1406860,773045,1,1,1,0,2019-04-28,2019-04-28
-1406860,773137,1,1,1,0,2017-06-29,2017-06-29
-1406860,773205,1,1,1,0,2019-06-16,2019-06-16
-1406860,773587,1,1,1,0,2018-12-04,2018-12-04
-1406860,773863,1,1,1,0,2016-10-29,2016-10-29
-1406860,773873,1,1,1,0,2016-07-23,2016-07-23
-1406860,774032,1,1,1,0,2018-04-30,2018-04-30
-1406860,774035,1,1,1,0,2019-03-26,2019-03-26
-1406860,774058,1,1,1,0,2016-11-05,2016-11-05
-1406860,774179,1,1,1,0,2016-07-02,2016-07-02
-1406860,774437,1,1,1,0,2017-06-14,2017-06-14
-1406859,771920,1,1,1,1,2018-11-17,2018-11-17
-1406859,771978,1,1,1,1,2016-05-21,2016-05-21
-1406859,772339,1,1,1,1,2019-04-22,2019-04-22
-1406859,773029,1,1,1,0,2019-04-28,2019-04-28
-1406859,773031,1,1,1,0,2019-04-28,2019-04-28
-1406859,773037,1,1,1,0,2019-04-28,2019-04-28
-1406859,773042,1,1,1,0,2019-04-28,2019-04-28
-1406859,773611,1,1,1,0,2019-04-28,2019-04-28
-1406859,774160,1,1,1,0,2019-06-29,2019-06-29
-1406859,774170,1,1,1,0,2016-07-02,2016-07-02
-1406858,771350,1,1,1,0,2018-04-28,2018-04-28
-1406858,771949,1,1,1,0,2019-06-18,2019-06-18
-1406858,771977,1,1,1,1,2016-05-21,2016-05-21
-1406858,771980,1,1,1,1,2016-02-26,2016-02-26
-1406858,771987,1,1,1,0,2016-05-20,2016-05-20
-1406858,772002,1,1,1,0,2016-11-11,2016-11-11
-1406858,772479,1,1,1,0,2017-11-14,2017-11-14
-1406858,772724,1,1,1,0,2018-10-07,2018-10-07
-1406858,772823,1,1,1,1,2019-04-28,2019-04-28
-1406858,772951,2,2,1,2,2018-10-07,2018-10-07
-1406858,773043,1,1,1,0,2019-04-28,2019-04-28
-1406858,773150,1,1,1,1,2016-05-18,2016-05-18
-1406858,773591,1,1,1,0,2018-11-17,2018-11-17
-1406858,773612,1,1,1,0,2016-07-30,2016-07-30
-1406858,773867,1,1,1,0,2016-07-23,2016-07-23
-1406858,773868,1,1,1,0,2019-04-12,2019-04-12
-1406858,774069,1,1,1,0,2018-07-28,2018-07-28
-1406858,774074,1,1,1,0,2016-06-18,2016-06-18
-1406858,774157,2,1,1,0,2019-05-24,2019-05-24
-1406858,774158,1,1,1,0,2019-05-24,2019-05-24
-1406857,771350,1,1,1,0,2018-04-28,2018-04-28
-1406857,771974,1,1,1,1,2016-05-21,2016-05-21
-1406857,771981,1,1,1,0,2018-11-30,2018-11-30
-1406857,771988,1,1,1,0,2016-05-20,2016-05-20
-1406857,772005,1,1,1,0,2016-05-20,2016-05-20
-1406857,772234,1,1,1,1,2019-04-26,2019-04-26
-1406857,772824,1,1,1,1,2019-04-28,2019-04-28
-1406857,772835,1,1,1,0,2018-05-14,2018-05-14
-1406857,772838,1,1,1,1,2018-05-14,2018-05-14
-1406857,772839,1,1,1,1,2018-05-14,2018-05-14
-1406857,772949,1,1,1,0,2019-05-27,2019-05-27
-1406857,772953,1,1,1,0,2019-04-26,2019-04-26
-1406857,773043,1,1,1,0,2019-04-28,2019-04-28
-1406857,773239,1,1,1,0,2017-04-17,2017-04-17
-1406857,773475,1,1,1,0,2018-09-05,2018-09-05
-1406857,773869,1,1,1,0,2017-04-16,2017-04-16
-1406857,773878,1,1,1,0,2016-11-11,2016-11-11
-1406857,774020,4,4,1,0,2016-08-27,2016-08-27
-1406857,774022,1,1,1,0,2019-04-27,2019-04-27
-1406857,774024,1,1,1,0,2019-03-26,2019-03-26
-1406857,774175,1,1,1,0,2016-10-29,2016-10-29
-1406856,770641,2,2,1,0,2018-01-28,2018-01-28
-1406856,771348,1,1,1,0,2019-05-17,2019-05-17
-1406856,771795,2,2,1,0,2018-09-09,2018-09-09
-1406856,771924,1,1,1,0,2018-06-23,2018-06-23
-1406856,771950,1,1,1,0,2018-10-28,2018-10-28
-1406856,771952,1,1,1,0,2019-04-01,2019-04-01
-1406856,771977,2,2,2,0,2016-05-21,2016-05-21
-1406856,771981,2,2,1,0,2018-11-30,2018-11-30
-1406856,772466,1,1,1,1,2018-08-11,2018-08-11
-1406856,772599,1,1,1,0,2017-04-26,2017-04-26
-1406856,773621,1,1,1,0,2019-04-12,2019-04-12
-1406856,773871,2,2,1,0,2017-04-16,2017-04-16
-1406856,773877,1,1,1,0,2019-07-04,2019-07-04
-1406856,774022,1,1,1,0,2019-04-27,2019-04-27
-1406856,774154,1,1,1,0,2019-05-24,2019-05-24
-1406856,774179,2,2,1,0,2016-08-27,2016-08-27
-1406856,774415,1,1,1,0,2017-07-15,2017-07-15
-1406855,771784,1,1,1,0,2018-03-30,2018-03-30
-1406855,771974,2,2,2,2,2016-05-21,2016-05-21
-1406855,771976,1,1,1,1,2016-05-21,2016-05-21
-1406855,771980,1,1,1,1,2016-05-21,2016-05-21
-1406855,771981,1,1,1,0,2016-05-21,2016-05-21
-1406855,771985,1,1,1,0,2016-05-20,2016-05-20
-1406855,773043,1,1,1,0,2019-04-28,2019-04-28
-1406855,773044,1,1,1,0,2019-04-28,2019-04-28
-1406855,773605,1,1,1,0,2018-11-17,2018-11-17
-1406855,773867,17,13,1,0,2016-10-29,2016-09-03
-1406855,774019,1,1,1,0,2016-06-18,2016-06-18
-1406855,774071,1,1,1,0,2016-07-02,2016-07-02
-1406855,774286,1,1,1,0,2017-06-08,2017-06-08
-1406854,771349,1,1,1,0,2019-02-15,2019-02-15
-1406854,771927,1,1,1,1,2018-05-28,2018-05-28
-1406854,771956,1,1,1,0,2019-03-05,2019-03-05
-1406854,771961,1,1,1,0,2016-10-27,2016-10-27
-1406854,771963,1,1,1,1,2019-06-13,2019-06-13
-1406854,771966,1,1,1,0,2017-02-21,2017-02-21
-1406854,771975,2,2,2,1,2016-05-21,2016-05-21
-1406854,771980,1,1,1,0,2016-05-21,2016-05-21
-1406854,771986,1,1,1,0,2018-04-14,2018-04-14
-1406854,771987,2,2,2,0,2016-05-21,2016-05-20
-1406854,772480,1,1,1,0,2018-08-06,2018-08-06
-1406854,772970,1,1,1,0,2019-06-22,2019-06-22
-1406854,772974,1,1,1,0,2019-04-27,2019-04-27
-1406854,773043,1,1,1,1,2019-04-28,2019-04-28
-1406854,773121,1,1,1,0,2017-07-27,2017-07-27
-1406854,773213,1,1,1,0,2017-05-18,2017-05-18
-1406854,773427,1,1,1,0,2019-04-27,2019-04-27
-1406854,773870,1,1,1,0,2016-07-16,2016-07-16
-1406854,773871,1,1,1,0,2017-04-16,2017-04-16
-1406854,773872,3,3,1,0,2017-04-16,2017-04-16
-1406854,774076,1,1,1,0,2016-07-02,2016-07-02
-1406854,774415,1,1,1,0,2017-05-20,2017-05-20
-1406853,770640,1,1,1,0,2018-01-28,2018-01-28
-1406853,771944,1,1,1,0,2016-05-21,2016-05-21
-1406853,771951,1,1,1,0,2018-11-21,2018-11-21
-1406853,771959,1,1,1,0,2019-04-29,2019-04-29
-1406853,771961,1,1,1,0,2018-04-26,2018-04-26
-1406853,771976,1,1,1,1,2016-05-21,2016-05-21
-1406853,771977,1,1,1,0,2016-05-20,2016-05-20
-1406853,771986,1,1,1,0,2016-05-21,2016-05-21
-1406853,771987,1,1,1,0,2016-05-21,2016-05-21
-1406853,772001,1,1,1,0,2016-05-20,2016-05-20
-1406853,772025,1,1,1,0,2017-03-17,2017-03-17
-1406853,772554,1,1,1,1,2018-04-29,2018-04-29
-1406853,773428,1,1,1,0,2019-04-27,2019-04-27
-1406853,773594,1,1,1,0,2018-09-03,2018-09-03
-1406853,773600,1,1,1,0,2018-09-03,2018-09-03
-1406853,773605,1,1,1,0,2019-04-27,2019-04-27
-1406853,773606,1,1,1,0,2019-04-27,2019-04-27
-1406853,773648,1,1,1,0,2016-07-03,2016-07-03
-1406853,773654,1,1,1,0,2018-09-12,2018-09-12
-1406853,773868,1,1,1,0,2017-05-14,2017-05-14
-1406853,773871,1,1,1,0,2017-04-16,2017-04-16
-1406853,773872,2,2,1,0,2016-09-03,2016-08-13
-1406853,773874,1,1,1,0,2019-06-26,2019-06-26
-1406853,774066,1,1,1,0,2016-11-05,2016-11-05
-1406853,774292,1,1,1,0,2017-08-09,2017-08-09
-1406853,774410,1,1,1,0,2017-05-20,2017-05-20
-1406852,771343,3,2,1,0,2019-02-15,2019-02-15
-1406852,771350,1,1,1,0,2017-05-20,2017-05-20
-1406852,771702,1,1,1,0,2016-07-18,2016-07-18
-1406852,771958,1,1,1,0,2018-04-08,2018-04-08
-1406852,771964,1,1,1,1,2017-06-25,2017-06-25
-1406852,771974,1,1,1,0,2016-05-16,2016-05-16
-1406852,771978,1,1,1,1,2019-05-04,2019-05-04
-1406852,771986,1,1,1,0,2016-05-21,2016-05-21
-1406852,771988,1,1,1,0,2016-05-21,2016-05-21
-1406852,772005,1,1,1,1,2016-02-26,2016-02-26
-1406852,772024,1,1,1,1,2018-07-05,2018-07-05
-1406852,772481,1,1,1,0,2017-11-14,2017-11-14
-1406852,772976,2,2,1,1,2019-04-27,2019-04-27
-1406852,773041,1,1,1,0,2019-04-28,2019-04-28
-1406852,773042,2,2,2,0,2019-04-28,2019-04-28
-1406852,773045,1,1,1,0,2019-04-28,2019-04-28
-1406852,773046,1,1,1,0,2019-04-28,2019-04-28
-1406852,773047,1,1,1,0,2019-04-28,2019-04-28
-1406852,773600,1,1,1,0,2018-12-30,2018-12-30
-1406852,773601,1,1,1,0,2019-04-27,2019-04-27
-1406852,773605,1,1,1,0,2016-05-20,2016-05-20
-1406852,773870,1,1,1,0,2016-11-11,2016-11-11
-1406852,774022,1,1,1,0,2016-08-13,2016-08-13
-1406852,774158,1,1,1,0,2019-04-09,2019-04-09
-1406852,774382,1,1,1,0,2017-06-14,2017-06-14
-1406852,774437,1,1,1,0,2017-06-14,2017-06-14
-1406851,771770,1,1,1,1,2019-04-06,2019-04-06
-1406851,771978,1,1,1,1,2016-05-21,2016-05-21
-1406851,771979,1,1,1,0,2016-05-20,2016-05-20
-1406851,771982,1,1,1,0,2016-05-21,2016-05-21
-1406851,771985,3,1,3,0,2016-05-21,2016-05-21
-1406851,771986,3,3,3,0,2016-05-21,2016-05-21
-1406851,771997,1,1,1,0,2016-05-20,2016-05-20
-1406851,772624,1,1,1,0,2018-09-28,2018-09-28
-1406851,773040,1,1,1,0,2019-04-28,2019-04-28
-1406851,773041,1,1,1,0,2019-04-28,2019-04-28
-1406851,773042,1,1,1,0,2019-04-28,2019-04-28
-1406851,773043,1,1,1,0,2019-04-28,2019-04-28
-1406851,773044,3,2,3,0,2019-04-28,2019-04-28
-1406851,773426,1,1,1,0,2019-04-27,2019-04-27
-1406851,773602,1,1,1,0,2018-11-17,2018-11-17
-1406851,773874,1,1,1,0,2019-06-26,2019-06-26
-1406851,774019,1,1,1,0,2019-04-04,2019-04-04
-1406851,774162,1,1,1,0,2019-04-09,2019-04-09
-1406851,774164,1,1,1,0,2016-06-07,2016-06-07
-1406850,771929,1,1,1,0,2018-06-23,2018-06-23
-1406850,771941,1,1,1,0,2017-06-25,2017-06-25
-1406850,771980,1,1,1,1,2016-05-21,2016-05-21
-1406850,771986,4,4,2,0,2016-05-21,2016-05-21
-1406850,771987,1,1,1,0,2016-05-21,2016-05-21
-1406850,771996,1,1,1,0,2016-05-21,2016-05-21
-1406850,772550,1,1,1,0,2017-05-05,2017-05-05
-1406850,772975,1,1,1,0,2019-04-27,2019-04-27
-1406850,773038,1,1,1,0,2019-04-28,2019-04-28
-1406850,773040,1,1,1,0,2019-04-28,2019-04-28
-1406850,773041,1,1,1,0,2019-04-28,2019-04-28
-1406850,773042,1,1,1,0,2019-04-28,2019-04-28
-1406850,773043,1,1,1,0,2019-04-28,2019-04-28
-1406850,773044,2,2,2,0,2019-04-28,2019-04-28
-1406850,773045,4,3,4,0,2019-04-28,2019-04-28
-1406850,773048,1,1,1,0,2019-04-28,2019-04-28
-1406850,773426,1,1,1,0,2019-04-27,2019-04-27
-1406850,773600,1,1,1,0,2019-04-28,2019-04-28
-1406850,773601,1,1,1,0,2018-11-17,2018-11-17
-1406850,773873,1,1,1,0,2017-04-16,2017-04-16
-1406850,773874,1,1,1,0,2019-06-30,2019-06-30
-1406850,774007,1,1,1,0,2019-06-22,2019-06-22
-1406850,774009,1,1,1,0,2018-04-30,2018-04-30
-1406850,774011,1,1,1,0,2019-04-27,2019-04-27
-1406850,774090,1,1,1,0,2019-04-13,2019-04-13
-1406849,771512,1,1,1,0,2018-12-07,2018-12-07
-1406849,771935,1,1,1,1,2017-06-25,2017-06-25
-1406849,771972,1,1,1,1,2016-05-21,2016-05-21
-1406849,771977,1,1,1,0,2016-02-26,2016-02-26
-1406849,771982,1,1,1,0,2016-05-21,2016-05-21
-1406849,771991,1,1,1,0,2018-02-09,2018-02-09
-1406849,772555,1,1,1,0,2018-07-18,2018-07-18
-1406849,772559,1,1,1,0,2018-04-29,2018-04-29
-1406849,772901,1,1,1,0,2019-06-18,2019-06-18
-1406849,773037,1,1,1,0,2019-04-28,2019-04-28
-1406849,773038,1,1,1,0,2019-04-28,2019-04-28
-1406849,773041,3,3,2,0,2019-04-28,2019-04-28
-1406849,773042,2,1,2,0,2019-04-28,2019-04-28
-1406849,773043,2,2,2,0,2019-04-28,2019-04-28
-1406849,773045,1,1,1,0,2019-04-28,2019-04-28
-1406849,773046,3,3,3,0,2019-04-28,2019-04-28
-1406849,773047,1,1,1,0,2019-04-28,2019-04-28
-1406849,773238,1,1,1,1,2018-10-05,2018-10-05
-1406849,773596,1,1,1,0,2016-05-20,2016-05-20
-1406849,773601,2,2,1,0,2016-05-20,2016-05-20
-1406849,773869,3,3,1,0,2016-08-07,2016-07-16
-1406849,773872,1,1,1,0,2017-04-16,2017-04-16
-1406849,773874,1,1,1,0,2017-04-16,2017-04-16
-1406849,773876,4,4,1,0,2016-11-11,2016-10-07
-1406849,774011,1,1,1,0,2019-04-27,2019-04-27
-1406849,774075,1,1,1,0,2019-04-27,2019-04-27
-1406849,774087,2,2,1,0,2018-09-05,2018-09-05
-1406848,771995,1,1,1,0,2016-05-20,2016-05-20
-1406848,772345,1,1,1,1,2019-05-01,2019-05-01
-1406848,772965,1,1,1,0,2019-04-02,2019-04-02
-1406848,772976,1,1,1,0,2019-04-26,2019-04-26
-1406848,772989,1,1,1,0,2019-04-28,2019-04-28
-1406848,773037,1,1,1,0,2019-04-28,2019-04-28
-1406848,773038,1,1,1,0,2019-04-28,2019-04-28
-1406848,773047,1,1,1,0,2019-04-28,2019-04-28
-1406848,773048,1,1,1,0,2019-04-28,2019-04-28
-1406848,773051,1,1,1,0,2019-04-28,2019-04-28
-1406848,773214,1,1,1,0,2017-06-29,2017-06-29
-1406848,773595,1,1,1,0,2016-05-20,2016-05-20
-1406848,773606,1,1,1,0,2018-11-17,2018-11-17
-1406848,773609,1,1,1,0,2018-11-17,2018-11-17
-1406848,773877,1,1,1,0,2016-07-23,2016-07-23
-1406848,773881,1,1,1,0,2019-04-28,2019-04-28
-1406848,774088,1,1,1,0,2019-04-27,2019-04-27
-1406848,774089,1,1,1,0,2018-09-05,2018-09-05
-1406848,774149,1,1,1,0,2019-06-22,2019-06-22
-1406848,774292,1,1,1,0,2017-05-29,2017-05-29
-1406847,771940,1,1,1,0,2017-06-25,2017-06-25
-1406847,771958,1,1,1,0,2019-04-16,2019-04-16
-1406847,771993,1,1,1,0,2016-05-20,2016-05-20
-1406847,771995,3,3,1,0,2016-05-20,2016-05-20
-1406847,772552,1,1,1,1,2018-07-08,2018-07-08
-1406847,772567,1,1,1,1,2017-04-28,2017-04-28
-1406847,772798,1,1,1,0,2019-05-09,2019-05-09
-1406847,772901,2,2,1,0,2019-06-18,2018-06-03
-1406847,773038,1,1,1,0,2019-04-28,2019-04-28
-1406847,773045,1,1,1,0,2019-04-28,2019-04-28
-1406847,773387,1,1,1,0,2019-07-08,2019-07-08
-1406847,773595,1,1,1,0,2016-05-20,2016-05-20
-1406847,773596,1,1,1,0,2016-05-20,2016-05-20
-1406847,773872,2,2,1,0,2016-10-23,2016-10-23
-1406847,773873,1,1,1,0,2017-04-16,2017-04-16
-1406847,773874,1,1,1,0,2017-05-14,2017-05-14
-1406847,773875,1,1,1,0,2017-04-16,2017-04-16
-1406847,773876,1,1,1,0,2017-04-16,2017-04-16
-1406847,773877,1,1,1,0,2017-04-16,2017-04-16
-1406847,774064,1,1,1,0,2016-11-05,2016-11-05
-1406847,774087,1,1,1,0,2019-06-07,2019-06-07
-1406847,774405,1,1,1,0,2017-05-29,2017-05-29
-1406846,771939,1,1,1,0,2017-06-25,2017-06-25
-1406846,772072,1,1,1,0,2019-05-08,2019-05-08
-1406846,772975,1,1,1,0,2019-04-27,2019-04-27
-1406846,772976,1,1,1,0,2019-04-26,2019-04-26
-1406846,772991,1,1,1,0,2019-04-28,2019-04-28
-1406846,773051,1,1,1,0,2019-04-28,2019-04-28
-1406846,773880,1,1,1,0,2016-11-11,2016-11-11
-1406846,773998,1,1,1,0,2017-10-16,2017-10-16
-1406846,774004,1,1,1,0,2019-03-27,2019-03-27
-1406846,774090,1,1,1,0,2019-06-23,2019-06-23
-1406846,774339,1,1,1,0,2017-07-20,2017-07-20
-1406846,774341,1,1,1,0,2017-08-24,2017-08-24
-1406846,774344,1,1,1,0,2017-07-15,2017-07-15
-1406846,774346,1,1,1,0,2017-06-28,2017-06-28
-1406845,771762,1,1,1,0,2018-05-23,2018-05-23
-1406845,771995,2,2,1,0,2016-05-21,2016-05-21
-1406845,772458,1,1,1,1,2019-05-29,2019-05-29
-1406845,772459,1,1,1,1,2019-06-11,2019-06-11
-1406845,772497,1,1,1,0,2018-05-15,2018-05-15
-1406845,772618,1,1,1,0,2019-04-25,2019-04-25
-1406845,772913,1,1,1,0,2018-04-08,2018-04-08
-1406845,772975,1,1,1,0,2019-04-26,2019-04-26
-1406845,773046,1,1,1,0,2019-04-28,2019-04-28
-1406845,773049,1,1,1,0,2019-04-28,2019-04-28
-1406845,773050,1,1,1,0,2019-04-28,2019-04-28
-1406845,773051,1,1,1,0,2019-04-28,2019-04-28
-1406845,773052,2,2,2,0,2019-04-28,2019-04-28
-1406845,773289,2,1,1,0,2019-05-17,2019-05-17
-1406845,773290,1,1,1,0,2018-08-04,2018-08-04
-1406845,773596,1,1,1,1,2016-05-20,2016-05-20
-1406845,773599,1,1,1,0,2016-05-20,2016-05-20
-1406845,773872,1,1,1,0,2016-06-18,2016-06-18
-1406845,773875,5,2,1,0,2017-05-14,2017-05-14
-1406845,773876,1,1,1,0,2017-04-16,2017-04-16
-1406845,773880,1,1,1,0,2016-03-12,2016-03-12
-1406845,774013,1,1,1,0,2016-08-13,2016-08-13
-1406845,774018,1,1,1,0,2016-08-13,2016-08-13
-1406845,774166,1,1,1,0,2018-04-07,2018-04-07
-1406845,774342,1,1,1,0,2017-05-29,2017-05-29
-1406845,774347,1,1,1,0,2017-08-09,2017-08-09
-1406845,774429,1,1,1,0,2017-06-14,2017-06-14
-1406844,771766,1,1,1,0,2019-04-04,2019-04-04
-1406844,771914,4,3,1,0,2016-05-05,2016-05-05
-1406844,771928,1,1,1,1,2017-06-25,2017-06-25
-1406844,771945,1,1,1,0,2018-06-04,2018-06-04
-1406844,771967,1,1,1,1,2016-05-24,2016-05-24
-1406844,771976,1,1,1,1,2019-05-04,2019-05-04
-1406844,771997,1,1,1,0,2016-05-21,2016-05-21
-1406844,772292,1,1,1,0,2017-04-18,2017-04-18
-1406844,772411,1,1,1,0,2017-02-11,2017-02-11
-1406844,772623,1,1,1,0,2018-09-28,2018-09-28
-1406844,772910,1,1,1,0,2019-04-26,2019-04-26
-1406844,772913,1,1,1,0,2019-04-26,2019-04-26
-1406844,772974,1,1,1,0,2019-04-27,2019-04-27
-1406844,773049,1,1,1,0,2019-04-28,2019-04-28
-1406844,773051,2,2,2,0,2019-04-28,2019-04-28
-1406844,773052,1,1,1,0,2019-04-28,2019-04-28
-1406844,773064,1,1,1,0,2019-04-27,2019-04-27
-1406844,773881,1,1,1,0,2017-04-16,2017-04-16
-1406844,774091,1,1,1,0,2019-06-10,2019-06-10
-1406844,774148,1,1,1,0,2019-06-22,2019-06-22
-1406844,774404,1,1,1,0,2017-07-20,2017-07-20
-1406843,771340,1,1,1,0,2019-05-17,2019-05-17
-1406843,771755,1,1,1,0,2019-04-06,2019-04-06
-1406843,771944,1,1,1,0,2017-06-25,2017-06-25
-1406843,771984,1,1,1,0,2016-05-19,2016-05-19
-1406843,771994,2,2,2,0,2016-05-21,2016-05-20
-1406843,771996,1,1,1,0,2016-05-21,2016-05-21
-1406843,772070,1,1,1,0,2019-05-08,2019-05-08
-1406843,772298,1,1,1,0,2017-04-13,2017-04-13
-1406843,772908,1,1,1,0,2018-04-28,2018-04-28
-1406843,772909,1,1,1,0,2019-04-26,2019-04-26
-1406843,772910,1,1,1,0,2019-04-26,2019-04-26
-1406843,772972,1,1,1,0,2019-04-27,2019-04-27
-1406843,772975,1,1,1,1,2019-04-27,2019-04-27
-1406843,772976,1,1,1,0,2019-04-27,2019-04-27
-1406843,772977,1,1,1,1,2019-04-27,2019-04-27
-1406843,772978,1,1,1,0,2019-04-27,2019-04-27
-1406843,772980,1,1,1,0,2019-04-27,2019-04-27
-1406843,772981,1,1,1,0,2018-05-07,2018-05-07
-1406843,773036,1,1,1,0,2019-04-28,2019-04-28
-1406843,773041,1,1,1,0,2019-04-28,2019-04-28
-1406843,773046,1,1,1,0,2019-04-28,2019-04-28
-1406843,773050,2,2,1,0,2019-04-28,2019-04-28
-1406843,773051,1,1,1,0,2019-04-28,2019-04-28
-1406843,773053,1,1,1,0,2019-04-28,2019-04-28
-1406843,773877,2,2,1,0,2016-05-28,2016-05-28
-1406843,773979,1,1,1,0,2019-04-27,2019-04-27
-1406843,774149,1,1,1,0,2019-06-22,2019-06-22
-1406843,774152,1,1,1,0,2019-07-26,2019-07-26
-1406842,771748,1,1,1,1,2018-04-01,2018-04-01
-1406842,771985,1,1,1,0,2018-06-28,2018-06-28
-1406842,771995,1,1,1,0,2016-05-21,2016-05-21
-1406842,772973,1,1,1,0,2019-04-27,2019-04-27
-1406842,772981,1,1,1,0,2018-05-07,2018-05-07
-1406842,773051,1,1,1,0,2019-04-28,2019-04-28
-1406842,773066,1,1,1,0,2019-04-27,2019-04-27
-1406842,773880,1,1,1,0,2017-04-16,2017-04-16
-1406842,773884,2,1,1,0,2016-07-16,2016-07-16
-1406842,774077,1,1,1,0,2019-04-27,2019-04-27
-1406841,771996,1,1,1,0,2016-05-20,2016-05-20
-1406841,772738,1,1,1,0,2019-04-18,2019-04-18
-1406841,772909,1,1,1,0,2018-11-30,2018-11-30
-1406841,772910,1,1,1,0,2019-04-26,2019-04-26
-1406841,772911,1,1,1,0,2016-06-19,2016-06-19
-1406841,772977,1,1,1,0,2019-04-27,2019-04-27
-1406841,773049,1,1,1,0,2019-04-28,2019-04-28
-1406841,773056,1,1,1,0,2019-04-28,2019-04-28
-1406841,773877,1,1,1,0,2016-07-09,2016-07-09
-1406841,773881,1,1,1,0,2016-06-18,2016-06-18
-1406841,773883,2,2,1,0,2019-06-08,2019-06-08
-1406841,774077,1,1,1,0,2019-04-27,2019-04-27
-1406841,774149,1,1,1,0,2019-06-22,2019-06-22
-1406841,774326,1,1,1,0,2017-08-09,2017-08-09
-1406841,774358,1,1,1,0,2017-08-09,2017-08-09
-1406840,771352,2,2,1,0,2019-04-01,2019-04-01
-1406840,771942,1,1,1,0,2017-06-25,2017-06-25
-1406840,772309,1,1,1,1,2019-05-04,2019-05-04
-1406840,773037,1,1,1,0,2019-04-28,2019-04-28
-1406840,773048,1,1,1,0,2019-04-28,2019-04-28
-1406840,773051,1,1,1,0,2019-04-28,2019-04-28
-1406840,773259,1,1,1,0,2017-04-17,2017-04-17
-1406840,773444,1,1,1,0,2019-04-27,2019-04-27
-1406840,773879,5,5,1,0,2017-04-16,2017-04-16
-1406840,773881,5,5,1,0,2016-11-11,2016-09-03
-1406840,773888,1,1,1,0,2016-07-23,2016-07-23
-1406840,774009,1,1,1,0,2016-06-18,2016-06-18
-1406840,774069,1,1,1,0,2016-11-05,2016-11-05
-1406840,774094,1,1,1,0,2019-04-13,2019-04-13
-1406840,774358,1,1,1,0,2017-07-15,2017-07-15
-1406840,774359,1,1,1,0,2017-05-29,2017-05-29
-1406840,774369,1,1,1,0,2017-06-14,2017-06-14
-1406839,771971,1,1,1,0,2016-05-20,2016-05-20
-1406839,771984,1,1,1,0,2016-05-20,2016-05-20
-1406839,772409,1,1,1,0,2019-04-09,2019-04-09
-1406839,772569,1,1,1,0,2019-04-04,2019-04-04
-1406839,772588,1,1,1,0,2018-09-29,2018-09-29
-1406839,772714,1,1,1,0,2019-05-24,2019-05-24
-1406839,773046,1,1,1,0,2019-04-28,2019-04-28
-1406839,773048,2,2,1,0,2019-04-28,2019-04-28
-1406839,773049,2,2,2,0,2019-04-28,2019-04-28
-1406839,773442,1,1,1,0,2019-04-27,2019-04-27
-1406839,773997,1,1,1,0,2019-04-27,2019-04-27
-1406839,774004,1,1,1,0,2019-04-27,2019-04-27
-1406839,774151,1,1,1,0,2019-06-29,2019-06-29
-1406838,771344,1,1,1,0,2017-05-20,2017-05-20
-1406838,771350,1,1,1,0,2019-04-01,2019-04-01
-1406838,771738,1,1,1,0,2016-02-21,2016-02-21
-1406838,771935,1,1,1,1,2018-07-18,2018-07-18
-1406838,771941,1,1,1,0,2017-06-25,2017-06-25
-1406838,771996,1,1,1,0,2019-05-19,2019-05-19
-1406838,772016,1,1,1,0,2017-06-11,2017-06-11
-1406838,772144,1,1,1,0,2019-05-29,2019-05-29
-1406838,772604,1,1,1,0,2017-07-05,2017-07-05
-1406838,772716,1,1,1,0,2019-06-03,2019-06-03
-1406838,772736,1,1,1,0,2017-07-23,2017-07-23
-1406838,772976,1,1,1,0,2019-04-27,2019-04-27
-1406838,773050,1,1,1,0,2019-04-28,2019-04-28
-1406838,774065,1,1,1,0,2016-10-23,2016-10-23
-1406838,774105,1,1,1,0,2016-12-03,2016-12-03
-1406838,774151,2,2,1,0,2019-06-29,2019-06-19
-1406837,771738,1,1,1,0,2019-05-12,2019-05-12
-1406837,771983,1,1,1,0,2016-05-20,2016-05-20
-1406837,772007,1,1,1,0,2016-05-19,2016-05-19
-1406837,772008,1,1,1,0,2016-05-19,2016-05-19
-1406837,772015,1,1,1,0,2017-06-11,2017-06-11
-1406837,772016,2,2,1,0,2017-06-11,2017-06-11
-1406837,772735,1,1,1,0,2018-04-08,2018-04-08
-1406837,772914,1,1,1,0,2018-08-19,2018-08-19
-1406837,773045,1,1,1,0,2019-04-28,2019-04-28
-1406837,773047,2,2,2,0,2019-04-28,2019-04-28
-1406837,773056,1,1,1,0,2019-04-28,2019-04-28
-1406837,773884,1,1,1,0,2017-04-16,2017-04-16
-1406837,773886,1,1,1,0,2019-06-08,2019-06-08
-1406837,773887,1,1,1,0,2016-07-23,2016-07-23
-1406837,773926,1,1,1,0,2019-04-27,2019-04-27
-1406837,774067,1,1,1,0,2016-07-09,2016-07-09
-1406837,774079,1,1,1,0,2019-04-27,2019-04-27
-1406837,774086,1,1,1,0,2016-10-29,2016-10-29
-1406837,774104,1,1,1,0,2019-04-13,2019-04-13
-1406837,774107,1,1,1,0,2019-07-21,2019-07-21
-1406837,774153,1,1,1,0,2017-04-12,2017-04-12
-1406836,771943,1,1,1,1,2017-06-25,2017-06-25
-1406836,771944,1,1,1,0,2017-06-25,2017-06-25
-1406836,771945,1,1,1,0,2017-06-25,2017-06-25
-1406836,771990,1,1,1,0,2018-04-14,2018-04-14
-1406836,772096,1,1,1,1,2019-04-06,2019-04-06
-1406836,772715,1,1,1,1,2019-05-23,2019-05-23
-1406836,772973,1,1,1,0,2019-04-27,2019-04-27
-1406836,773035,2,2,2,1,2019-04-28,2019-04-28
-1406836,773045,1,1,1,0,2019-04-28,2019-04-28
-1406836,773046,3,2,3,0,2019-04-28,2019-04-28
-1406836,773047,2,2,2,0,2019-04-28,2019-04-28
-1406836,773052,1,1,1,0,2019-04-28,2019-04-28
-1406836,773054,1,1,1,0,2019-04-28,2019-04-28
-1406836,773882,2,2,1,0,2017-04-16,2017-04-16
-1406836,773886,2,2,1,0,2016-10-23,2016-09-21
-1406836,773887,1,1,1,0,2017-04-16,2017-04-16
-1406836,773891,6,6,1,0,2016-07-09,2016-06-07
-1406836,773893,1,1,1,0,2019-04-27,2019-04-27
-1406836,774079,1,1,1,0,2019-04-27,2019-04-27
-1406836,774104,1,1,1,0,2016-10-29,2016-10-29
-1406836,774105,1,1,1,0,2016-10-29,2016-10-29
-1406836,774146,1,1,1,0,2019-06-10,2019-06-10
-1406836,774364,1,1,1,0,2017-05-29,2017-05-29
-1406835,772687,1,1,1,1,2019-05-23,2019-05-23
-1406835,772970,1,1,1,0,2019-04-27,2019-04-27
-1406835,772974,1,1,1,0,2019-04-27,2019-04-27
-1406835,773034,1,1,1,0,2019-04-28,2019-04-28
-1406835,773038,1,1,1,0,2019-04-28,2019-04-28
-1406835,773044,1,1,1,0,2019-04-28,2019-04-28
-1406835,773045,2,2,1,0,2019-04-28,2019-04-28
-1406835,773046,1,1,1,0,2019-04-28,2019-04-28
-1406835,773047,2,2,2,0,2019-04-28,2019-04-28
-1406835,773051,1,1,1,0,2019-04-28,2019-04-28
-1406835,773163,1,1,1,1,2019-05-02,2019-05-02
-1406835,773237,1,1,1,0,2017-04-17,2017-04-17
-1406835,773886,1,1,1,0,2019-06-25,2019-06-25
-1406835,773891,1,1,1,0,2019-04-27,2019-04-27
-1406835,773901,1,1,1,0,2017-05-20,2017-05-20
-1406835,773996,1,1,1,0,2018-09-05,2018-09-05
-1406835,774004,1,1,1,0,2016-06-18,2016-06-18
-1406835,774076,2,2,1,0,2019-07-04,2019-07-04
-1406835,774091,1,1,1,0,2019-04-27,2019-04-27
-1406835,774148,1,1,1,0,2019-04-27,2019-04-27
-1406835,774149,1,1,1,0,2019-06-10,2019-06-10
-1406834,771345,1,1,1,0,2019-04-01,2019-04-01
-1406834,771347,1,1,1,0,2019-05-17,2019-05-17
-1406834,771946,1,1,1,0,2017-06-25,2017-06-25
-1406834,772902,1,1,1,1,2018-04-01,2018-04-01
-1406834,772973,1,1,1,0,2019-04-27,2019-04-27
-1406834,772977,1,1,1,0,2018-05-07,2018-05-07
-1406834,772994,1,1,1,0,2019-04-28,2019-04-28
-1406834,773034,1,1,1,0,2019-04-28,2019-04-28
-1406834,773039,1,1,1,0,2019-04-28,2019-04-28
-1406834,773043,1,1,1,0,2019-04-28,2019-04-28
-1406834,773045,1,1,1,0,2019-04-28,2019-04-28
-1406834,773047,2,2,2,0,2019-04-28,2019-04-28
-1406834,773048,1,1,1,0,2019-04-28,2019-04-28
-1406834,773050,1,1,1,0,2019-04-28,2019-04-28
-1406834,773051,2,2,1,0,2019-04-28,2019-04-28
-1406834,773053,1,1,1,0,2019-04-28,2019-04-28
-1406834,773056,1,1,1,0,2019-04-28,2019-04-28
-1406834,773057,1,1,1,0,2019-04-25,2019-04-25
-1406834,773277,1,1,1,1,2017-10-10,2017-10-10
-1406834,773884,1,1,1,0,2016-08-07,2016-08-07
-1406834,773888,1,1,1,0,2019-06-27,2019-06-27
-1406834,773893,1,1,1,0,2019-05-25,2019-05-25
-1406834,773905,1,1,1,0,2019-06-16,2019-06-16
-1406834,774067,1,1,1,0,2016-11-05,2016-11-05
-1406834,774146,2,2,2,0,2019-06-10,2019-05-30
-1406834,774147,1,1,1,0,2019-06-10,2019-06-10
-1406834,774164,1,1,1,0,2019-06-10,2019-06-10
-1406833,772585,1,1,1,0,2018-10-07,2018-10-07
-1406833,772974,1,1,1,0,2019-04-27,2019-04-27
-1406833,773034,1,1,1,1,2019-04-28,2019-04-28
-1406833,773035,1,1,1,0,2019-04-28,2019-04-28
-1406833,773040,2,2,2,0,2019-04-28,2019-04-28
-1406833,773044,1,1,1,0,2019-04-28,2019-04-28
-1406833,773045,1,1,1,0,2019-04-28,2019-04-28
-1406833,773046,2,2,2,0,2019-04-28,2019-04-28
-1406833,773049,1,1,1,0,2019-04-28,2019-04-28
-1406833,773050,2,2,2,0,2019-04-28,2019-04-28
-1406833,773053,2,2,2,0,2019-04-28,2019-04-28
-1406833,773058,1,1,1,0,2019-04-28,2019-04-28
-1406833,773060,1,1,1,0,2019-04-28,2019-04-28
-1406833,773168,1,1,1,1,2019-04-26,2019-04-26
-1406833,773260,1,1,1,1,2017-04-17,2017-04-17
-1406833,773888,1,1,1,0,2019-06-27,2019-06-27
-1406833,773895,1,1,1,0,2019-04-27,2019-04-27
-1406833,773898,4,3,1,0,2017-05-14,2017-04-16
-1406833,773901,1,1,1,0,2019-04-27,2019-04-27
-1406833,773903,1,1,1,0,2019-04-27,2019-04-27
-1406833,773907,1,1,1,0,2019-06-16,2019-06-16
-1406833,773909,1,1,1,0,2019-04-27,2019-04-27
-1406833,773910,2,2,2,0,2019-06-16,2019-05-22
-1406833,773998,2,2,2,0,2019-03-27,2018-10-12
-1406832,771944,1,1,1,0,2017-06-25,2017-06-25
-1406832,772234,1,1,1,0,2019-05-29,2019-05-29
-1406832,772404,1,1,1,1,2018-09-07,2018-09-07
-1406832,773035,1,1,1,0,2018-11-11,2018-11-11
-1406832,773038,1,1,1,0,2019-04-28,2019-04-28
-1406832,773040,3,3,3,0,2019-04-28,2019-04-28
-1406832,773041,1,1,1,0,2019-04-28,2019-04-28
-1406832,773042,1,1,1,0,2019-04-28,2019-04-28
-1406832,773044,2,2,2,0,2019-04-28,2019-04-28
-1406832,773046,1,1,1,0,2019-04-28,2019-04-28
-1406832,773048,1,1,1,0,2019-04-28,2019-04-28
-1406832,773049,2,2,2,0,2019-04-28,2019-04-28
-1406832,773058,1,1,1,0,2019-04-28,2019-04-28
-1406832,773061,1,1,1,0,2019-04-28,2019-04-28
-1406832,773889,1,1,1,0,2019-06-16,2019-06-16
-1406832,773891,1,1,1,0,2016-07-16,2016-07-16
-1406832,773892,1,1,1,0,2016-09-03,2016-09-03
-1406832,773895,1,1,1,0,2019-04-27,2019-04-27
-1406832,773899,1,1,1,0,2017-09-09,2017-09-09
-1406832,773905,1,1,1,0,2016-11-26,2016-11-26
-1406832,773910,1,1,1,0,2019-04-27,2019-04-27
-1406832,774000,1,1,1,0,2016-07-02,2016-07-02
-1406832,774086,1,1,1,0,2016-10-29,2016-10-29
-1406832,774162,1,1,1,0,2019-06-22,2019-06-22
-1406831,771597,1,1,1,0,2019-01-17,2019-01-17
-1406831,771943,1,1,1,0,2017-06-25,2017-06-25
-1406831,771945,1,1,1,0,2017-06-25,2017-06-25
-1406831,772464,1,1,1,1,2018-05-01,2018-05-01
-1406831,772503,1,1,1,0,2019-07-12,2019-07-12
-1406831,772536,1,1,1,0,2018-09-29,2018-09-29
-1406831,772974,2,2,1,0,2019-04-27,2019-04-27
-1406831,773032,1,1,1,1,2019-04-28,2019-04-28
-1406831,773033,1,1,1,0,2019-04-28,2019-04-28
-1406831,773040,1,1,1,0,2019-04-28,2019-04-28
-1406831,773043,1,1,1,0,2019-04-28,2019-04-28
-1406831,773044,1,1,1,0,2019-04-28,2019-04-28
-1406831,773046,1,1,1,0,2019-04-28,2019-04-28
-1406831,773048,1,1,1,0,2018-02-19,2018-02-19
-1406831,773056,1,1,1,0,2019-04-28,2019-04-28
-1406831,773168,2,2,1,2,2019-04-26,2019-04-26
-1406831,773659,1,1,1,0,2018-05-14,2018-05-14
-1406831,773717,1,1,1,0,2019-04-17,2019-04-17
-1406831,773886,1,1,1,0,2016-11-11,2016-11-11
-1406831,773889,1,1,1,0,2019-06-22,2019-06-22
-1406831,773893,1,1,1,0,2019-07-04,2019-07-04
-1406831,773900,1,1,1,0,2016-06-18,2016-06-18
-1406831,774142,1,1,1,0,2019-04-28,2019-04-28
-1406830,771342,1,1,1,0,2019-04-01,2019-04-01
-1406830,771946,1,1,1,0,2017-06-25,2017-06-25
-1406830,772259,1,1,1,0,2018-05-10,2018-05-10
-1406830,772463,1,1,1,1,2018-05-01,2018-05-01
-1406830,772499,1,1,1,0,2018-09-28,2018-09-28
-1406830,772502,1,1,1,0,2019-06-15,2019-06-15
-1406830,772676,1,1,1,0,2018-07-14,2018-07-14
-1406830,773039,1,1,1,0,2019-04-28,2019-04-28
-1406830,773044,1,1,1,0,2019-04-28,2019-04-28
-1406830,773045,1,1,1,0,2019-04-28,2019-04-28
-1406830,773046,1,1,1,0,2019-04-28,2019-04-28
-1406830,773893,1,1,1,0,2019-06-15,2019-06-15
-1406830,773897,14,12,1,0,2017-05-20,2017-05-20
-1406830,773919,1,1,1,0,2019-04-27,2019-04-27
-1406830,774076,2,2,1,0,2016-11-05,2016-11-05
-1406830,774092,1,1,1,0,2016-07-02,2016-07-02
-1406830,774130,1,1,1,0,2016-04-17,2016-04-17
-1406830,774132,1,1,1,0,2017-12-09,2017-12-09
-1406829,770325,1,1,1,0,2017-01-15,2017-01-15
-1406829,772534,1,1,1,0,2016-08-06,2016-08-06
-1406829,772673,1,1,1,0,2017-06-02,2017-06-02
-1406829,773042,1,1,1,0,2019-04-28,2019-04-28
-1406829,773043,1,1,1,0,2019-04-28,2019-04-28
-1406829,773044,1,1,1,0,2019-04-28,2019-04-28
-1406829,773062,1,1,1,0,2019-04-25,2019-04-25
-1406829,773188,1,1,1,1,2019-03-11,2019-03-11
-1406829,773886,1,1,1,0,2019-06-30,2019-06-30
-1406829,773896,1,1,1,0,2019-04-27,2019-04-27
-1406829,773898,1,1,1,0,2017-04-16,2017-04-16
-1406829,773901,3,2,1,0,2017-05-20,2017-05-20
-1406829,773916,1,1,1,0,2019-04-27,2019-04-27
-1406829,773917,1,1,1,0,2017-04-16,2017-04-16
-1406829,773918,1,1,1,0,2017-04-16,2017-04-16
-1406829,773966,2,2,1,0,2016-07-02,2016-07-02
-1406829,773973,1,1,1,0,2019-04-27,2019-04-27
-1406829,773980,1,1,1,0,2019-04-27,2019-04-27
-1406829,773984,1,1,1,0,2019-04-27,2019-04-27
-1406829,773986,2,2,1,0,2019-04-27,2019-04-27
-1406829,773987,2,2,1,0,2019-04-27,2019-04-27
-1406829,773988,1,1,1,0,2019-03-26,2019-03-26
-1406829,773989,1,1,1,0,2019-03-26,2019-03-26
-1406829,773999,1,1,1,0,2019-04-27,2019-04-27
-1406828,770329,1,1,1,0,2018-01-28,2018-01-28
-1406828,772500,1,1,1,0,2018-08-01,2018-08-01
-1406828,772552,1,1,1,0,2018-05-26,2018-05-26
-1406828,773041,2,2,2,0,2019-04-28,2019-04-28
-1406828,773045,1,1,1,0,2019-04-28,2019-04-28
-1406828,773890,1,1,1,0,2017-05-14,2017-05-14
-1406828,773894,1,1,1,0,2019-04-27,2019-04-27
-1406828,773895,1,1,1,0,2019-04-27,2019-04-27
-1406828,773903,1,1,1,0,2016-06-18,2016-06-18
-1406828,773906,4,4,1,0,2017-05-14,2017-05-14
-1406828,773919,1,1,1,0,2016-11-26,2016-11-26
-1406828,773932,1,1,1,0,2019-04-27,2019-04-27
-1406828,773958,1,1,1,0,2018-04-30,2018-04-30
-1406828,773976,1,1,1,0,2019-04-27,2019-04-27
-1406828,773983,1,1,1,0,2019-04-27,2019-04-27
-1406828,773987,2,2,1,0,2019-04-27,2019-04-27
-1406828,773995,1,1,1,0,2018-04-30,2018-04-30
-1406828,773997,1,1,1,0,2019-03-27,2019-03-27
-1406828,774126,1,1,1,0,2018-04-07,2018-04-07
-1406828,774314,1,1,1,0,2017-06-08,2017-06-08
-1406827,772045,2,2,1,0,2019-06-18,2019-06-18
-1406827,772095,1,1,1,0,2016-05-19,2016-05-19
-1406827,772291,1,1,1,0,2017-04-13,2017-04-13
-1406827,772486,1,1,1,0,2017-08-05,2017-08-05
-1406827,773039,1,1,1,0,2019-04-28,2019-04-28
-1406827,773041,1,1,1,0,2019-04-28,2019-04-28
-1406827,773214,1,1,1,0,2017-06-29,2017-06-29
-1406827,773878,2,2,1,0,2017-05-20,2017-05-20
-1406827,773907,1,1,1,0,2017-04-16,2017-04-16
-1406827,773908,1,1,1,0,2017-04-16,2017-04-16
-1406827,773910,6,5,1,0,2016-11-11,2016-07-16
-1406827,773911,1,1,1,0,2017-04-16,2017-04-16
-1406827,773925,1,1,1,0,2017-04-16,2017-04-16
-1406827,773988,1,1,1,0,2018-04-30,2018-04-30
-1406827,773995,1,1,1,0,2018-04-30,2018-04-30
-1406827,774132,1,1,1,0,2018-04-07,2018-04-07
-1406827,774368,1,1,1,0,2017-08-09,2017-08-09
-1406826,771728,1,1,1,1,2018-04-01,2018-04-01
-1406826,771948,1,1,1,1,2017-06-25,2017-06-25
-1406826,772032,1,1,1,1,2018-04-21,2018-04-21
-1406826,772068,1,1,1,1,2019-03-29,2019-03-29
-1406826,772143,1,1,1,0,2019-06-26,2019-06-26
-1406826,772292,1,1,1,0,2019-06-16,2019-06-16
-1406826,772535,1,1,1,0,2018-10-08,2018-10-08
-1406826,772536,1,1,1,0,2019-06-27,2019-06-27
-1406826,772783,1,1,1,0,2017-08-27,2017-08-27
-1406826,772820,1,1,1,1,2019-05-19,2019-05-19
-1406826,773043,1,1,1,0,2019-04-28,2019-04-28
-1406826,773061,1,1,1,0,2019-04-28,2019-04-28
-1406826,773889,3,3,1,0,2017-05-20,2016-11-11
-1406826,773899,1,1,1,0,2017-04-16,2017-04-16
-1406826,773907,1,1,1,0,2017-05-14,2017-05-14
-1406826,773908,1,1,1,1,2017-04-16,2017-04-16
-1406826,773921,1,1,1,0,2019-04-27,2019-04-27
-1406826,773931,1,1,1,0,2019-04-27,2019-04-27
-1406826,773934,2,2,2,0,2019-04-27,2019-04-11
-1406826,773953,1,1,1,0,2019-04-27,2019-04-27
-1406826,773995,1,1,1,0,2018-04-30,2018-04-30
-1406826,774074,1,1,1,0,2017-05-06,2017-05-06
-1406826,774079,1,1,1,0,2019-04-27,2019-04-27
-1406826,774099,1,1,1,0,2019-06-12,2019-06-12
-1406826,774125,1,1,1,0,2019-06-28,2019-06-28
-1406826,774129,1,1,1,0,2019-04-27,2019-04-27
-1406825,771729,1,1,1,1,2019-03-30,2019-03-30
-1406825,771794,1,1,1,1,2016-05-18,2016-05-18
-1406825,772055,1,1,1,1,2019-06-06,2019-06-06
-1406825,772573,1,1,1,1,2018-04-18,2018-04-18
-1406825,772668,1,1,1,1,2017-10-08,2017-10-08
-1406825,772669,1,1,1,1,2018-07-14,2018-07-14
-1406825,772973,1,1,1,0,2019-04-26,2019-04-26
-1406825,773060,1,1,1,0,2019-04-28,2019-04-28
-1406825,773190,1,1,1,1,2019-03-11,2019-03-11
-1406825,773883,1,1,1,0,2017-05-20,2017-05-20
-1406825,773926,1,1,1,0,2019-04-27,2019-04-27
-1406825,773961,1,1,1,0,2016-07-02,2016-07-02
-1406825,773979,1,1,1,0,2019-04-27,2019-04-27
-1406825,774078,3,3,1,0,2016-11-05,2016-11-05
-1406825,774120,1,1,1,0,2019-06-10,2019-06-10
-1406825,774133,1,1,1,0,2019-04-27,2019-04-27
-1406825,774371,1,1,1,0,2017-05-20,2017-05-20
-1406824,771349,1,1,1,0,2016-12-20,2016-12-20
-1406824,771722,1,1,1,1,2019-03-30,2019-03-30
-1406824,772522,1,1,1,0,2018-08-10,2018-08-10
-1406824,772663,1,1,1,1,2019-06-01,2019-06-01
-1406824,772976,1,1,1,0,2019-05-17,2019-05-17
-1406824,773921,1,1,1,0,2017-04-16,2017-04-16
-1406824,773937,1,1,1,0,2018-04-12,2018-04-12
-1406824,773991,1,1,1,0,2016-06-18,2016-06-18
-1406824,774079,1,1,1,0,2019-04-27,2019-04-27
-1406824,774080,1,1,1,0,2018-05-20,2018-05-20
-1406824,774096,1,1,1,0,2017-04-12,2017-04-12
-1406824,774102,1,1,1,0,2018-04-07,2018-04-07
-1406824,774129,1,1,1,0,2016-12-03,2016-12-03
-1406824,774130,1,1,1,0,2019-04-27,2019-04-27
-1406824,774134,1,1,1,0,2019-06-28,2019-06-28
-1406824,774138,2,2,1,0,2019-04-27,2019-04-27
-1406824,774373,1,1,1,0,2017-07-15,2017-07-15
-1406823,772240,1,1,1,0,2019-06-10,2019-06-10
-1406823,772262,1,1,1,0,2019-04-15,2019-04-15
-1406823,772659,1,1,1,0,2019-04-18,2019-04-18
-1406823,772921,1,1,1,0,2017-08-05,2017-08-05
-1406823,773062,1,1,1,0,2019-04-28,2019-04-28
-1406823,773188,1,1,1,0,2019-03-11,2019-03-11
-1406823,773534,1,1,1,1,2018-10-21,2018-10-21
-1406823,773897,1,1,1,0,2019-04-27,2019-04-27
-1406823,773923,2,2,1,0,2017-04-16,2017-04-16
-1406823,773943,1,1,1,0,2019-04-27,2019-04-27
-1406823,773945,1,1,1,0,2019-04-27,2019-04-27
-1406823,773953,1,1,1,0,2018-04-30,2018-04-30
-1406823,773969,1,1,1,0,2016-06-18,2016-06-18
-1406823,773984,2,2,1,0,2016-08-13,2016-08-13
-1406823,774101,1,1,1,0,2017-04-12,2017-04-12
-1406823,774133,1,1,1,0,2019-06-28,2019-06-28
-1406822,771732,1,1,1,1,2019-04-06,2019-04-06
-1406822,772586,1,1,1,1,2019-04-27,2019-04-27
-1406822,772644,1,1,1,0,2019-05-23,2019-05-23
-1406822,773064,1,1,1,0,2019-04-28,2019-04-28
-1406822,773076,1,1,1,0,2019-04-28,2019-04-28
-1406822,773887,2,2,1,0,2016-11-11,2016-11-11
-1406822,773900,1,1,1,0,2017-04-16,2017-04-16
-1406822,773920,2,2,1,0,2016-11-26,2016-09-20
-1406822,773924,1,1,1,0,2019-04-27,2019-04-27
-1406822,773925,1,1,1,0,2017-04-16,2017-04-16
-1406822,773927,1,1,1,0,2019-04-27,2019-04-27
-1406822,773932,1,1,1,0,2019-04-27,2019-04-27
-1406822,773939,2,2,2,0,2019-06-16,2018-11-22
-1406822,773947,1,1,1,0,2019-04-27,2019-04-27
-1406822,774094,1,1,1,0,2017-04-12,2017-04-12
-1406822,774097,1,1,1,0,2016-11-19,2016-11-19
-1406822,774319,1,1,1,0,2017-06-08,2017-06-08
-1406821,772027,1,1,1,0,2016-05-19,2016-05-19
-1406821,772034,1,1,1,0,2018-10-20,2018-10-20
-1406821,772066,1,1,1,0,2017-12-14,2017-12-14
-1406821,772149,1,1,1,1,2018-03-30,2018-03-30
-1406821,772151,1,1,1,0,2016-05-20,2016-05-20
-1406821,772185,1,1,1,1,2017-07-21,2017-07-21
-1406821,772260,1,1,1,0,2019-04-15,2019-04-15
-1406821,772467,1,1,1,0,2018-04-03,2018-04-03
-1406821,772682,1,1,1,0,2018-06-04,2018-06-04
-1406821,773066,1,1,1,0,2019-04-28,2019-04-28
-1406821,773355,1,1,1,0,2018-09-25,2018-09-25
-1406821,773899,1,1,1,0,2019-04-27,2019-04-27
-1406821,773909,1,1,1,1,2017-04-16,2017-04-16
-1406821,773929,1,1,1,0,2018-05-05,2018-05-05
-1406821,773932,1,1,1,0,2019-04-27,2019-04-27
-1406821,773942,1,1,1,0,2019-04-13,2019-04-13
-1406820,771991,1,1,1,1,2018-04-17,2018-04-17
-1406820,772106,1,1,1,0,2018-05-26,2018-05-26
-1406820,772138,1,1,1,0,2018-05-26,2018-05-26
-1406820,772148,1,1,1,1,2018-04-10,2018-04-10
-1406820,772254,1,1,1,0,2018-12-13,2018-12-13
-1406820,772259,1,1,1,0,2019-04-15,2019-04-15
-1406820,772320,1,1,1,0,2018-08-27,2018-08-27
-1406820,772570,1,1,1,0,2017-10-19,2017-10-19
-1406820,772930,1,1,1,1,2018-02-12,2018-02-12
-1406820,772932,3,3,1,2,2017-07-29,2017-07-28
-1406820,772933,1,1,1,1,2017-07-28,2017-07-28
-1406820,773077,1,1,1,0,2019-04-28,2019-04-28
-1406820,773896,1,1,1,0,2017-04-16,2017-04-16
-1406820,773897,1,1,1,0,2019-04-27,2019-04-27
-1406820,773928,1,1,1,0,2019-04-27,2019-04-27
-1406820,773935,1,1,1,0,2016-06-18,2016-06-18
-1406820,773941,2,2,1,0,2016-08-13,2016-07-16
-1406820,773966,2,2,1,0,2016-08-13,2016-08-13
-1406820,774091,1,1,1,0,2019-04-19,2019-04-19
-1406820,774100,1,1,1,0,2019-06-12,2019-06-12
-1406820,774384,1,1,1,0,2017-05-20,2017-05-20
-1406819,771940,1,1,1,0,2019-04-03,2019-04-03
-1406819,772166,1,1,1,0,2018-08-13,2018-08-13
-1406819,772357,1,1,1,0,2018-10-01,2018-10-01
-1406819,772879,1,1,1,1,2018-04-29,2018-04-29
-1406819,772932,2,2,1,0,2017-07-28,2017-07-28
-1406819,773042,1,1,1,0,2019-04-28,2019-04-28
-1406819,773045,1,1,1,0,2019-04-28,2019-04-28
-1406819,773050,1,1,1,0,2019-04-28,2019-04-28
-1406819,773051,1,1,1,0,2019-04-28,2019-04-28
-1406819,773065,1,1,1,0,2019-04-28,2019-04-28
-1406819,773891,1,1,1,0,2016-09-10,2016-09-10
-1406819,773929,1,1,1,0,2019-04-27,2019-04-27
-1406819,773947,1,1,1,0,2016-06-18,2016-06-18
-1406819,773955,4,3,1,0,2016-07-02,2016-07-02
-1406819,773992,3,3,1,0,2016-08-27,2016-08-27
-1406819,774078,1,1,1,0,2019-04-27,2019-04-27
-1406819,774090,1,1,1,0,2018-04-07,2018-04-07
-1406819,774379,1,1,1,0,2017-08-24,2017-08-24
-1406818,771480,1,1,1,0,2018-05-07,2018-05-07
-1406818,771729,1,1,1,0,2019-06-25,2019-06-25
-1406818,772151,1,1,1,0,2016-05-20,2016-05-20
-1406818,772973,1,1,1,0,2018-05-07,2018-05-07
-1406818,773006,1,1,1,1,2018-08-23,2018-08-23
-1406818,773041,1,1,1,0,2019-04-28,2019-04-28
-1406818,773215,1,1,1,0,2017-06-29,2017-06-29
-1406818,773338,1,1,1,0,2018-03-25,2018-03-25
-1406818,773823,1,1,1,0,2017-03-25,2017-03-25
-1406818,773886,1,1,1,0,2017-05-20,2017-05-20
-1406818,773891,1,1,1,0,2019-04-27,2019-04-27
-1406818,773934,1,1,1,0,2019-04-27,2019-04-27
-1406818,774093,1,1,1,0,2019-04-13,2019-04-13
-1406818,774341,1,1,1,0,2017-06-14,2017-06-14
-1406818,774382,1,1,1,0,2017-06-28,2017-06-28
-1406817,772011,1,1,1,0,2017-06-11,2017-06-11
-1406817,772262,1,1,1,0,2018-05-10,2018-05-10
-1406817,773037,1,1,1,1,2019-04-28,2019-04-28
-1406817,773066,2,2,1,0,2019-04-28,2019-04-28
-1406817,773067,1,1,1,0,2019-04-28,2019-04-28
-1406817,773068,1,1,1,0,2019-04-28,2019-04-28
-1406817,773878,2,2,1,0,2016-09-03,2016-09-03
-1406816,771742,1,1,1,1,2019-03-30,2019-03-30
-1406816,772095,1,1,1,0,2019-04-20,2019-04-20
-1406816,772239,1,1,1,0,2019-04-27,2019-04-27
-1406816,772247,1,1,1,0,2019-04-29,2019-04-29
-1406816,772267,1,1,1,0,2017-06-26,2017-06-26
-1406816,772930,1,1,1,1,2018-02-12,2018-02-12
-1406816,773045,1,1,1,0,2019-07-07,2019-07-07
-1406816,773058,1,1,1,0,2019-04-28,2019-04-28
-1406816,773066,1,1,1,0,2019-04-28,2019-04-28
-1406816,773079,1,1,1,0,2019-04-28,2019-04-28
-1406816,773895,1,1,1,0,2019-06-14,2019-06-14
-1406816,773938,1,1,1,0,2018-04-30,2018-04-30
-1406816,773952,1,1,1,0,2016-08-27,2016-08-27
-1406815,771649,1,1,1,0,2018-06-15,2018-06-15
-1406815,771941,1,1,1,1,2017-06-25,2017-06-25
-1406815,772391,1,1,1,1,2019-05-26,2019-05-26
-1406815,772703,1,1,1,1,2018-05-10,2018-05-10
-1406815,773060,1,1,1,0,2019-04-28,2019-04-28
-1406815,773219,1,1,1,0,2017-06-29,2017-06-29
-1406815,773222,1,1,1,0,2017-06-29,2017-06-29
-1406815,773523,1,1,1,0,2019-04-19,2019-04-19
-1406815,773695,1,1,1,0,2016-05-20,2016-05-20
-1406815,773896,1,1,1,0,2017-04-16,2017-04-16
-1406815,773942,1,1,1,0,2018-04-30,2018-04-30
-1406814,772243,1,1,1,0,2019-04-27,2019-04-27
-1406814,772245,1,1,1,1,2019-04-05,2019-04-05
-1406814,772247,1,1,1,0,2019-04-26,2019-04-26
-1406814,772255,1,1,1,1,2019-07-15,2019-07-15
-1406814,772599,1,1,1,0,2017-04-26,2017-04-26
-1406814,773011,1,1,1,0,2019-04-28,2019-04-28
-1406814,773063,1,1,1,0,2019-04-28,2019-04-28
-1406814,773285,1,1,1,1,2018-11-03,2018-11-03
-1406814,773886,1,1,1,0,2019-04-27,2019-04-27
-1406814,774078,1,1,1,0,2016-11-05,2016-11-05
-1406814,774079,1,1,1,0,2019-04-27,2019-04-27
-1406814,774105,1,1,1,0,2018-05-01,2018-05-01
-1406813,771737,1,1,1,0,2019-04-09,2019-04-09
-1406813,771739,1,1,1,0,2019-04-04,2019-04-04
-1406813,771937,1,1,1,0,2017-06-25,2017-06-25
-1406813,772342,1,1,1,0,2017-09-28,2017-09-28
-1406813,772585,1,1,1,0,2018-09-29,2018-09-29
-1406813,772693,1,1,1,0,2016-10-22,2016-10-22
-1406813,773031,1,1,1,1,2019-04-28,2019-04-28
-1406813,773065,1,1,1,0,2019-04-25,2019-04-25
-1406813,773229,1,1,1,0,2017-06-29,2017-06-29
-1406813,774090,1,1,1,0,2018-05-01,2018-05-01
-1406813,774147,1,1,1,0,2016-10-29,2016-10-29
-1406812,771741,1,1,1,1,2018-04-05,2018-04-05
-1406812,771941,1,1,1,1,2017-06-25,2017-06-25
-1406812,772250,1,1,1,0,2019-05-24,2019-05-24
-1406812,772254,1,1,1,0,2017-10-18,2017-10-18
-1406812,772338,1,1,1,1,2019-07-23,2019-07-23
-1406812,772469,1,1,1,1,2016-06-09,2016-06-09
-1406812,772552,1,1,1,0,2018-09-29,2018-09-29
-1406812,773007,1,1,1,1,2019-04-28,2019-04-28
-1406812,773021,1,1,1,0,2019-04-28,2019-04-28
-1406812,773877,1,1,1,0,2016-09-03,2016-09-03
-1406812,773890,1,1,1,0,2019-06-13,2019-06-13
-1406812,774090,1,1,1,0,2019-04-10,2019-04-10
-1406811,771740,1,1,1,0,2018-12-07,2018-12-07
-1406811,771929,1,1,1,0,2016-05-15,2016-05-15
-1406811,772249,1,1,1,0,2019-04-27,2019-04-27
-1406811,772299,1,1,1,1,2019-04-26,2019-04-26
-1406811,772300,1,1,1,0,2019-06-26,2019-06-26
-1406811,772374,1,1,1,0,2018-09-29,2018-09-29
-1406811,772497,1,1,1,0,2019-04-02,2019-04-02
-1406811,772539,1,1,1,1,2018-05-02,2018-05-02
-1406811,772795,1,1,1,0,2017-08-27,2017-08-27
-1406811,773101,1,1,1,0,2019-04-28,2019-04-28
-1406811,773103,1,1,1,0,2019-04-28,2019-04-28
-1406811,773246,1,1,1,0,2017-02-25,2017-02-25
-1406811,773259,1,1,1,0,2017-04-14,2017-04-14
-1406811,773261,1,1,1,0,2017-04-14,2017-04-14
-1406811,773887,1,1,1,0,2019-06-08,2019-06-08
-1406811,773889,1,1,1,0,2019-04-27,2019-04-27
-1406811,773892,1,1,1,0,2019-04-27,2019-04-27
-1406810,771937,1,1,1,0,2017-06-25,2017-06-25
-1406810,772293,1,1,1,0,2019-06-26,2019-06-26
-1406810,772396,1,1,1,0,2019-04-27,2019-04-27
-1406810,772551,1,1,1,0,2017-06-08,2017-06-08
-1406810,772641,1,1,1,1,2017-07-24,2017-07-24
-1406810,773249,1,1,1,0,2017-07-09,2017-07-09
-1406810,773933,2,1,1,0,2019-04-27,2019-04-27
-1406810,774109,1,1,1,0,2016-07-18,2016-07-18
-1406809,771936,2,1,1,0,2017-06-25,2017-06-25
-1406809,772258,2,2,2,0,2019-04-26,2018-07-22
-1406809,772289,1,1,1,0,2019-07-11,2019-07-11
-1406809,772620,1,1,1,1,2017-10-08,2017-10-08
-1406809,773021,1,1,1,0,2018-10-27,2018-10-27
-1406808,771742,1,1,1,1,2019-03-30,2019-03-30
-1406808,771938,1,1,1,1,2017-06-25,2017-06-25
-1406808,772208,1,1,1,0,2018-09-21,2018-09-21
-1406808,772340,1,1,1,0,2019-07-23,2019-07-23
-1406808,772576,1,1,1,0,2018-06-02,2018-06-02
-1406808,772627,1,1,1,1,2018-04-26,2018-04-26
-1406808,772981,1,1,1,0,2019-04-27,2019-04-27
-1406808,773830,1,1,1,0,2018-07-08,2018-07-08
-1406808,773889,1,1,1,0,2019-04-27,2019-04-27
-1406808,773918,1,1,1,0,2019-06-19,2019-06-19
-1406807,771831,1,1,1,0,2018-05-23,2018-05-23
-1406807,772003,1,1,1,0,2018-07-04,2018-07-04
-1406807,772033,1,1,1,0,2016-05-20,2016-05-20
-1406807,772255,1,1,1,0,2018-04-18,2018-04-18
-1406807,772293,1,1,1,0,2019-06-26,2019-06-26
-1406807,772337,1,1,1,0,2019-07-23,2019-07-23
-1406807,772338,1,1,1,0,2019-07-23,2019-07-23
-1406807,772386,1,1,1,0,2018-03-30,2018-03-30
-1406807,772527,1,1,1,1,2018-12-09,2018-12-09
-1406807,772611,1,1,1,1,2019-05-23,2019-05-23
-1406807,772805,1,1,1,1,2018-11-04,2018-11-04
-1406807,772883,1,1,1,1,2018-04-14,2018-04-14
-1406807,773181,1,1,1,0,2017-05-18,2017-05-18
-1406807,774078,1,1,1,0,2016-11-05,2016-11-05
-1406807,774102,1,1,1,0,2019-04-29,2019-04-29
-1406806,771691,1,1,1,0,2019-06-10,2019-06-10
-1406806,771926,1,1,1,0,2019-05-29,2019-05-29
-1406806,771938,1,1,1,0,2017-06-25,2017-06-25
-1406806,772620,1,1,1,1,2018-09-01,2018-09-01
-1406806,772628,1,1,1,1,2019-05-25,2019-05-25
-1406805,771741,1,1,1,0,2018-10-01,2018-10-01
-1406805,772010,1,1,1,0,2017-06-11,2017-06-11
-1406805,772029,1,1,1,0,2016-05-20,2016-05-20
-1406805,772033,1,1,1,1,2019-06-19,2019-06-19
-1406805,772394,1,1,1,0,2018-05-01,2018-05-01
-1406805,772500,1,1,1,1,2019-05-25,2019-05-25
-1406805,772545,1,1,1,0,2017-02-20,2017-02-20
-1406805,772604,1,1,1,0,2018-08-04,2018-08-04
-1406805,773888,1,1,1,0,2019-06-27,2019-06-27
-1406804,772033,1,1,1,0,2016-05-20,2016-05-20
-1406804,772589,1,1,1,0,2018-04-03,2018-04-03
-1406804,772748,1,1,1,1,2017-08-13,2017-08-13
-1406804,772988,1,1,1,1,2018-06-26,2018-06-26
-1406804,773130,1,1,1,0,2018-05-02,2018-05-02
-1406804,773677,1,1,1,0,2019-04-27,2019-04-27
-1406804,773882,1,1,1,0,2017-05-14,2017-05-14
-1406804,773885,1,1,1,0,2019-06-27,2019-06-27
-1406804,773886,1,1,1,0,2019-04-27,2019-04-27
-1406803,772334,1,1,1,0,2018-10-04,2018-10-04
-1406803,772393,1,1,1,1,2018-05-01,2018-05-01
-1406803,772585,1,1,1,0,2018-09-29,2018-09-29
-1406803,772594,1,1,1,0,2018-09-29,2018-09-29
-1406803,772604,1,1,1,1,2017-09-17,2017-09-17
-1406803,773886,2,2,1,0,2019-04-27,2019-04-27
-1406802,772052,1,1,1,0,2016-05-21,2016-05-21
-1406802,772056,1,1,1,0,2016-05-21,2016-05-21
-1406802,772059,1,1,1,0,2016-05-21,2016-05-21
-1406802,772213,1,1,1,1,2018-10-19,2018-10-19
-1406802,772960,1,1,1,0,2018-03-15,2018-03-15
-1406802,773875,1,1,1,0,2016-05-28,2016-05-28
-1406802,773890,1,1,1,0,2019-06-25,2019-06-25
-1406802,773953,1,1,1,0,2018-04-30,2018-04-30
-1406802,774080,1,1,1,0,2016-11-05,2016-11-05
-1406802,774100,1,1,1,0,2018-05-01,2018-05-01
-1406801,771063,1,1,1,1,2018-10-21,2018-10-21
-1406801,771917,1,1,1,0,2019-05-29,2019-05-29
-1406801,772876,1,1,1,0,2019-04-23,2019-04-23
-1406801,773418,1,1,1,0,2018-04-21,2018-04-21
-1406801,773881,1,1,1,0,2016-03-12,2016-03-12
-1406801,773886,1,1,1,0,2019-04-27,2019-04-27
-1406801,774093,1,1,1,0,2019-04-29,2019-04-29
-1406801,774361,1,1,1,0,2017-06-14,2017-06-14
-1406800,771896,1,1,1,0,2019-03-30,2019-03-30
-1406800,772340,1,1,1,1,2019-04-26,2019-04-26
-1406800,773213,1,1,1,1,2017-12-05,2017-12-05
-1406800,773396,1,1,1,0,2018-10-05,2018-10-05
-1406800,773881,1,1,1,0,2019-04-27,2019-04-27
-1406800,773883,2,2,1,0,2019-04-27,2019-04-27
-1406800,773884,1,1,1,0,2019-04-27,2019-04-27
-1406800,773885,2,2,1,0,2019-04-27,2019-04-27
-1406800,773959,1,1,1,0,2018-04-30,2018-04-30
-1406800,773960,1,1,1,0,2018-04-30,2018-04-30
-1406800,774337,1,1,1,0,2017-06-08,2017-06-08
-1406799,771740,1,1,1,1,2018-04-05,2018-04-05
-1406799,772029,1,1,1,0,2016-05-20,2016-05-20
-1406799,772568,1,1,1,1,2018-05-26,2018-05-26
-1406799,772963,1,1,1,1,2018-09-08,2018-09-08
-1406799,772989,2,2,1,0,2018-04-23,2018-04-23
-1406799,772990,1,1,1,0,2018-04-23,2018-04-23
-1406799,773884,1,1,1,0,2019-06-30,2019-06-30
-1406799,773885,1,1,1,0,2019-04-27,2019-04-27
-1406798,771749,1,1,1,0,2018-03-26,2018-03-26
-1406798,772032,1,1,1,0,2016-05-20,2016-05-20
-1406798,772324,3,2,1,0,2016-04-30,2016-04-30
-1406798,772325,1,1,1,1,2016-05-07,2016-05-07
-1406798,772466,1,1,1,1,2018-09-17,2018-09-17
-1406798,772877,1,1,1,1,2018-04-29,2018-04-29
-1406798,773213,1,1,1,1,2017-10-05,2017-10-05
-1406798,773959,1,1,1,0,2018-04-30,2018-04-30
-1406797,772046,1,1,1,0,2017-04-16,2017-04-16
-1406797,772324,1,1,1,0,2016-04-30,2016-04-30
-1406797,772327,1,1,1,1,2016-05-07,2016-05-07
-1406797,772564,1,1,1,0,2019-04-03,2019-04-03
-1406797,772889,1,1,1,0,2016-07-02,2016-07-02
-1406797,773883,1,1,1,0,2017-04-16,2017-04-16
-1406797,773884,3,3,1,0,2019-04-27,2017-04-16
-1406796,771419,1,1,1,0,2017-04-03,2017-04-03
-1406796,771747,1,1,1,0,2018-10-01,2018-10-01
-1406796,772234,1,1,1,1,2018-04-18,2018-04-18
-1406796,772326,1,1,1,0,2019-04-26,2019-04-26
-1406796,772327,1,1,1,1,2019-06-08,2019-06-08
-1406796,772328,3,3,3,3,2019-04-26,2019-04-26
-1406796,772329,1,1,1,0,2019-04-26,2019-04-26
-1406796,772331,1,1,1,1,2019-02-19,2019-02-19
-1406796,773873,3,3,1,0,2016-09-03,2016-09-03
-1406796,773957,1,1,1,0,2018-04-30,2018-04-30
-1406795,771763,1,1,1,0,2016-05-20,2016-05-20
-1406795,772188,1,1,1,0,2016-10-19,2016-10-19
-1406795,772323,2,2,1,2,2016-04-30,2016-04-30
-1406795,772325,2,2,2,1,2019-04-26,2018-10-11
-1406795,772326,1,1,1,1,2019-04-26,2019-04-26
-1406795,772327,1,1,1,0,2016-04-30,2016-04-30
-1406795,772329,1,1,1,0,2016-05-23,2016-05-23
-1406795,772330,2,2,2,1,2019-06-08,2018-11-22
-1406795,772332,1,1,1,1,2019-06-08,2019-06-08
-1406795,772333,1,1,1,0,2019-07-20,2019-07-20
-1406795,772336,1,1,1,1,2019-04-26,2019-04-26
-1406795,772537,1,1,1,0,2018-09-30,2018-09-30
-1406795,773876,1,1,1,0,2017-05-20,2017-05-20
-1406795,773960,1,1,1,0,2018-04-30,2018-04-30
-1406795,773961,1,1,1,0,2018-04-30,2018-04-30
-1406794,771969,1,1,1,0,2018-05-07,2018-05-07
-1406794,772150,1,1,1,0,2019-06-18,2019-06-18
-1406794,772196,1,1,1,0,2018-12-30,2018-12-30
-1406794,772286,1,1,1,1,2019-04-26,2019-04-26
-1406794,772310,1,1,1,0,2019-04-26,2019-04-26
-1406794,772320,1,1,1,1,2019-04-26,2019-04-26
-1406794,772326,1,1,1,0,2019-04-26,2019-04-26
-1406794,772328,2,2,2,0,2016-05-07,2016-05-03
-1406794,772329,1,1,1,0,2016-04-30,2016-04-30
-1406794,772330,2,2,2,1,2018-10-22,2017-07-10
-1406794,772332,1,1,1,0,2019-07-18,2019-07-18
-1406794,772335,1,1,1,1,2019-04-26,2019-04-26
-1406794,772343,1,1,1,1,2016-05-07,2016-05-07
-1406794,774017,1,1,1,0,2018-04-30,2018-04-30
-1406793,771768,1,1,1,0,2016-05-20,2016-05-20
-1406793,772321,1,1,1,1,2019-04-26,2019-04-26
-1406793,772324,2,2,2,1,2019-06-08,2019-05-07
-1406793,772325,1,1,1,0,2019-04-26,2019-04-26
-1406793,772326,1,1,1,1,2019-04-26,2019-04-26
-1406793,772327,4,4,4,3,2019-06-13,2017-10-31
-1406793,772328,1,1,1,0,2016-05-19,2016-05-19
-1406793,772331,1,1,1,0,2019-04-26,2019-04-26
-1406793,772335,1,1,1,0,2019-06-08,2019-06-08
-1406793,772433,1,1,1,0,2018-10-07,2018-10-07
-1406793,772839,1,1,1,1,2018-04-22,2018-04-22
-1406793,774081,1,1,1,0,2019-04-27,2019-04-27
-1406793,774345,1,1,1,0,2017-06-08,2017-06-08
-1406792,771415,1,1,1,0,2017-02-17,2017-02-17
-1406792,771752,1,1,1,0,2016-05-20,2016-05-20
-1406792,771756,2,1,1,0,2016-05-20,2016-05-20
-1406792,771764,2,2,1,0,2016-05-20,2016-05-20
-1406792,771766,2,1,2,0,2016-05-20,2016-05-20
-1406792,771767,1,1,1,0,2016-05-20,2016-05-20
-1406792,771769,1,1,1,0,2016-05-20,2016-05-20
-1406792,772322,1,1,1,0,2016-04-30,2016-04-30
-1406792,772323,1,1,1,0,2019-06-11,2019-06-11
-1406792,772325,1,1,1,1,2016-03-28,2016-03-28
-1406792,772326,2,1,1,0,2016-04-30,2016-04-30
-1406792,772327,5,4,5,2,2019-06-11,2016-05-17
-1406792,772330,1,1,1,0,2019-04-26,2019-04-26
-1406792,772331,2,2,2,1,2016-04-30,2016-04-30
-1406792,772332,3,3,3,1,2018-06-13,2018-04-27
-1406792,772333,1,1,1,0,2019-06-08,2019-06-08
-1406792,772336,1,1,1,0,2019-06-08,2019-06-08
-1406792,772535,1,1,1,0,2018-09-28,2018-09-28
-1406792,773223,1,1,1,0,2016-07-17,2016-07-17
-1406792,773558,1,1,1,0,2019-01-12,2019-01-12
-1406792,773879,1,1,1,0,2016-08-27,2016-08-27
-1406792,774016,1,1,1,0,2018-04-30,2018-04-30
-1406792,774078,1,1,1,0,2017-05-27,2017-05-27
-1406791,771755,1,1,1,0,2016-05-20,2016-05-20
-1406791,771759,1,1,1,0,2019-04-09,2019-04-09
-1406791,771766,1,1,1,0,2016-05-20,2016-05-20
-1406791,771767,1,1,1,0,2016-05-20,2016-05-20
-1406791,771768,1,1,1,0,2016-05-20,2016-05-20
-1406791,771929,1,1,1,0,2016-10-03,2016-10-03
-1406791,771965,1,1,1,1,2018-10-25,2018-10-25
-1406791,772325,2,1,2,2,2019-06-08,2017-11-21
-1406791,772326,5,3,2,0,2017-03-03,2016-04-30
-1406791,772327,1,1,1,1,2019-04-26,2019-04-26
-1406791,772328,3,3,3,0,2016-05-07,2016-05-07
-1406791,772329,1,1,1,0,2019-04-26,2019-04-26
-1406791,772330,3,3,3,2,2019-06-08,2019-05-01
-1406791,772333,1,1,1,0,2019-06-08,2019-06-08
-1406791,772574,1,1,1,1,2018-07-20,2018-07-20
-1406791,772980,1,1,1,0,2017-10-06,2017-10-06
-1406791,773107,1,1,1,0,2016-08-29,2016-08-29
-1406791,773876,1,1,1,0,2017-05-20,2017-05-20
-1406791,773878,1,1,1,0,2017-05-14,2017-05-14
-1406791,774035,1,1,1,0,2018-04-30,2018-04-30
-1406790,771751,2,2,1,0,2016-05-20,2016-05-20
-1406790,771752,6,4,1,0,2016-05-20,2016-05-20
-1406790,771765,2,2,1,0,2016-05-20,2016-05-20
-1406790,771767,3,1,2,0,2016-05-20,2016-05-20
-1406790,771768,1,1,1,1,2016-05-20,2016-05-20
-1406790,771769,1,1,1,0,2016-05-20,2016-05-20
-1406790,771775,1,1,1,1,2016-05-20,2016-05-20
-1406790,772154,1,1,1,0,2018-04-18,2018-04-18
-1406790,772289,1,1,1,1,2018-05-05,2018-05-05
-1406790,772315,1,1,1,0,2019-04-26,2019-04-26
-1406790,772320,1,1,1,0,2016-04-30,2016-04-30
-1406790,772322,1,1,1,0,2019-06-13,2019-06-13
-1406790,772325,1,1,1,1,2019-04-26,2019-04-26
-1406790,772326,2,2,1,0,2016-04-30,2016-04-30
-1406790,772327,2,2,2,0,2016-05-07,2016-05-03
-1406790,772328,1,1,1,1,2019-06-08,2019-06-08
-1406790,772329,1,1,1,1,2019-04-26,2019-04-26
-1406790,772330,1,1,1,1,2019-04-26,2019-04-26
-1406790,772331,3,3,3,1,2019-04-29,2019-04-26
-1406790,772332,1,1,1,0,2019-06-08,2019-06-08
-1406790,772336,2,1,2,2,2019-04-26,2019-04-26
-1406790,773410,1,1,1,0,2018-10-05,2018-10-05
-1406790,773881,1,1,1,0,2019-04-27,2019-04-27
-1406790,774019,1,1,1,0,2016-08-15,2016-08-15
-1406790,774035,1,1,1,0,2018-04-30,2018-04-30
-1406790,774090,1,1,1,0,2019-04-29,2019-04-29
-1406789,770388,1,1,1,0,2016-06-25,2016-06-25
-1406789,771756,1,1,1,0,2016-05-20,2016-05-20
-1406789,771761,1,1,1,0,2016-05-20,2016-05-20
-1406789,771763,1,1,1,0,2016-05-20,2016-05-20
-1406789,771766,1,1,1,0,2018-10-01,2018-10-01
-1406789,771770,1,1,1,1,2016-05-20,2016-05-20
-1406789,771779,1,1,1,0,2016-05-20,2016-05-20
-1406789,771780,1,1,1,0,2016-05-20,2016-05-20
-1406789,771967,1,1,1,0,2018-12-07,2018-12-07
-1406789,772001,1,1,1,0,2019-04-06,2019-04-06
-1406789,772192,1,1,1,0,2019-05-20,2019-05-20
-1406789,772326,1,1,1,1,2017-09-22,2017-09-22
-1406789,772328,1,1,1,1,2019-04-26,2019-04-26
-1406789,772329,1,1,1,0,2019-06-08,2019-06-08
-1406789,772330,2,2,2,2,2019-04-26,2017-11-05
-1406789,772331,1,1,1,0,2019-06-08,2019-06-08
-1406789,772332,2,2,2,0,2019-04-26,2019-04-26
-1406789,772334,2,2,2,1,2019-04-26,2017-10-31
-1406789,772335,1,1,1,0,2019-07-20,2019-07-20
-1406789,772815,1,1,1,1,2019-05-26,2019-05-26
-1406789,773189,1,1,1,0,2019-03-11,2019-03-11
-1406789,773991,1,1,1,0,2018-04-30,2018-04-30
-1406789,774033,1,1,1,0,2018-04-30,2018-04-30
-1406789,774037,1,1,1,0,2018-04-30,2018-04-30
-1406789,774042,1,1,1,0,2018-04-30,2018-04-30
-1406788,771752,2,2,1,0,2016-05-20,2016-05-20
-1406788,771760,1,1,1,0,2016-05-20,2016-05-20
-1406788,771763,1,1,1,0,2018-05-17,2018-05-17
-1406788,771766,1,1,1,0,2016-05-20,2016-05-20
-1406788,771771,1,1,1,0,2016-05-20,2016-05-20
-1406788,771772,1,1,1,1,2016-05-20,2016-05-20
-1406788,772192,1,1,1,0,2019-06-22,2019-06-22
-1406788,772193,1,1,1,0,2019-06-22,2019-06-22
-1406788,772322,1,1,1,0,2016-05-07,2016-05-07
-1406788,772326,1,1,1,1,2019-04-26,2019-04-26
-1406788,772333,1,1,1,0,2016-11-15,2016-11-15
-1406788,772334,1,1,1,1,2019-04-26,2019-04-26
-1406788,772335,1,1,1,1,2018-05-08,2018-05-08
-1406788,772336,2,2,2,2,2019-04-26,2019-04-26
-1406788,772816,1,1,1,0,2019-06-27,2019-06-27
-1406788,773669,1,1,1,0,2017-10-05,2017-10-05
-1406788,773993,1,1,1,0,2018-04-30,2018-04-30
-1406788,774350,1,1,1,0,2017-06-14,2017-06-14
-1406787,771385,1,1,1,0,2017-04-03,2017-04-03
-1406787,771748,1,1,1,1,2019-04-01,2019-04-01
-1406787,771751,1,1,1,0,2016-05-20,2016-05-20
-1406787,771761,1,1,1,0,2016-05-20,2016-05-20
-1406787,771781,2,1,2,0,2016-05-20,2016-05-20
-1406787,771784,1,1,1,0,2019-04-10,2019-04-10
-1406787,771923,1,1,1,1,2019-06-23,2019-06-23
-1406787,772093,1,1,1,0,2018-05-26,2018-05-26
-1406787,772331,2,2,2,2,2019-06-08,2019-05-17
-1406787,772332,1,1,1,0,2016-11-15,2016-11-15
-1406787,772333,1,1,1,0,2019-04-26,2019-04-26
-1406787,772335,1,1,1,0,2019-04-26,2019-04-26
-1406787,772338,1,1,1,0,2019-06-08,2019-06-08
-1406787,772469,1,1,1,0,2017-09-21,2017-09-21
-1406787,773101,1,1,1,0,2019-04-28,2019-04-28
-1406787,773868,1,1,1,0,2016-07-16,2016-07-16
-1406787,773879,2,2,1,0,2019-06-29,2019-06-29
-1406787,773880,1,1,1,0,2019-04-27,2019-04-27
-1406787,773962,1,1,1,0,2019-03-10,2019-03-10
-1406787,773966,1,1,1,0,2018-04-30,2018-04-30
-1406786,771403,2,2,1,0,2019-02-11,2019-02-11
-1406786,771736,1,1,1,0,2018-08-05,2018-08-05
-1406786,771778,1,1,1,0,2016-05-20,2016-05-20
-1406786,771780,1,1,1,0,2018-06-06,2018-06-06
-1406786,772015,1,1,1,0,2017-06-11,2017-06-11
-1406786,772323,1,1,1,1,2019-04-26,2019-04-26
-1406786,772330,2,1,1,2,2019-06-09,2019-06-09
-1406786,772332,1,1,1,0,2019-06-08,2019-06-08
-1406786,772334,1,1,1,0,2019-06-08,2019-06-08
-1406786,772582,1,1,1,0,2018-05-30,2018-05-30
-1406786,773879,1,1,1,0,2019-04-27,2019-04-27
-1406785,771921,1,1,1,1,2018-12-06,2018-12-06
-1406785,772010,1,1,1,1,2018-04-14,2018-04-14
-1406785,772264,1,1,1,0,2017-07-18,2017-07-18
-1406785,772333,2,1,1,0,2016-04-30,2016-04-30
-1406785,772425,1,1,1,0,2018-10-07,2018-10-07
-1406785,773875,1,1,1,0,2017-05-14,2017-05-14
-1406785,773966,1,1,1,0,2018-04-30,2018-04-30
-1406784,772196,1,1,1,1,2019-04-27,2019-04-27
-1406784,772330,2,2,1,0,2019-06-08,2019-06-08
-1406784,772331,2,2,2,1,2019-06-08,2019-05-17
-1406784,772333,1,1,1,1,2019-04-26,2019-04-26
-1406784,772339,1,1,1,0,2016-04-30,2016-04-30
-1406784,772501,2,2,2,1,2018-09-28,2018-08-05
-1406784,772581,1,1,1,1,2019-04-22,2019-04-22
-1406784,772582,1,1,1,0,2019-04-22,2019-04-22
-1406784,773863,1,1,1,0,2016-05-28,2016-05-28
-1406784,773882,1,1,1,0,2019-04-27,2019-04-27
-1406784,773888,1,1,1,0,2019-07-04,2019-07-04
-1406784,773968,1,1,1,0,2018-04-30,2018-04-30
-1406784,774003,1,1,1,0,2019-06-24,2019-06-24
-1406783,771755,1,1,1,0,2016-05-20,2016-05-20
-1406783,771883,1,1,1,1,2018-03-31,2018-03-31
-1406783,771920,1,1,1,1,2018-07-22,2018-07-22
-1406783,771928,1,1,1,1,2019-04-13,2019-04-13
-1406783,772039,1,1,1,0,2016-05-21,2016-05-21
-1406783,772188,1,1,1,0,2017-03-09,2017-03-09
-1406783,772316,1,1,1,0,2019-04-26,2019-04-26
-1406783,772320,1,1,1,0,2019-04-26,2019-04-26
-1406783,772336,1,1,1,0,2019-04-26,2019-04-26
-1406783,772340,2,2,2,0,2019-06-08,2017-11-18
-1406783,772341,2,2,2,0,2019-06-08,2017-11-21
-1406783,772581,1,1,1,1,2019-04-22,2019-04-22
-1406783,772839,1,1,1,0,2019-04-21,2019-04-21
-1406783,773101,1,1,1,0,2018-05-21,2018-05-21
-1406783,773108,1,1,1,0,2019-04-28,2019-04-28
-1406783,773877,1,1,1,0,2019-06-16,2019-06-16
-1406783,773879,1,1,1,0,2017-04-16,2017-04-16
-1406783,774030,1,1,1,0,2019-03-27,2019-03-27
-1406783,774099,1,1,1,0,2019-04-29,2019-04-29
-1406783,774355,2,2,1,0,2017-06-14,2017-06-11
-1406782,771919,1,1,1,1,2019-05-11,2019-05-11
-1406782,772184,2,1,2,0,2017-03-09,2016-10-14
-1406782,772338,1,1,1,0,2016-04-30,2016-04-30
-1406782,772339,1,1,1,0,2016-04-30,2016-04-30
-1406782,772340,2,2,1,0,2019-06-08,2017-11-21
-1406782,772341,1,1,1,0,2016-05-07,2016-05-07
-1406782,772342,2,2,1,0,2016-05-07,2016-05-07
-1406782,772430,1,1,1,1,2019-06-22,2019-06-22
-1406782,773101,1,1,1,0,2019-04-28,2019-04-28
-1406782,773878,1,1,1,0,2019-04-27,2019-04-27
-1406782,774075,1,1,1,0,2018-04-30,2018-04-30
-1406781,771766,1,1,1,0,2019-03-31,2019-03-31
-1406781,771782,1,1,1,0,2018-04-08,2018-04-08
-1406781,771919,1,1,1,0,2019-05-21,2019-05-21
-1406781,772088,1,1,1,0,2016-05-21,2016-05-21
-1406781,772089,1,1,1,0,2016-05-21,2016-05-21
-1406781,772316,1,1,1,0,2019-04-26,2019-04-26
-1406781,772335,2,2,2,0,2018-12-11,2017-08-24
-1406781,773102,1,1,1,0,2018-05-21,2018-05-21
-1406781,773108,1,1,1,0,2019-04-28,2019-04-28
-1406781,773725,1,1,1,0,2016-05-20,2016-05-20
-1406781,773871,1,1,1,0,2017-05-14,2017-05-14
-1406781,773878,1,1,1,0,2017-04-16,2017-04-16
-1406780,771969,1,1,1,0,2017-03-13,2017-03-13
-1406780,772340,1,1,1,0,2016-04-30,2016-04-30
-1406780,772341,1,1,1,0,2016-04-30,2016-04-30
-1406780,772837,1,1,1,0,2019-04-21,2019-04-21
-1406780,773106,1,1,1,0,2018-05-21,2018-05-21
-1406780,773107,1,1,1,0,2019-04-28,2019-04-28
-1406780,773110,1,1,1,0,2018-05-21,2018-05-21
-1406779,772014,1,1,1,0,2017-06-11,2017-06-11
-1406779,772181,1,1,1,1,2016-03-23,2016-03-23
-1406779,772435,1,1,1,0,2019-03-17,2019-03-17
-1406779,772872,1,1,1,0,2017-07-17,2017-07-17
-1406779,772920,1,1,1,0,2016-05-18,2016-05-18
-1406779,773103,1,1,1,0,2018-05-21,2018-05-21
-1406779,773108,1,1,1,0,2018-05-21,2018-05-21
-1406779,773109,1,1,1,0,2018-05-21,2018-05-21
-1406779,773868,2,2,1,0,2017-05-20,2017-05-20
-1406779,773879,1,1,1,0,2019-06-25,2019-06-25
-1406778,771877,1,1,1,1,2019-03-31,2019-03-31
-1406778,772006,1,1,1,1,2017-04-22,2017-04-22
-1406778,772089,1,1,1,0,2016-05-21,2016-05-21
-1406778,772318,1,1,1,0,2019-04-26,2019-04-26
-1406778,772597,1,1,1,0,2017-06-05,2017-06-05
-1406778,773878,1,1,1,0,2019-04-27,2019-04-27
-1406778,773879,1,1,1,0,2019-04-27,2019-04-27
-1406778,774077,1,1,1,0,2018-04-30,2018-04-30
-1406778,774079,1,1,1,0,2018-04-30,2018-04-30
-1406778,774081,1,1,1,0,2018-04-30,2018-04-30
-1406778,774083,1,1,1,0,2018-04-30,2018-04-30
-1406777,772035,1,1,1,0,2017-04-16,2017-04-16
-1406777,772923,2,2,1,0,2016-05-18,2016-05-18
-1406777,773872,1,1,1,0,2019-06-15,2019-06-15
-1406776,771767,10,10,1,0,2016-05-21,2016-05-21
-1406776,771891,1,1,1,1,2018-04-08,2018-04-08
-1406776,771954,1,1,1,0,2018-12-29,2018-12-29
-1406776,772035,1,1,1,0,2016-05-20,2016-05-20
-1406776,772144,1,1,1,1,2018-10-20,2018-10-20
-1406776,772197,1,1,1,0,2018-04-13,2018-04-13
-1406776,772835,1,1,1,1,2018-10-06,2018-10-06
-1406776,772923,2,2,1,0,2016-05-18,2016-05-18
-1406776,773879,1,1,1,0,2019-04-27,2019-04-27
-1406776,773880,2,2,1,0,2019-06-26,2019-06-19
-1406776,774069,1,1,1,0,2018-04-30,2018-04-30
-1406775,769708,1,1,1,0,2019-05-25,2019-05-25
-1406775,771752,1,1,1,0,2016-05-20,2016-05-20
-1406775,771767,2,2,1,0,2016-05-21,2016-05-21
-1406775,771863,1,1,1,0,2019-04-10,2019-04-10
-1406775,772310,1,1,1,1,2019-04-26,2019-04-26
-1406775,772738,1,1,1,1,2019-06-17,2019-06-17
-1406775,773866,1,1,1,0,2019-04-27,2019-04-27
-1406775,773874,1,1,1,0,2019-04-27,2019-04-27
-1406775,773877,1,1,1,0,2019-06-30,2019-06-30
-1406775,774066,1,1,1,0,2018-04-30,2018-04-30
-1406775,774068,1,1,1,0,2016-11-19,2016-11-19
-1406774,771766,1,1,1,0,2016-05-21,2016-05-21
-1406774,771777,1,1,1,0,2016-05-21,2016-05-21
-1406774,772313,1,1,1,1,2019-07-02,2019-07-02
-1406774,772945,1,1,1,1,2016-05-18,2016-05-18
-1406774,772946,1,1,1,1,2016-05-18,2016-05-18
-1406774,773873,1,1,1,0,2019-04-27,2019-04-27
-1406774,773874,2,2,1,0,2019-04-27,2019-04-27
-1406774,773878,1,1,1,0,2019-04-27,2019-04-27
-1406774,774068,1,1,1,0,2016-11-19,2016-11-19
-1406774,774072,1,1,1,0,2018-04-30,2018-04-30
-1406774,774082,1,1,1,0,2019-04-27,2019-04-27
-1406774,774083,1,1,1,0,2018-04-30,2018-04-30
-1406774,774084,1,1,1,0,2018-06-27,2018-06-27
-1406774,774360,1,1,1,0,2017-06-08,2017-06-08
-1406774,774367,1,1,1,0,2017-06-14,2017-06-14
-1406773,771768,2,2,1,0,2016-05-21,2016-05-21
-1406773,772210,1,1,1,1,2019-03-26,2019-03-26
-1406773,772431,1,1,1,0,2017-09-25,2017-09-25
-1406773,772434,1,1,1,0,2017-08-17,2017-08-17
-1406773,772494,1,1,1,0,2017-09-26,2017-09-26
-1406773,772631,1,1,1,0,2018-07-26,2018-07-26
-1406773,772633,1,1,1,1,2019-05-14,2019-05-14
-1406773,772858,1,1,1,0,2019-04-21,2019-04-21
-1406773,773522,1,1,1,0,2019-05-26,2019-05-26
-1406773,773873,1,1,1,0,2019-04-28,2019-04-28
-1406773,774362,1,1,1,0,2017-06-14,2017-06-14
-1406772,771767,1,1,1,0,2016-05-21,2016-05-21
-1406772,771881,1,1,1,0,2016-05-13,2016-05-13
-1406772,772032,1,1,1,0,2016-05-20,2016-05-20
-1406772,772090,1,1,1,1,2019-07-07,2019-07-07
-1406772,772191,1,1,1,0,2016-04-02,2016-04-02
-1406772,772302,1,1,1,1,2019-04-26,2019-04-26
-1406772,772337,1,1,1,1,2019-07-02,2019-07-02
-1406772,772528,1,1,1,1,2018-05-01,2018-05-01
-1406772,772641,1,1,1,1,2017-12-08,2017-12-08
-1406772,772943,1,1,1,0,2016-05-20,2016-05-20
-1406772,772945,1,1,1,1,2016-05-18,2016-05-18
-1406772,773548,1,1,1,0,2016-11-15,2016-11-15
-1406771,772037,1,1,1,0,2016-05-21,2016-05-21
-1406771,772090,1,1,1,0,2019-04-01,2019-04-01
-1406771,772298,1,1,1,1,2019-04-26,2019-04-26
-1406771,772503,1,1,1,1,2018-09-27,2018-09-27
-1406771,772583,1,1,1,1,2019-04-28,2019-04-28
-1406771,772930,1,1,1,0,2016-05-18,2016-05-18
-1406771,772942,1,1,1,1,2016-05-18,2016-05-18
-1406771,772943,1,1,1,1,2016-05-18,2016-05-18
-1406771,772944,1,1,1,1,2016-05-18,2016-05-18
-1406771,773240,1,1,1,0,2016-11-15,2016-11-15
-1406771,773466,1,1,1,0,2019-05-11,2019-05-11
-1406771,773875,1,1,1,0,2019-06-26,2019-06-26
-1406771,774083,1,1,1,0,2016-07-02,2016-07-02
-1406770,771990,3,3,1,0,2017-04-22,2017-04-22
-1406770,772197,1,1,1,1,2018-04-01,2018-04-01
-1406770,772339,1,1,1,1,2018-03-29,2018-03-29
-1406770,772456,1,1,1,1,2018-09-27,2018-09-27
-1406770,772570,1,1,1,1,2018-04-23,2018-04-23
-1406770,772855,1,1,1,1,2018-11-04,2018-11-04
-1406770,772888,1,1,1,0,2017-03-17,2017-03-17
-1406770,772983,1,1,1,0,2017-03-17,2017-03-17
-1406770,773850,1,1,1,0,2019-06-25,2019-06-25
-1406769,769951,1,1,1,0,2019-05-29,2019-05-29
-1406769,771855,1,1,1,1,2019-03-30,2019-03-30
-1406769,772012,1,1,1,0,2018-10-08,2018-10-08
-1406769,772429,1,1,1,1,2019-05-25,2019-05-25
-1406769,772661,1,1,1,1,2018-08-24,2018-08-24
-1406769,772853,1,1,1,0,2017-06-22,2017-06-22
-1406769,772863,1,1,1,0,2019-04-21,2019-04-21
-1406769,773022,1,1,1,0,2017-04-18,2017-04-18
-1406769,773069,1,1,1,0,2017-03-17,2017-03-17
-1406769,773076,1,1,1,0,2017-03-17,2017-03-17
-1406769,773091,1,1,1,0,2018-10-12,2018-10-12
-1406769,773125,1,1,1,0,2017-09-26,2017-09-26
-1406769,773192,1,1,1,0,2017-03-11,2017-03-11
-1406769,774075,1,1,1,0,2019-04-27,2019-04-27
-1406769,774077,1,1,1,0,2019-04-27,2019-04-27
-1406768,771990,1,1,1,0,2017-04-22,2017-04-22
-1406768,772196,1,1,1,1,2019-04-04,2019-04-04
-1406768,772459,1,1,1,0,2017-09-28,2017-09-28
-1406768,772478,1,1,1,0,2017-09-28,2017-09-28
-1406768,772729,1,1,1,0,2017-04-18,2017-04-18
-1406768,773129,1,1,1,0,2017-09-28,2017-09-28
-1406768,773860,1,1,1,1,2019-07-09,2019-07-09
-1406768,773862,1,1,1,0,2019-04-28,2019-04-28
-1406768,774070,1,1,1,0,2019-04-27,2019-04-27
-1406767,771863,1,1,1,1,2019-04-02,2019-04-02
-1406767,771864,1,1,1,1,2019-04-02,2019-04-02
-1406767,772172,1,1,1,1,2017-05-09,2017-05-09
-1406767,772526,1,1,1,0,2017-10-08,2017-10-08
-1406767,772915,1,1,1,1,2018-11-04,2018-11-04
-1406767,772946,1,1,1,0,2017-06-22,2017-06-22
-1406766,771943,1,1,1,0,2018-06-14,2018-06-14
-1406766,772031,1,1,1,1,2016-05-20,2016-05-20
-1406766,772086,1,1,1,0,2016-05-21,2016-05-21
-1406766,772182,1,1,1,0,2019-04-09,2019-04-09
-1406766,774098,1,1,1,0,2017-06-22,2017-06-22
-1406765,771776,1,1,1,0,2018-07-05,2018-07-05
-1406765,772087,1,1,1,0,2016-05-21,2016-05-21
-1406765,772157,1,1,1,0,2018-05-16,2018-05-16
-1406765,772188,1,1,1,0,2018-12-30,2018-12-30
-1406765,772295,1,1,1,1,2019-04-26,2019-04-26
-1406765,772725,1,1,1,1,2019-04-01,2019-04-01
-1406765,773601,1,1,1,1,2019-06-25,2019-06-25
-1406765,773692,1,1,1,0,2019-06-07,2019-06-07
-1406765,773771,1,1,1,1,2019-06-07,2019-06-07
-1406765,773798,1,1,1,0,2017-04-18,2017-04-18
-1406764,772605,1,1,1,0,2018-04-28,2018-04-28
-1406764,772672,1,1,1,0,2018-05-19,2018-05-19
-1406763,771785,1,1,1,0,2018-04-01,2018-04-01
-1406763,772135,1,1,1,1,2019-04-22,2019-04-22
-1406763,772136,1,1,1,1,2019-04-22,2019-04-22
-1406763,772138,1,1,1,1,2019-04-22,2019-04-22
-1406763,772710,1,1,1,0,2019-06-29,2019-06-29
-1406763,772720,1,1,1,0,2018-04-29,2018-04-29
-1406763,772937,1,1,1,1,2018-11-04,2018-11-04
-1406763,774066,1,1,1,1,2018-05-05,2018-05-05
-1406762,771775,1,1,1,0,2019-07-21,2019-07-21
-1406762,772132,1,1,1,1,2019-04-22,2019-04-22
-1406762,772137,1,1,1,1,2019-04-22,2019-04-22
-1406762,772191,1,1,1,0,2019-07-19,2019-07-19
-1406762,772658,1,1,1,1,2018-04-29,2018-04-29
-1406762,773949,1,1,1,0,2016-11-15,2016-11-15
-1406762,774089,1,1,1,0,2018-04-30,2018-04-30
-1406761,772502,1,1,1,1,2018-04-28,2018-04-28
-1406761,772613,1,1,1,0,2019-05-15,2019-05-15
-1406761,774089,1,1,1,0,2017-06-22,2017-06-22
-1406761,774358,1,1,1,0,2017-06-08,2017-06-08
-1406760,771852,1,1,1,1,2019-03-30,2019-03-30
-1406760,771992,1,1,1,0,2017-04-22,2017-04-22
-1406760,772012,1,1,1,0,2018-06-23,2018-06-23
-1406760,772092,1,1,1,0,2016-12-28,2016-12-28
-1406760,772136,1,1,1,1,2019-04-22,2019-04-22
-1406760,772818,1,1,1,0,2019-04-07,2019-04-07
-1406759,770668,1,1,1,0,2017-09-05,2017-09-05
-1406759,771780,1,1,1,0,2018-08-15,2018-08-15
-1406759,772089,1,1,1,0,2016-05-21,2016-05-21
-1406759,772131,1,1,1,1,2019-04-22,2019-04-22
-1406759,772144,1,1,1,1,2017-08-23,2017-08-23
-1406759,772395,1,1,1,0,2019-05-06,2019-05-06
-1406759,772653,1,1,1,0,2018-04-29,2018-04-29
-1406759,772683,1,1,1,0,2018-04-01,2018-04-01
-1406759,773778,1,1,1,0,2019-04-12,2019-04-12
-1406758,772747,1,1,1,0,2019-05-01,2019-05-01
-1406758,772860,1,1,1,1,2019-03-29,2019-03-29
-1406758,773421,1,1,1,1,2019-06-25,2019-06-25
-1406757,772011,1,1,1,1,2019-02-15,2019-02-15
-1406757,772013,1,1,1,1,2018-10-25,2018-10-25
-1406757,772683,1,1,1,1,2019-07-13,2019-07-13
-1406757,773242,1,1,1,1,2019-03-11,2019-03-11
-1406756,771782,1,1,1,1,2019-04-10,2019-04-10
-1406756,771851,1,1,1,1,2019-03-30,2019-03-30
-1406756,772340,1,1,1,0,2018-04-13,2018-04-13
-1406756,772433,1,1,1,1,2018-06-13,2018-06-13
-1406756,772677,1,1,1,0,2017-09-30,2017-09-30
-1406756,772679,1,1,1,0,2019-01-09,2019-01-09
-1406755,772684,1,1,1,0,2016-06-22,2016-06-22
-1406754,771609,1,1,1,0,2019-05-17,2019-05-17
-1406754,771778,1,1,1,0,2016-05-20,2016-05-20
-1406753,771781,1,1,1,0,2017-10-19,2017-10-19
-1406753,772142,1,1,1,0,2019-05-28,2019-05-28
-1406753,772192,1,1,1,0,2016-08-15,2016-08-15
-1406753,772338,1,1,1,1,2019-06-16,2019-06-16
-1406753,772662,1,1,1,0,2018-04-29,2018-04-29
-1406753,772789,1,1,1,1,2018-05-12,2018-05-12
-1406752,771777,1,1,1,0,2016-05-20,2016-05-20
-1406752,771779,1,1,1,0,2016-05-20,2016-05-20
-1406752,772014,1,1,1,1,2019-05-04,2019-05-04
-1406752,772186,1,1,1,0,2018-06-30,2018-06-30
-1406751,771779,1,1,1,0,2016-05-20,2016-05-20
-1406751,772661,1,1,1,1,2019-04-01,2019-04-01
-1406751,772730,1,1,1,0,2018-05-20,2018-05-20
-1406751,772738,1,1,1,0,2018-04-01,2018-04-01
-1406751,772770,1,1,1,0,2019-05-30,2019-05-30
-1406751,773020,1,1,1,0,2018-05-15,2018-05-15
-1406751,773879,1,1,1,0,2019-07-04,2019-07-04
-1406750,771772,1,1,1,0,2016-05-20,2016-05-20
-1406750,771777,1,1,1,0,2016-05-20,2016-05-20
-1406750,771780,2,2,1,0,2016-05-20,2016-05-20
-1406750,771786,1,1,1,0,2016-05-20,2016-05-20
-1406750,772534,1,1,1,0,2018-09-28,2018-09-28
-1406750,772715,1,1,1,0,2019-06-14,2019-06-14
-1406750,772877,1,1,1,0,2018-07-31,2018-07-31
-1406749,770848,1,1,1,0,2019-04-17,2019-04-17
-1406749,771772,1,1,1,1,2016-05-20,2016-05-20
-1406749,771775,1,1,1,0,2016-05-20,2016-05-20
-1406749,771778,1,1,1,0,2016-05-20,2016-05-20
-1406749,772204,1,1,1,0,2016-08-15,2016-08-15
-1406749,772670,1,1,1,1,2018-08-26,2018-08-26
-1406749,772673,1,1,1,0,2018-04-29,2018-04-29
-1406749,772722,1,1,1,0,2018-04-29,2018-04-29
-1406748,771774,1,1,1,0,2016-05-20,2016-05-20
-1406748,771785,1,1,1,0,2016-05-20,2016-05-20
-1406748,771867,1,1,1,0,2018-08-31,2018-08-31
-1406747,771769,1,1,1,0,2016-05-20,2016-05-20
-1406747,771776,3,2,1,2,2016-05-20,2016-05-20
-1406747,772137,1,1,1,0,2019-05-28,2019-05-28
-1406747,772658,1,1,1,0,2018-01-21,2018-01-21
-1406746,771778,1,1,1,0,2018-03-26,2018-03-26
-1406746,772087,1,1,1,0,2016-05-21,2016-05-21
-1406746,772671,1,1,1,0,2018-04-29,2018-04-29
-1406746,772674,1,1,1,1,2018-04-29,2018-04-29
-1406746,772683,1,1,1,0,2018-04-01,2018-04-01
-1406746,772686,1,1,1,1,2016-10-03,2016-10-03
-1406746,772733,1,1,1,1,2019-04-18,2019-04-18
-1406745,771175,1,1,1,1,2018-04-11,2018-04-11
-1406745,771760,1,1,1,0,2016-05-20,2016-05-20
-1406745,771775,2,2,2,0,2016-05-20,2016-05-20
-1406745,772088,1,1,1,1,2016-05-21,2016-05-21
-1406745,772571,1,1,1,0,2019-04-15,2019-04-15
-1406745,772670,1,1,1,0,2019-06-06,2019-06-06
-1406745,773264,1,1,1,0,2019-05-24,2019-05-24
-1406744,771772,1,1,1,0,2016-05-20,2016-05-20
-1406744,772570,1,1,1,0,2018-09-25,2018-09-25
-1406744,774184,1,1,1,1,2019-05-06,2019-05-06
-1406743,771638,1,1,1,1,2019-03-30,2019-03-30
-1406743,772038,1,1,1,1,2017-10-22,2017-10-22
-1406743,772090,1,1,1,1,2016-05-21,2016-05-21
-1406743,772668,1,1,1,0,2018-04-29,2018-04-29
-1406743,772679,1,1,1,1,2019-07-11,2019-07-11
-1406743,772680,1,1,1,1,2019-06-06,2019-06-06
-1406742,771774,1,1,1,1,2016-05-20,2016-05-20
-1406742,772086,1,1,1,0,2016-05-20,2016-05-20
-1406742,772089,4,4,2,0,2016-05-21,2016-05-20
-1406742,772099,1,1,1,0,2016-05-20,2016-05-20
-1406742,772572,1,1,1,0,2019-05-29,2019-05-29
-1406742,773836,1,1,1,0,2017-08-20,2017-08-20
-1406741,771780,1,1,1,0,2019-03-30,2019-03-30
-1406741,772084,1,1,1,0,2016-05-20,2016-05-20
-1406741,772086,1,1,1,0,2016-05-20,2016-05-20
-1406741,772089,17,17,1,0,2016-05-20,2016-05-20
-1406741,772090,1,1,1,0,2016-05-20,2016-05-20
-1406741,772091,1,1,1,0,2016-05-20,2016-05-20
-1406741,772092,1,1,1,0,2016-05-20,2016-05-20
-1406741,772094,1,1,1,0,2016-05-21,2016-05-21
-1406740,771778,1,1,1,0,2016-05-20,2016-05-20
-1406740,771780,1,1,1,0,2016-05-20,2016-05-20
-1406740,771847,1,1,1,0,2016-05-21,2016-05-21
-1406740,772087,1,1,1,0,2016-05-20,2016-05-20
-1406740,772500,1,1,1,0,2018-09-19,2018-09-19
-1406739,771849,1,1,1,0,2018-04-08,2018-04-08
-1406739,771850,1,1,1,1,2019-04-01,2019-04-01
-1406739,771861,1,1,1,1,2019-05-11,2019-05-11
-1406739,772061,1,1,1,0,2018-05-26,2018-05-26
-1406739,772070,1,1,1,0,2016-05-21,2016-05-21
-1406739,772080,1,1,1,0,2016-05-21,2016-05-21
-1406739,772651,1,1,1,1,2019-07-18,2019-07-18
-1406739,772677,1,1,1,1,2019-07-08,2019-07-08
-1406739,773092,1,1,1,0,2018-10-21,2018-10-21
-1406738,771774,1,1,1,1,2016-05-20,2016-05-20
-1406738,771778,2,1,2,0,2016-05-20,2016-05-20
-1406738,771929,1,1,1,1,2017-04-23,2017-04-23
-1406738,772057,1,1,1,0,2016-05-21,2016-05-21
-1406738,772091,1,1,1,0,2016-05-20,2016-05-20
-1406738,772431,1,1,1,0,2019-05-08,2019-05-08
-1406738,772653,1,1,1,0,2019-05-04,2019-05-04
-1406738,772913,1,1,1,0,2019-06-21,2019-06-21
-1406738,772955,1,1,1,1,2019-05-20,2019-05-20
-1406737,771778,1,1,1,0,2016-05-20,2016-05-20
-1406737,772079,1,1,1,1,2016-05-21,2016-05-21
-1406737,772587,1,1,1,1,2017-10-03,2017-10-03
-1406737,773095,1,1,1,0,2018-10-21,2018-10-21
-1406737,773423,1,1,1,0,2019-05-04,2019-05-04
-1406736,771779,1,1,1,0,2016-05-20,2016-05-20
-1406736,771781,1,1,1,0,2018-05-08,2018-05-08
-1406736,771844,1,1,1,0,2019-07-14,2019-07-14
-1406736,771848,1,1,1,0,2016-09-18,2016-09-18
-1406736,772087,3,3,1,0,2016-05-20,2016-05-20
-1406736,772520,1,1,1,0,2018-09-25,2018-09-25
-1406736,772522,1,1,1,0,2018-09-28,2018-09-28
-1406736,772641,1,1,1,1,2019-06-09,2019-06-09
-1406735,771778,1,1,1,0,2016-05-20,2016-05-20
-1406735,771855,1,1,1,0,2019-07-14,2019-07-14
-1406735,771866,1,1,1,1,2018-05-19,2018-05-19
-1406735,771915,1,1,1,0,2019-05-18,2019-05-18
-1406735,772050,1,1,1,0,2016-05-20,2016-05-20
-1406735,772294,1,1,1,0,2019-06-17,2019-06-17
-1406735,772516,1,1,1,0,2018-09-25,2018-09-25
-1406735,772643,1,1,1,1,2019-05-16,2019-05-16
-1406735,772827,3,2,1,0,2016-06-11,2016-06-06
-1406735,773110,1,1,1,0,2018-10-21,2018-10-21
-1406734,771774,1,1,1,0,2016-05-20,2016-05-20
-1406734,771923,1,1,1,1,2019-04-06,2019-04-06
-1406734,772240,1,1,1,0,2018-05-31,2018-05-31
-1406734,772639,1,1,1,1,2019-06-09,2019-06-09
-1406734,772641,1,1,1,0,2019-06-09,2019-06-09
-1406734,772814,1,1,1,0,2018-08-07,2018-08-07
-1406733,771772,1,1,1,1,2016-05-20,2016-05-20
-1406733,771777,1,1,1,0,2016-05-20,2016-05-20
-1406733,771780,1,1,1,0,2016-05-20,2016-05-20
-1406733,772064,1,1,1,0,2016-05-21,2016-05-21
-1406733,772088,1,1,1,1,2016-05-20,2016-05-20
-1406733,772597,1,1,1,0,2019-05-05,2019-05-05
-1406733,772648,1,1,1,0,2019-05-07,2019-05-07
-1406733,774332,1,1,1,0,2019-06-13,2019-06-13
-1406732,771773,1,1,1,0,2016-05-20,2016-05-20
-1406732,771774,1,1,1,0,2016-05-20,2016-05-20
-1406732,772065,1,1,1,0,2016-05-20,2016-05-20
-1406732,772071,1,1,1,0,2016-05-21,2016-05-21
-1406732,772073,1,1,1,1,2016-05-20,2016-05-20
-1406732,772236,1,1,1,0,2018-08-31,2018-08-31
-1406732,772507,1,1,1,0,2018-09-25,2018-09-25
-1406732,772546,1,1,1,0,2019-07-25,2019-07-25
-1406732,772596,1,1,1,1,2019-05-18,2019-05-18
-1406732,772623,1,1,1,0,2019-05-05,2019-05-05
-1406732,772656,1,1,1,1,2018-07-12,2018-07-12
-1406731,771774,1,1,1,0,2016-05-20,2016-05-20
-1406731,771776,1,1,1,0,2016-05-20,2016-05-20
-1406731,771777,1,1,1,0,2016-05-20,2016-05-20
-1406731,771778,2,2,1,1,2016-05-20,2016-05-20
-1406731,771855,2,1,1,0,2016-05-21,2016-05-21
-1406731,772075,1,1,1,0,2016-05-20,2016-05-20
-1406731,772076,1,1,1,0,2016-05-21,2016-05-21
-1406731,772252,1,1,1,1,2019-04-26,2019-04-26
-1406731,772359,1,1,1,0,2018-09-14,2018-09-14
-1406731,772808,1,1,1,1,2017-11-08,2017-11-08
-1406730,771778,1,1,1,1,2016-05-20,2016-05-20
-1406730,771853,1,1,1,0,2016-05-21,2016-05-21
-1406730,772065,1,1,1,0,2016-05-20,2016-05-20
-1406730,772072,1,1,1,0,2016-05-20,2016-05-20
-1406730,772073,1,1,1,0,2016-05-20,2016-05-20
-1406730,772074,1,1,1,0,2016-05-20,2016-05-20
-1406730,772075,1,1,1,0,2016-05-20,2016-05-20
-1406730,772089,1,1,1,0,2016-05-20,2016-05-20
-1406730,772232,1,1,1,0,2018-05-31,2018-05-31
-1406730,772236,1,1,1,0,2018-06-28,2018-06-28
-1406730,772257,1,1,1,0,2017-09-28,2017-09-28
-1406730,772966,1,1,1,1,2019-04-13,2019-04-13
-1406729,771769,1,1,1,0,2016-05-20,2016-05-20
-1406729,772060,1,1,1,0,2016-05-20,2016-05-20
-1406729,772062,1,1,1,0,2016-05-20,2016-05-20
-1406729,772063,1,1,1,0,2016-05-20,2016-05-20
-1406729,772074,1,1,1,0,2016-05-20,2016-05-20
-1406729,772075,1,1,1,1,2019-07-12,2019-07-12
-1406729,772078,1,1,1,0,2016-05-21,2016-05-21
-1406729,772079,1,1,1,1,2016-05-21,2016-05-21
-1406729,772090,1,1,1,0,2016-05-20,2016-05-20
-1406729,772233,1,1,1,0,2019-07-10,2019-07-10
-1406729,772251,1,1,1,0,2017-09-28,2017-09-28
-1406729,772590,1,1,1,1,2019-05-18,2019-05-18
-1406729,772809,1,1,1,1,2017-11-08,2017-11-08
-1406728,771925,1,1,1,0,2018-03-11,2018-03-11
-1406728,771926,1,1,1,0,2018-03-11,2018-03-11
-1406728,771935,1,1,1,0,2017-06-25,2017-06-25
-1406728,772059,1,1,1,0,2016-05-20,2016-05-20
-1406728,772060,1,1,1,0,2016-05-20,2016-05-20
-1406728,772065,1,1,1,0,2016-05-20,2016-05-20
-1406728,772090,1,1,1,0,2016-05-20,2016-05-20
-1406728,772553,1,1,1,1,2019-04-28,2019-04-28
-1406728,774066,1,1,1,0,2019-06-08,2019-06-08
-1406727,771934,1,1,1,0,2017-06-25,2017-06-25
-1406727,771936,1,1,1,0,2017-12-20,2017-12-20
-1406727,771943,1,1,1,1,2017-12-02,2017-12-02
-1406727,772015,1,1,1,0,2017-06-11,2017-06-11
-1406727,772062,1,1,1,0,2016-05-20,2016-05-20
-1406727,772064,1,1,1,0,2016-05-21,2016-05-21
-1406727,772072,1,1,1,0,2016-05-20,2016-05-20
-1406727,772235,1,1,1,0,2019-07-10,2019-07-10
-1406727,773316,1,1,1,0,2019-05-25,2019-05-25
-1406727,773398,1,1,1,0,2018-10-09,2018-10-09
-1406727,773420,1,1,1,1,2018-10-05,2018-10-05
-1406726,771845,1,1,1,1,2017-03-28,2017-03-28
-1406726,772254,1,1,1,0,2018-05-09,2018-05-09
-1406726,773403,1,1,1,0,2018-09-24,2018-09-24
-1406725,771791,1,1,1,1,2019-04-16,2019-04-16
-1406725,772063,1,1,1,0,2016-05-20,2016-05-20
-1406725,772073,1,1,1,0,2016-05-20,2016-05-20
-1406725,772082,1,1,1,0,2016-05-20,2016-05-20
-1406725,772084,1,1,1,0,2016-05-20,2016-05-20
-1406725,772085,1,1,1,0,2016-05-20,2016-05-20
-1406724,772073,1,1,1,0,2016-05-20,2016-05-20
-1406724,772082,1,1,1,0,2016-05-20,2016-05-20
-1406724,772085,1,1,1,0,2016-05-20,2016-05-20
-1406724,772093,1,1,1,0,2016-05-20,2016-05-20
-1406724,772258,1,1,1,0,2019-04-26,2019-04-26
-1406724,773659,1,1,1,0,2016-05-20,2016-05-20
-1406723,771789,1,1,1,1,2019-03-30,2019-03-30
-1406723,771796,1,1,1,0,2019-03-15,2019-03-15
-1406723,772082,1,1,1,0,2016-05-20,2016-05-20
-1406723,772084,1,1,1,0,2016-05-20,2016-05-20
-1406723,772088,1,1,1,0,2016-05-20,2016-05-20
-1406723,772090,3,3,2,0,2016-05-20,2016-05-20
-1406723,772091,1,1,1,0,2016-05-20,2016-05-20
-1406723,772092,1,1,1,0,2016-05-20,2016-05-20
-1406723,772507,2,2,1,0,2018-04-14,2018-04-13
-1406722,771834,1,1,1,0,2019-04-13,2019-04-13
-1406722,771922,1,1,1,0,2018-04-29,2018-04-29
-1406722,771986,1,1,1,1,2019-03-05,2019-03-05
-1406722,772074,1,1,1,0,2018-04-26,2018-04-26
-1406722,772083,1,1,1,0,2016-05-20,2016-05-20
-1406722,772089,1,1,1,0,2016-05-20,2016-05-20
-1406722,772093,1,1,1,0,2016-05-20,2016-05-20
-1406722,772248,1,1,1,0,2019-03-14,2019-03-14
-1406722,772255,1,1,1,0,2019-07-02,2019-07-02
-1406722,772537,1,1,1,1,2019-05-25,2019-05-25
-1406722,772924,1,1,1,0,2019-03-03,2019-03-03
-1406721,771644,1,1,1,1,2018-04-26,2018-04-26
-1406721,771953,1,1,1,0,2019-07-14,2019-07-14
-1406721,772081,1,1,1,0,2016-05-20,2016-05-20
-1406721,772088,1,1,1,0,2016-05-20,2016-05-20
-1406721,772108,1,1,1,1,2019-04-22,2019-04-22
-1406720,771692,7,6,6,1,2016-05-21,2016-05-20
-1406720,771797,1,1,1,0,2018-05-23,2018-05-23
-1406720,771984,1,1,1,1,2019-03-05,2019-03-05
-1406720,772087,1,1,1,0,2016-05-20,2016-05-20
-1406720,772102,1,1,1,1,2019-04-22,2019-04-22
-1406720,772928,1,1,1,0,2019-03-16,2019-03-16
-1406719,770552,1,1,1,1,2016-05-18,2016-05-18
-1406719,771928,1,1,1,1,2019-03-30,2019-03-30
-1406719,772170,1,1,1,0,2018-05-16,2018-05-16
-1406719,772504,1,1,1,0,2018-04-13,2018-04-13
-1406719,772595,1,1,1,0,2017-08-09,2017-08-09
-1406718,771628,1,1,1,1,2018-05-09,2018-05-09
-1406718,771792,1,1,1,0,2018-03-26,2018-03-26
-1406718,772255,1,1,1,0,2018-08-10,2018-08-10
-1406717,771830,1,1,1,1,2019-03-30,2019-03-30
-1406717,771928,1,1,1,0,2018-06-26,2018-06-26
-1406717,771947,1,1,1,0,2017-06-25,2017-06-25
-1406717,771955,1,1,1,1,2019-04-07,2019-04-07
-1406717,772272,1,1,1,0,2018-07-18,2018-07-18
-1406717,772655,1,1,1,1,2019-07-08,2019-07-08
-1406717,772686,1,1,1,1,2019-05-10,2019-05-10
-1406716,770188,1,1,1,0,2019-05-29,2019-05-29
-1406716,771628,1,1,1,0,2016-05-21,2016-05-21
-1406716,771656,1,1,1,0,2016-05-21,2016-05-21
-1406716,772085,1,1,1,1,2019-03-05,2019-03-05
-1406716,772089,1,1,1,0,2016-05-20,2016-05-20
-1406716,774141,1,1,1,0,2016-11-15,2016-11-15
-1406715,771780,1,1,1,0,2017-12-20,2017-12-20
-1406715,771811,1,1,1,1,2018-04-27,2018-04-27
-1406715,771950,1,1,1,0,2017-06-25,2017-06-25
-1406715,771951,3,1,2,2,2017-06-25,2017-06-25
-1406715,773602,1,1,1,0,2019-06-22,2019-06-22
-1406715,773750,1,1,1,0,2019-06-10,2019-06-10
-1406715,773754,1,1,1,1,2018-05-02,2018-05-02
-1406715,774190,1,1,1,0,2018-08-20,2018-08-20
-1406714,771824,1,1,1,0,2019-04-07,2019-04-07
-1406714,771955,1,1,1,0,2019-07-14,2019-07-14
-1406714,771994,1,1,1,0,2018-06-09,2018-06-09
-1406714,772090,1,1,1,1,2019-03-05,2019-03-05
-1406713,771822,1,1,1,1,2018-04-08,2018-04-08
-1406713,772029,1,1,1,1,2019-04-18,2019-04-18
-1406711,771607,1,1,1,0,2016-05-21,2016-05-21
-1406711,772102,1,1,1,0,2018-07-25,2018-07-25
-1406711,772381,1,1,1,0,2019-02-13,2019-02-13
-1406711,772487,1,1,1,0,2018-06-25,2018-06-25
-1406711,773556,1,1,1,0,2018-08-02,2018-08-02
-1406710,771606,1,1,1,0,2016-05-21,2016-05-21
-1406710,772335,1,1,1,1,2018-12-14,2018-12-14
-1406709,771798,1,1,1,0,2016-05-29,2016-05-29
-1406709,771825,1,1,1,1,2018-04-08,2018-04-08
-1406709,771926,1,1,1,0,2018-04-27,2018-04-27
-1406707,771595,1,1,1,0,2016-05-21,2016-05-21
-1406707,771802,1,1,1,0,2018-05-08,2018-05-08
-1406707,771995,1,1,1,0,2019-03-12,2019-03-12
-1406707,772348,1,1,1,0,2018-10-25,2018-10-25
-1406707,772442,1,1,1,1,2017-07-27,2017-07-27
-1406707,772568,2,2,2,2,2018-09-15,2018-08-26
-1406706,772570,1,1,1,1,2018-08-06,2018-08-06
-1406706,772878,1,1,1,0,2019-04-28,2019-04-28
-1406706,774203,1,1,1,0,2016-06-23,2016-06-23
-1406705,772654,1,1,1,1,2019-07-08,2019-07-08
-1406705,773657,1,1,1,0,2016-01-01,2016-01-01
-1406704,771986,1,1,1,1,2019-05-01,2019-05-01
-1406703,771802,1,1,1,0,2016-07-07,2016-07-07
-1406703,771969,1,1,1,0,2017-12-20,2017-12-20
-1406703,772347,2,2,1,0,2018-10-25,2018-10-25
-1406703,772348,1,1,1,0,2018-10-25,2018-10-25
-1406703,774241,1,1,1,0,2016-11-15,2016-11-15
-1406702,771933,1,1,1,0,2016-05-19,2016-05-19
-1406702,771949,1,1,1,0,2017-12-20,2017-12-20
-1406702,772114,1,1,1,0,2019-07-23,2019-07-23
-1406702,772447,1,1,1,1,2019-04-09,2019-04-09
-1406702,772606,1,1,1,0,2018-07-21,2018-07-21
-1406701,772486,1,1,1,0,2018-06-28,2018-06-28
-1406701,772606,1,1,1,0,2019-04-11,2019-04-11
-1406700,772025,1,1,1,1,2018-09-20,2018-09-20
-1406699,772072,1,1,1,0,2017-08-11,2017-08-11
-1406699,772825,1,1,1,0,2018-08-30,2018-08-30
-1406698,771933,1,1,1,0,2016-05-19,2016-05-19
-1406698,772449,1,1,1,1,2019-04-09,2019-04-09
-1406698,772536,1,1,1,1,2018-05-15,2018-05-15
-1406698,774032,1,1,1,0,2016-07-02,2016-07-02
-1406697,771643,1,1,1,0,2016-05-21,2016-05-21
-1406697,771775,1,1,1,0,2016-02-01,2016-02-01
-1406697,772013,1,1,1,1,2019-04-03,2019-04-03
-1406697,772451,1,1,1,0,2018-09-25,2018-09-25
-1406697,774041,1,1,1,0,2018-09-11,2018-09-11
-1406696,772341,1,1,1,0,2018-07-16,2018-07-16
-1406695,771982,1,1,1,0,2018-11-18,2018-11-18
-1406695,772001,1,1,1,1,2017-04-21,2017-04-21
-1406694,771981,1,1,1,0,2018-11-18,2018-11-18
-1406694,771986,1,1,1,1,2017-12-12,2017-12-12
-1406694,772373,1,1,1,0,2019-06-23,2019-06-23
-1406694,772916,1,1,1,0,2019-06-21,2019-06-21
-1406693,771655,1,1,1,0,2019-04-01,2019-04-01
-1406693,771663,1,1,1,1,2019-04-13,2019-04-13
-1406693,771924,1,1,1,0,2016-05-16,2016-05-16
-1406693,772118,1,1,1,1,2019-05-31,2019-05-31
-1406693,772322,1,1,1,0,2019-03-11,2019-03-11
-1406693,772566,1,1,1,0,2017-03-07,2017-03-07
-1406692,771950,2,2,1,0,2018-04-08,2018-04-08
-1406692,772015,1,1,1,0,2017-06-11,2017-06-11
-1406692,772463,1,1,1,0,2018-10-05,2018-10-05
-1406691,772096,1,1,1,0,2016-12-28,2016-12-28
-1406690,772462,1,1,1,0,2018-06-21,2018-06-21
-1406690,772465,1,1,1,0,2018-09-17,2018-09-17
-1406690,772551,1,1,1,0,2018-10-03,2018-10-03
-1406689,772350,1,1,1,0,2019-05-10,2019-05-10
-1406689,772357,1,1,1,0,2019-05-22,2019-05-22
-1406689,772945,1,1,1,1,2018-10-06,2018-10-06
-1406688,772403,1,1,1,0,2018-07-02,2018-07-02
-1406688,773034,1,1,1,1,2018-04-15,2018-04-15
-1406687,771753,1,1,1,0,2016-05-18,2016-05-18
-1406687,771768,1,1,1,0,2018-03-06,2018-03-06
-1406687,771896,1,1,1,0,2018-04-18,2018-04-18
-1406687,771943,1,1,1,0,2019-04-29,2019-04-29
-1406687,771968,1,1,1,0,2019-04-29,2019-04-29
-1406687,772443,1,1,1,1,2018-05-01,2018-05-01
-1406685,771980,1,1,1,1,2017-04-22,2017-04-22
-1406685,771993,1,1,1,1,2017-04-22,2017-04-22
-1406685,772026,1,1,1,1,2019-03-30,2019-03-30
-1406685,772030,1,1,1,1,2018-05-23,2018-05-23
-1406685,772074,1,1,1,0,2019-03-05,2019-03-05
-1406685,772342,1,1,1,0,2018-08-07,2018-08-07
-1406685,772456,1,1,1,0,2018-09-11,2018-09-11
-1406685,772903,1,1,1,0,2016-05-18,2016-05-18
-1406684,772006,1,1,1,1,2017-12-03,2017-12-03
-1406684,772015,1,1,1,0,2017-06-11,2017-06-11
-1406684,772377,1,1,1,0,2019-06-23,2019-06-23
-1406684,773252,1,1,1,0,2018-09-15,2018-09-15
-1406683,771913,1,1,1,1,2019-06-19,2019-06-19
-1406683,771978,1,1,1,0,2019-04-29,2019-04-29
-1406683,772467,1,1,1,0,2019-06-22,2019-06-22
-1406683,772497,1,1,1,0,2018-10-19,2018-10-19
-1406682,771666,1,1,1,0,2019-06-27,2019-06-27
-1406682,772007,1,1,1,0,2019-02-10,2019-02-10
-1406682,772215,1,1,1,1,2019-05-22,2019-05-22
-1406682,772256,1,1,1,1,2019-05-16,2019-05-16
-1406681,772007,1,1,1,1,2019-04-19,2019-04-19
-1406681,772048,1,1,1,1,2017-04-21,2017-04-21
-1406681,772984,1,1,1,1,2018-04-30,2018-04-30
-1406681,773740,1,1,1,1,2019-06-20,2019-06-20
-1406680,772335,1,1,1,0,2018-09-17,2018-09-17
-1406680,773084,1,1,1,0,2018-05-17,2018-05-17
-1406680,774196,1,1,1,0,2019-04-28,2019-04-28
-1406679,771983,1,1,1,0,2019-03-16,2019-03-16
-1406679,772357,1,1,1,1,2018-06-09,2018-06-09
-1406679,772772,1,1,1,0,2018-05-02,2018-05-02
-1406679,772901,1,1,1,1,2016-05-18,2016-05-18
-1406679,773516,1,1,1,0,2019-06-09,2019-06-09
-1406679,774202,1,1,1,0,2018-10-11,2018-10-11
-1406678,772343,1,1,1,0,2018-09-05,2018-09-05
-1406678,773084,1,1,1,0,2018-05-19,2018-05-19
-1406678,773207,1,1,1,0,2018-07-05,2018-07-05
-1406678,774194,1,1,1,0,2019-07-20,2019-07-20
-1406678,774199,1,1,1,0,2019-05-25,2019-05-25
-1406677,772252,1,1,1,0,2018-10-25,2018-10-25
-1406677,772440,1,1,1,1,2018-11-09,2018-11-09
-1406677,772901,1,1,1,0,2016-05-18,2016-05-18
-1406677,774195,1,1,1,0,2018-10-20,2018-10-20
-1406676,772257,1,1,1,0,2017-09-26,2017-09-26
-1406676,772771,1,1,1,0,2018-04-01,2018-04-01
-1406676,773516,1,1,1,0,2019-06-29,2019-06-29
-1406676,773517,1,1,1,1,2019-06-09,2019-06-09
-1406675,772013,1,1,1,0,2019-05-05,2019-05-05
-1406675,772014,1,1,1,0,2017-06-11,2017-06-11
-1406675,772015,1,1,1,0,2019-05-02,2019-05-02
-1406675,772025,1,1,1,1,2019-07-06,2019-07-06
-1406675,772465,1,1,1,0,2018-06-13,2018-06-13
-1406675,772772,1,1,1,0,2018-05-02,2018-05-02
-1406675,773452,1,1,1,0,2016-04-30,2016-04-30
-1406675,773574,1,1,1,0,2019-04-14,2019-04-14
-1406675,774199,1,1,1,0,2018-10-14,2018-10-14
-1406674,772128,1,1,1,0,2019-07-23,2019-07-23
-1406674,772256,1,1,1,0,2018-03-29,2018-03-29
-1406673,772346,1,1,1,1,2017-07-21,2017-07-21
-1406673,774171,1,1,1,0,2018-05-19,2018-05-19
-1406672,772248,1,1,1,0,2018-03-29,2018-03-29
-1406672,772430,1,1,1,0,2018-05-12,2018-05-12
-1406671,771984,1,1,1,0,2018-02-19,2018-02-19
-1406671,772102,1,1,1,1,2018-06-25,2018-06-25
-1406671,772125,1,1,1,0,2019-07-23,2019-07-23
-1406671,772247,1,1,1,0,2018-03-29,2018-03-29
-1406671,773043,1,1,1,0,2018-05-14,2018-05-14
-1406670,771548,1,1,1,0,2016-05-21,2016-05-21
-1406670,771713,1,1,1,0,2019-06-15,2019-06-15
-1406670,771935,2,2,2,1,2019-06-19,2019-02-11
-1406670,772024,1,1,1,0,2018-06-08,2018-06-08
-1406670,772239,1,1,1,0,2019-05-14,2019-05-14
-1406670,772250,1,1,1,0,2018-03-29,2018-03-29
-1406670,772336,1,1,1,0,2018-09-14,2018-09-14
-1406669,772002,1,1,1,1,2018-05-02,2018-05-02
-1406668,772243,1,1,1,0,2019-05-29,2019-05-29
-1406667,772467,1,1,1,0,2018-03-22,2018-03-22
-1406667,773354,1,1,1,0,2019-06-07,2019-06-07
-1406666,772928,1,1,1,0,2019-05-18,2019-05-18
-1406664,772023,1,1,1,1,2019-03-27,2019-03-27
-1406664,772246,1,1,1,0,2018-03-22,2018-03-22
-1406664,773852,1,1,1,0,2016-10-09,2016-10-09
-1406662,771533,1,1,1,0,2016-05-21,2016-05-21
-1406662,771535,1,1,1,0,2016-05-21,2016-05-21
-1406662,772269,1,1,1,1,2018-03-29,2018-03-29
-1406661,772393,1,1,1,1,2018-08-06,2018-08-06
-1406661,773330,1,1,1,1,2018-10-28,2018-10-28
-1406660,772015,1,1,1,1,2017-04-15,2017-04-15
-1406660,772113,1,1,1,1,2019-03-05,2019-03-05
-1406660,772568,1,1,1,0,2019-05-13,2019-05-13
-1406658,772010,1,1,1,1,2018-03-27,2018-03-27
-1406658,772163,1,1,1,0,2018-12-17,2018-12-17
-1406658,772247,1,1,1,0,2018-06-13,2018-06-13
-1406657,770393,1,1,1,0,2019-05-29,2019-05-29
-1406657,772583,1,1,1,0,2019-05-29,2019-05-29
-1406656,771982,1,1,1,0,2017-12-20,2017-12-20
-1406656,771991,1,1,1,1,2019-04-12,2019-04-12
-1406656,772011,1,1,1,1,2017-04-15,2017-04-15
-1406656,772016,1,1,1,1,2017-04-15,2017-04-15
-1406656,772072,1,1,1,1,2017-12-05,2017-12-05
-1406656,772097,1,1,1,1,2019-04-23,2019-04-23
-1406656,773261,1,1,1,1,2018-05-19,2018-05-19
-1406655,771830,1,1,1,1,2019-05-26,2019-05-26
-1406655,771917,1,1,1,1,2018-06-10,2018-06-10
-1406655,771975,1,1,1,0,2018-08-06,2018-08-06
-1406655,771986,2,2,1,2,2018-06-10,2018-06-10
-1406655,771993,1,1,1,0,2018-10-07,2018-10-07
-1406654,771985,1,1,1,1,2018-06-10,2018-06-10
-1406654,772239,1,1,1,0,2017-09-26,2017-09-26
-1406654,772900,1,1,1,1,2019-04-14,2019-04-14
-1406653,773135,1,1,1,1,2019-04-05,2019-04-05
-1406652,772587,1,1,1,1,2018-05-30,2018-05-30
-1406651,771806,1,1,1,1,2018-04-08,2018-04-08
-1406651,771990,1,1,1,1,2018-07-17,2018-07-17
-1406651,772469,1,1,1,1,2017-08-26,2017-08-26
-1406651,772903,1,1,1,0,2016-08-27,2016-08-27
-1406650,771699,1,1,1,1,2018-04-29,2018-04-29
-1406650,771990,1,1,1,0,2017-03-19,2017-03-19
-1406650,772051,1,1,1,0,2016-04-14,2016-04-14
-1406649,772423,1,1,1,1,2017-05-29,2017-05-29
-1406648,771125,1,1,1,0,2019-07-11,2019-07-11
-1406648,773040,1,1,1,0,2018-05-15,2018-05-15
-1406647,771938,1,1,1,0,2019-03-11,2019-03-11
-1406647,771977,1,1,1,0,2018-09-16,2018-09-16
-1406647,773019,1,1,1,0,2016-11-11,2016-11-11
-1406647,773114,1,1,1,0,2019-05-04,2019-05-04
-1406646,771931,1,1,1,0,2018-06-14,2018-06-14
-1406646,771935,1,1,1,0,2019-06-27,2019-06-27
-1406646,771943,1,1,1,0,2019-03-11,2019-03-11
-1406646,771982,1,1,1,1,2017-08-12,2017-08-12
-1406646,772421,1,1,1,1,2017-05-29,2017-05-29
-1406646,772426,1,1,1,1,2017-05-29,2017-05-29
-1406646,772573,1,1,1,0,2018-10-04,2018-10-04
-1406645,772268,1,1,1,0,2018-03-22,2018-03-22
-1406645,772407,1,1,1,0,2019-05-10,2019-05-10
-1406645,772498,1,1,1,0,2019-06-22,2019-06-22
-1406645,772764,1,1,1,0,2019-04-30,2019-04-30
-1406645,773043,1,1,1,0,2018-05-11,2018-05-11
-1406645,773088,1,1,1,0,2019-06-28,2019-06-28
-1406644,770604,1,1,1,0,2019-04-16,2019-04-16
-1406644,771918,1,1,1,1,2019-05-15,2019-05-15
-1406644,772437,1,1,1,0,2018-03-22,2018-03-22
-1406644,772614,1,1,1,1,2019-04-29,2019-04-29
-1406644,773044,2,2,1,0,2019-04-26,2019-04-24
-1406644,773809,1,1,1,1,2019-02-26,2019-02-26
-1406643,771710,1,1,1,1,2019-03-30,2019-03-30
-1406643,771944,1,1,1,0,2019-03-11,2019-03-11
-1406643,772020,1,1,1,0,2019-04-04,2019-04-04
-1406643,772061,1,1,1,0,2018-09-04,2018-09-04
-1406643,772081,2,2,1,0,2016-04-15,2016-04-15
-1406643,773041,1,1,1,0,2019-05-01,2019-05-01
-1406643,773060,1,1,1,0,2019-04-22,2019-04-22
-1406642,771941,1,1,1,0,2019-03-11,2019-03-11
-1406642,771991,1,1,1,1,2016-05-21,2016-05-21
-1406642,772061,1,1,1,0,2018-07-12,2018-07-12
-1406642,772336,1,1,1,1,2018-02-21,2018-02-21
-1406642,772429,1,1,1,0,2018-07-01,2018-07-01
-1406642,772448,1,1,1,0,2018-03-22,2018-03-22
-1406642,772455,1,1,1,0,2018-03-22,2018-03-22
-1406642,772542,1,1,1,0,2018-09-15,2018-09-15
-1406641,772060,1,1,1,0,2018-08-16,2018-08-16
-1406641,772062,1,1,1,0,2018-07-12,2018-07-12
-1406641,772237,1,1,1,0,2018-01-13,2018-01-13
-1406641,772591,1,1,1,1,2019-05-29,2019-05-29
-1406641,772594,1,1,1,1,2019-05-25,2019-05-25
-1406641,773202,1,1,1,1,2018-06-01,2018-06-01
-1406641,773204,1,1,1,1,2018-06-01,2018-06-01
-1406641,773205,1,1,1,1,2018-06-01,2018-06-01
-1406641,773206,1,1,1,1,2018-06-01,2018-06-01
-1406640,771804,1,1,1,0,2019-03-31,2019-03-31
-1406640,772062,1,1,1,0,2018-07-12,2018-07-12
-1406640,772935,1,1,1,0,2018-06-24,2018-06-24
-1406640,773202,1,1,1,1,2018-06-01,2018-06-01
-1406639,772016,1,1,1,0,2017-09-15,2017-09-15
-1406639,773200,1,1,1,1,2018-06-01,2018-06-01
-1406639,774146,1,1,1,0,2016-05-08,2016-05-08
-1406638,771513,1,1,1,0,2017-04-16,2017-04-16
-1406638,771884,1,1,1,0,2016-06-23,2016-06-23
-1406638,772784,1,1,1,0,2019-03-18,2019-03-18
-1406637,772536,1,1,1,0,2018-09-30,2018-09-30
-1406637,772944,1,1,1,0,2019-04-21,2019-04-21
-1406635,772013,1,1,1,0,2019-05-25,2019-05-25
-1406634,774110,1,1,1,1,2019-06-20,2019-06-20
-1406633,771999,1,1,1,1,2019-06-11,2019-06-11
-1406633,772537,2,2,1,0,2018-10-08,2018-10-04
-1406633,773848,1,1,1,0,2018-09-05,2018-09-05
-1406632,771700,1,1,1,1,2019-03-30,2019-03-30
-1406632,771936,1,1,1,1,2018-08-30,2018-08-30
-1406632,771969,1,1,1,0,2018-07-07,2018-07-07
-1406632,772076,1,1,1,0,2017-07-31,2017-07-31
-1406632,773237,1,1,1,0,2018-04-21,2018-04-21
-1406631,771456,1,1,1,0,2019-04-01,2019-04-01
-1406630,771701,1,1,1,0,2017-05-27,2017-05-27
-1406630,772084,1,1,1,0,2019-04-25,2019-04-25
-1406630,772311,1,1,1,1,2019-05-29,2019-05-29
-1406630,772458,1,1,1,0,2019-05-16,2019-05-16
-1406630,773165,1,1,1,0,2019-05-04,2019-05-04
-1406629,772003,1,1,1,0,2018-03-11,2018-03-11
-1406629,772457,1,1,1,0,2019-05-16,2019-05-16
-1406629,772459,1,1,1,0,2019-05-16,2019-05-16
-1406628,771984,1,1,1,1,2018-04-27,2018-04-27
-1406628,772950,1,1,1,1,2019-04-04,2019-04-04
-1406626,772055,1,1,1,1,2019-04-25,2019-04-25
-1406626,772457,1,1,1,0,2019-05-16,2019-05-16
-1406626,772458,1,1,1,1,2019-05-16,2019-05-16
-1406626,772540,1,1,1,0,2018-11-23,2018-11-23
-1406625,772000,1,1,1,0,2019-05-25,2019-05-25
-1406625,772001,2,2,2,1,2019-06-06,2018-10-23
-1406625,772016,1,1,1,0,2017-04-16,2017-04-16
-1406625,772540,1,1,1,0,2018-11-01,2018-11-01
-1406624,771931,1,1,1,1,2018-06-14,2018-06-14
-1406624,771932,2,2,2,1,2018-06-14,2018-06-14
-1406624,771986,1,1,1,0,2018-03-11,2018-03-11
-1406624,771999,1,1,1,0,2019-06-20,2019-06-20
-1406624,772018,1,1,1,1,2018-04-08,2018-04-08
-1406624,772108,1,1,1,0,2017-08-03,2017-08-03
-1406624,772442,1,1,1,0,2018-10-12,2018-10-12
-1406623,771936,1,1,1,1,2018-08-11,2018-08-11
-1406623,771987,1,1,1,0,2018-03-11,2018-03-11
-1406623,772011,1,1,1,0,2018-05-21,2018-05-21
-1406623,772579,1,1,1,0,2019-04-26,2019-04-26
-1406622,771931,1,1,1,1,2018-06-14,2018-06-14
-1406622,771932,1,1,1,0,2018-05-03,2018-05-03
-1406622,771981,1,1,1,0,2018-03-11,2018-03-11
-1406622,772024,1,1,1,0,2018-06-09,2018-06-09
-1406622,772626,1,1,1,1,2019-05-25,2019-05-25
-1406621,771932,1,1,1,0,2018-05-03,2018-05-03
-1406621,771933,1,1,1,0,2018-05-03,2018-05-03
-1406621,772263,1,1,1,1,2018-09-15,2018-09-15
-1406621,772623,1,1,1,0,2019-04-28,2019-04-28
-1406621,773014,1,1,1,1,2018-07-02,2018-07-02
-1406620,771922,1,1,1,0,2017-04-22,2017-04-22
-1406620,771930,1,1,1,1,2018-06-22,2018-06-22
-1406620,772028,1,1,1,1,2018-09-06,2018-09-06
-1406620,772038,1,1,1,1,2018-05-07,2018-05-07
-1406620,772233,1,1,1,0,2019-04-28,2019-04-28
-1406620,772489,1,1,1,0,2018-03-31,2018-03-31
-1406619,771690,1,1,1,0,2017-05-27,2017-05-27
-1406619,771848,1,1,1,1,2019-04-06,2019-04-06
-1406619,771859,1,1,1,0,2019-05-17,2019-05-17
-1406619,771918,1,1,1,1,2019-06-07,2019-06-07
-1406619,771972,1,1,1,0,2017-07-24,2017-07-24
-1406619,772002,1,1,1,0,2019-07-05,2019-07-05
-1406619,772062,1,1,1,0,2018-05-14,2018-05-14
-1406619,772139,1,1,1,0,2019-04-29,2019-04-29
-1406618,771689,1,1,1,0,2017-05-27,2017-05-27
-1406618,771977,1,1,1,1,2018-04-27,2018-04-27
-1406618,772177,1,1,1,1,2019-03-14,2019-03-14
-1406618,772231,1,1,1,0,2019-04-28,2019-04-28
-1406618,772538,1,1,1,1,2019-06-30,2019-06-30
-1406618,772578,1,1,1,0,2018-04-01,2018-04-01
-1406617,771927,1,1,1,0,2018-04-27,2018-04-27
-1406617,771940,1,1,1,0,2016-05-20,2016-05-20
-1406617,772008,1,1,1,0,2017-06-11,2017-06-11
-1406617,772027,1,1,1,1,2018-09-06,2018-09-06
-1406617,772051,1,1,1,0,2016-05-30,2016-05-30
-1406617,772211,1,1,1,0,2018-03-04,2018-03-04
-1406617,772231,1,1,1,0,2019-04-28,2019-04-28
-1406617,772442,1,1,1,0,2018-10-12,2018-10-12
-1406617,772545,1,1,1,1,2018-05-06,2018-05-06
-1406616,771939,1,1,1,0,2016-05-20,2016-05-20
-1406616,771941,1,1,1,0,2019-04-12,2019-04-12
-1406615,771992,1,1,1,0,2016-05-17,2016-05-17
-1406615,772033,1,1,1,0,2018-04-11,2018-04-11
-1406615,772123,1,1,1,0,2018-07-25,2018-07-25
-1406615,772176,1,1,1,1,2018-11-03,2018-11-03
-1406614,770676,1,1,1,0,2018-09-12,2018-09-12
-1406614,771688,1,1,1,0,2017-05-27,2017-05-27
-1406614,771754,1,1,1,0,2018-09-30,2018-09-30
-1406614,771801,1,1,1,1,2018-04-27,2018-04-27
-1406614,772221,1,1,1,0,2017-04-18,2017-04-18
-1406614,772242,1,1,1,1,2019-04-28,2019-04-28
-1406614,772309,1,1,1,1,2018-07-15,2018-07-15
-1406614,772574,1,1,1,0,2019-05-09,2019-05-09
-1406614,772941,1,1,1,1,2019-03-31,2019-03-31
-1406613,771687,1,1,1,0,2017-05-27,2017-05-27
-1406613,771983,1,1,1,1,2017-07-24,2017-07-24
-1406613,772570,1,1,1,1,2019-06-04,2019-06-04
-1406613,772577,1,1,1,1,2017-08-22,2017-08-22
-1406612,771947,1,1,1,0,2016-05-20,2016-05-20
-1406612,771989,1,1,1,1,2018-06-06,2018-06-06
-1406612,772001,1,1,1,1,2018-04-08,2018-04-08
-1406612,772532,1,1,1,0,2019-07-14,2019-07-14
-1406612,772573,1,1,1,0,2019-05-14,2019-05-14
-1406611,771752,1,1,1,0,2018-05-28,2018-05-28
-1406611,771914,1,1,1,1,2019-06-19,2019-06-19
-1406611,771989,1,1,1,1,2019-06-11,2019-06-11
-1406611,771991,2,2,2,1,2018-07-15,2018-05-24
-1406611,771992,1,1,1,0,2018-07-15,2018-07-15
-1406611,771995,2,2,1,2,2018-04-30,2018-04-30
-1406611,772005,1,1,1,1,2018-04-30,2018-04-30
-1406611,772169,1,1,1,0,2018-10-20,2018-10-20
-1406611,772233,1,1,1,0,2019-04-28,2019-04-28
-1406611,772573,1,1,1,0,2019-05-09,2019-05-09
-1406611,773110,1,1,1,1,2018-04-29,2018-04-29
-1406611,774064,1,1,1,1,2018-04-04,2018-04-04
-1406610,771756,1,1,1,0,2019-03-02,2019-03-02
-1406610,771761,1,1,1,0,2018-04-27,2018-04-27
-1406610,771987,1,1,1,0,2019-06-13,2019-06-13
-1406610,771991,2,2,2,0,2019-07-01,2019-01-06
-1406610,772002,1,1,1,1,2019-06-24,2019-06-24
-1406610,772004,1,1,1,1,2019-06-24,2019-06-24
-1406610,772010,1,1,1,0,2017-09-01,2017-09-01
-1406610,772571,1,1,1,0,2019-05-11,2019-05-11
-1406610,772572,1,1,1,1,2019-06-21,2019-06-21
-1406610,772652,1,1,1,1,2019-03-29,2019-03-29
-1406609,771754,1,1,1,0,2019-03-02,2019-03-02
-1406609,771756,1,1,1,0,2019-03-02,2019-03-02
-1406609,771761,1,1,1,0,2018-04-27,2018-04-27
-1406609,771983,1,1,1,0,2018-03-11,2018-03-11
-1406609,771999,1,1,1,1,2019-06-11,2019-06-11
-1406609,772004,1,1,1,0,2017-04-15,2017-04-15
-1406609,772005,1,1,1,0,2018-03-30,2018-03-30
-1406609,772006,1,1,1,1,2019-05-27,2019-05-27
-1406609,772015,1,1,1,1,2018-04-26,2018-04-26
-1406609,772018,1,1,1,1,2016-06-02,2016-06-02
-1406609,772274,1,1,1,0,2019-07-03,2019-07-03
-1406609,772535,1,1,1,1,2018-04-24,2018-04-24
-1406609,772570,1,1,1,0,2019-06-11,2019-06-11
-1406608,771432,1,1,1,0,2016-05-21,2016-05-21
-1406608,771759,1,1,1,0,2018-04-27,2018-04-27
-1406608,771760,1,1,1,0,2018-04-27,2018-04-27
-1406608,771968,1,1,1,0,2019-06-13,2019-06-13
-1406608,771976,1,1,1,0,2017-04-22,2017-04-22
-1406608,772009,1,1,1,1,2019-03-30,2019-03-30
-1406608,772012,1,1,1,0,2017-04-15,2017-04-15
-1406608,772512,1,1,1,0,2019-06-22,2019-06-22
-1406607,771748,1,1,1,0,2018-12-04,2018-12-04
-1406607,771947,1,1,1,1,2019-06-30,2019-06-30
-1406607,771981,1,1,1,0,2018-03-11,2018-03-11
-1406607,771987,1,1,1,1,2016-04-15,2016-04-15
-1406607,771995,1,1,1,1,2018-10-20,2018-10-20
-1406606,771760,1,1,1,0,2018-04-27,2018-04-27
-1406606,771983,1,1,1,1,2017-07-01,2017-07-01
-1406606,771993,1,1,1,1,2016-06-02,2016-06-02
-1406606,771996,1,1,1,0,2017-02-08,2017-02-08
-1406606,772014,1,1,1,0,2018-07-15,2018-07-15
-1406606,772019,1,1,1,0,2018-04-16,2018-04-16
-1406605,771414,1,1,1,0,2016-05-21,2016-05-21
-1406605,771983,3,3,2,1,2018-03-11,2017-07-01
-1406605,772234,1,1,1,0,2018-10-25,2018-10-25
-1406604,771676,1,1,1,0,2017-05-27,2017-05-27
-1406604,771755,1,1,1,0,2018-09-14,2018-09-14
-1406604,771756,3,2,2,0,2018-09-14,2018-09-14
-1406604,771975,1,1,1,0,2017-05-04,2017-05-04
-1406604,772011,1,1,1,1,2017-04-15,2017-04-15
-1406604,772017,1,1,1,0,2017-04-15,2017-04-15
-1406604,772154,1,1,1,0,2019-02-24,2019-02-24
-1406603,771931,1,1,1,1,2018-10-14,2018-10-14
-1406603,771983,1,1,1,0,2018-03-11,2018-03-11
-1406603,772011,1,1,1,0,2017-04-15,2017-04-15
-1406603,772015,1,1,1,0,2017-04-15,2017-04-15
-1406603,772229,1,1,1,1,2019-04-28,2019-04-28
-1406603,772231,1,1,1,1,2018-11-03,2018-11-03
-1406603,772463,1,1,1,1,2018-06-13,2018-06-13
-1406603,773704,1,1,1,0,2019-04-20,2019-04-20
-1406603,773902,1,1,1,0,2018-12-08,2018-12-08
-1406602,771780,1,1,1,0,2018-04-27,2018-04-27
-1406602,771982,1,1,1,1,2018-04-30,2018-04-30
-1406602,772008,1,1,1,1,2016-08-05,2016-08-05
-1406602,772231,1,1,1,1,2018-11-03,2018-11-03
-1406602,773000,1,1,1,0,2019-05-19,2019-05-19
-1406602,774070,1,1,1,0,2018-07-28,2018-07-28
-1406601,771659,1,1,1,0,2016-05-21,2016-05-21
-1406601,771778,1,1,1,0,2018-04-27,2018-04-27
-1406601,771969,1,1,1,0,2019-06-13,2019-06-13
-1406601,771984,1,1,1,1,2017-03-08,2017-03-08
-1406601,771987,1,1,1,0,2018-09-12,2018-09-12
-1406601,772013,1,1,1,0,2017-04-15,2017-04-15
-1406601,772014,1,1,1,1,2018-09-19,2018-09-19
-1406601,772226,1,1,1,1,2019-04-28,2019-04-28
-1406601,772463,1,1,1,0,2018-06-13,2018-06-13
-1406600,771745,1,1,1,0,2018-09-15,2018-09-15
-1406600,771983,1,1,1,0,2017-07-24,2017-07-24
-1406600,772235,1,1,1,0,2017-04-18,2017-04-18
-1406600,772320,1,1,1,0,2017-04-18,2017-04-18
-1406600,773112,1,1,1,0,2016-02-26,2016-02-26
-1406599,771751,1,1,1,0,2019-03-30,2019-03-30
-1406599,771925,1,1,1,1,2018-05-12,2018-05-12
-1406599,771926,1,1,1,1,2019-06-11,2019-06-11
-1406599,772005,1,1,1,0,2017-05-18,2017-05-18
-1406599,772012,1,1,1,0,2017-04-15,2017-04-15
-1406599,772220,1,1,1,1,2019-04-28,2019-04-28
-1406599,772261,1,1,1,0,2017-04-18,2017-04-18
-1406599,772321,1,1,1,0,2017-04-18,2017-04-18
-1406599,772342,1,1,1,0,2017-04-18,2017-04-18
-1406599,772589,1,1,1,0,2019-04-09,2019-04-09
-1406599,772833,2,2,1,0,2017-11-02,2017-11-02
-1406599,773109,1,1,1,1,2018-04-28,2018-04-28
-1406598,771927,3,3,3,3,2019-03-26,2018-07-29
-1406598,771940,1,1,1,1,2019-06-19,2019-06-19
-1406598,771983,1,1,1,0,2018-09-19,2018-09-19
-1406598,771984,1,1,1,0,2019-06-13,2019-06-13
-1406598,772173,1,1,1,1,2018-11-03,2018-11-03
-1406597,771921,1,1,1,1,2019-05-31,2019-05-31
-1406597,771922,1,1,1,0,2018-07-03,2018-07-03
-1406597,771928,1,1,1,1,2018-05-08,2018-05-08
-1406597,771935,1,1,1,0,2019-06-10,2019-06-10
-1406597,771968,1,1,1,0,2017-04-17,2017-04-17
-1406597,772009,1,1,1,0,2017-04-15,2017-04-15
-1406596,771924,1,1,1,1,2018-05-04,2018-05-04
-1406596,771939,1,1,1,1,2019-04-06,2019-04-06
-1406596,771972,1,1,1,0,2017-04-17,2017-04-17
-1406596,771981,1,1,1,1,2017-07-01,2017-07-01
-1406596,772261,1,1,1,0,2017-04-18,2017-04-18
-1406596,772574,1,1,1,0,2018-04-26,2018-04-26
-1406595,772572,3,3,1,0,2019-06-14,2019-06-01
-1406595,772573,6,3,1,0,2019-06-01,2019-06-01
-1406595,772574,2,2,1,0,2019-06-07,2019-02-16
-1406595,772575,1,1,1,1,2018-05-06,2018-05-06
-1406595,772584,1,1,1,0,2019-05-11,2019-05-11
-1406594,771927,1,1,1,1,2018-08-01,2018-08-01
-1406594,771939,1,1,1,0,2018-03-30,2018-03-30
-1406594,771976,1,1,1,0,2017-04-22,2017-04-22
-1406594,772014,1,1,1,0,2017-05-18,2017-05-18
-1406594,772571,2,2,1,1,2019-06-01,2019-01-23
-1406594,772572,1,1,1,0,2019-05-13,2019-05-13
-1406594,772573,10,7,2,0,2019-07-20,2019-06-10
-1406594,772574,1,1,1,0,2019-06-05,2019-06-05
-1406594,772575,1,1,1,0,2018-01-20,2018-01-20
-1406593,771924,1,1,1,0,2017-10-25,2017-10-25
-1406593,771926,1,1,1,1,2019-06-27,2019-06-27
-1406593,771928,1,1,1,1,2019-05-28,2019-05-28
-1406593,771930,1,1,1,1,2019-06-11,2019-06-11
-1406593,771981,1,1,1,0,2019-04-29,2019-04-29
-1406593,772071,1,1,1,0,2018-09-26,2018-09-26
-1406593,772225,1,1,1,0,2017-07-20,2017-07-20
-1406593,772571,1,1,1,0,2017-06-10,2017-06-10
-1406593,772573,1,1,1,0,2018-10-22,2018-10-22
-1406593,772574,1,1,1,0,2018-09-16,2018-09-16
-1406593,772575,1,1,1,0,2018-05-15,2018-05-15
-1406593,773061,1,1,1,0,2019-05-18,2019-05-18
-1406592,771926,1,1,1,1,2018-05-02,2018-05-02
-1406592,771938,1,1,1,1,2018-10-31,2018-10-31
-1406592,772571,1,1,1,0,2018-09-14,2018-09-14
-1406592,772572,2,2,1,0,2019-06-07,2019-01-23
-1406592,772575,1,1,1,0,2018-10-31,2018-10-31
-1406592,773061,1,1,1,1,2019-05-18,2019-05-18
-1406591,771925,1,1,1,1,2018-05-04,2018-05-04
-1406591,773060,1,1,1,0,2019-05-18,2019-05-18
-1406590,771917,1,1,1,1,2019-05-05,2019-05-05
-1406590,771929,1,1,1,0,2019-06-22,2019-06-22
-1406590,771941,1,1,1,1,2018-09-29,2018-09-29
-1406590,772006,1,1,1,0,2016-07-08,2016-07-08
-1406590,772007,1,1,1,0,2016-07-08,2016-07-08
-1406590,773279,1,1,1,0,2018-09-06,2018-09-06
-1406589,771723,1,1,1,0,2018-04-27,2018-04-27
-1406589,771774,1,1,1,0,2018-10-05,2018-10-05
-1406589,771927,1,1,1,1,2018-04-19,2018-04-19
-1406589,771955,1,1,1,0,2019-05-05,2019-05-05
-1406589,771976,1,1,1,0,2018-10-09,2018-10-09
-1406589,772006,1,1,1,0,2016-07-08,2016-07-08
-1406589,772012,1,1,1,0,2017-04-15,2017-04-15
-1406589,772016,1,1,1,0,2019-04-21,2019-04-21
-1406588,771929,1,1,1,1,2018-04-19,2018-04-19
-1406588,771995,1,1,1,1,2019-05-14,2019-05-14
-1406588,772006,1,1,1,1,2019-07-19,2019-07-19
-1406588,772007,1,1,1,0,2018-04-28,2018-04-28
-1406587,771921,1,1,1,1,2019-03-26,2019-03-26
-1406587,771924,1,1,1,0,2019-06-08,2019-06-08
-1406587,771926,1,1,1,1,2019-04-09,2019-04-09
-1406587,771927,1,1,1,1,2019-04-24,2019-04-24
-1406587,771930,1,1,1,1,2019-04-24,2019-04-24
-1406587,771987,1,1,1,0,2017-04-15,2017-04-15
-1406587,772016,1,1,1,0,2019-07-01,2019-07-01
-1406587,772718,1,1,1,1,2019-06-08,2019-06-08
-1406586,771926,1,1,1,1,2019-04-09,2019-04-09
-1406586,771948,1,1,1,0,2018-03-25,2018-03-25
-1406586,771990,2,2,1,2,2018-12-28,2018-12-28
-1406586,772005,2,1,2,1,2018-04-28,2017-06-02
-1406586,772012,1,1,1,0,2017-04-15,2017-04-15
-1406586,772567,1,1,1,0,2018-04-22,2018-04-22
-1406586,773684,1,1,1,1,2018-03-03,2018-03-03
-1406585,771657,1,1,1,0,2017-05-27,2017-05-27
-1406585,771922,1,1,1,1,2018-05-04,2018-05-04
-1406585,771989,4,2,3,4,2018-12-28,2018-11-12
-1406585,771990,10,7,4,10,2019-03-24,2018-12-28
-1406585,772881,1,1,1,1,2019-06-27,2019-06-27
-1406585,774177,1,1,1,0,2018-02-22,2018-02-22
-1406584,771926,1,1,1,1,2019-03-29,2019-03-29
-1406584,771928,1,1,1,1,2019-03-29,2019-03-29
-1406584,771990,18,12,4,18,2018-12-28,2018-12-28
-1406584,771995,2,2,2,1,2019-05-14,2018-02-03
-1406584,771996,1,1,1,1,2018-12-28,2018-12-28
-1406584,772005,1,1,1,1,2018-10-27,2018-10-27
-1406584,772212,1,1,1,1,2019-04-17,2019-04-17
-1406584,772349,1,1,1,0,2019-04-28,2019-04-28
-1406584,772878,1,1,1,1,2017-09-15,2017-09-15
-1406583,770188,1,1,1,0,2018-04-26,2018-04-26
-1406583,771971,1,1,1,0,2017-04-17,2017-04-17
-1406583,771990,1,1,1,1,2018-12-02,2018-12-02
-1406583,771998,1,1,1,1,2019-05-14,2019-05-14
-1406583,772015,1,1,1,0,2018-04-08,2018-04-08
-1406582,771813,1,1,1,1,2019-06-23,2019-06-23
-1406582,771939,1,1,1,0,2018-10-11,2018-10-11
-1406582,771995,1,1,1,1,2019-05-14,2019-05-14
-1406582,771996,1,1,1,1,2019-05-14,2019-05-14
-1406582,771999,1,1,1,1,2019-05-14,2019-05-14
-1406582,772008,1,1,1,1,2018-04-11,2018-04-11
-1406582,772013,1,1,1,0,2018-07-25,2018-07-25
-1406582,772017,1,1,1,0,2018-04-30,2018-04-30
-1406582,772180,1,1,1,0,2018-11-03,2018-11-03
-1406582,774077,1,1,1,0,2018-09-19,2018-09-19
-1406581,771790,1,1,1,0,2018-03-24,2018-03-24
-1406581,771939,1,1,1,1,2019-05-17,2019-05-17
-1406581,771944,2,2,1,1,2018-06-08,2018-06-08
-1406581,771951,1,1,1,1,2019-04-06,2019-04-06
-1406581,771986,1,1,1,0,2017-03-19,2017-03-19
-1406581,772185,1,1,1,0,2018-11-03,2018-11-03
-1406581,772194,1,1,1,0,2019-05-01,2019-05-01
-1406580,771798,1,1,1,0,2018-03-24,2018-03-24
-1406580,771968,1,1,1,0,2017-04-17,2017-04-17
-1406580,771971,1,1,1,0,2018-03-25,2018-03-25
-1406580,771972,1,1,1,0,2017-12-20,2017-12-20
-1406580,771996,1,1,1,1,2019-05-14,2019-05-14
-1406580,771997,1,1,1,1,2019-05-14,2019-05-14
-1406580,771998,1,1,1,0,2018-04-27,2018-04-27
-1406580,771999,1,1,1,1,2019-05-14,2019-05-14
-1406580,772008,1,1,1,1,2018-04-29,2018-04-29
-1406580,772185,1,1,1,0,2018-11-03,2018-11-03
-1406580,772513,1,1,1,1,2018-02-14,2018-02-14
-1406580,772535,1,1,1,1,2019-03-26,2019-03-26
-1406580,772552,1,1,1,0,2018-04-08,2018-04-08
-1406579,771931,1,1,1,1,2019-03-30,2019-03-30
-1406579,771934,1,1,1,1,2019-06-20,2019-06-20
-1406579,771940,1,1,1,0,2018-08-23,2018-08-23
-1406579,771998,2,2,1,2,2019-05-14,2019-05-14
-1406579,771999,6,6,1,6,2019-05-14,2019-05-14
-1406579,772028,1,1,1,0,2019-07-03,2019-07-03
-1406579,772033,1,1,1,1,2019-07-13,2019-07-13
-1406579,772077,1,1,1,0,2018-05-14,2018-05-14
-1406579,772079,1,1,1,0,2018-05-14,2018-05-14
-1406579,772188,1,1,1,0,2018-11-03,2018-11-03
-1406579,772291,1,1,1,1,2016-05-23,2016-05-23
-1406578,771921,1,1,1,0,2019-05-11,2019-05-11
-1406578,771922,1,1,1,1,2019-04-13,2019-04-13
-1406578,771923,1,1,1,1,2018-06-18,2018-06-18
-1406578,771926,1,1,1,0,2017-10-10,2017-10-10
-1406578,771940,2,2,1,0,2018-04-28,2018-04-28
-1406578,771941,1,1,1,0,2018-06-08,2018-06-08
-1406578,771955,1,1,1,0,2018-12-06,2018-12-06
-1406578,771980,2,2,1,0,2017-02-10,2017-02-10
-1406578,771984,1,1,1,0,2019-07-05,2019-07-05
-1406578,771995,1,1,1,1,2019-05-14,2019-05-14
-1406578,771999,1,1,1,1,2019-05-14,2019-05-14
-1406578,772005,1,1,1,1,2019-03-13,2019-03-13
-1406578,772322,1,1,1,0,2018-09-02,2018-09-02
-1406577,771921,1,1,1,1,2018-03-25,2018-03-25
-1406577,771926,1,1,1,1,2019-06-22,2019-06-22
-1406577,771934,1,1,1,1,2018-04-29,2018-04-29
-1406577,771936,1,1,1,1,2019-05-28,2019-05-28
-1406577,771977,2,1,2,0,2019-03-22,2019-03-15
-1406577,771999,1,1,1,1,2019-05-14,2019-05-14
-1406577,772015,1,1,1,1,2018-09-12,2018-09-12
-1406577,772023,1,1,1,0,2018-06-24,2018-06-24
-1406577,772031,1,1,1,0,2018-07-12,2018-07-12
-1406577,772144,1,1,1,1,2019-04-27,2019-04-27
-1406577,772213,1,1,1,0,2019-06-13,2019-06-13
-1406577,772371,1,1,1,1,2018-09-15,2018-09-15
-1406576,771919,1,1,1,0,2018-03-30,2018-03-30
-1406576,771925,1,1,1,1,2018-02-23,2018-02-23
-1406576,771930,1,1,1,1,2019-05-25,2019-05-25
-1406576,771940,1,1,1,0,2018-04-27,2018-04-27
-1406576,771979,1,1,1,1,2017-11-17,2017-11-17
-1406576,771986,1,1,1,0,2017-03-19,2017-03-19
-1406576,772008,2,2,2,2,2019-03-13,2018-12-14
-1406576,772010,1,1,1,0,2018-12-06,2018-12-06
-1406576,772016,1,1,1,1,2019-03-13,2019-03-13
-1406576,772026,2,1,1,0,2018-07-06,2018-07-04
-1406576,772193,1,1,1,0,2018-10-16,2018-10-16
-1406576,772381,1,1,1,0,2019-05-12,2019-05-12
-1406576,772876,1,1,1,0,2018-08-23,2018-08-23
-1406575,771351,1,1,1,0,2016-05-21,2016-05-21
-1406575,771919,1,1,1,0,2018-03-30,2018-03-30
-1406575,771921,1,1,1,1,2018-03-24,2018-03-24
-1406575,771924,1,1,1,0,2018-08-27,2018-08-27
-1406575,771925,1,1,1,0,2018-08-30,2018-08-30
-1406575,771926,1,1,1,0,2018-08-30,2018-08-30
-1406575,771932,1,1,1,1,2019-05-25,2019-05-25
-1406575,771935,1,1,1,0,2019-05-28,2019-05-28
-1406575,771997,1,1,1,1,2019-05-14,2019-05-14
-1406575,771999,1,1,1,1,2019-05-14,2019-05-14
-1406575,772004,1,1,1,1,2018-02-23,2018-02-23
-1406575,772016,1,1,1,1,2019-05-19,2019-05-19
-1406575,772034,1,1,1,1,2018-04-30,2018-04-30
-1406575,772055,1,1,1,1,2017-04-14,2017-04-14
-1406574,771646,1,1,1,0,2018-03-11,2018-03-11
-1406574,771923,1,1,1,1,2018-07-20,2018-07-20
-1406574,771929,1,1,1,0,2019-06-22,2019-06-22
-1406574,771994,1,1,1,1,2019-05-14,2019-05-14
-1406574,771998,1,1,1,1,2019-05-14,2019-05-14
-1406574,772012,1,1,1,0,2017-04-15,2017-04-15
-1406574,772028,1,1,1,0,2018-06-26,2018-06-26
-1406574,772029,1,1,1,0,2019-06-18,2019-06-18
-1406574,772077,1,1,1,1,2017-04-14,2017-04-14
-1406573,771926,1,1,1,1,2019-03-22,2019-03-22
-1406573,771933,1,1,1,0,2019-05-25,2019-05-25
-1406573,771977,1,1,1,1,2017-04-22,2017-04-22
-1406573,771988,1,1,1,0,2018-05-03,2018-05-03
-1406573,772007,1,1,1,0,2018-05-15,2018-05-15
-1406573,772013,2,2,2,1,2018-04-30,2018-04-30
-1406573,772014,1,1,1,0,2018-03-16,2018-03-16
-1406573,772022,1,1,1,1,2019-04-19,2019-04-19
-1406573,772039,1,1,1,0,2019-07-10,2019-07-10
-1406573,772679,1,1,1,1,2019-06-24,2019-06-24
-1406572,771983,1,1,1,0,2018-04-30,2018-04-30
-1406572,771998,1,1,1,1,2019-05-14,2019-05-14
-1406572,772015,1,1,1,0,2019-04-29,2019-04-29
-1406572,772080,1,1,1,0,2017-04-17,2017-04-17
-1406572,773914,1,1,1,1,2019-06-01,2019-06-01
-1406571,771983,1,1,1,0,2018-04-30,2018-04-30
-1406571,772016,1,1,1,0,2018-04-30,2018-04-30
-1406571,772465,1,1,1,0,2018-09-26,2018-09-26
-1406570,771074,1,1,1,1,2019-05-27,2019-05-27
-1406570,771638,1,1,1,0,2017-05-27,2017-05-27
-1406570,771982,1,1,1,0,2018-04-16,2018-04-16
-1406570,773379,1,1,1,0,2018-06-01,2018-06-01
-1406570,773982,1,1,1,0,2018-09-11,2018-09-11
-1406569,771971,1,1,1,0,2018-03-11,2018-03-11
-1406569,773172,1,1,1,1,2019-05-25,2019-05-25
-1406568,771330,1,1,1,0,2016-05-21,2016-05-21
-1406568,772001,1,1,1,0,2019-06-24,2019-06-24
-1406568,772013,1,1,1,0,2018-04-30,2018-04-30
-1406568,772014,1,1,1,1,2017-04-15,2017-04-15
-1406568,772020,1,1,1,0,2018-04-30,2018-04-30
-1406568,772408,1,1,1,1,2018-09-15,2018-09-15
-1406568,773379,1,1,1,0,2018-06-01,2018-06-01
-1406568,773380,1,1,1,0,2018-06-01,2018-06-01
-1406567,771632,1,1,1,0,2017-05-27,2017-05-27
-1406567,771934,1,1,1,1,2019-04-24,2019-04-24
-1406567,772012,1,1,1,0,2017-04-15,2017-04-15
-1406567,772015,1,1,1,0,2018-03-25,2018-03-25
-1406567,772016,1,1,1,0,2017-04-15,2017-04-15
-1406567,772022,1,1,1,1,2018-08-18,2018-08-18
-1406566,771953,1,1,1,0,2019-07-01,2019-07-01
-1406566,772499,1,1,1,0,2018-10-04,2018-10-04
-1406566,772589,1,1,1,0,2019-06-30,2019-06-30
-1406565,771937,1,1,1,0,2019-06-22,2019-06-22
-1406565,772026,1,1,1,0,2017-04-15,2017-04-15
-1406565,772471,1,1,1,1,2018-06-13,2018-06-13
-1406564,771938,1,1,1,1,2019-05-28,2019-05-28
-1406564,771952,1,1,1,0,2019-07-01,2019-07-01
-1406564,771985,1,1,1,0,2017-04-14,2017-04-14
-1406564,772006,1,1,1,0,2019-06-25,2019-06-25
-1406564,773340,1,1,1,1,2018-06-06,2018-06-06
-1406563,771937,2,2,2,2,2019-05-25,2018-10-28
-1406563,772008,1,1,1,0,2018-05-15,2018-05-15
-1406563,772206,1,1,1,0,2017-05-04,2017-05-04
-1406563,772337,1,1,1,0,2017-02-10,2017-02-10
-1406562,771953,1,1,1,0,2019-07-01,2019-07-01
-1406562,771983,1,1,1,1,2017-07-01,2017-07-01
-1406562,771984,1,1,1,0,2017-03-08,2017-03-08
-1406562,772014,1,1,1,0,2017-04-14,2017-04-14
-1406562,772907,1,1,1,0,2019-06-14,2019-06-14
-1406562,773708,1,1,1,0,2018-08-18,2018-08-18
-1406561,771925,1,1,1,0,2018-09-26,2018-09-26
-1406561,771940,1,1,1,1,2019-03-28,2019-03-28
-1406561,772590,1,1,1,0,2018-05-26,2018-05-26
-1406561,773707,1,1,1,0,2016-05-30,2016-05-30
-1406560,771970,1,1,1,0,2018-07-15,2018-07-15
-1406560,773710,1,1,1,0,2019-07-07,2019-07-07
-1406560,773906,1,1,1,1,2019-06-03,2019-06-03
-1406559,770356,1,1,1,0,2019-05-15,2019-05-15
-1406559,771915,1,1,1,1,2019-06-19,2019-06-19
-1406559,771937,1,1,1,1,2019-04-27,2019-04-27
-1406559,771945,1,1,1,1,2019-04-27,2019-04-27
-1406558,770346,1,1,1,0,2017-06-16,2017-06-16
-1406558,771938,1,1,1,1,2019-04-27,2019-04-27
-1406558,771940,1,1,1,1,2019-04-27,2019-04-27
-1406558,771987,1,1,1,1,2017-03-08,2017-03-08
-1406558,772011,1,1,1,0,2019-04-29,2019-04-29
-1406558,772212,1,1,1,0,2018-12-21,2018-12-21
-1406558,772821,1,1,1,1,2019-04-28,2019-04-28
-1406558,773715,1,1,1,1,2018-05-07,2018-05-07
-1406557,771938,1,1,1,1,2018-04-03,2018-04-03
-1406557,771979,1,1,1,0,2018-04-16,2018-04-16
-1406557,772009,1,1,1,0,2017-04-15,2017-04-15
-1406557,772012,1,1,1,0,2017-04-15,2017-04-15
-1406557,773183,1,1,1,0,2019-06-19,2019-06-19
-1406556,771912,1,1,1,1,2019-06-19,2019-06-19
-1406556,771940,1,1,1,1,2019-04-27,2019-04-27
-1406556,771984,1,1,1,1,2018-04-30,2018-04-30
-1406556,771985,1,1,1,0,2017-05-19,2017-05-19
-1406556,772015,1,1,1,0,2017-04-15,2017-04-15
-1406556,773165,1,1,1,0,2019-05-25,2019-05-25
-1406556,773709,2,2,1,0,2016-06-08,2016-06-08
-1406555,771984,1,1,1,0,2019-06-28,2019-06-28
-1406555,771993,1,1,1,0,2016-05-25,2016-05-25
-1406555,772009,1,1,1,0,2017-04-15,2017-04-15
-1406555,772864,1,1,1,0,2018-04-27,2018-04-27
-1406555,772981,1,1,1,0,2019-07-02,2019-07-02
-1406554,771281,1,1,1,0,2018-02-09,2018-02-09
-1406554,771914,1,1,1,1,2019-06-19,2019-06-19
-1406554,771983,1,1,1,0,2018-07-03,2018-07-03
-1406554,771999,1,1,1,1,2019-06-28,2019-06-28
-1406554,772011,1,1,1,0,2018-04-30,2018-04-30
-1406554,772017,1,1,1,1,2016-09-23,2016-09-23
-1406554,772863,1,1,1,0,2018-04-27,2018-04-27
-1406553,771938,2,2,1,2,2019-04-27,2019-04-27
-1406553,771941,1,1,1,1,2018-04-03,2018-04-03
-1406553,771948,1,1,1,0,2018-08-22,2018-08-22
-1406552,771983,1,1,1,0,2018-04-30,2018-04-30
-1406552,771984,1,1,1,1,2018-04-13,2018-04-13
-1406552,772005,1,1,1,0,2018-04-30,2018-04-30
-1406552,772012,1,1,1,0,2017-04-14,2017-04-14
-1406552,772013,1,1,1,0,2017-04-15,2017-04-15
-1406552,772015,1,1,1,0,2017-04-15,2017-04-15
-1406552,772542,1,1,1,1,2016-09-23,2016-09-23
-1406552,773839,1,1,1,1,2019-04-14,2019-04-14
-1406551,771982,1,1,1,1,2018-04-27,2018-04-27
-1406551,771991,1,1,1,0,2018-10-28,2018-10-28
-1406551,772536,1,1,1,1,2019-03-26,2019-03-26
-1406551,772869,1,1,1,0,2019-07-04,2019-07-04
-1406551,772870,1,1,1,0,2018-04-27,2018-04-27
-1406551,772872,1,1,1,0,2018-04-27,2018-04-27
-1406550,771282,1,1,1,0,2016-05-21,2016-05-21
-1406550,771988,3,3,1,1,2018-10-28,2018-10-28
-1406550,772004,1,1,1,0,2018-04-27,2018-04-27
-1406550,772006,1,1,1,0,2018-04-30,2018-04-30
-1406550,772008,1,1,1,0,2018-04-30,2018-04-30
-1406550,772009,1,1,1,1,2016-06-03,2016-06-03
-1406550,772012,1,1,1,0,2017-04-15,2017-04-15
-1406550,772335,1,1,1,0,2017-02-10,2017-02-10
-1406550,772877,1,1,1,1,2018-04-27,2018-04-27
-1406550,773165,1,1,1,1,2019-05-25,2019-05-25
-1406549,771885,1,1,1,1,2018-11-05,2018-11-05
-1406549,771923,1,1,1,0,2018-10-28,2018-10-28
-1406549,771952,1,1,1,0,2019-05-25,2019-05-25
-1406549,771980,1,1,1,0,2018-04-16,2018-04-16
-1406549,771982,1,1,1,0,2017-03-03,2017-03-03
-1406549,771984,1,1,1,0,2019-04-29,2019-04-29
-1406549,771994,1,1,1,0,2018-04-30,2018-04-30
-1406549,772005,1,1,1,1,2018-04-30,2018-04-30
-1406549,772013,1,1,1,1,2017-04-14,2017-04-14
-1406549,772014,1,1,1,0,2018-09-14,2018-09-14
-1406549,772069,1,1,1,0,2017-04-16,2017-04-16
-1406549,772869,1,1,1,0,2018-04-27,2018-04-27
-1406549,773707,1,1,1,1,2018-09-03,2018-09-03
-1406548,770581,1,1,1,0,2018-06-08,2018-06-08
-1406548,771270,2,2,2,0,2016-09-17,2016-07-19
-1406548,771283,1,1,1,0,2016-05-21,2016-05-21
-1406548,771285,1,1,1,0,2016-05-21,2016-05-21
-1406548,771286,1,1,1,0,2016-05-21,2016-05-21
-1406548,771603,1,1,1,0,2017-05-27,2017-05-27
-1406548,771950,1,1,1,0,2019-05-25,2019-05-25
-1406548,771951,1,1,1,0,2019-05-25,2019-05-25
-1406548,771982,1,1,1,0,2018-04-27,2018-04-27
-1406548,771983,1,1,1,1,2018-04-30,2018-04-30
-1406548,771990,1,1,1,0,2018-04-30,2018-04-30
-1406548,771996,1,1,1,0,2018-04-30,2018-04-30
-1406548,772003,1,1,1,0,2019-05-08,2019-05-08
-1406548,772010,1,1,1,0,2017-07-01,2017-07-01
-1406548,772013,1,1,1,0,2017-04-15,2017-04-15
-1406548,772014,1,1,1,0,2019-04-29,2019-04-29
-1406548,773076,1,1,1,0,2018-09-06,2018-09-06
-1406548,774071,1,1,1,0,2018-10-07,2018-10-07
-1406547,771269,1,1,1,0,2016-05-21,2016-05-21
-1406547,771682,1,1,1,0,2019-04-23,2019-04-23
-1406547,771983,2,2,2,2,2018-04-30,2018-04-28
-1406547,771984,1,1,1,1,2016-06-03,2016-06-03
-1406547,771995,1,1,1,1,2017-04-14,2017-04-14
-1406547,772003,1,1,1,1,2018-04-27,2018-04-27
-1406547,772005,1,1,1,0,2018-08-07,2018-08-07
-1406547,772007,1,1,1,1,2018-04-30,2018-04-30
-1406547,772010,1,1,1,0,2017-04-15,2017-04-15
-1406547,772221,1,1,1,0,2019-04-22,2019-04-22
-1406547,772877,1,1,1,1,2018-04-27,2018-04-27
-1406547,772878,1,1,1,1,2018-04-27,2018-04-27
-1406547,773071,1,1,1,1,2017-08-10,2017-08-10
-1406546,771381,1,1,1,0,2017-04-16,2017-04-16
-1406546,771601,1,1,1,0,2016-05-21,2016-05-21
-1406546,771983,2,2,2,2,2018-04-30,2018-04-21
-1406546,771984,1,1,1,1,2016-06-03,2016-06-03
-1406546,771991,2,2,2,1,2018-09-02,2017-06-10
-1406546,771992,2,2,2,2,2017-04-14,2016-11-07
-1406546,771993,3,3,2,2,2018-04-30,2018-04-30
-1406546,771995,3,2,2,1,2018-04-30,2018-04-30
-1406546,771996,1,1,1,0,2018-04-30,2018-04-30
-1406546,771997,1,1,1,0,2018-04-30,2018-04-30
-1406546,771998,1,1,1,1,2018-04-30,2018-04-30
-1406546,771999,2,2,2,1,2018-09-02,2017-12-23
-1406546,772000,1,1,1,1,2017-04-15,2017-04-15
-1406546,772001,2,2,1,2,2017-04-14,2017-04-14
-1406546,772004,2,2,2,1,2018-04-30,2017-10-21
-1406546,772005,1,1,1,0,2018-04-30,2018-04-30
-1406546,772006,5,5,2,3,2018-04-27,2018-04-27
-1406546,772204,1,1,1,1,2019-07-01,2019-07-01
-1406546,773072,1,1,1,1,2019-03-21,2019-03-21
-1406545,771599,1,1,1,0,2016-05-21,2016-05-21
-1406545,771948,1,1,1,0,2018-07-15,2018-07-15
-1406545,771952,1,1,1,0,2019-06-25,2019-06-25
-1406545,771987,1,1,1,1,2017-06-22,2017-06-22
-1406545,771988,1,1,1,0,2017-04-14,2017-04-14
-1406545,771991,1,1,1,1,2019-06-15,2019-06-15
-1406545,771992,3,3,3,1,2019-06-22,2017-04-15
-1406545,771993,4,4,4,2,2019-04-08,2017-12-10
-1406545,771994,1,1,1,0,2017-04-14,2017-04-14
-1406545,771995,2,2,2,1,2018-04-30,2017-10-21
-1406545,771996,1,1,1,1,2018-04-30,2018-04-30
-1406545,771997,3,3,3,2,2018-04-30,2017-07-30
-1406545,771998,1,1,1,1,2017-04-15,2017-04-15
-1406545,771999,1,1,1,1,2018-04-30,2018-04-30
-1406545,772000,8,6,2,1,2017-04-15,2017-04-15
-1406545,772001,1,1,1,0,2017-04-15,2017-04-15
-1406545,772003,6,5,5,5,2019-07-23,2017-07-30
-1406545,772004,1,1,1,0,2019-04-29,2019-04-29
-1406545,772005,1,1,1,0,2017-07-01,2017-07-01
-1406545,772006,2,2,2,2,2018-09-02,2017-12-23
-1406545,772007,3,3,3,2,2019-06-27,2019-05-29
-1406545,772008,2,2,1,2,2017-04-15,2017-04-15
-1406545,772014,1,1,1,1,2018-05-06,2018-05-06
-1406545,772208,1,1,1,1,2019-04-30,2019-04-30
-1406545,772221,1,1,1,1,2019-05-01,2019-05-01
-1406545,772572,1,1,1,1,2018-12-01,2018-12-01
-1406545,773227,1,1,1,0,2019-06-09,2019-06-09
-1406545,773675,1,1,1,0,2016-10-29,2016-10-29
-1406545,773719,1,1,1,0,2018-04-27,2018-04-27
-1406545,774043,1,1,1,0,2019-04-29,2019-04-29
-1406545,774044,1,1,1,0,2019-04-29,2019-04-29
-1406545,774045,1,1,1,1,2019-04-29,2019-04-29
-1406544,771258,1,1,1,1,2016-05-20,2016-05-20
-1406544,771260,2,2,1,0,2016-05-21,2016-05-21
-1406544,771599,2,2,1,0,2016-05-21,2016-05-21
-1406544,771680,1,1,1,0,2018-05-30,2018-05-30
-1406544,771681,1,1,1,0,2019-03-30,2019-03-30
-1406544,771985,1,1,1,0,2019-07-20,2019-07-20
-1406544,771986,3,3,1,3,2018-04-30,2018-04-30
-1406544,771987,1,1,1,1,2018-04-30,2018-04-30
-1406544,771988,2,2,2,1,2018-04-30,2018-01-23
-1406544,771989,2,2,2,1,2018-07-14,2018-01-01
-1406544,771992,6,5,5,2,2018-09-02,2017-06-05
-1406544,771993,3,3,3,0,2019-06-22,2018-06-06
-1406544,771994,2,2,2,2,2018-10-05,2018-07-18
-1406544,771995,1,1,1,0,2018-04-30,2018-04-30
-1406544,771998,1,1,1,1,2017-04-14,2017-04-14
-1406544,772001,2,2,2,0,2018-04-30,2017-12-12
-1406544,772002,2,2,2,2,2017-08-13,2017-08-05
-1406544,772003,5,5,3,3,2019-07-23,2018-04-30
-1406544,772004,2,2,1,2,2018-04-30,2018-04-30
-1406544,772005,5,4,5,2,2019-07-23,2018-04-30
-1406544,772006,5,5,3,3,2018-04-30,2018-04-30
-1406544,772007,2,2,2,1,2019-06-15,2018-11-21
-1406544,772009,1,1,1,0,2018-04-30,2018-04-30
-1406544,772012,1,1,1,0,2017-04-14,2017-04-14
-1406544,772013,1,1,1,0,2019-04-29,2019-04-29
-1406544,772402,1,1,1,0,2019-06-22,2019-06-22
-1406544,773071,1,1,1,0,2019-07-09,2019-07-09
-1406544,773720,1,1,1,0,2019-03-13,2019-03-13
-1406543,771258,1,1,1,0,2016-05-20,2016-05-20
-1406543,771400,1,1,1,1,2016-05-19,2016-05-19
-1406543,771681,1,1,1,0,2018-06-14,2018-06-14
-1406543,771984,1,1,1,1,2018-04-30,2018-04-30
-1406543,771985,4,4,2,3,2019-07-23,2018-04-30
-1406543,771988,1,1,1,1,2017-07-30,2017-07-30
-1406543,771989,3,3,2,2,2019-07-08,2019-05-29
-1406543,771991,1,1,1,0,2017-04-15,2017-04-15
-1406543,771992,6,5,5,0,2019-06-22,2017-04-15
-1406543,771993,1,1,1,0,2017-04-13,2017-04-13
-1406543,771994,1,1,1,0,2017-07-26,2017-07-26
-1406543,771995,3,2,2,1,2019-06-22,2019-06-22
-1406543,771996,1,1,1,0,2018-04-30,2018-04-30
-1406543,771998,1,1,1,1,2017-04-15,2017-04-15
-1406543,771999,2,2,2,0,2018-07-19,2017-11-30
-1406543,772002,1,1,1,1,2018-04-30,2018-04-30
-1406543,772003,1,1,1,1,2017-04-15,2017-04-15
-1406543,772004,1,1,1,0,2018-08-10,2018-08-10
-1406543,772006,2,2,2,1,2018-04-30,2017-10-21
-1406543,772007,3,3,1,0,2017-04-14,2017-04-14
-1406543,772008,1,1,1,0,2017-04-14,2017-04-14
-1406543,772011,2,2,1,2,2018-04-30,2018-04-30
-1406543,772012,1,1,1,1,2018-04-30,2018-04-30
-1406543,772013,1,1,1,1,2018-04-30,2018-04-30
-1406543,773694,1,1,1,0,2016-07-02,2016-07-02
-1406543,773703,1,1,1,1,2018-04-27,2018-04-27
-1406542,771258,1,1,1,1,2016-05-20,2016-05-20
-1406542,771260,1,1,1,0,2018-02-09,2018-02-09
-1406542,771274,1,1,1,1,2017-08-26,2017-08-26
-1406542,771295,1,1,1,1,2016-05-21,2016-05-21
-1406542,771938,2,2,2,1,2018-12-14,2018-11-01
-1406542,771988,1,1,1,1,2017-07-30,2017-07-30
-1406542,771990,1,1,1,1,2018-04-30,2018-04-30
-1406542,771992,1,1,1,1,2017-04-15,2017-04-15
-1406542,771993,1,1,1,1,2017-07-30,2017-07-30
-1406542,771995,1,1,1,0,2019-07-08,2019-07-08
-1406542,771999,1,1,1,0,2018-04-30,2018-04-30
-1406542,772008,1,1,1,1,2018-04-30,2018-04-30
-1406542,772009,2,2,1,2,2018-04-30,2018-04-30
-1406542,772012,1,1,1,1,2018-04-30,2018-04-30
-1406542,772043,1,1,1,1,2018-08-18,2018-08-18
-1406542,772098,1,1,1,0,2017-09-22,2017-09-22
-1406542,772178,1,1,1,0,2018-10-09,2018-10-09
-1406542,772479,1,1,1,0,2019-03-23,2019-03-23
-1406542,772878,1,1,1,1,2018-04-27,2018-04-27
-1406542,773059,1,1,1,1,2019-07-07,2019-07-07
-1406542,773372,1,1,1,1,2018-06-06,2018-06-06
-1406541,771257,1,1,1,0,2016-05-21,2016-05-21
-1406541,771904,2,2,1,0,2018-08-10,2018-08-10
-1406541,771922,1,1,1,0,2019-04-29,2019-04-29
-1406541,771932,1,1,1,1,2019-03-24,2019-03-24
-1406541,771988,1,1,1,1,2019-05-29,2019-05-29
-1406541,771997,1,1,1,1,2017-08-13,2017-08-13
-1406541,772007,1,1,1,1,2019-06-15,2019-06-15
-1406541,772008,1,1,1,0,2018-04-30,2018-04-30
-1406541,772354,1,1,1,1,2019-04-15,2019-04-15
-1406541,772883,1,1,1,1,2018-04-27,2018-04-27
-1406541,773060,1,1,1,1,2019-04-25,2019-04-25
-1406540,771249,1,1,1,0,2016-05-20,2016-05-20
-1406540,771252,1,1,1,1,2016-05-20,2016-05-20
-1406540,771295,1,1,1,0,2016-05-21,2016-05-21
-1406540,771692,1,1,1,0,2019-06-28,2019-06-28
-1406540,771933,1,1,1,0,2018-09-21,2018-09-21
-1406540,771938,2,2,2,2,2019-04-27,2018-12-25
-1406540,772144,1,1,1,0,2019-07-19,2019-07-19
-1406539,770923,1,1,1,0,2016-07-05,2016-07-05
-1406539,771237,1,1,1,0,2016-05-20,2016-05-20
-1406539,771248,1,1,1,0,2016-05-20,2016-05-20
-1406539,771249,2,1,2,0,2016-05-20,2016-05-20
-1406539,771251,1,1,1,0,2016-05-20,2016-05-20
-1406539,771296,1,1,1,0,2016-05-21,2016-05-21
-1406539,771586,1,1,1,0,2016-05-21,2016-05-21
-1406539,771929,2,2,2,1,2019-06-02,2017-11-25
-1406539,771931,1,1,1,0,2017-04-15,2017-04-15
-1406539,771933,1,1,1,0,2018-10-02,2018-10-02
-1406539,771934,5,3,1,0,2017-04-15,2017-04-15
-1406539,771937,2,2,2,2,2018-10-20,2017-08-27
-1406539,772777,1,1,1,0,2019-05-11,2019-05-11
-1406539,772881,1,1,1,1,2018-04-27,2018-04-27
-1406539,772898,1,1,1,0,2019-07-04,2019-07-04
-1406539,773103,1,1,1,0,2017-06-23,2017-06-23
-1406538,771251,2,2,1,1,2016-05-20,2016-05-20
-1406538,771252,1,1,1,1,2016-05-20,2016-05-20
-1406538,771929,1,1,1,0,2016-05-20,2016-05-20
-1406538,771930,1,1,1,0,2017-10-14,2017-10-14
-1406538,771931,1,1,1,0,2018-07-24,2018-07-24
-1406538,771933,1,1,1,0,2018-09-21,2018-09-21
-1406538,771937,2,2,2,2,2019-06-20,2018-04-27
-1406538,771938,1,1,1,1,2019-04-27,2019-04-27
-1406538,772027,1,1,1,1,2019-03-24,2019-03-24
-1406538,772257,1,1,1,0,2017-07-20,2017-07-20
-1406538,772327,1,1,1,0,2019-06-29,2019-06-29
-1406537,771242,1,1,1,0,2016-05-20,2016-05-20
-1406537,771247,3,3,2,0,2016-05-20,2016-05-20
-1406537,771250,1,1,1,1,2016-05-20,2016-05-20
-1406537,771263,1,1,1,1,2016-05-20,2016-05-20
-1406537,771580,1,1,1,0,2016-05-21,2016-05-21
-1406537,771920,1,1,1,0,2018-03-30,2018-03-30
-1406537,771928,1,1,1,0,2016-05-20,2016-05-20
-1406537,771930,1,1,1,0,2018-07-15,2018-07-15
-1406537,771931,1,1,1,0,2018-07-15,2018-07-15
-1406537,771932,1,1,1,0,2018-08-22,2018-08-22
-1406537,771933,1,1,1,0,2018-07-15,2018-07-15
-1406537,771934,2,2,2,0,2017-10-03,2017-07-09
-1406537,771935,1,1,1,0,2018-07-15,2018-07-15
-1406537,771936,1,1,1,0,2018-09-21,2018-09-21
-1406537,771938,1,1,1,1,2019-04-27,2019-04-27
-1406537,771981,1,1,1,1,2018-04-27,2018-04-27
-1406537,771982,1,1,1,1,2018-04-27,2018-04-27
-1406537,772482,1,1,1,0,2019-03-23,2019-03-23
-1406537,773165,1,1,1,0,2019-05-25,2019-05-25
-1406536,771245,1,1,1,0,2016-05-20,2016-05-20
-1406536,771246,1,1,1,0,2016-05-20,2016-05-20
-1406536,771248,1,1,1,1,2016-05-21,2016-05-21
-1406536,771253,1,1,1,0,2016-05-21,2016-05-21
-1406536,771254,1,1,1,0,2016-05-21,2016-05-21
-1406536,771258,1,1,1,1,2016-05-20,2016-05-20
-1406536,771575,1,1,1,0,2016-05-21,2016-05-21
-1406536,771914,1,1,1,1,2019-06-19,2019-06-19
-1406536,771927,1,1,1,1,2019-05-16,2019-05-16
-1406536,771928,1,1,1,1,2018-03-18,2018-03-18
-1406536,771929,1,1,1,0,2018-03-30,2018-03-30
-1406536,771931,3,3,3,1,2019-07-09,2019-06-11
-1406536,771932,1,1,1,0,2018-08-22,2018-08-22
-1406536,771934,1,1,1,1,2019-06-02,2019-06-02
-1406536,771937,2,2,2,2,2018-09-20,2017-12-11
-1406536,771981,1,1,1,1,2018-04-27,2018-04-27
-1406536,771984,1,1,1,1,2019-03-05,2019-03-05
-1406536,771985,1,1,1,1,2019-03-05,2019-03-05
-1406536,772009,1,1,1,1,2019-06-22,2019-06-22
-1406536,773702,1,1,1,1,2018-04-27,2018-04-27
-1406536,774054,2,2,1,0,2019-05-07,2019-01-18
-1406535,771244,1,1,1,0,2016-05-20,2016-05-20
-1406535,771254,1,1,1,0,2016-05-21,2016-05-21
-1406535,771255,1,1,1,1,2016-05-20,2016-05-20
-1406535,771256,1,1,1,1,2016-05-20,2016-05-20
-1406535,771257,1,1,1,0,2016-05-21,2016-05-21
-1406535,771919,1,1,1,0,2018-10-20,2018-10-20
-1406535,771924,1,1,1,0,2019-04-28,2019-04-28
-1406535,771930,1,1,1,0,2016-05-20,2016-05-20
-1406535,771935,1,1,1,1,2017-03-04,2017-03-04
-1406535,771936,1,1,1,0,2019-03-09,2019-03-09
-1406535,771937,1,1,1,1,2017-03-04,2017-03-04
-1406535,771943,1,1,1,0,2019-06-19,2019-06-19
-1406535,771990,1,1,1,0,2016-12-28,2016-12-28
-1406535,772012,1,1,1,0,2018-12-06,2018-12-06
-1406535,772144,1,1,1,0,2018-04-18,2018-04-18
-1406535,772859,1,1,1,1,2019-05-24,2019-05-24
-1406535,774048,1,1,1,0,2019-04-27,2019-04-27
-1406534,771241,2,2,1,0,2016-05-20,2016-05-20
-1406534,771244,1,1,1,0,2016-05-20,2016-05-20
-1406534,771252,1,1,1,0,2016-05-21,2016-05-21
-1406534,771255,1,1,1,1,2016-05-20,2016-05-20
-1406534,771296,1,1,1,0,2016-05-21,2016-05-21
-1406534,771297,1,1,1,0,2016-05-21,2016-05-21
-1406534,771346,1,1,1,0,2017-08-05,2017-08-05
-1406534,771926,1,1,1,0,2018-07-15,2018-07-15
-1406534,771928,1,1,1,1,2016-04-22,2016-04-22
-1406534,771931,1,1,1,0,2017-04-15,2017-04-15
-1406534,771935,1,1,1,0,2017-07-01,2017-07-01
-1406534,771936,1,1,1,1,2017-03-04,2017-03-04
-1406534,771937,2,2,2,1,2018-09-21,2017-12-12
-1406534,771938,1,1,1,1,2018-08-01,2018-08-01
-1406534,771942,1,1,1,0,2017-11-30,2017-11-30
-1406534,772000,2,2,2,2,2019-07-14,2019-06-20
-1406534,772001,1,1,1,1,2018-04-30,2018-04-30
-1406534,772072,1,1,1,1,2019-06-07,2019-06-07
-1406534,772141,1,1,1,0,2018-04-18,2018-04-18
-1406534,772856,1,1,1,1,2019-05-24,2019-05-24
-1406534,772857,1,1,1,1,2019-05-24,2019-05-24
-1406534,772881,1,1,1,1,2018-04-27,2018-04-27
-1406534,774044,1,1,1,0,2019-06-13,2019-06-13
-1406534,774046,1,1,1,0,2017-05-06,2017-05-06
-1406534,774049,1,1,1,0,2019-06-17,2019-06-17
-1406534,774051,1,1,1,0,2018-09-30,2018-09-30
-1406533,771226,1,1,1,0,2016-05-20,2016-05-20
-1406533,771236,1,1,1,0,2016-05-20,2016-05-20
-1406533,771241,1,1,1,0,2016-05-20,2016-05-20
-1406533,771245,1,1,1,1,2016-05-20,2016-05-20
-1406533,771297,1,1,1,0,2016-05-21,2016-05-21
-1406533,771694,1,1,1,1,2018-08-31,2018-08-31
-1406533,771929,1,1,1,1,2016-04-22,2016-04-22
-1406533,771987,1,1,1,1,2019-03-05,2019-03-05
-1406533,771993,1,1,1,0,2019-05-24,2019-05-24
-1406533,772010,1,1,1,1,2019-03-28,2019-03-28
-1406533,773219,1,1,1,0,2019-04-07,2019-04-07
-1406533,773703,1,1,1,1,2018-04-27,2018-04-27
-1406533,774044,1,1,1,0,2019-07-15,2019-07-15
-1406533,774045,1,1,1,0,2019-06-01,2019-06-01
-1406533,774048,1,1,1,0,2019-05-20,2019-05-20
-1406533,774051,2,2,1,0,2019-06-05,2019-05-14
-1406533,774052,2,2,1,0,2019-06-10,2019-06-10
-1406532,771240,2,2,1,1,2016-05-20,2016-05-20
-1406532,771242,1,1,1,0,2016-05-20,2016-05-20
-1406532,771257,1,1,1,1,2016-05-21,2016-05-21
-1406532,771258,2,2,2,1,2016-05-21,2016-05-20
-1406532,771297,3,3,2,0,2018-09-22,2016-05-21
-1406532,771935,1,1,1,1,2018-09-20,2018-09-20
-1406532,774043,1,1,1,0,2019-07-03,2019-07-03
-1406532,774049,1,1,1,0,2019-05-30,2019-05-30
-1406532,774050,1,1,1,0,2019-05-22,2019-05-22
-1406532,774052,1,1,1,1,2019-05-20,2019-05-20
-1406531,771232,1,1,1,1,2016-05-20,2016-05-20
-1406531,771236,2,2,1,0,2016-05-20,2016-05-20
-1406531,771240,1,1,1,0,2016-05-20,2016-05-20
-1406531,771256,1,1,1,1,2016-05-20,2016-05-20
-1406531,771257,1,1,1,1,2016-05-20,2016-05-20
-1406531,771258,1,1,1,1,2016-05-20,2016-05-20
-1406531,771297,1,1,1,0,2018-09-22,2018-09-22
-1406531,771693,1,1,1,0,2018-08-29,2018-08-29
-1406531,771999,1,1,1,1,2019-03-05,2019-03-05
-1406531,772004,1,1,1,0,2018-07-13,2018-07-13
-1406531,772070,1,1,1,0,2019-06-07,2019-06-07
-1406531,772879,1,1,1,1,2018-04-27,2018-04-27
-1406531,773359,1,1,1,0,2017-07-15,2017-07-15
-1406531,773684,1,1,1,0,2019-05-03,2019-05-03
-1406531,774078,1,1,1,1,2018-11-27,2018-11-27
-1406531,774115,1,1,1,1,2018-11-27,2018-11-27
-1406530,771227,1,1,1,0,2016-05-20,2016-05-20
-1406530,771229,1,1,1,0,2016-05-20,2016-05-20
-1406530,771233,1,1,1,0,2016-05-20,2016-05-20
-1406530,771236,1,1,1,1,2016-05-20,2016-05-20
-1406530,771237,1,1,1,0,2016-05-20,2016-05-20
-1406530,771903,1,1,1,0,2018-09-06,2018-09-06
-1406530,771993,1,1,1,1,2019-03-05,2019-03-05
-1406530,772000,1,1,1,1,2019-03-05,2019-03-05
-1406530,772012,1,1,1,1,2019-06-14,2019-06-14
-1406530,772013,1,1,1,0,2019-06-14,2019-06-14
-1406530,772478,1,1,1,0,2018-07-24,2018-07-24
-1406530,772937,1,1,1,0,2019-05-04,2019-05-04
-1406530,773787,1,1,1,0,2017-11-18,2017-11-18
-1406530,773902,1,1,1,1,2019-06-03,2019-06-03
-1406530,774047,1,1,1,0,2019-07-10,2019-07-10
-1406529,771226,1,1,1,0,2016-05-20,2016-05-20
-1406529,771229,1,1,1,0,2016-05-20,2016-05-20
-1406529,771257,1,1,1,0,2016-05-21,2016-05-21
-1406529,771258,1,1,1,1,2016-05-20,2016-05-20
-1406529,771260,1,1,1,1,2016-05-21,2016-05-21
-1406529,771936,1,1,1,1,2018-09-20,2018-09-20
-1406529,771989,2,2,2,2,2019-06-02,2019-05-30
-1406529,771990,1,1,1,1,2019-03-05,2019-03-05
-1406529,771993,1,1,1,1,2018-09-16,2018-09-16
-1406529,772000,1,1,1,0,2016-09-02,2016-09-02
-1406529,772012,1,1,1,1,2019-03-24,2019-03-24
-1406529,772905,1,1,1,1,2018-04-27,2018-04-27
-1406528,771220,1,1,1,0,2016-05-21,2016-05-21
-1406528,771222,1,1,1,0,2016-05-20,2016-05-20
-1406528,771256,1,1,1,1,2016-05-20,2016-05-20
-1406528,771259,1,1,1,1,2016-05-20,2016-05-20
-1406528,771296,1,1,1,0,2018-09-16,2018-09-16
-1406528,771849,1,1,1,1,2018-11-05,2018-11-05
-1406528,771941,2,2,2,2,2019-04-27,2019-04-25
-1406528,771988,1,1,1,1,2019-03-05,2019-03-05
-1406528,771990,1,1,1,1,2019-03-05,2019-03-05
-1406528,771991,1,1,1,0,2019-05-24,2019-05-24
-1406528,771995,1,1,1,1,2019-03-05,2019-03-05
-1406528,771998,1,1,1,1,2019-03-05,2019-03-05
-1406528,772003,1,1,1,0,2016-09-02,2016-09-02
-1406528,772014,1,1,1,0,2018-03-01,2018-03-01
-1406528,772133,1,1,1,0,2018-04-18,2018-04-18
-1406528,772196,1,1,1,0,2018-10-18,2018-10-18
-1406528,772874,1,1,1,1,2018-04-27,2018-04-27
-1406528,772877,1,1,1,1,2018-04-27,2018-04-27
-1406528,773170,1,1,1,0,2019-06-20,2019-06-20
-1406528,773915,1,1,1,0,2018-06-23,2018-06-23
-1406527,771257,1,1,1,1,2016-05-20,2016-05-20
-1406527,771295,1,1,1,0,2018-09-16,2018-09-16
-1406527,771298,1,1,1,0,2018-09-08,2018-09-08
-1406527,771913,1,1,1,1,2019-06-19,2019-06-19
-1406527,771946,1,1,1,0,2018-12-28,2018-12-28
-1406527,771947,2,2,1,0,2018-12-28,2018-12-28
-1406527,771950,1,1,1,1,2018-10-20,2018-10-20
-1406527,771987,1,1,1,0,2019-05-12,2019-05-12
-1406527,772835,1,1,1,0,2018-11-14,2018-11-14
-1406527,772837,1,1,1,1,2018-11-14,2018-11-14
-1406527,772906,1,1,1,1,2018-04-27,2018-04-27
-1406527,773788,1,1,1,0,2019-04-29,2019-04-29
-1406527,773792,1,1,1,1,2018-07-27,2018-07-27
-1406526,771226,1,1,1,0,2016-05-20,2016-05-20
-1406526,771269,1,1,1,0,2016-05-21,2016-05-21
-1406526,771522,2,2,1,0,2016-05-21,2016-05-21
-1406526,771541,2,2,1,0,2016-05-21,2016-05-21
-1406526,771902,1,1,1,0,2018-04-26,2018-04-26
-1406526,772892,1,1,1,1,2018-04-27,2018-04-27
-1406526,773792,2,2,1,0,2019-04-29,2019-04-29
-1406526,773816,1,1,1,0,2018-05-10,2018-05-10
-1406526,773818,1,1,1,0,2017-11-18,2017-11-18
-1406526,773820,15,6,1,14,2017-04-10,2017-04-10
-1406525,771221,1,1,1,0,2016-05-20,2016-05-20
-1406525,771520,1,1,1,0,2016-05-21,2016-05-21
-1406525,771529,1,1,1,0,2018-05-20,2018-05-20
-1406525,771915,1,1,1,0,2019-06-23,2019-06-23
-1406525,771969,1,1,1,0,2019-06-13,2019-06-13
-1406525,771998,1,1,1,0,2018-08-23,2018-08-23
-1406525,772078,1,1,1,1,2019-06-07,2019-06-07
-1406525,773819,1,1,1,0,2018-03-12,2018-03-12
-1406525,773820,1,1,1,0,2018-08-27,2018-08-27
-1406524,771229,1,1,1,0,2016-05-20,2016-05-20
-1406524,771240,1,1,1,1,2016-05-21,2016-05-21
-1406524,771271,1,1,1,0,2016-05-21,2016-05-21
-1406524,771943,1,1,1,0,2018-12-28,2018-12-28
-1406524,771986,1,1,1,0,2017-04-14,2017-04-14
-1406524,772005,1,1,1,0,2019-05-29,2019-05-29
-1406524,772065,1,1,1,0,2018-07-15,2018-07-15
-1406524,772075,1,1,1,0,2019-06-07,2019-06-07
-1406524,772077,1,1,1,1,2019-06-07,2019-06-07
-1406524,773697,1,1,1,0,2019-05-18,2019-05-18
-1406523,771225,1,1,1,0,2016-05-20,2016-05-20
-1406523,771261,1,1,1,0,2016-05-20,2016-05-20
-1406523,771911,1,1,1,0,2019-07-07,2019-07-07
-1406523,771990,1,1,1,0,2018-07-03,2018-07-03
-1406523,771997,1,1,1,0,2018-10-28,2018-10-28
-1406523,772072,1,1,1,0,2019-05-19,2019-05-19
-1406523,772077,2,2,1,2,2019-06-07,2019-06-07
-1406523,773679,1,1,1,0,2016-08-22,2016-08-22
-1406523,773696,1,1,1,0,2019-07-10,2019-07-10
-1406522,771213,1,1,1,1,2016-05-20,2016-05-20
-1406522,771227,1,1,1,0,2016-05-20,2016-05-20
-1406522,771260,1,1,1,1,2016-05-20,2016-05-20
-1406522,771299,2,2,1,0,2016-05-21,2016-05-21
-1406522,771924,1,1,1,1,2017-07-30,2017-07-30
-1406522,771925,1,1,1,1,2017-07-30,2017-07-30
-1406522,772438,1,1,1,0,2018-07-04,2018-07-04
-1406522,773695,1,1,1,0,2019-05-08,2019-05-08
-1406522,773696,2,2,1,0,2018-07-15,2017-07-17
-1406522,773698,1,1,1,0,2017-05-07,2017-05-07
-1406522,773703,1,1,1,0,2018-04-27,2018-04-27
-1406521,771208,1,1,1,1,2016-05-20,2016-05-20
-1406521,771213,1,1,1,1,2016-05-20,2016-05-20
-1406521,771243,1,1,1,1,2016-05-21,2016-05-21
-1406521,771246,1,1,1,1,2016-05-20,2016-05-20
-1406521,771270,1,1,1,0,2016-05-21,2016-05-21
-1406521,771511,1,1,1,0,2018-09-15,2018-09-15
-1406521,771915,1,1,1,1,2016-06-01,2016-06-01
-1406521,771990,1,1,1,1,2018-03-11,2018-03-11
-1406521,772062,1,1,1,1,2019-06-07,2019-06-07
-1406521,772063,1,1,1,1,2019-06-07,2019-06-07
-1406521,772880,1,1,1,0,2017-07-15,2017-07-15
-1406520,771243,1,1,1,1,2016-05-20,2016-05-20
-1406520,771251,1,1,1,0,2017-05-06,2017-05-06
-1406520,772005,1,1,1,0,2019-04-17,2019-04-17
-1406520,772060,1,1,1,0,2016-04-16,2016-04-16
-1406520,772064,1,1,1,0,2018-05-14,2018-05-14
-1406520,772107,1,1,1,0,2017-06-02,2017-06-02
-1406520,772865,1,1,1,0,2019-07-13,2019-07-13
-1406520,772903,1,1,1,0,2018-04-27,2018-04-27
-1406519,770141,1,1,1,0,2018-04-26,2018-04-26
-1406519,771205,1,1,1,0,2016-05-20,2016-05-20
-1406519,771241,1,1,1,1,2016-05-21,2016-05-21
-1406519,771243,1,1,1,1,2016-05-20,2016-05-20
-1406519,771917,1,1,1,1,2019-06-11,2019-06-11
-1406519,771945,1,1,1,0,2018-12-28,2018-12-28
-1406519,771987,1,1,1,0,2018-07-15,2018-07-15
-1406519,771989,1,1,1,1,2019-03-05,2019-03-05
-1406519,772004,1,1,1,0,2019-04-24,2019-04-24
-1406519,773694,1,1,1,0,2016-05-26,2016-05-26
-1406518,771206,1,1,1,0,2016-05-20,2016-05-20
-1406518,771207,2,2,1,0,2016-05-20,2016-05-20
-1406518,771249,1,1,1,1,2016-05-20,2016-05-20
-1406518,772063,1,1,1,1,2019-06-07,2019-06-07
-1406518,772905,1,1,1,1,2018-04-27,2018-04-27
-1406517,771198,1,1,1,0,2016-05-21,2016-05-21
-1406517,771251,1,1,1,1,2016-05-20,2016-05-20
-1406517,771937,1,1,1,0,2018-10-20,2018-10-20
-1406517,772262,1,1,1,0,2019-06-14,2019-06-14
-1406517,773783,1,1,1,0,2016-05-19,2016-05-19
-1406516,770000,1,1,1,0,2019-03-26,2019-03-26
-1406516,771195,2,2,2,0,2016-05-21,2016-05-21
-1406516,771199,1,1,1,0,2016-05-20,2016-05-20
-1406516,771200,1,1,1,0,2016-05-20,2016-05-20
-1406516,771232,1,1,1,1,2016-05-20,2016-05-20
-1406516,771253,1,1,1,1,2016-05-20,2016-05-20
-1406516,771258,1,1,1,0,2016-05-20,2016-05-20
-1406516,771267,1,1,1,0,2016-05-21,2016-05-21
-1406516,772064,1,1,1,0,2018-07-15,2018-07-15
-1406516,772065,1,1,1,0,2018-07-15,2018-07-15
-1406516,772164,1,1,1,0,2018-11-11,2018-11-11
-1406515,771193,1,1,1,0,2016-05-21,2016-05-21
-1406515,771194,2,2,1,0,2016-05-20,2016-05-20
-1406515,771195,1,1,1,0,2016-05-20,2016-05-20
-1406515,771197,1,1,1,0,2016-05-20,2016-05-20
-1406515,771234,1,1,1,0,2016-05-20,2016-05-20
-1406515,771236,1,1,1,0,2016-05-20,2016-05-20
-1406515,771252,1,1,1,1,2016-05-20,2016-05-20
-1406515,771450,1,1,1,0,2016-05-21,2016-05-21
-1406515,771949,1,1,1,1,2018-03-30,2018-03-30
-1406515,772012,1,1,1,1,2019-05-20,2019-05-20
-1406515,772065,1,1,1,0,2018-04-27,2018-04-27
-1406514,770403,1,1,1,0,2018-05-02,2018-05-02
-1406514,771192,1,1,1,0,2016-05-21,2016-05-21
-1406514,771194,1,1,1,0,2016-05-21,2016-05-21
-1406514,771195,1,1,1,0,2016-05-21,2016-05-21
-1406514,771196,1,1,1,0,2016-05-20,2016-05-20
-1406514,771307,1,1,1,1,2017-04-16,2017-04-16
-1406514,771449,2,2,1,0,2016-05-21,2016-05-21
-1406514,771911,1,1,1,1,2019-06-19,2019-06-19
-1406514,771986,2,2,2,0,2019-05-27,2019-03-14
-1406514,772056,1,1,1,0,2018-07-15,2018-07-15
-1406514,772063,1,1,1,1,2019-06-07,2019-06-07
-1406514,772064,1,1,1,1,2019-06-07,2019-06-07
-1406514,773688,1,1,1,0,2019-04-24,2019-04-24
-1406514,774094,1,1,1,0,2018-07-23,2018-07-23
-1406513,771195,1,1,1,0,2016-05-20,2016-05-20
-1406513,771305,1,1,1,0,2017-04-16,2017-04-16
-1406513,771926,1,1,1,0,2019-03-09,2019-03-09
-1406513,771938,1,1,1,0,2017-04-17,2017-04-17
-1406513,772055,1,1,1,0,2018-07-15,2018-07-15
-1406513,772731,1,1,1,1,2018-07-14,2018-07-14
-1406513,773690,1,1,1,0,2016-06-04,2016-06-04
-1406512,771355,1,1,1,0,2016-05-21,2016-05-21
-1406512,771362,1,1,1,0,2016-05-21,2016-05-21
-1406512,771373,1,1,1,0,2019-05-11,2019-05-11
-1406512,771397,1,1,1,0,2016-05-21,2016-05-21
-1406512,771442,2,2,2,1,2018-09-15,2017-07-18
-1406512,771931,1,1,1,0,2019-03-09,2019-03-09
-1406512,772060,1,1,1,0,2019-06-07,2019-06-07
-1406512,772061,1,1,1,0,2018-07-15,2018-07-15
-1406511,771308,1,1,1,0,2016-05-21,2016-05-21
-1406511,771315,1,1,1,0,2016-05-21,2016-05-21
-1406511,771319,1,1,1,0,2018-06-09,2018-06-09
-1406511,771322,1,1,1,0,2016-05-21,2016-05-21
-1406511,771347,1,1,1,1,2016-05-21,2016-05-21
-1406511,771361,1,1,1,0,2016-05-21,2016-05-21
-1406511,771362,2,2,2,0,2016-05-21,2016-05-21
-1406511,771396,1,1,1,0,2016-05-21,2016-05-21
-1406511,772010,1,1,1,0,2019-06-07,2019-06-07
-1406511,772014,1,1,1,0,2019-04-17,2019-04-17
-1406511,772016,1,1,1,0,2018-07-15,2018-07-15
-1406511,772258,1,1,1,1,2019-06-08,2019-06-08
-1406511,772897,1,1,1,1,2016-04-01,2016-04-01
-1406511,774082,1,1,1,1,2018-05-21,2018-05-21
-1406510,771241,1,1,1,0,2016-05-20,2016-05-20
-1406510,771307,1,1,1,0,2016-05-21,2016-05-21
-1406510,771310,1,1,1,0,2016-05-21,2016-05-21
-1406510,771311,1,1,1,0,2016-05-21,2016-05-21
-1406510,771312,1,1,1,0,2016-05-21,2016-05-21
-1406510,771352,1,1,1,0,2016-05-21,2016-05-21
-1406510,771911,1,1,1,1,2019-06-19,2019-06-19
-1406510,771915,1,1,1,1,2019-06-19,2019-06-19
-1406510,771976,1,1,1,0,2019-06-14,2019-06-14
-1406510,771986,1,1,1,1,2019-05-29,2019-05-29
-1406510,771990,1,1,1,0,2018-07-15,2018-07-15
-1406509,771190,1,1,1,0,2016-05-21,2016-05-21
-1406509,771266,1,1,1,0,2016-05-21,2016-05-21
-1406509,771881,1,1,1,0,2018-05-10,2018-05-10
-1406509,771882,1,1,1,0,2018-05-10,2018-05-10
-1406509,772450,1,1,1,0,2016-08-27,2016-08-27
-1406508,771190,1,1,1,0,2016-05-21,2016-05-21
-1406508,773112,1,1,1,1,2019-04-05,2019-04-05
-1406508,773218,1,1,1,1,2019-04-28,2019-04-28
-1406507,771237,1,1,1,0,2016-05-20,2016-05-20
-1406507,771359,1,1,1,0,2016-05-21,2016-05-21
-1406507,771942,1,1,1,0,2016-03-17,2016-03-17
-1406507,771955,1,1,1,0,2018-04-29,2018-04-29
-1406507,772468,1,1,1,1,2019-03-17,2019-03-17
-1406507,773310,1,1,1,1,2018-04-28,2018-04-28
-1406506,771191,1,1,1,0,2016-05-21,2016-05-21
-1406506,771192,1,1,1,0,2016-05-20,2016-05-20
-1406506,771193,1,1,1,0,2016-05-20,2016-05-20
-1406506,771357,1,1,1,0,2016-05-21,2016-05-21
-1406506,771881,1,1,1,1,2019-04-27,2019-04-27
-1406506,772059,1,1,1,0,2019-05-16,2019-05-16
-1406506,772470,1,1,1,1,2016-05-22,2016-05-22
-1406506,772912,1,1,1,1,2019-05-05,2019-05-05
-1406506,773364,1,1,1,0,2019-05-31,2019-05-31
-1406505,771191,2,2,1,0,2016-05-21,2016-05-21
-1406505,771192,4,4,4,0,2018-09-08,2016-05-20
-1406505,771193,1,1,1,0,2016-05-21,2016-05-21
-1406505,771194,2,2,2,0,2016-05-20,2016-05-20
-1406505,771228,1,1,1,0,2016-05-20,2016-05-20
-1406505,771236,1,1,1,1,2016-05-20,2016-05-20
-1406505,771357,1,1,1,0,2016-05-21,2016-05-21
-1406505,771939,1,1,1,0,2019-04-07,2019-04-07
-1406505,772062,1,1,1,0,2018-04-27,2018-04-27
-1406505,772722,1,1,1,1,2018-11-02,2018-11-02
-1406504,771191,1,1,1,0,2016-05-21,2016-05-21
-1406504,771194,5,5,3,0,2018-06-09,2016-05-21
-1406504,771195,1,1,1,0,2016-05-21,2016-05-21
-1406504,771653,1,1,1,0,2018-04-08,2018-04-08
-1406504,772056,1,1,1,0,2018-04-27,2018-04-27
-1406504,773308,1,1,1,1,2018-04-28,2018-04-28
-1406503,771194,2,2,1,0,2016-05-21,2016-05-21
-1406503,771224,1,1,1,0,2016-05-21,2016-05-21
-1406503,771756,1,1,1,0,2018-05-19,2018-05-19
-1406503,772028,1,1,1,0,2016-10-27,2016-10-27
-1406503,773069,1,1,1,1,2018-04-29,2018-04-29
-1406503,773070,3,2,1,1,2018-04-29,2018-04-29
-1406502,771196,1,1,1,0,2016-05-21,2016-05-21
-1406502,771203,1,1,1,0,2016-05-21,2016-05-21
-1406502,771210,1,1,1,1,2018-07-18,2018-07-18
-1406502,771217,1,1,1,0,2016-05-20,2016-05-20
-1406502,771231,1,1,1,1,2018-08-07,2018-08-07
-1406502,771245,1,1,1,0,2019-06-02,2019-06-02
-1406502,773423,1,1,1,0,2018-06-02,2018-06-02
-1406502,773946,1,1,1,0,2018-06-06,2018-06-06
-1406501,771196,1,1,1,0,2016-05-20,2016-05-20
-1406501,771198,1,1,1,0,2016-07-18,2016-07-18
-1406501,771209,1,1,1,1,2018-07-18,2018-07-18
-1406501,771239,1,1,1,1,2018-06-09,2018-06-09
-1406501,771247,1,1,1,0,2016-05-20,2016-05-20
-1406501,772052,1,1,1,1,2017-03-03,2017-03-03
-1406501,772233,1,1,1,0,2019-03-02,2019-03-02
-1406501,773771,1,1,1,0,2018-04-27,2018-04-27
-1406500,772062,1,1,1,0,2018-09-01,2018-09-01
-1406499,771930,1,1,1,0,2018-10-20,2018-10-20
-1406499,771936,1,1,1,0,2017-04-17,2017-04-17
-1406499,771979,2,1,1,0,2018-10-28,2018-10-28
-1406499,771997,2,1,1,0,2017-04-14,2017-04-14
-1406499,772057,1,1,1,1,2018-04-03,2018-04-03
-1406499,772268,1,1,1,0,2016-01-31,2016-01-31
-1406499,773222,1,1,1,0,2017-09-14,2017-09-14
-1406498,772024,1,1,1,0,2019-06-01,2019-06-01
-1406498,773223,1,1,1,0,2017-09-14,2017-09-14
-1406497,770388,1,1,1,1,2018-07-21,2018-07-21
-1406497,771880,1,1,1,1,2017-03-03,2017-03-03
-1406497,771881,2,2,1,0,2018-07-09,2018-07-09
-1406497,773220,2,2,1,0,2017-09-23,2017-09-18
-1406497,773221,1,1,1,0,2017-09-22,2017-09-22
-1406497,773399,1,1,1,0,2016-02-26,2016-02-26
-1406496,771717,1,1,1,1,2019-04-12,2019-04-12
-1406496,772004,1,1,1,0,2017-04-14,2017-04-14
-1406496,772057,1,1,1,1,2019-03-13,2019-03-13
-1406496,773215,1,1,1,1,2018-06-06,2018-06-06
-1406496,773216,1,1,1,0,2017-09-14,2017-09-14
-1406496,773219,1,1,1,0,2018-09-03,2018-09-03
-1406495,771976,1,1,1,1,2016-05-20,2016-05-20
-1406495,772003,1,1,1,1,2018-10-07,2018-10-07
-1406495,772255,1,1,1,1,2019-05-24,2019-05-24
-1406495,773096,1,1,1,1,2019-05-10,2019-05-10
-1406495,773222,1,1,1,0,2017-09-14,2017-09-14
-1406494,771977,1,1,1,0,2018-10-28,2018-10-28
-1406494,772000,1,1,1,0,2017-04-14,2017-04-14
-1406494,772220,1,1,1,0,2018-04-30,2018-04-30
-1406494,773221,1,1,1,0,2017-07-30,2017-07-30
-1406494,773699,1,1,1,0,2019-06-25,2019-06-25
-1406493,771934,1,1,1,1,2018-03-30,2018-03-30
-1406493,771946,1,1,1,0,2017-08-15,2017-08-15
-1406492,771942,1,1,1,0,2017-08-15,2017-08-15
-1406492,772016,1,1,1,0,2018-07-10,2018-07-10
-1406492,773047,1,1,1,1,2019-06-22,2019-06-22
-1406491,771942,1,1,1,0,2017-08-15,2017-08-15
-1406491,772082,1,1,1,1,2019-06-03,2019-06-03
-1406491,774029,1,1,1,1,2018-05-16,2018-05-16
-1406490,771942,1,1,1,0,2017-08-15,2017-08-15
-1406489,771891,1,1,1,0,2018-08-03,2018-08-03
-1406489,771955,1,1,1,0,2017-04-29,2017-04-29
-1406489,772082,1,1,1,1,2019-05-25,2019-05-25
-1406489,773878,1,1,1,1,2019-06-03,2019-06-03
-1406488,771987,1,1,1,1,2016-04-22,2016-04-22
-1406488,772065,1,1,1,0,2018-04-27,2018-04-27
-1406488,773702,1,1,1,0,2018-04-27,2018-04-27
-1406488,773771,1,1,1,0,2019-06-25,2019-06-25
-1406487,771988,1,1,1,1,2018-08-20,2018-08-20
-1406487,774024,1,1,1,0,2017-05-06,2017-05-06
-1406486,771929,1,1,1,0,2018-08-02,2018-08-02
-1406486,771932,1,1,1,0,2018-04-29,2018-04-29
-1406486,771974,1,1,1,0,2018-10-28,2018-10-28
-1406486,773836,1,1,1,1,2019-03-30,2019-03-30
-1406485,771611,1,1,1,0,2018-09-05,2018-09-05
-1406485,771926,1,1,1,0,2019-06-21,2019-06-21
-1406485,773059,1,1,1,1,2019-05-01,2019-05-01
-1406484,771065,1,1,1,0,2019-05-30,2019-05-30
-1406484,771704,1,1,1,0,2016-05-20,2016-05-20
-1406484,771987,1,1,1,0,2018-04-16,2018-04-16
-1406484,772886,1,1,1,1,2018-06-30,2018-06-30
-1406484,773040,1,1,1,0,2019-07-02,2019-07-02
-1406483,771332,1,1,1,1,2016-04-22,2016-04-22
-1406483,773039,1,1,1,0,2019-04-26,2019-04-26
-1406482,772407,1,1,1,0,2019-06-22,2019-06-22
-1406482,772915,1,1,1,0,2018-04-28,2018-04-28
-1406482,773182,1,1,1,0,2019-05-18,2019-05-18
-1406482,773790,1,1,1,0,2019-05-27,2019-05-27
-1406482,773838,1,1,1,0,2018-09-18,2018-09-18
-1406482,773839,2,2,1,0,2018-08-18,2018-07-04
-1406481,772495,1,1,1,1,2019-06-16,2019-06-16
-1406480,771934,1,1,1,1,2019-04-14,2019-04-14
-1406480,771979,1,1,1,0,2018-11-08,2018-11-08
-1406480,772023,1,1,1,1,2018-07-08,2018-07-08
-1406480,772456,1,1,1,0,2018-04-29,2018-04-29
-1406480,773771,1,1,1,0,2018-04-27,2018-04-27
-1406479,771611,1,1,1,1,2019-05-04,2019-05-04
-1406479,771932,1,1,1,1,2019-04-14,2019-04-14
-1406479,771933,1,1,1,1,2018-04-22,2018-04-22
-1406479,771979,1,1,1,1,2016-05-20,2016-05-20
-1406479,772205,1,1,1,0,2019-07-25,2019-07-25
-1406479,772439,1,1,1,0,2018-04-29,2018-04-29
-1406479,774024,1,1,1,0,2018-07-04,2018-07-04
-1406478,771890,1,1,1,0,2017-11-14,2017-11-14
-1406478,771977,1,1,1,0,2016-05-20,2016-05-20
-1406478,772440,1,1,1,0,2018-04-29,2018-04-29
-1406478,772455,1,1,1,0,2018-04-29,2018-04-29
-1406478,772456,2,2,1,1,2018-04-29,2018-04-29
-1406478,772457,1,1,1,0,2018-04-29,2018-04-29
-1406477,771976,1,1,1,1,2016-05-20,2016-05-20
-1406477,771977,1,1,1,0,2016-05-20,2016-05-20
-1406477,772441,2,2,1,0,2018-04-29,2018-04-29
-1406477,772442,3,3,1,0,2018-04-29,2018-04-29
-1406477,772445,2,2,1,0,2018-04-29,2018-04-29
-1406477,772446,1,1,1,0,2018-04-29,2018-04-29
-1406477,772448,2,2,1,0,2018-04-29,2018-04-29
-1406477,772449,1,1,1,0,2018-04-29,2018-04-29
-1406477,772452,1,1,1,1,2018-04-29,2018-04-29
-1406477,772454,1,1,1,0,2018-04-29,2018-04-29
-1406477,772455,2,2,1,0,2018-04-29,2018-04-29
-1406477,773773,1,1,1,0,2019-04-28,2019-04-28
-1406476,771591,1,1,1,0,2018-04-30,2018-04-30
-1406476,771980,1,1,1,1,2016-05-20,2016-05-20
-1406476,772443,1,1,1,0,2018-04-29,2018-04-29
-1406476,772444,2,2,1,0,2018-04-29,2018-04-29
-1406476,773775,1,1,1,0,2019-04-28,2019-04-28
-1406475,771628,1,1,1,0,2019-06-28,2019-06-28
-1406475,773758,1,1,1,0,2018-05-12,2018-05-12
-1406474,771610,1,1,1,1,2017-09-28,2017-09-28
-1406474,771611,1,1,1,1,2018-04-30,2018-04-30
-1406474,771816,1,1,1,0,2018-09-07,2018-09-07
-1406474,771987,1,1,1,1,2018-09-16,2018-09-16
-1406474,772439,1,1,1,0,2018-04-29,2018-04-29
-1406474,773759,1,1,1,1,2018-05-11,2018-05-11
-1406473,771989,1,1,1,1,2018-04-16,2018-04-16
-1406473,772031,1,1,1,1,2019-07-09,2019-07-09
-1406473,772039,1,1,1,0,2019-07-09,2019-07-09
-1406473,772930,1,1,1,0,2017-09-16,2017-09-16
-1406472,771126,1,1,1,0,2019-05-30,2019-05-30
-1406472,772930,1,1,1,0,2019-04-26,2019-04-26
-1406471,772016,1,1,1,0,2019-07-01,2019-07-01
-1406471,772930,1,1,1,1,2017-09-22,2017-09-22
-1406471,772931,1,1,1,0,2019-04-27,2019-04-27
-1406470,772077,1,1,1,0,2018-11-01,2018-11-01
-1406470,772106,1,1,1,1,2017-10-17,2017-10-17
-1406470,772117,1,1,1,1,2019-06-29,2019-06-29
-1406469,771613,1,1,1,1,2018-04-30,2018-04-30
-1406469,772014,1,1,1,0,2019-07-10,2019-07-10
-1406469,772225,1,1,1,1,2019-04-27,2019-04-27
-1406469,773130,1,1,1,0,2019-05-18,2019-05-18
-1406469,773754,1,1,1,0,2016-06-22,2016-06-22
-1406469,774018,1,1,1,0,2018-05-25,2018-05-25
-1406468,771580,1,1,1,0,2019-04-29,2019-04-29
-1406468,771617,1,1,1,1,2018-04-30,2018-04-30
-1406468,772033,1,1,1,1,2019-07-09,2019-07-09
-1406468,772224,1,1,1,0,2019-06-10,2019-06-10
-1406468,773700,1,1,1,0,2019-04-20,2019-04-20
-1406468,773712,1,1,1,0,2018-04-27,2018-04-27
-1406468,773748,1,1,1,0,2018-04-27,2018-04-27
-1406468,773752,1,1,1,0,2016-06-22,2016-06-22
-1406468,773945,1,1,1,1,2018-11-27,2018-11-27
-1406467,771624,1,1,1,1,2018-04-30,2018-04-30
-1406467,773752,1,1,1,0,2018-04-27,2018-04-27
-1406467,773774,1,1,1,0,2016-06-22,2016-06-22
-1406466,771564,1,1,1,0,2019-04-13,2019-04-13
-1406466,772000,1,1,1,1,2019-02-23,2019-02-23
-1406466,773443,1,1,1,1,2017-08-04,2017-08-04
-1406465,771564,1,1,1,0,2019-04-28,2019-04-28
-1406465,773470,1,1,1,1,2016-06-20,2016-06-20
-1406465,774018,1,1,1,0,2018-05-25,2018-05-25
-1406464,771957,1,1,1,0,2019-05-25,2019-05-25
-1406464,772031,1,1,1,1,2019-07-09,2019-07-09
-1406464,773343,1,1,1,0,2016-06-09,2016-06-09
-1406463,771577,1,1,1,1,2018-04-30,2018-04-30
-1406463,771860,1,1,1,0,2018-06-12,2018-06-12
-1406463,772084,1,1,1,1,2018-04-27,2018-04-27
-1406463,773981,1,1,1,0,2017-06-20,2017-06-20
-1406462,771554,2,2,2,0,2019-04-13,2019-04-13
-1406462,771558,1,1,1,0,2018-03-01,2018-03-01
-1406462,771836,1,1,1,0,2018-09-07,2018-09-07
-1406462,773063,1,1,1,0,2019-03-30,2019-03-30
-1406461,771949,1,1,1,0,2019-05-08,2019-05-08
-1406460,771708,1,1,1,0,2019-03-30,2019-03-30
-1406459,771560,1,1,1,0,2019-04-25,2019-04-25
-1406459,771706,1,1,1,0,2019-03-30,2019-03-30
-1406459,771956,1,1,1,0,2019-05-25,2019-05-25
-1406459,773333,3,2,3,0,2016-06-09,2016-06-09
-1406459,773423,1,1,1,0,2019-06-03,2019-06-03
-1406459,774059,1,1,1,0,2017-06-07,2017-06-07
-1406458,771573,1,1,1,0,2018-04-30,2018-04-30
-1406458,771986,1,1,1,1,2018-09-13,2018-09-13
-1406458,771993,1,1,1,1,2018-11-25,2018-11-25
-1406458,772083,1,1,1,1,2018-04-27,2018-04-27
-1406458,772085,1,1,1,0,2019-06-17,2019-06-17
-1406458,772777,1,1,1,1,2018-10-17,2018-10-17
-1406458,773545,1,1,1,0,2018-09-10,2018-09-10
-1406458,773979,1,1,1,0,2018-05-14,2018-05-14
-1406458,774029,1,1,1,0,2018-04-21,2018-04-21
-1406457,771710,1,1,1,0,2018-03-31,2018-03-31
-1406457,771711,1,1,1,0,2018-11-05,2018-11-05
-1406457,771975,2,2,2,0,2018-01-09,2017-03-15
-1406457,772026,1,1,1,0,2016-10-20,2016-10-20
-1406457,773764,1,1,1,0,2017-08-08,2017-08-08
-1406457,773765,1,1,1,0,2017-08-08,2017-08-08
-1406456,771989,1,1,1,1,2018-10-20,2018-10-20
-1406456,773334,1,1,1,0,2016-06-09,2016-06-09
-1406456,773338,1,1,1,0,2016-06-09,2016-06-09
-1406456,774056,1,1,1,0,2017-06-07,2017-06-07
-1406455,771546,1,1,1,0,2017-12-27,2017-12-27
-1406455,771946,1,1,1,0,2018-06-12,2018-06-12
-1406455,771947,1,1,1,0,2018-06-12,2018-06-12
-1406455,771986,1,1,1,1,2018-10-13,2018-10-13
-1406455,771987,1,1,1,1,2018-10-13,2018-10-13
-1406455,772014,1,1,1,0,2019-04-29,2019-04-29
-1406455,773009,1,1,1,1,2019-05-16,2019-05-16
-1406455,773338,1,1,1,0,2016-06-09,2016-06-09
-1406455,773339,1,1,1,0,2016-06-09,2016-06-09
-1406455,773423,1,1,1,0,2018-07-31,2018-07-31
-1406455,774054,1,1,1,0,2017-06-07,2017-06-07
-1406454,771950,1,1,1,0,2016-05-20,2016-05-20
-1406454,772027,1,1,1,0,2019-07-09,2019-07-09
-1406454,773044,1,1,1,0,2018-09-17,2018-09-17
-1406454,773205,1,1,1,0,2019-07-01,2019-07-01
-1406453,771946,1,1,1,1,2016-05-20,2016-05-20
-1406453,771982,1,1,1,1,2019-06-22,2019-06-22
-1406453,771985,1,1,1,1,2018-10-13,2018-10-13
-1406453,772013,2,1,1,0,2017-04-14,2017-04-14
-1406453,773044,1,1,1,0,2018-09-17,2018-09-17
-1406453,773096,1,1,1,1,2019-04-28,2019-04-28
-1406453,773312,1,1,1,0,2016-05-20,2016-05-20
-1406453,773339,1,1,1,0,2016-06-09,2016-06-09
-1406453,773769,1,1,1,0,2017-08-08,2017-08-08
-1406452,771676,1,1,1,0,2019-07-16,2019-07-16
-1406452,771947,1,1,1,0,2018-06-12,2018-06-12
-1406452,771989,1,1,1,0,2018-11-18,2018-11-18
-1406452,773329,1,1,1,0,2016-06-09,2016-06-09
-1406452,773768,1,1,1,0,2017-08-08,2017-08-08
-1406451,772094,1,1,1,1,2018-04-27,2018-04-27
-1406451,772110,1,1,1,0,2018-04-27,2018-04-27
-1406451,773330,1,1,1,0,2016-06-09,2016-06-09
-1406451,773766,1,1,1,1,2017-08-08,2017-08-08
-1406451,773930,1,1,1,1,2018-11-27,2018-11-27
-1406451,773963,2,2,1,1,2019-04-20,2019-04-20
-1406450,770173,1,1,1,0,2016-10-06,2016-10-06
-1406450,772099,1,1,1,1,2018-04-27,2018-04-27
-1406450,773330,1,1,1,0,2016-06-09,2016-06-09
-1406450,773333,1,1,1,0,2016-06-09,2016-06-09
-1406449,771949,1,1,1,1,2016-05-20,2016-05-20
-1406449,772177,1,1,1,0,2018-04-27,2018-04-27
-1406449,773109,1,1,1,0,2019-05-02,2019-05-02
-1406448,771932,1,1,1,1,2018-06-14,2018-06-14
-1406448,772163,1,1,1,0,2018-04-27,2018-04-27
-1406448,773969,1,1,1,0,2017-06-20,2017-06-20
-1406446,770131,1,1,1,0,2016-10-06,2016-10-06
-1406446,771929,1,1,1,1,2019-04-27,2019-04-27
-1406446,771947,1,1,1,1,2016-05-20,2016-05-20
-1406445,770137,1,1,1,1,2016-10-06,2016-10-06
-1406445,770149,1,1,1,0,2016-10-06,2016-10-06
-1406445,771919,1,1,1,1,2018-06-08,2018-06-08
-1406445,771920,2,2,2,2,2018-10-14,2018-08-22
-1406445,771921,1,1,1,0,2019-04-27,2019-04-27
-1406445,772164,1,1,1,1,2019-04-15,2019-04-15
-1406445,772166,1,1,1,1,2019-02-24,2019-02-24
-1406445,772196,1,1,1,1,2019-05-03,2019-05-03
-1406445,773239,1,1,1,0,2019-04-26,2019-04-26
-1406444,770130,1,1,1,0,2016-10-06,2016-10-06
-1406444,770134,1,1,1,0,2016-10-06,2016-10-06
-1406444,770644,1,1,1,1,2016-06-01,2016-06-01
-1406444,772013,1,1,1,0,2019-04-29,2019-04-29
-1406443,770142,1,1,1,0,2016-10-06,2016-10-06
-1406443,771934,1,1,1,1,2019-06-27,2019-06-27
-1406443,771953,1,1,1,0,2018-12-06,2018-12-06
-1406443,771986,1,1,1,0,2019-07-09,2019-07-09
-1406443,772013,1,1,1,0,2019-04-29,2019-04-29
-1406443,772167,1,1,1,1,2019-03-29,2019-03-29
-1406443,773832,1,1,1,0,2019-07-07,2019-07-07
-1406442,771553,1,1,1,0,2019-04-27,2019-04-27
-1406442,773335,2,1,1,2,2016-06-09,2016-06-09
-1406441,771916,1,1,1,1,2017-10-12,2017-10-12
-1406441,771938,1,1,1,1,2019-03-16,2019-03-16
-1406441,771984,2,2,2,0,2018-07-03,2018-03-01
-1406441,773330,1,1,1,1,2016-06-09,2016-06-09
-1406440,771948,1,1,1,1,2016-05-20,2016-05-20
-1406440,771972,1,1,1,0,2017-03-19,2017-03-19
-1406440,772196,1,1,1,0,2019-04-17,2019-04-17
-1406440,772232,1,1,1,0,2017-07-20,2017-07-20
-1406440,772609,1,1,1,0,2017-07-24,2017-07-24
-1406439,770123,1,1,1,0,2016-10-06,2016-10-06
-1406439,771915,1,1,1,1,2019-04-27,2019-04-27
-1406439,771948,1,1,1,0,2018-06-12,2018-06-12
-1406439,773341,1,1,1,0,2016-06-09,2016-06-09
-1406438,771947,1,1,1,0,2016-05-20,2016-05-20
-1406438,772014,2,2,2,0,2017-12-20,2017-02-16
-1406438,772161,1,1,1,1,2019-04-16,2019-04-16
-1406438,773258,1,1,1,1,2019-03-18,2019-03-18
-1406438,773334,1,1,1,0,2016-06-09,2016-06-09
-1406438,773335,1,1,1,0,2016-06-09,2016-06-09
-1406438,773342,1,1,1,1,2016-06-09,2016-06-09
-1406437,772166,1,1,1,1,2019-03-29,2019-03-29
-1406437,773185,1,1,1,1,2019-05-02,2019-05-02
-1406437,773331,1,1,1,0,2016-06-09,2016-06-09
-1406437,773333,3,2,1,0,2016-06-09,2016-06-09
-1406437,773334,1,1,1,1,2016-06-09,2016-06-09
-1406437,773341,1,1,1,0,2016-06-09,2016-06-09
-1406436,771991,1,1,1,1,2018-10-13,2018-10-13
-1406436,771993,1,1,1,1,2018-10-13,2018-10-13
-1406436,773269,1,1,1,0,2019-04-28,2019-04-28
-1406436,773278,1,1,1,0,2019-05-04,2019-05-04
-1406436,773328,1,1,1,1,2016-06-09,2016-06-09
-1406436,773329,2,1,1,0,2016-06-09,2016-06-09
-1406436,773332,1,1,1,0,2016-06-09,2016-06-09
-1406436,773333,4,2,4,1,2016-06-09,2016-06-09
-1406436,773334,2,1,1,0,2016-06-09,2016-06-09
-1406435,771919,1,1,1,1,2018-06-08,2018-06-08
-1406435,771948,1,1,1,0,2016-05-20,2016-05-20
-1406435,771950,1,1,1,0,2016-05-20,2016-05-20
-1406435,772112,1,1,1,0,2018-09-16,2018-09-16
-1406435,773272,2,2,1,0,2019-06-11,2019-05-20
-1406435,773276,2,2,1,0,2019-07-19,2019-07-19
-1406435,773277,1,1,1,0,2019-05-04,2019-05-04
-1406435,773333,4,3,2,1,2016-06-09,2016-06-09
-1406435,773334,3,1,1,3,2016-06-09,2016-06-09
-1406435,773335,2,1,1,1,2016-06-09,2016-06-09
-1406435,773336,1,1,1,0,2016-06-09,2016-06-09
-1406434,772991,1,1,1,0,2019-04-28,2019-04-28
-1406434,773279,1,1,1,0,2019-05-04,2019-05-04
-1406434,773332,1,1,1,1,2016-06-09,2016-06-09
-1406434,773333,4,1,3,0,2016-06-09,2016-06-09
-1406434,773334,1,1,1,0,2016-06-09,2016-06-09
-1406434,773336,1,1,1,0,2016-06-09,2016-06-09
-1406433,771670,1,1,1,1,2017-04-14,2017-04-14
-1406433,772143,1,1,1,1,2019-04-16,2019-04-16
-1406433,773269,1,1,1,0,2019-07-07,2019-07-07
-1406433,773331,2,2,1,1,2016-06-09,2016-06-09
-1406433,773335,8,4,3,1,2016-06-09,2016-06-09
-1406433,773336,1,1,1,0,2016-05-19,2016-05-19
-1406433,773337,16,5,5,2,2016-06-09,2016-05-19
-1406432,772011,4,2,1,0,2017-04-14,2017-04-14
-1406432,773323,1,1,1,1,2016-06-09,2016-06-09
-1406432,773326,9,8,1,0,2016-06-09,2016-06-09
-1406432,773328,1,1,1,0,2016-06-09,2016-06-09
-1406432,773329,3,3,2,0,2016-06-09,2016-06-09
-1406432,773330,1,1,1,1,2016-06-09,2016-06-09
-1406432,773331,4,4,2,1,2016-06-09,2016-06-09
-1406432,773334,1,1,1,0,2016-06-09,2016-06-09
-1406432,773975,1,1,1,1,2018-09-11,2018-09-11
-1406432,774032,1,1,1,0,2017-06-07,2017-06-07
-1406431,771546,1,1,1,1,2019-04-27,2019-04-27
-1406431,773329,1,1,1,1,2016-06-09,2016-06-09
-1406431,773335,4,1,1,2,2016-06-09,2016-06-09
-1406431,773336,2,2,1,0,2016-06-09,2016-06-09
-1406431,773884,1,1,1,1,2018-04-22,2018-04-22
-1406431,773898,1,1,1,0,2018-10-04,2018-10-04
-1406431,773949,1,1,1,1,2018-09-10,2018-09-10
-1406430,769913,1,1,1,1,2018-03-03,2018-03-03
-1406430,771950,1,1,1,0,2016-05-20,2016-05-20
-1406430,772133,1,1,1,0,2019-07-12,2019-07-12
-1406430,772229,1,1,1,1,2019-04-16,2019-04-16
-1406430,773331,1,1,1,1,2016-06-09,2016-06-09
-1406430,773978,1,1,1,0,2017-03-20,2017-03-20
-1406429,771952,1,1,1,1,2016-05-20,2016-05-20
-1406429,773947,1,1,1,0,2019-07-20,2019-07-20
-1406429,773948,1,1,1,1,2018-09-13,2018-09-13
-1406429,774027,1,1,1,0,2017-06-07,2017-06-07
-1406428,771561,1,1,1,0,2019-04-27,2019-04-27
-1406428,771972,1,1,1,0,2017-04-17,2017-04-17
-1406428,773945,1,1,1,1,2018-06-11,2018-06-11
-1406428,773973,1,1,1,1,2018-09-21,2018-09-21
-1406428,773987,1,1,1,0,2019-04-26,2019-04-26
-1406427,771975,1,1,1,1,2016-05-20,2016-05-20
-1406427,772012,1,1,1,0,2019-07-10,2019-07-10
-1406427,773308,1,1,1,1,2019-05-25,2019-05-25
-1406427,773988,1,1,1,0,2019-05-08,2019-05-08
-1406427,774070,1,1,1,1,2016-05-20,2016-05-20
-1406426,771990,1,1,1,1,2019-06-22,2019-06-22
-1406426,772048,1,1,1,0,2018-06-13,2018-06-13
-1406426,773833,1,1,1,0,2018-08-11,2018-08-11
-1406425,771642,1,1,1,0,2017-11-01,2017-11-01
-1406425,772030,1,1,1,0,2016-07-12,2016-07-12
-1406425,773995,2,2,1,0,2019-04-26,2019-04-26
-1406424,773329,1,1,1,0,2016-06-09,2016-06-09
-1406424,773996,1,1,1,0,2019-04-26,2019-04-26
-1406424,774019,1,1,1,0,2019-04-24,2019-04-24
-1406423,771014,1,1,1,0,2019-02-16,2019-02-16
-1406423,772024,1,1,1,0,2017-08-03,2017-08-03
-1406423,772118,1,1,1,0,2017-10-19,2017-10-19
-1406423,772120,1,1,1,0,2016-08-05,2016-08-05
-1406423,773337,1,1,1,0,2016-05-19,2016-05-19
-1406423,773341,3,2,2,1,2016-05-19,2016-05-19
-1406423,773915,1,1,1,0,2018-07-14,2018-07-14
-1406423,773978,1,1,1,0,2017-06-07,2017-06-07
-1406423,773986,1,1,1,0,2019-04-27,2019-04-27
-1406422,771772,1,1,1,0,2019-04-29,2019-04-29
-1406422,771936,1,1,1,0,2019-04-27,2019-04-27
-1406422,772291,1,1,1,1,2018-04-14,2018-04-14
-1406422,773916,1,1,1,0,2018-06-27,2018-06-27
-1406422,773939,1,1,1,0,2017-06-07,2017-06-07
-1406421,771936,1,1,1,0,2019-04-27,2019-04-27
-1406421,771969,1,1,1,0,2018-05-11,2018-05-11
-1406421,772496,1,1,1,0,2019-07-08,2019-07-08
-1406421,773909,1,1,1,0,2017-09-30,2017-09-30
-1406421,773998,1,1,1,0,2019-04-26,2019-04-26
-1406421,774021,1,1,1,0,2019-04-29,2019-04-29
-1406421,774022,1,1,1,0,2019-04-29,2019-04-29
-1406420,771928,1,1,1,0,2019-04-27,2019-04-27
-1406420,772006,1,1,1,0,2017-06-05,2017-06-05
-1406420,773917,1,1,1,0,2018-06-27,2018-06-27
-1406420,773999,1,1,1,0,2017-04-14,2017-04-14
-1406419,771919,1,1,1,1,2019-04-27,2019-04-27
-1406419,771939,1,1,1,1,2019-04-27,2019-04-27
-1406419,771986,1,1,1,0,2017-06-05,2017-06-05
-1406419,772216,1,1,1,0,2018-08-15,2018-08-15
-1406419,773912,1,1,1,1,2019-05-26,2019-05-26
-1406419,773913,2,2,1,1,2019-05-26,2019-01-24
-1406419,773914,1,1,1,0,2018-08-08,2018-08-08
-1406418,771582,1,1,1,0,2019-05-03,2019-05-03
-1406418,771583,1,1,1,0,2019-05-03,2019-05-03
-1406418,771584,3,3,1,1,2019-05-04,2019-05-04
-1406418,772036,1,1,1,0,2019-04-20,2019-04-20
-1406418,772218,1,1,1,0,2018-08-15,2018-08-15
-1406418,772357,1,1,1,1,2019-05-04,2019-05-04
-1406418,773912,1,1,1,1,2019-05-26,2019-05-26
-1406418,773913,1,1,1,1,2018-06-02,2018-06-02
-1406418,773915,2,2,1,1,2019-05-04,2018-10-30
-1406417,771920,1,1,1,0,2019-04-27,2019-04-27
-1406417,772020,1,1,1,0,2018-08-23,2018-08-23
-1406417,772105,1,1,1,0,2019-06-17,2019-06-17
-1406417,773912,1,1,1,0,2018-07-25,2018-07-25
-1406417,773917,1,1,1,0,2018-06-23,2018-06-23
-1406417,773919,1,1,1,0,2018-11-21,2018-11-21
-1406417,773920,1,1,1,1,2018-05-29,2018-05-29
-1406417,773928,1,1,1,0,2018-06-28,2018-06-28
-1406417,774017,3,3,1,0,2017-04-14,2017-04-14
-1406416,771918,1,1,1,1,2019-04-27,2019-04-27
-1406416,771986,1,1,1,0,2017-06-05,2017-06-05
-1406416,771995,1,1,1,0,2017-06-05,2017-06-05
-1406416,772614,1,1,1,0,2017-07-22,2017-07-22
-1406416,773306,1,1,1,0,2018-07-15,2018-07-15
-1406416,773307,1,1,1,0,2018-07-07,2018-07-07
-1406416,773918,1,1,1,0,2017-10-21,2017-10-21
-1406416,773919,1,1,1,0,2018-08-31,2018-08-31
-1406416,774011,1,1,1,0,2019-04-26,2019-04-26
-1406415,772102,1,1,1,1,2019-06-17,2019-06-17
-1406415,772104,1,1,1,0,2019-06-17,2019-06-17
-1406415,772230,1,1,1,0,2017-10-02,2017-10-02
-1406415,772909,1,1,1,0,2018-06-12,2018-06-12
-1406415,773914,1,1,1,0,2019-04-20,2019-04-20
-1406415,773919,2,2,1,0,2018-06-21,2018-02-05
-1406415,773929,1,1,1,0,2017-06-07,2017-06-07
-1406415,773985,1,1,1,0,2019-04-29,2019-04-29
-1406415,774014,1,1,1,0,2019-04-29,2019-04-29
-1406414,771800,1,1,1,0,2017-09-21,2017-09-21
-1406414,772110,1,1,1,0,2019-06-17,2019-06-17
-1406414,772144,1,1,1,1,2019-05-11,2019-05-11
-1406414,772907,1,1,1,0,2018-09-02,2018-09-02
-1406414,773295,1,1,1,0,2018-09-06,2018-09-06
-1406414,774005,1,1,1,0,2017-04-14,2017-04-14
-1406414,774013,2,2,1,0,2019-04-29,2018-09-28
-1406414,774014,1,1,1,0,2019-04-29,2019-04-29
-1406414,774015,1,1,1,0,2017-06-07,2017-06-07
-1406413,771955,1,1,1,1,2016-05-20,2016-05-20
-1406413,771980,1,1,1,0,2018-03-18,2018-03-18
-1406413,772372,1,1,1,1,2019-06-19,2019-06-19
-1406413,774010,1,1,1,0,2019-04-26,2019-04-26
-1406412,771937,1,1,1,1,2019-04-27,2019-04-27
-1406412,771938,1,1,1,1,2019-04-27,2019-04-27
-1406412,771948,1,1,1,0,2018-07-04,2018-07-04
-1406412,772005,1,1,1,1,2019-07-23,2019-07-23
-1406412,772231,1,1,1,0,2017-09-25,2017-09-25
-1406411,771591,1,1,1,0,2019-04-28,2019-04-28
-1406411,771751,1,1,1,0,2018-06-23,2018-06-23
-1406411,771874,1,1,1,1,2019-05-16,2019-05-16
-1406411,771919,1,1,1,1,2019-04-27,2019-04-27
-1406411,771947,1,1,1,0,2018-08-22,2018-08-22
-1406411,771956,1,1,1,1,2016-05-20,2016-05-20
-1406411,771984,1,1,1,0,2017-06-05,2017-06-05
-1406411,772189,1,1,1,0,2016-06-19,2016-06-19
-1406410,771759,1,1,1,0,2019-04-29,2019-04-29
-1406410,771938,1,1,1,1,2019-04-27,2019-04-27
-1406410,772148,1,1,1,0,2018-09-23,2018-09-23
-1406410,772150,1,1,1,1,2019-04-16,2019-04-16
-1406410,772214,1,1,1,0,2018-06-11,2018-06-11
-1406409,771932,1,1,1,1,2019-04-27,2019-04-27
-1406409,771938,1,1,1,1,2019-04-27,2019-04-27
-1406409,771939,1,1,1,0,2017-04-17,2017-04-17
-1406409,771947,1,1,1,1,2016-05-20,2016-05-20
-1406409,772908,1,1,1,1,2018-05-01,2018-05-01
-1406409,773920,1,1,1,0,2017-06-07,2017-06-07
-1406409,773997,1,1,1,0,2019-04-29,2019-04-29
-1406409,773998,1,1,1,0,2019-04-26,2019-04-26
-1406409,773999,2,2,1,0,2019-04-26,2019-04-26
-1406409,774002,1,1,1,0,2019-04-29,2019-04-29
-1406408,771922,1,1,1,1,2019-04-27,2019-04-27
-1406408,771929,2,2,2,1,2019-05-16,2019-05-06
-1406408,771939,1,1,1,1,2019-04-27,2019-04-27
-1406408,771945,1,1,1,1,2018-07-18,2018-07-18
-1406408,772020,1,1,1,0,2017-04-14,2017-04-14
-1406408,772022,1,1,1,0,2018-07-10,2018-07-10
-1406408,773999,1,1,1,0,2019-04-29,2019-04-29
-1406407,771934,1,1,1,0,2019-07-12,2019-07-12
-1406407,771939,1,1,1,0,2017-04-15,2017-04-15
-1406407,771948,1,1,1,0,2018-06-12,2018-06-12
-1406407,771952,1,1,1,1,2016-05-20,2016-05-20
-1406407,772430,1,1,1,1,2019-05-04,2019-05-04
-1406407,772431,1,1,1,1,2019-05-04,2019-05-04
-1406407,773911,1,1,1,1,2019-05-06,2019-05-06
-1406406,771841,1,1,1,1,2018-07-18,2018-07-18
-1406406,771926,1,1,1,1,2019-04-27,2019-04-27
-1406406,771927,1,1,1,0,2019-04-11,2019-04-11
-1406406,772000,1,1,1,1,2018-07-04,2018-07-04
-1406405,771841,1,1,1,1,2018-07-18,2018-07-18
-1406405,771928,1,1,1,1,2019-04-27,2019-04-27
-1406405,771939,1,1,1,1,2019-04-27,2019-04-27
-1406405,771940,1,1,1,1,2018-05-16,2018-05-16
-1406405,773991,1,1,1,0,2017-06-17,2017-06-17
-1406404,771930,1,1,1,1,2019-04-27,2019-04-27
-1406404,771940,1,1,1,1,2019-04-27,2019-04-27
-1406404,772212,1,1,1,1,2018-07-07,2018-07-07
-1406404,773907,1,1,1,0,2017-06-07,2017-06-07
-1406403,771923,1,1,1,1,2019-04-27,2019-04-27
-1406403,774001,1,1,1,0,2017-06-07,2017-06-07
-1406402,771925,2,2,1,2,2018-07-16,2018-07-16
-1406402,771928,1,1,1,0,2019-03-13,2019-03-13
-1406402,773803,1,1,1,0,2018-04-20,2018-04-20
-1406402,773809,1,1,1,0,2018-04-20,2018-04-20
-1406401,771935,1,1,1,0,2017-04-15,2017-04-15
-1406400,771922,1,1,1,1,2019-04-27,2019-04-27
-1406400,771928,1,1,1,1,2018-06-08,2018-06-08
-1406400,771929,2,2,2,1,2019-04-27,2019-04-27
-1406400,771936,1,1,1,1,2017-04-22,2017-04-22
-1406400,771938,1,1,1,1,2019-04-27,2019-04-27
-1406400,773897,1,1,1,0,2017-06-07,2017-06-07
-1406399,771916,1,1,1,1,2018-10-06,2018-10-06
-1406399,771925,1,1,1,1,2019-04-27,2019-04-27
-1406399,771928,2,2,2,2,2019-04-27,2019-02-01
-1406399,771929,2,2,1,1,2019-04-27,2019-04-27
-1406399,771930,1,1,1,1,2019-04-27,2019-04-27
-1406399,771937,2,2,1,2,2019-04-27,2019-04-27
-1406399,772177,1,1,1,1,2019-05-11,2019-05-11
-1406399,772183,1,1,1,0,2019-02-24,2019-02-24
-1406398,771929,1,1,1,1,2019-04-27,2019-04-27
-1406398,771930,1,1,1,0,2019-04-27,2019-04-27
-1406398,771937,1,1,1,1,2019-04-27,2019-04-27
-1406398,771939,1,1,1,1,2019-04-27,2019-04-27
-1406398,771985,1,1,1,0,2017-06-25,2017-06-25
-1406398,772361,1,1,1,1,2019-05-04,2019-05-04
-1406397,771709,1,1,1,1,2017-04-14,2017-04-14
-1406397,771981,1,1,1,0,2017-02-18,2017-02-18
-1406397,772623,1,1,1,0,2018-04-28,2018-04-28
-1406396,771927,1,1,1,0,2019-04-27,2019-04-27
-1406396,771931,1,1,1,0,2017-04-15,2017-04-15
-1406396,771936,1,1,1,1,2019-04-27,2019-04-27
-1406396,771939,1,1,1,1,2019-04-27,2019-04-27
-1406396,771940,1,1,1,0,2018-06-28,2018-06-28
-1406396,772021,1,1,1,0,2019-04-29,2019-04-29
-1406396,772168,1,1,1,0,2019-05-02,2019-05-02
-1406396,773828,1,1,1,0,2019-05-27,2019-05-27
-1406395,771934,1,1,1,0,2019-04-27,2019-04-27
-1406395,771935,3,2,2,1,2019-04-27,2019-04-27
-1406395,772005,1,1,1,1,2019-05-24,2019-05-24
-1406395,773883,1,1,1,0,2017-06-07,2017-06-07
-1406394,771933,2,1,1,0,2019-04-27,2019-04-27
-1406394,771935,8,3,1,3,2019-04-27,2019-04-27
-1406394,771936,2,1,2,2,2019-04-27,2019-04-27
-1406394,771937,1,1,1,0,2019-04-27,2019-04-27
-1406394,771983,2,2,1,0,2017-06-25,2017-06-25
-1406394,771998,1,1,1,0,2017-02-18,2017-02-18
-1406394,771999,1,1,1,0,2017-02-18,2017-02-18
-1406394,772002,1,1,1,0,2018-10-07,2018-10-07
-1406393,771713,1,1,1,0,2017-04-14,2017-04-14
-1406393,771925,1,1,1,0,2017-06-11,2017-06-11
-1406393,771929,1,1,1,1,2019-04-27,2019-04-27
-1406393,771936,1,1,1,0,2019-04-27,2019-04-27
-1406393,772391,1,1,1,0,2019-05-04,2019-05-04
-1406393,772410,1,1,1,1,2019-05-04,2019-05-04
-1406393,773878,1,1,1,0,2017-06-07,2017-06-07
-1406392,771929,1,1,1,1,2019-04-27,2019-04-27
-1406392,771931,1,1,1,0,2019-04-27,2019-04-27
-1406392,771932,1,1,1,1,2019-04-27,2019-04-27
-1406392,771940,1,1,1,1,2019-04-27,2019-04-27
-1406392,771974,1,1,1,1,2018-07-11,2018-07-11
-1406392,771978,1,1,1,0,2017-06-25,2017-06-25
-1406392,771981,1,1,1,0,2017-06-25,2017-06-25
-1406392,773592,1,1,1,0,2017-10-14,2017-10-14
-1406392,773878,1,1,1,0,2017-06-07,2017-06-07
-1406392,773930,1,1,1,0,2018-10-07,2018-10-07
-1406392,773931,1,1,1,0,2018-08-19,2018-08-19
-1406391,771916,1,1,1,1,2018-10-06,2018-10-06
-1406391,771939,1,1,1,0,2019-04-27,2019-04-27
-1406391,771952,1,1,1,0,2019-05-25,2019-05-25
-1406391,772108,1,1,1,0,2017-10-19,2017-10-19
-1406391,772621,1,1,1,0,2018-04-28,2018-04-28
-1406391,772622,1,1,1,0,2018-04-28,2018-04-28
-1406390,770269,1,1,1,1,2018-02-13,2018-02-13
-1406390,771938,1,1,1,0,2019-06-28,2019-06-28
-1406390,772381,1,1,1,0,2019-05-04,2019-05-04
-1406390,772621,2,2,1,0,2018-04-28,2018-04-28
-1406390,773085,1,1,1,0,2017-10-01,2017-10-01
-1406389,771934,1,1,1,0,2017-04-17,2017-04-17
-1406389,772619,1,1,1,0,2018-04-28,2018-04-28
-1406388,771926,1,1,1,1,2019-04-27,2019-04-27
-1406388,771928,1,1,1,1,2019-06-11,2019-06-11
-1406388,772216,1,1,1,0,2019-04-14,2019-04-14
-1406388,772622,1,1,1,0,2018-04-28,2018-04-28
-1406388,772623,1,1,1,0,2018-04-28,2018-04-28
-1406387,771939,1,1,1,1,2019-04-27,2019-04-27
-1406387,772621,1,1,1,0,2018-04-28,2018-04-28
-1406386,771855,1,1,1,0,2019-01-29,2019-01-29
-1406386,771939,1,1,1,1,2019-04-27,2019-04-27
-1406386,771977,1,1,1,0,2017-06-25,2017-06-25
-1406386,771978,1,1,1,1,2017-06-25,2017-06-25
-1406386,772013,1,1,1,0,2017-03-19,2017-03-19
-1406386,772145,1,1,1,1,2019-05-02,2019-05-02
-1406385,771349,1,1,1,0,2019-04-28,2019-04-28
-1406385,771927,1,1,1,1,2019-04-27,2019-04-27
-1406385,771935,1,1,1,1,2019-04-27,2019-04-27
-1406385,771937,1,1,1,0,2019-04-27,2019-04-27
-1406385,771938,1,1,1,1,2019-04-27,2019-04-27
-1406385,771952,1,1,1,0,2019-06-26,2019-06-26
-1406384,771344,1,1,1,0,2019-04-28,2019-04-28
-1406384,771932,1,1,1,1,2019-04-27,2019-04-27
-1406384,771934,1,1,1,0,2019-04-27,2019-04-27
-1406384,771935,1,1,1,1,2019-04-27,2019-04-27
-1406384,771936,1,1,1,1,2019-04-27,2019-04-27
-1406384,771945,1,1,1,0,2017-06-25,2017-06-25
-1406384,771946,1,1,1,0,2017-06-25,2017-06-25
-1406384,772235,1,1,1,0,2019-04-16,2019-04-16
-1406384,773184,1,1,1,0,2019-07-12,2019-07-12
-1406383,771316,1,1,1,0,2018-09-06,2018-09-06
-1406383,771325,1,1,1,0,2018-09-06,2018-09-06
-1406383,771345,1,1,1,0,2018-09-06,2018-09-06
-1406383,771862,1,1,1,0,2019-03-13,2019-03-13
-1406383,771863,2,2,1,0,2019-03-13,2019-03-13
-1406383,771874,1,1,1,1,2019-06-07,2019-06-07
-1406383,771902,1,1,1,1,2019-04-30,2019-04-30
-1406383,771932,1,1,1,1,2019-04-27,2019-04-27
-1406383,771933,2,2,2,0,2019-04-27,2019-04-27
-1406383,771935,1,1,1,0,2019-04-27,2019-04-27
-1406383,771950,1,1,1,0,2019-06-26,2019-06-26
-1406383,772479,1,1,1,1,2019-05-04,2019-05-04
-1406383,773856,1,1,1,0,2017-06-07,2017-06-07
-1406382,771873,1,1,1,1,2019-06-07,2019-06-07
-1406382,771930,1,1,1,1,2019-04-27,2019-04-27
-1406382,772235,1,1,1,0,2019-04-16,2019-04-16
-1406382,772440,1,1,1,1,2019-05-04,2019-05-04
-1406382,772477,1,1,1,1,2019-05-04,2019-05-04
-1406382,772497,1,1,1,0,2019-03-14,2019-03-14
-1406381,772109,1,1,1,1,2019-05-02,2019-05-02
-1406381,772618,1,1,1,0,2018-04-23,2018-04-23
-1406381,773851,1,1,1,0,2017-06-07,2017-06-07
-1406380,773964,1,1,1,1,2019-04-01,2019-04-01
-1406379,771363,1,1,1,0,2019-04-28,2019-04-28
-1406379,773874,1,1,1,0,2018-11-27,2018-11-27
-1406378,772202,1,1,1,1,2019-05-01,2019-05-01
-1406378,773630,1,1,1,0,2017-10-15,2017-10-15
-1406378,773919,1,1,1,1,2018-11-27,2018-11-27
-1406377,771924,1,1,1,1,2019-04-27,2019-04-27
-1406377,771925,1,1,1,0,2017-04-22,2017-04-22
-1406377,771944,1,1,1,0,2019-06-22,2019-06-22
-1406377,773621,1,1,1,0,2017-10-14,2017-10-14
-1406377,773907,1,1,1,0,2018-05-21,2018-05-21
-1406376,771918,1,1,1,0,2016-03-16,2016-03-16
-1406376,771982,1,1,1,0,2017-04-29,2017-04-29
-1406376,772260,1,1,1,0,2017-09-23,2017-09-23
-1406375,771362,1,1,1,1,2019-04-28,2019-04-28
-1406375,771925,1,1,1,1,2018-05-11,2018-05-11
-1406375,771926,1,1,1,1,2019-04-27,2019-04-27
-1406375,771927,2,2,2,1,2019-04-27,2019-01-07
-1406375,771995,1,1,1,1,2017-04-22,2017-04-22
-1406375,773634,1,1,1,0,2017-10-15,2017-10-15
-1406375,773760,1,1,1,0,2019-04-28,2019-04-28
-1406375,773763,2,2,2,0,2019-07-07,2019-06-30
-1406374,771918,1,1,1,1,2016-05-20,2016-05-20
-1406374,771921,1,1,1,0,2019-05-17,2019-05-17
-1406374,771926,1,1,1,1,2019-04-27,2019-04-27
-1406374,771979,1,1,1,0,2017-04-29,2017-04-29
-1406374,771982,1,1,1,1,2017-06-25,2017-06-25
-1406374,772619,1,1,1,0,2018-04-23,2018-04-23
-1406374,773758,1,1,1,0,2019-04-30,2019-04-30
-1406374,773767,1,1,1,0,2019-07-10,2019-07-10
-1406373,771915,1,1,1,1,2019-05-02,2019-05-02
-1406373,771918,1,1,1,1,2019-04-27,2019-04-27
-1406373,771927,1,1,1,1,2019-06-07,2019-06-07
-1406373,771929,1,1,1,0,2019-04-27,2019-04-27
-1406373,771955,1,1,1,0,2017-06-25,2017-06-25
-1406373,771993,1,1,1,1,2017-04-22,2017-04-22
-1406373,772006,1,1,1,0,2018-08-23,2018-08-23
-1406373,772611,1,1,1,1,2018-10-21,2018-10-21
-1406373,772619,2,2,1,0,2018-04-23,2018-04-23
-1406373,773588,2,2,1,0,2019-05-01,2019-05-01
-1406373,773589,1,1,1,0,2019-05-01,2019-05-01
-1406373,773761,1,1,1,0,2019-05-27,2019-05-27
-1406373,773765,1,1,1,0,2019-05-29,2019-05-29
-1406373,773766,1,1,1,0,2019-06-30,2019-06-30
-1406373,773770,2,2,1,0,2019-04-28,2019-04-28
-1406372,770036,1,1,1,0,2018-07-31,2018-07-31
-1406372,771917,1,1,1,1,2019-04-27,2019-04-27
-1406372,771918,2,2,1,2,2019-04-27,2019-04-27
-1406372,771921,1,1,1,1,2017-06-20,2017-06-20
-1406372,771922,3,3,2,2,2019-04-27,2019-04-27
-1406372,771927,1,1,1,0,2018-09-20,2018-09-20
-1406372,772022,1,1,1,0,2019-07-10,2019-07-10
-1406372,773589,1,1,1,0,2019-05-01,2019-05-01
-1406372,773757,1,1,1,1,2019-07-04,2019-07-04
-1406372,773763,1,1,1,0,2019-07-07,2019-07-07
-1406372,773764,1,1,1,0,2019-05-24,2019-05-24
-1406372,773765,1,1,1,0,2019-04-28,2019-04-28
-1406372,773832,1,1,1,0,2017-06-07,2017-06-07
-1406371,771334,1,1,1,0,2018-10-06,2018-10-06
-1406371,771917,1,1,1,0,2016-05-20,2016-05-20
-1406371,771918,1,1,1,0,2016-05-20,2016-05-20
-1406371,771920,1,1,1,0,2016-05-20,2016-05-20
-1406371,771921,1,1,1,1,2016-05-20,2016-05-20
-1406371,771922,1,1,1,0,2016-03-16,2016-03-16
-1406371,771923,2,1,1,2,2019-04-27,2019-04-27
-1406371,771925,1,1,1,1,2019-04-27,2019-04-27
-1406371,771927,2,2,2,1,2018-09-20,2018-07-10
-1406371,771943,1,1,1,0,2017-04-15,2017-04-15
-1406371,771944,1,1,1,0,2017-06-25,2017-06-25
-1406371,771988,1,1,1,1,2017-06-25,2017-06-25
-1406371,772930,1,1,1,0,2016-06-29,2016-06-29
-1406371,773624,1,1,1,0,2019-05-01,2019-05-01
-1406371,773625,1,1,1,0,2019-05-01,2019-05-01
-1406371,773759,3,3,2,2,2019-07-04,2019-06-22
-1406371,773761,1,1,1,0,2019-05-27,2019-05-27
-1406371,773763,3,3,2,1,2019-07-07,2019-06-02
-1406371,773764,1,1,1,0,2019-07-07,2019-07-07
-1406371,773765,2,2,1,0,2019-04-28,2019-04-28
-1406371,773769,1,1,1,0,2019-04-28,2019-04-28
-1406370,771918,2,2,2,1,2016-10-27,2016-08-08
-1406370,771919,1,1,1,0,2016-05-20,2016-05-20
-1406370,771920,1,1,1,0,2016-05-20,2016-05-20
-1406370,771923,1,1,1,0,2016-05-20,2016-05-20
-1406370,771925,1,1,1,1,2017-04-15,2017-04-15
-1406370,771926,1,1,1,1,2017-08-12,2017-08-12
-1406370,771941,1,1,1,1,2017-06-25,2017-06-25
-1406370,771945,1,1,1,0,2017-06-25,2017-06-25
-1406370,771947,1,1,1,1,2017-06-25,2017-06-25
-1406370,773757,1,1,1,1,2019-07-04,2019-07-04
-1406370,773758,3,3,1,0,2019-06-08,2019-04-28
-1406370,773760,2,2,1,0,2019-07-07,2019-07-06
-1406370,773770,1,1,1,1,2019-04-30,2019-04-30
-1406369,771921,1,1,1,1,2019-04-25,2019-04-25
-1406369,771922,1,1,1,1,2019-04-27,2019-04-27
-1406369,771928,1,1,1,1,2019-06-22,2019-06-22
-1406369,771929,1,1,1,0,2018-09-20,2018-09-20
-1406369,771946,1,1,1,0,2017-06-25,2017-06-25
-1406369,772117,1,1,1,0,2017-10-19,2017-10-19
-1406369,773755,1,1,1,1,2019-07-04,2019-07-04
-1406369,773760,2,2,1,1,2019-04-30,2019-04-29
-1406369,773765,1,1,1,0,2019-04-28,2019-04-28
-1406369,773823,1,1,1,0,2017-06-07,2017-06-07
-1406369,773869,1,1,1,1,2018-11-27,2018-11-27
-1406368,771371,1,1,1,0,2019-04-28,2019-04-28
-1406368,771918,1,1,1,1,2018-07-03,2018-07-03
-1406368,771920,2,2,2,2,2019-03-26,2018-06-03
-1406368,771921,1,1,1,1,2019-04-27,2019-04-27
-1406368,771922,1,1,1,1,2018-08-25,2018-08-25
-1406368,771923,1,1,1,0,2019-07-12,2019-07-12
-1406367,771921,1,1,1,1,2017-08-12,2017-08-12
-1406367,771924,1,1,1,1,2019-06-05,2019-06-05
-1406367,771925,1,1,1,0,2016-03-16,2016-03-16
-1406367,771926,1,1,1,1,2019-06-28,2019-06-28
-1406367,771951,1,1,1,0,2017-06-25,2017-06-25
-1406367,771978,1,1,1,0,2017-04-29,2017-04-29
-1406367,773288,1,1,1,0,2016-07-18,2016-07-18
-1406367,773624,1,1,1,0,2019-05-01,2019-05-01
-1406367,773768,1,1,1,0,2019-04-28,2019-04-28
-1406366,771920,1,1,1,1,2019-04-27,2019-04-27
-1406366,771921,1,1,1,0,2019-05-17,2019-05-17
-1406366,771924,1,1,1,0,2016-05-20,2016-05-20
-1406366,771926,1,1,1,1,2019-04-27,2019-04-27
-1406366,771928,1,1,1,1,2019-04-27,2019-04-27
-1406366,773901,1,1,1,1,2018-11-03,2018-11-03
-1406365,771922,1,1,1,0,2019-04-27,2019-04-27
-1406365,771925,1,1,1,1,2018-04-30,2018-04-30
-1406365,771928,1,1,1,1,2019-04-27,2019-04-27
-1406365,771975,1,1,1,0,2017-03-10,2017-03-10
-1406365,772007,1,1,1,0,2017-04-14,2017-04-14
-1406365,772609,1,1,1,0,2018-04-23,2018-04-23
-1406364,770266,1,1,1,1,2017-05-18,2017-05-18
-1406364,771752,2,2,1,0,2019-07-04,2019-06-18
-1406364,771921,1,1,1,1,2019-04-27,2019-04-27
-1406364,771922,1,1,1,0,2016-03-16,2016-03-16
-1406364,771923,1,1,1,0,2016-03-16,2016-03-16
-1406364,771925,1,1,1,0,2016-03-16,2016-03-16
-1406364,772606,1,1,1,1,2018-04-23,2018-04-23
-1406364,772607,1,1,1,1,2018-04-21,2018-04-21
-1406364,772609,1,1,1,0,2018-04-23,2018-04-23
-1406364,773813,1,1,1,0,2017-06-07,2017-06-07
-1406363,771759,1,1,1,0,2019-06-29,2019-06-29
-1406363,771920,1,1,1,0,2019-06-07,2019-06-07
-1406363,771922,2,2,2,0,2018-07-26,2018-02-06
-1406363,771924,2,2,2,2,2019-04-27,2019-01-25
-1406363,771925,1,1,1,1,2019-06-10,2019-06-10
-1406363,771926,1,1,1,0,2017-06-11,2017-06-11
-1406363,771936,1,1,1,0,2019-04-27,2019-04-27
-1406363,771953,1,1,1,0,2018-05-18,2018-05-18
-1406363,772527,1,1,1,0,2019-03-15,2019-03-15
-1406362,771919,3,3,3,2,2019-04-26,2018-08-25
-1406362,771925,1,1,1,1,2019-06-10,2019-06-10
-1406362,771926,1,1,1,1,2019-04-27,2019-04-27
-1406362,771927,2,2,2,1,2018-10-18,2018-10-09
-1406362,771952,1,1,1,0,2018-05-11,2018-05-11
-1406362,771962,1,1,1,0,2019-06-19,2019-06-19
-1406362,773490,1,1,1,0,2017-05-15,2017-05-15
-1406362,773634,1,1,1,0,2017-10-15,2017-10-15
-1406361,771915,1,1,1,0,2018-06-22,2018-06-22
-1406361,771923,1,1,1,0,2016-05-20,2016-05-20
-1406361,771924,2,2,2,1,2017-06-11,2016-11-29
-1406361,771926,1,1,1,1,2019-04-27,2019-04-27
-1406361,771927,3,3,3,0,2019-05-04,2018-09-30
-1406361,771930,1,1,1,1,2017-05-18,2017-05-18
-1406361,771946,1,1,1,0,2017-06-25,2017-06-25
-1406361,772993,1,1,1,0,2019-03-28,2019-03-28
-1406361,773797,1,1,1,0,2017-06-07,2017-06-07
-1406360,770479,1,1,1,0,2019-05-17,2019-05-17
-1406360,771914,1,1,1,1,2016-06-09,2016-06-09
-1406360,771915,2,1,1,0,2016-05-20,2016-05-20
-1406360,771920,1,1,1,1,2019-04-27,2019-04-27
-1406360,771921,1,1,1,1,2019-06-28,2019-06-28
-1406360,771931,2,2,2,1,2019-07-12,2018-01-25
-1406360,771939,1,1,1,0,2018-05-11,2018-05-11
-1406360,771943,1,1,1,0,2017-06-11,2017-06-11
-1406360,771944,1,1,1,0,2017-06-11,2017-06-11
-1406360,771979,1,1,1,0,2017-04-29,2017-04-29
-1406360,771981,1,1,1,0,2017-04-14,2017-04-14
-1406360,773903,1,1,1,1,2018-11-27,2018-11-27
-1406359,771699,1,1,1,1,2018-09-06,2018-09-06
-1406359,771915,1,1,1,1,2019-05-26,2019-05-26
-1406359,771928,1,1,1,1,2017-08-12,2017-08-12
-1406359,771930,2,2,2,0,2018-07-03,2017-12-21
-1406359,771932,1,1,1,1,2019-05-31,2019-05-31
-1406359,771933,1,1,1,0,2016-11-19,2016-11-19
-1406359,771982,1,1,1,0,2017-04-14,2017-04-14
-1406359,771983,1,1,1,0,2017-04-29,2017-04-29
-1406358,771929,1,1,1,0,2018-07-26,2018-07-26
-1406358,772026,1,1,1,0,2018-04-12,2018-04-12
-1406358,773309,1,1,1,0,2018-10-13,2018-10-13
-1406358,773916,1,1,1,1,2018-11-27,2018-11-27
-1406357,771923,1,1,1,0,2019-06-24,2019-06-24
-1406356,771922,1,1,1,1,2016-06-09,2016-06-09
-1406356,771926,1,1,1,0,2016-03-16,2016-03-16
-1406356,772199,1,1,1,0,2019-05-01,2019-05-01
-1406356,772205,1,1,1,0,2019-05-01,2019-05-01
-1406356,773590,1,1,1,0,2018-08-17,2018-08-17
-1406356,773602,1,1,1,0,2018-08-17,2018-08-17
-1406356,773613,1,1,1,0,2017-10-14,2017-10-14
-1406356,773786,1,1,1,0,2017-06-07,2017-06-07
-1406355,771917,1,1,1,0,2016-05-20,2016-05-20
-1406355,771932,1,1,1,0,2018-08-13,2018-08-13
-1406355,771933,1,1,1,1,2018-07-17,2018-07-17
-1406355,771988,1,1,1,0,2018-03-18,2018-03-18
-1406355,772197,1,1,1,0,2019-05-01,2019-05-01
-1406355,772200,1,1,1,0,2019-05-01,2019-05-01
-1406354,771919,2,2,2,1,2019-04-27,2017-11-07
-1406354,771920,1,1,1,0,2016-05-20,2016-05-20
-1406354,772197,1,1,1,0,2019-05-01,2019-05-01
-1406354,773597,2,2,1,0,2019-05-01,2019-05-01
-1406354,773888,1,1,1,0,2017-04-14,2017-04-14
-1406353,771922,1,1,1,1,2016-06-09,2016-06-09
-1406353,771924,1,1,1,1,2019-03-16,2019-03-16
-1406353,771931,1,1,1,0,2016-05-20,2016-05-20
-1406353,771933,1,1,1,0,2016-05-20,2016-05-20
-1406353,772213,1,1,1,0,2019-06-11,2019-06-11
-1406353,773620,1,1,1,0,2017-10-14,2017-10-14
-1406353,773625,1,1,1,0,2019-05-01,2019-05-01
-1406353,773630,1,1,1,0,2019-05-01,2019-05-01
-1406353,773745,1,1,1,0,2019-05-01,2019-05-01
-1406353,773781,1,1,1,0,2017-06-07,2017-06-07
-1406353,773887,1,1,1,0,2017-04-14,2017-04-14
-1406352,771923,1,1,1,1,2019-05-22,2019-05-22
-1406352,771926,1,1,1,1,2019-03-16,2019-03-16
-1406352,771931,1,1,1,0,2016-05-20,2016-05-20
-1406352,771932,1,1,1,0,2019-05-04,2019-05-04
-1406352,771941,1,1,1,0,2018-07-24,2018-07-24
-1406352,772213,1,1,1,0,2019-06-11,2019-06-11
-1406352,773639,1,1,1,0,2019-05-01,2019-05-01
-1406351,771390,1,1,1,0,2018-09-06,2018-09-06
-1406351,771931,1,1,1,0,2017-08-03,2017-08-03
-1406351,771933,1,1,1,0,2019-05-04,2019-05-04
-1406351,771987,1,1,1,0,2017-07-29,2017-07-29
-1406351,772138,1,1,1,0,2017-10-19,2017-10-19
-1406351,773471,1,1,1,0,2018-06-17,2018-06-17
-1406351,773620,1,1,1,0,2019-05-01,2019-05-01
-1406350,771920,1,1,1,1,2016-05-12,2016-05-12
-1406350,771930,1,1,1,0,2016-05-20,2016-05-20
-1406350,771932,1,1,1,0,2016-08-19,2016-08-19
-1406350,771935,1,1,1,1,2019-06-23,2019-06-23
-1406350,772211,1,1,1,0,2017-07-20,2017-07-20
-1406349,771510,1,1,1,1,2018-09-06,2018-09-06
-1406349,771575,1,1,1,0,2017-07-09,2017-07-09
-1406349,771918,1,1,1,0,2018-06-22,2018-06-22
-1406349,771925,1,1,1,1,2019-04-26,2019-04-26
-1406349,771934,1,1,1,1,2018-09-15,2018-09-15
-1406349,771956,1,1,1,0,2017-02-18,2017-02-18
-1406349,771959,1,1,1,0,2017-02-18,2017-02-18
-1406349,772431,1,1,1,0,2018-04-28,2018-04-28
-1406349,773617,1,1,1,0,2019-05-01,2019-05-01
-1406349,773775,1,1,1,0,2017-06-07,2017-06-07
-1406349,773891,1,1,1,1,2018-11-27,2018-11-27
-1406348,771934,1,1,1,1,2018-09-15,2018-09-15
-1406348,771935,1,1,1,0,2019-06-04,2019-06-04
-1406348,771948,1,1,1,0,2017-02-18,2017-02-18
-1406348,772427,1,1,1,0,2018-04-28,2018-04-28
-1406348,773072,1,1,1,1,2018-03-26,2018-03-26
-1406347,771920,1,1,1,1,2018-04-24,2018-04-24
-1406347,771921,1,1,1,1,2018-09-02,2018-09-02
-1406347,771924,1,1,1,1,2018-04-24,2018-04-24
-1406347,771932,1,1,1,1,2019-06-07,2019-06-07
-1406347,771933,1,1,1,0,2019-03-15,2019-03-15
-1406347,771935,1,1,1,1,2019-02-26,2019-02-26
-1406347,772338,1,1,1,0,2019-04-16,2019-04-16
-1406347,773290,1,1,1,0,2018-06-06,2018-06-06
-1406347,773641,1,1,1,0,2019-05-01,2019-05-01
-1406346,771917,1,1,1,1,2018-10-25,2018-10-25
-1406346,771919,1,1,1,1,2018-09-02,2018-09-02
-1406346,771927,1,1,1,0,2018-09-05,2018-09-05
-1406346,771933,1,1,1,0,2019-03-15,2019-03-15
-1406346,771936,1,1,1,1,2019-03-16,2019-03-16
-1406346,771945,1,1,1,0,2019-06-14,2019-06-14
-1406346,773577,1,1,1,1,2018-08-19,2018-08-19
-1406346,773624,1,1,1,0,2017-10-14,2017-10-14
-1406346,773625,1,1,1,0,2017-10-14,2017-10-14
-1406345,771907,1,1,1,1,2018-06-07,2018-06-07
-1406345,771919,1,1,1,1,2016-06-09,2016-06-09
-1406345,771921,4,4,2,4,2018-04-24,2017-06-07
-1406345,771922,1,1,1,0,2018-08-11,2018-08-11
-1406345,771929,1,1,1,1,2016-03-16,2016-03-16
-1406345,771932,1,1,1,0,2016-03-16,2016-03-16
-1406345,771935,1,1,1,0,2019-07-16,2019-07-16
-1406345,771936,2,2,1,0,2019-07-12,2019-07-12
-1406345,771958,1,1,1,0,2018-08-25,2018-08-25
-1406345,771968,1,1,1,0,2019-06-14,2019-06-14
-1406345,773769,1,1,1,0,2017-06-07,2017-06-07
-1406345,773841,1,1,1,1,2018-12-08,2018-12-08
-1406344,771917,1,1,1,1,2018-10-25,2018-10-25
-1406344,771918,1,1,1,1,2016-07-22,2016-07-22
-1406344,771920,1,1,1,1,2018-10-25,2018-10-25
-1406344,771922,2,2,2,2,2018-10-25,2018-09-28
-1406344,771923,2,2,2,1,2017-09-17,2017-02-24
-1406344,771929,2,1,1,2,2016-03-16,2016-03-16
-1406344,771938,1,1,1,0,2019-07-12,2019-07-12
-1406344,771955,1,1,1,0,2019-06-14,2019-06-14
-1406344,771956,1,1,1,0,2016-12-28,2016-12-28
-1406344,771971,1,1,1,0,2018-03-24,2018-03-24
-1406344,773922,1,1,1,1,2018-10-06,2018-10-06
-1406343,771918,1,1,1,1,2019-07-14,2019-07-14
-1406343,771919,1,1,1,1,2018-04-24,2018-04-24
-1406343,771920,1,1,1,1,2018-06-10,2018-06-10
-1406343,771925,1,1,1,1,2018-03-20,2018-03-20
-1406343,771927,1,1,1,1,2018-10-25,2018-10-25
-1406343,771929,2,2,2,2,2019-06-07,2018-07-09
-1406343,771931,1,1,1,1,2018-10-18,2018-10-18
-1406343,771946,1,1,1,0,2019-03-05,2019-03-05
-1406342,771346,1,1,1,0,2019-04-09,2019-04-09
-1406342,771918,1,1,1,1,2019-04-20,2019-04-20
-1406342,771919,2,2,2,2,2018-10-25,2018-07-25
-1406342,771922,1,1,1,1,2017-04-12,2017-04-12
-1406342,771925,1,1,1,1,2018-06-23,2018-06-23
-1406342,771926,1,1,1,1,2018-09-16,2018-09-16
-1406342,771938,1,1,1,1,2018-05-20,2018-05-20
-1406342,771946,1,1,1,0,2019-06-17,2019-06-17
-1406342,771953,1,1,1,0,2017-04-29,2017-04-29
-1406342,771974,1,1,1,1,2019-05-18,2019-05-18
-1406342,772146,1,1,1,1,2019-03-25,2019-03-25
-1406342,773608,1,1,1,0,2017-10-14,2017-10-14
-1406342,773611,1,1,1,0,2017-10-14,2017-10-14
-1406342,773624,1,1,1,0,2018-06-20,2018-06-20
-1406342,773764,1,1,1,0,2017-06-07,2017-06-07
-1406341,771919,1,1,1,1,2018-04-24,2018-04-24
-1406341,771924,2,2,2,1,2018-04-24,2017-11-16
-1406341,771926,1,1,1,1,2018-04-24,2018-04-24
-1406341,771927,1,1,1,1,2018-01-29,2018-01-29
-1406341,771929,1,1,1,1,2016-11-26,2016-11-26
-1406341,771931,1,1,1,1,2019-06-07,2019-06-07
-1406341,771932,3,2,3,2,2019-06-07,2018-04-24
-1406341,771937,1,1,1,1,2018-10-01,2018-10-01
-1406341,771938,1,1,1,1,2017-04-22,2017-04-22
-1406341,771946,1,1,1,0,2019-04-27,2019-04-27
-1406341,771955,1,1,1,0,2017-08-21,2017-08-21
-1406341,772212,1,1,1,1,2019-05-01,2019-05-01
-1406341,772570,1,1,1,0,2018-10-03,2018-10-03
-1406341,773604,1,1,1,0,2017-10-14,2017-10-14
-1406341,773615,1,1,1,1,2017-10-14,2017-10-14
-1406340,771335,1,1,1,0,2017-10-15,2017-10-15
-1406340,771687,1,1,1,1,2018-07-07,2018-07-07
-1406340,771898,1,1,1,1,2019-07-14,2019-07-14
-1406340,771917,1,1,1,1,2018-09-02,2018-09-02
-1406340,771919,1,1,1,1,2019-04-25,2019-04-25
-1406340,771920,1,1,1,1,2018-10-30,2018-10-30
-1406340,771921,1,1,1,1,2018-06-23,2018-06-23
-1406340,771924,2,2,2,2,2019-07-14,2019-03-05
-1406340,771927,2,2,1,2,2018-01-29,2018-01-29
-1406340,771931,1,1,1,0,2018-09-22,2018-09-22
-1406340,771934,1,1,1,1,2018-10-30,2018-10-30
-1406340,771935,1,1,1,1,2018-03-25,2018-03-25
-1406340,771948,1,1,1,0,2019-03-22,2019-03-22
-1406340,771950,1,1,1,0,2019-04-27,2019-04-27
-1406340,771979,1,1,1,0,2017-08-21,2017-08-21
-1406340,772494,1,1,1,0,2018-04-10,2018-04-10
-1406340,773149,1,1,1,1,2019-02-11,2019-02-11
-1406339,770423,1,1,1,0,2018-06-29,2018-06-29
-1406339,771688,1,1,1,1,2018-07-07,2018-07-07
-1406339,771690,1,1,1,1,2018-07-07,2018-07-07
-1406339,771881,1,1,1,0,2019-04-29,2019-04-29
-1406339,771903,1,1,1,1,2019-07-14,2019-07-14
-1406339,771916,2,2,2,1,2018-09-30,2017-10-28
-1406339,771920,2,2,2,2,2018-10-25,2018-03-18
-1406339,771922,1,1,1,1,2018-11-03,2018-11-03
-1406339,771924,1,1,1,1,2018-04-24,2018-04-24
-1406339,771926,1,1,1,1,2018-04-06,2018-04-06
-1406339,771927,1,1,1,1,2018-01-29,2018-01-29
-1406339,771929,1,1,1,1,2016-11-26,2016-11-26
-1406339,771932,1,1,1,0,2018-12-23,2018-12-23
-1406338,771906,1,1,1,0,2019-05-04,2019-05-04
-1406338,771918,2,2,2,2,2019-04-25,2018-02-09
-1406338,771922,1,1,1,0,2017-06-11,2017-06-11
-1406338,771926,34,20,2,34,2018-06-23,2018-01-29
-1406338,771928,1,1,1,1,2016-11-26,2016-11-26
-1406338,771937,1,1,1,1,2018-09-22,2018-09-22
-1406338,771983,1,1,1,0,2019-04-10,2019-04-10
-1406338,772607,1,1,1,1,2018-04-23,2018-04-23
-1406337,771919,2,2,2,2,2018-09-02,2018-02-20
-1406337,771920,1,1,1,1,2017-08-10,2017-08-10
-1406337,771921,1,1,1,1,2018-10-25,2018-10-25
-1406337,771922,1,1,1,1,2018-05-01,2018-05-01
-1406337,771923,1,1,1,1,2018-05-18,2018-05-18
-1406337,771925,2,2,2,1,2018-05-01,2017-11-20
-1406337,771927,4,4,4,4,2018-04-06,2018-03-03
-1406337,771932,1,1,1,1,2018-04-29,2018-04-29
-1406337,773755,1,1,1,0,2017-06-07,2017-06-07
-1406336,771349,1,1,1,0,2019-04-09,2019-04-09
-1406336,771918,2,1,1,2,2017-08-10,2017-08-10
-1406336,771919,2,2,1,2,2017-08-10,2017-08-10
-1406336,771920,1,1,1,1,2018-10-11,2018-10-11
-1406336,771922,1,1,1,1,2018-10-26,2018-10-26
-1406336,771923,23,22,3,23,2018-09-02,2018-03-03
-1406336,771924,2,2,2,2,2018-02-03,2017-11-04
-1406336,771925,1,1,1,1,2018-11-17,2018-11-17
-1406336,771927,1,1,1,1,2018-04-06,2018-04-06
-1406336,771934,1,1,1,1,2018-09-22,2018-09-22
-1406336,771937,1,1,1,1,2018-05-20,2018-05-20
-1406336,771944,1,1,1,0,2018-04-29,2018-04-29
-1406336,771959,1,1,1,1,2018-04-29,2018-04-29
-1406336,772903,2,2,1,0,2018-10-04,2018-10-04
-1406335,771681,1,1,1,0,2018-08-26,2018-08-26
-1406335,771915,1,1,1,1,2017-08-10,2017-08-10
-1406335,771916,1,1,1,1,2017-08-10,2017-08-10
-1406335,771920,1,1,1,1,2017-08-10,2017-08-10
-1406335,771921,1,1,1,1,2017-08-10,2017-08-10
-1406335,771926,1,1,1,1,2018-09-23,2018-09-23
-1406335,771930,1,1,1,1,2018-05-20,2018-05-20
-1406335,771931,1,1,1,1,2016-08-11,2016-08-11
-1406335,771932,1,1,1,1,2018-09-28,2018-09-28
-1406335,771941,1,1,1,1,2018-05-20,2018-05-20
-1406335,771952,1,1,1,1,2017-06-25,2017-06-25
-1406335,771955,1,1,1,0,2018-04-29,2018-04-29
-1406335,771957,1,1,1,1,2017-06-25,2017-06-25
-1406335,771980,1,1,1,1,2017-09-17,2017-09-17
-1406335,772335,1,1,1,0,2017-03-13,2017-03-13
-1406335,773934,1,1,1,1,2019-04-16,2019-04-16
-1406334,771919,1,1,1,1,2018-09-02,2018-09-02
-1406334,771925,1,1,1,1,2018-01-29,2018-01-29
-1406334,771929,1,1,1,1,2018-05-20,2018-05-20
-1406334,771930,1,1,1,1,2018-05-20,2018-05-20
-1406334,771938,1,1,1,1,2019-05-11,2019-05-11
-1406334,771954,2,1,2,2,2019-04-27,2018-10-27
-1406334,771956,1,1,1,1,2018-04-29,2018-04-29
-1406334,771957,1,1,1,1,2018-04-29,2018-04-29
-1406334,773884,1,1,1,0,2018-11-27,2018-11-27
-1406333,771901,1,1,1,1,2019-07-08,2019-07-08
-1406333,771917,1,1,1,0,2018-06-28,2018-06-28
-1406333,771919,1,1,1,1,2018-09-02,2018-09-02
-1406333,771923,1,1,1,1,2016-07-22,2016-07-22
-1406333,771930,1,1,1,1,2016-11-26,2016-11-26
-1406333,771935,1,1,1,0,2018-05-20,2018-05-20
-1406333,771955,2,2,2,2,2018-04-29,2018-04-29
-1406333,772004,1,1,1,0,2017-04-14,2017-04-14
-1406333,772142,1,1,1,0,2019-05-10,2019-05-10
-1406333,773747,1,1,1,0,2017-06-07,2017-06-07
-1406332,771683,1,1,1,0,2018-09-06,2018-09-06
-1406332,771893,1,1,1,1,2019-07-08,2019-07-08
-1406332,771900,1,1,1,0,2019-07-08,2019-07-08
-1406332,771919,1,1,1,1,2018-09-02,2018-09-02
-1406332,771920,1,1,1,1,2018-05-20,2018-05-20
-1406332,771924,1,1,1,1,2018-06-14,2018-06-14
-1406332,771932,1,1,1,1,2019-06-07,2019-06-07
-1406332,771935,2,2,1,1,2018-05-20,2018-05-20
-1406332,771937,1,1,1,0,2018-12-17,2018-12-17
-1406332,771992,1,1,1,1,2019-07-09,2019-07-09
-1406332,771993,1,1,1,0,2018-07-15,2018-07-15
-1406331,771922,2,2,2,2,2019-07-14,2019-02-06
-1406331,771933,1,1,1,0,2018-05-20,2018-05-20
-1406331,771954,1,1,1,1,2018-04-29,2018-04-29
-1406331,772144,1,1,1,1,2019-03-27,2019-03-27
-1406331,773216,1,1,1,0,2018-08-12,2018-08-12
-1406330,771934,1,1,1,1,2018-05-20,2018-05-20
-1406330,771935,1,1,1,1,2016-08-11,2016-08-11
-1406330,772043,1,1,1,0,2018-10-09,2018-10-09
-1406330,772213,1,1,1,0,2019-05-01,2019-05-01
-1406330,772498,1,1,1,1,2018-05-26,2018-05-26
-1406330,772607,1,1,1,0,2018-04-23,2018-04-23
-1406330,773735,1,1,1,0,2017-06-07,2017-06-07
-1406329,771348,1,1,1,0,2018-03-15,2018-03-15
-1406329,771350,1,1,1,0,2018-04-12,2018-04-12
-1406329,771932,2,2,2,1,2018-05-20,2017-08-23
-1406329,771934,1,1,1,0,2018-05-20,2018-05-20
-1406329,771999,1,1,1,0,2017-04-14,2017-04-14
-1406328,771343,1,1,1,0,2017-10-15,2017-10-15
-1406328,771348,1,1,1,0,2019-04-10,2019-04-10
-1406328,771350,1,1,1,0,2019-04-09,2019-04-09
-1406328,771512,2,2,1,1,2018-09-08,2018-09-08
-1406328,771927,1,1,1,1,2019-06-07,2019-06-07
-1406328,771935,1,1,1,1,2017-03-03,2017-03-03
-1406327,772212,1,1,1,0,2019-05-01,2019-05-01
-1406326,771352,1,1,1,0,2019-04-10,2019-04-10
-1406326,771918,1,1,1,1,2018-04-13,2018-04-13
-1406326,771935,1,1,1,1,2019-03-10,2019-03-10
-1406326,771973,1,1,1,0,2016-01-25,2016-01-25
-1406326,772502,1,1,1,0,2018-05-20,2018-05-20
-1406325,771345,2,2,1,0,2017-05-19,2017-05-19
-1406325,771347,2,1,1,0,2017-09-21,2017-09-21
-1406325,771348,1,1,1,0,2016-04-18,2016-04-18
-1406325,771349,2,2,2,0,2019-04-09,2018-06-30
-1406325,771351,3,3,1,0,2019-04-10,2019-04-10
-1406325,771352,1,1,1,0,2019-04-10,2019-04-10
-1406325,773428,1,1,1,1,2018-06-11,2018-06-11
-1406324,771352,1,1,1,0,2019-04-10,2019-04-10
-1406324,771952,2,1,2,2,2018-04-29,2018-04-29
-1406324,772606,1,1,1,0,2018-04-23,2018-04-23
-1406324,772627,1,1,1,1,2018-07-28,2018-07-28
-1406323,771350,1,1,1,0,2019-04-10,2019-04-10
-1406323,771949,1,1,1,1,2018-04-29,2018-04-29
-1406323,771952,2,1,2,2,2019-04-27,2018-10-27
-1406323,771953,1,1,1,1,2018-04-29,2018-04-29
-1406323,772520,1,1,1,1,2018-05-20,2018-05-20
-1406323,772521,1,1,1,0,2018-05-20,2018-05-20
-1406323,772737,1,1,1,0,2018-07-13,2018-07-13
-1406323,773186,1,1,1,1,2017-10-28,2017-10-28
-1406322,771909,1,1,1,1,2019-06-03,2019-06-03
-1406322,771931,1,1,1,1,2018-04-02,2018-04-02
-1406322,771953,2,2,1,1,2018-04-29,2018-04-29
-1406322,772510,1,1,1,0,2018-05-20,2018-05-20
-1406322,772524,1,1,1,0,2019-01-27,2019-01-27
-1406322,772915,1,1,1,0,2018-10-02,2018-10-02
-1406322,773205,1,1,1,1,2018-03-31,2018-03-31
-1406321,771913,1,1,1,1,2016-11-12,2016-11-12
-1406321,772169,1,1,1,0,2017-07-20,2017-07-20
-1406321,773713,1,1,1,0,2017-06-07,2017-06-07
-1406320,771562,1,1,1,0,2018-04-13,2018-04-13
-1406320,771930,1,1,1,1,2018-03-30,2018-03-30
-1406320,772399,1,1,1,1,2018-04-28,2018-04-28
-1406320,773710,1,1,1,0,2017-06-07,2017-06-07
-1406319,772117,2,2,1,2,2019-04-18,2019-04-11
-1406319,772131,1,1,1,1,2019-04-04,2019-04-04
-1406319,773918,1,1,1,1,2018-09-11,2018-09-11
-1406318,771939,1,1,1,1,2016-11-12,2016-11-12
-1406318,771945,2,2,2,1,2018-04-29,2018-04-29
-1406318,771946,2,1,2,2,2018-04-29,2018-04-29
-1406318,771980,1,1,1,1,2019-06-06,2019-06-06
-1406318,772012,1,1,1,0,2017-02-18,2017-02-18
-1406318,772047,1,1,1,0,2019-04-29,2019-04-29
-1406318,772114,1,1,1,1,2019-03-19,2019-03-19
-1406318,772133,1,1,1,1,2019-03-28,2019-03-28
-1406318,773084,1,1,1,0,2018-03-26,2018-03-26
-1406318,773919,1,1,1,1,2019-04-16,2019-04-16
-1406317,771923,1,1,1,1,2016-11-12,2016-11-12
-1406317,771927,1,1,1,1,2016-11-12,2016-11-12
-1406317,771936,1,1,1,1,2019-05-04,2019-05-04
-1406317,771939,1,1,1,1,2018-04-29,2018-04-29
-1406317,771945,1,1,1,0,2018-04-29,2018-04-29
-1406317,771946,1,1,1,1,2019-04-27,2019-04-27
-1406316,771940,1,1,1,1,2018-04-29,2018-04-29
-1406316,771942,1,1,1,1,2018-04-29,2018-04-29
-1406316,771946,1,1,1,1,2018-04-29,2018-04-29
-1406316,772113,1,1,1,1,2019-03-25,2019-03-25
-1406316,773639,1,1,1,0,2016-05-24,2016-05-24
-1406316,773699,1,1,1,0,2017-06-07,2017-06-07
-1406315,771942,1,1,1,1,2018-04-29,2018-04-29
-1406315,771943,3,1,2,3,2018-04-29,2018-04-29
-1406315,771944,1,1,1,1,2018-04-29,2018-04-29
-1406314,771941,1,1,1,1,2018-04-29,2018-04-29
-1406314,771942,3,1,2,3,2019-04-27,2018-04-29
-1406314,771943,1,1,1,1,2019-04-27,2019-04-27
-1406314,773878,1,1,1,0,2018-11-27,2018-11-27
-1406312,771359,1,1,1,0,2019-03-07,2019-03-07
-1406311,771869,1,1,1,0,2018-05-16,2018-05-16
-1406311,773694,1,1,1,0,2017-06-07,2017-06-07
-1406311,773883,1,1,1,1,2018-11-27,2018-11-27
-1406310,771359,1,1,1,0,2019-04-09,2019-04-09
-1406310,771915,1,1,1,1,2018-04-29,2018-04-29
-1406310,771934,1,1,1,1,2018-04-29,2018-04-29
-1406310,771935,2,1,2,2,2018-04-29,2018-04-29
-1406310,771942,1,1,1,1,2018-04-29,2018-04-29
-1406310,772034,1,1,1,0,2017-04-14,2017-04-14
-1406310,772036,1,1,1,0,2017-04-14,2017-04-14
-1406310,772166,1,1,1,1,2019-06-10,2019-06-10
-1406309,771934,1,1,1,1,2018-04-29,2018-04-29
-1406309,772028,1,1,1,0,2018-05-01,2018-05-01
-1406308,771363,1,1,1,0,2019-04-09,2019-04-09
-1406308,772169,1,1,1,0,2019-02-24,2019-02-24
-1406307,771379,1,1,1,0,2019-04-28,2019-04-28
-1406307,771928,1,1,1,1,2018-05-06,2018-05-06
-1406307,772589,1,1,1,0,2018-06-04,2018-06-04
-1406307,773898,1,1,1,0,2016-04-08,2016-04-08
-1406306,771931,1,1,1,1,2018-04-29,2018-04-29
-1406306,772034,1,1,1,1,2018-05-20,2018-05-20
-1406305,771997,1,1,1,1,2018-04-29,2018-04-29
-1406305,772007,1,1,1,0,2018-05-18,2018-05-18
-1406305,772029,1,1,1,1,2018-05-01,2018-05-01
-1406305,772637,1,1,1,1,2018-12-28,2018-12-28
-1406304,771935,3,2,2,3,2018-04-29,2018-04-29
-1406304,771937,1,1,1,1,2018-04-29,2018-04-29
-1406304,772061,1,1,1,0,2019-04-10,2019-04-10
-1406304,772634,1,1,1,1,2018-12-28,2018-12-28
-1406304,773899,1,1,1,1,2019-04-16,2019-04-16
-1406303,771374,1,1,1,0,2019-04-28,2019-04-28
-1406303,771932,1,1,1,1,2018-04-29,2018-04-29
-1406303,772049,1,1,1,1,2018-05-20,2018-05-20
-1406303,773885,1,1,1,0,2018-11-27,2018-11-27
-1406302,771375,1,1,1,0,2019-04-28,2019-04-28
-1406302,771938,1,1,1,1,2018-04-29,2018-04-29
-1406302,772935,1,1,1,0,2018-10-02,2018-10-02
-1406302,773333,1,1,1,0,2018-08-25,2018-08-25
-1406301,771916,1,1,1,0,2019-06-11,2019-06-11
-1406301,771934,1,1,1,1,2018-04-29,2018-04-29
-1406301,771938,1,1,1,1,2019-04-27,2019-04-27
-1406301,771999,1,1,1,1,2019-03-30,2019-03-30
-1406301,772619,1,1,1,0,2018-05-20,2018-05-20
-1406301,772629,1,1,1,1,2018-12-28,2018-12-28
-1406300,772003,1,1,1,1,2019-05-02,2019-05-02
-1406300,772500,1,1,1,0,2019-04-23,2019-04-23
-1406300,773898,1,1,1,1,2019-03-12,2019-03-12
-1406299,771938,1,1,1,1,2018-04-29,2018-04-29
-1406299,771941,1,1,1,1,2019-04-27,2019-04-27
-1406298,771172,1,1,1,1,2016-09-23,2016-09-23
-1406298,771387,1,1,1,0,2019-04-28,2019-04-28
-1406298,771928,1,1,1,1,2018-04-29,2018-04-29
-1406298,771932,1,1,1,1,2018-04-29,2018-04-29
-1406298,772938,1,1,1,0,2018-10-02,2018-10-02
-1406298,773883,1,1,1,1,2018-11-27,2018-11-27
-1406298,773897,1,1,1,1,2019-04-13,2019-04-13
-1406298,773898,1,1,1,1,2019-03-31,2019-03-31
-1406297,771386,1,1,1,0,2019-04-28,2019-04-28
-1406297,771928,1,1,1,1,2018-04-29,2018-04-29
-1406297,771938,1,1,1,1,2018-04-11,2018-04-11
-1406297,771942,2,2,2,2,2018-04-29,2018-04-29
-1406297,771943,1,1,1,1,2018-04-29,2018-04-29
-1406297,771991,1,1,1,1,2019-04-06,2019-04-06
-1406297,771999,1,1,1,1,2019-06-09,2019-06-09
-1406296,771926,1,1,1,1,2018-04-29,2018-04-29
-1406296,771927,1,1,1,1,2018-04-29,2018-04-29
-1406296,771929,1,1,1,1,2018-04-29,2018-04-29
-1406296,771931,1,1,1,1,2018-06-14,2018-06-14
-1406296,771941,1,1,1,1,2018-04-29,2018-04-29
-1406296,771942,1,1,1,1,2018-04-29,2018-04-29
-1406296,771944,1,1,1,1,2018-04-29,2018-04-29
-1406296,771999,1,1,1,0,2018-04-24,2018-04-24
-1406296,772002,1,1,1,1,2018-04-29,2018-04-29
-1406296,772145,1,1,1,1,2019-03-27,2019-03-27
-1406295,771932,1,1,1,1,2018-04-29,2018-04-29
-1406295,771939,1,1,1,1,2019-04-27,2019-04-27
-1406295,772002,1,1,1,0,2019-04-26,2019-04-26
-1406295,772073,1,1,1,0,2018-04-08,2018-04-08
-1406295,772632,1,1,1,0,2019-06-22,2019-06-22
-1406295,773667,1,1,1,0,2017-06-07,2017-06-07
-1406294,771926,1,1,1,1,2018-04-29,2018-04-29
-1406294,772001,1,1,1,1,2018-04-29,2018-04-29
-1406294,772002,1,1,1,1,2018-05-17,2018-05-17
-1406294,772069,2,2,1,0,2019-07-10,2019-06-04
-1406294,772607,1,1,1,1,2018-04-23,2018-04-23
-1406293,771355,1,1,1,0,2017-10-15,2017-10-15
-1406293,771924,1,1,1,1,2017-03-03,2017-03-03
-1406293,771925,2,1,2,2,2018-04-29,2018-04-29
-1406293,771926,1,1,1,1,2018-04-29,2018-04-29
-1406293,772068,1,1,1,0,2019-07-10,2019-07-10
-1406293,772167,1,1,1,0,2017-06-21,2017-06-21
-1406292,771923,1,1,1,1,2019-03-29,2019-03-29
-1406292,771925,1,1,1,1,2018-04-29,2018-04-29
-1406292,771926,1,1,1,1,2018-04-29,2018-04-29
-1406292,771940,1,1,1,1,2018-04-29,2018-04-29
-1406292,771998,1,1,1,1,2019-03-30,2019-03-30
-1406292,772107,1,1,1,1,2019-03-28,2019-03-28
-1406292,773577,1,1,1,1,2016-06-09,2016-06-09
-1406291,771925,1,1,1,1,2018-04-29,2018-04-29
-1406291,771928,1,1,1,1,2018-04-29,2018-04-29
-1406291,771957,1,1,1,1,2017-06-25,2017-06-25
-1406290,771403,1,1,1,0,2019-04-16,2019-04-16
-1406290,771925,1,1,1,1,2018-04-29,2018-04-29
-1406289,769880,1,1,1,1,2016-05-20,2016-05-20
-1406289,771720,1,1,1,0,2017-04-15,2017-04-15
-1406289,772141,1,1,1,0,2017-10-19,2017-10-19
-1406289,772281,1,1,1,0,2016-05-26,2016-05-26
-1406289,773173,1,1,1,0,2018-11-03,2018-11-03
-1406288,772076,1,1,1,1,2018-06-11,2018-06-11
-1406288,772077,1,1,1,0,2018-05-20,2018-05-20
-1406288,772148,1,1,1,1,2019-05-06,2019-05-06
-1406288,772617,1,1,1,1,2019-03-23,2019-03-23
-1406287,771406,1,1,1,0,2019-04-28,2019-04-28
-1406287,771922,1,1,1,1,2018-04-29,2018-04-29
-1406287,772144,1,1,1,1,2019-03-25,2019-03-25
-1406286,770780,1,1,1,0,2018-10-12,2018-10-12
-1406286,771914,1,1,1,1,2017-09-24,2017-09-24
-1406286,771922,1,1,1,1,2018-04-29,2018-04-29
-1406286,772067,1,1,1,0,2017-04-14,2017-04-14
-1406285,771921,1,1,1,1,2018-04-29,2018-04-29
-1406285,771924,1,1,1,1,2018-04-29,2018-04-29
-1406285,772086,1,1,1,0,2017-08-08,2017-08-08
-1406284,771917,1,1,1,1,2018-04-29,2018-04-29
-1406284,771926,1,1,1,1,2018-04-29,2018-04-29
-1406284,772068,1,1,1,0,2017-04-14,2017-04-14
-1406284,772080,1,1,1,0,2019-04-10,2019-04-10
-1406283,771910,1,1,1,1,2018-05-28,2018-05-28
-1406283,771922,1,1,1,1,2018-04-29,2018-04-29
-1406283,771925,1,1,1,1,2019-04-27,2019-04-27
-1406283,771937,1,1,1,1,2018-04-29,2018-04-29
-1406282,771920,1,1,1,1,2018-04-29,2018-04-29
-1406282,771922,1,1,1,1,2018-04-29,2018-04-29
-1406282,772031,1,1,1,1,2018-05-03,2018-05-03
-1406282,772042,1,1,1,0,2017-02-18,2017-02-18
-1406282,773880,1,1,1,0,2018-11-03,2018-11-03
-1406281,771910,1,1,1,0,2017-09-24,2017-09-24
-1406281,771922,2,2,2,2,2019-05-04,2018-10-31
-1406281,771924,1,1,1,1,2018-04-29,2018-04-29
-1406281,772623,1,1,1,0,2018-04-26,2018-04-26
-1406280,772621,1,1,1,1,2018-04-27,2018-04-27
-1406280,773642,1,1,1,0,2017-06-07,2017-06-07
-1406279,772142,1,1,1,1,2019-04-15,2019-04-15
-1406279,772689,1,1,1,1,2019-06-07,2019-06-07
-1406279,773497,1,1,1,0,2019-04-27,2019-04-27
-1406278,772006,1,1,1,0,2018-06-29,2018-06-29
-1406278,772152,2,2,1,0,2017-06-21,2017-06-21
-1406278,773822,1,1,1,0,2017-07-08,2017-07-08
-1406277,770946,1,1,1,1,2016-05-07,2016-05-07
-1406277,772082,1,1,1,1,2019-04-01,2019-04-01
-1406277,772143,1,1,1,0,2017-10-19,2017-10-19
-1406276,769902,1,1,1,0,2016-06-15,2016-06-15
-1406276,770349,1,1,1,0,2016-06-23,2016-06-23
-1406276,771928,1,1,1,1,2019-04-27,2019-04-27
-1406276,772007,1,1,1,1,2018-05-22,2018-05-22
-1406276,773526,1,1,1,1,2019-04-28,2019-04-28
-1406276,773636,1,1,1,0,2017-06-07,2017-06-07
-1406275,771571,1,1,1,0,2017-09-05,2017-09-05
-1406275,771908,1,1,1,0,2018-11-13,2018-11-13
-1406275,771923,1,1,1,1,2018-06-14,2018-06-14
-1406275,771924,1,1,1,1,2018-04-29,2018-04-29
-1406275,771927,1,1,1,1,2018-04-29,2018-04-29
-1406275,772003,1,1,1,0,2016-10-20,2016-10-20
-1406275,772533,1,1,1,0,2018-05-13,2018-05-13
-1406275,773508,1,1,1,0,2019-04-27,2019-04-27
-1406275,773509,1,1,1,0,2019-04-27,2019-04-27
-1406274,771574,1,1,1,1,2019-05-31,2019-05-31
-1406274,772048,1,1,1,1,2018-05-01,2018-05-01
-1406274,772247,1,1,1,0,2019-04-24,2019-04-24
-1406274,772264,1,1,1,0,2018-11-03,2018-11-03
-1406274,773507,1,1,1,1,2019-04-27,2019-04-27
-1406274,773637,1,1,1,0,2019-04-27,2019-04-27
-1406273,772006,1,1,1,0,2018-06-29,2018-06-29
-1406273,772326,1,1,1,0,2017-06-05,2017-06-05
-1406273,773860,1,1,1,1,2019-03-11,2019-03-11
-1406273,773861,1,1,1,1,2019-02-13,2019-02-13
-1406272,772327,1,1,1,1,2019-05-11,2019-05-11
-1406272,773621,1,1,1,0,2019-05-01,2019-05-01
-1406272,773625,1,1,1,0,2019-05-08,2019-05-08
-1406272,773631,1,1,1,0,2016-08-25,2016-08-25
-1406272,773857,2,2,1,0,2019-04-15,2019-04-15
-1406271,772298,1,1,1,0,2017-06-05,2017-06-05
-1406271,772402,1,1,1,0,2017-06-21,2017-06-21
-1406271,772504,1,1,1,0,2017-06-21,2017-06-21
-1406271,772819,1,1,1,0,2018-01-07,2018-01-07
-1406271,773619,1,1,1,0,2019-05-14,2019-05-14
-1406271,773859,1,1,1,1,2019-02-13,2019-02-13
-1406270,772023,1,1,1,0,2019-06-04,2019-06-04
-1406270,772469,2,2,1,0,2017-06-21,2017-06-13
-1406270,772525,1,1,1,0,2018-02-26,2018-02-26
-1406270,773618,1,1,1,0,2017-06-07,2017-06-07
-1406270,773859,1,1,1,1,2018-09-16,2018-09-16
-1406269,772005,1,1,1,1,2018-05-02,2018-05-02
-1406269,773858,2,2,1,2,2019-04-30,2019-03-22
-1406269,773860,3,3,1,3,2019-04-30,2019-02-13
-1406269,773861,1,1,1,1,2019-04-30,2019-04-30
-1406268,771921,1,1,1,1,2018-04-29,2018-04-29
-1406268,772004,1,1,1,1,2018-04-29,2018-04-29
-1406268,772131,1,1,1,1,2019-03-20,2019-03-20
-1406268,772137,1,1,1,0,2017-06-05,2017-06-05
-1406268,772498,1,1,1,0,2017-06-05,2017-06-05
-1406268,772546,1,1,1,0,2017-06-05,2017-06-05
-1406268,773859,1,1,1,0,2018-09-06,2018-09-06
-1406268,773861,1,1,1,0,2018-09-13,2018-09-13
-1406268,773862,1,1,1,1,2019-04-15,2019-04-15
-1406267,772006,1,1,1,1,2018-05-22,2018-05-22
-1406267,772450,1,1,1,0,2017-06-21,2017-06-21
-1406267,773602,1,1,1,0,2017-06-07,2017-06-07
-1406267,773627,1,1,1,0,2019-05-04,2019-05-04
-1406267,773860,1,1,1,1,2019-04-30,2019-04-30
-1406267,773863,1,1,1,1,2019-05-21,2019-05-21
-1406266,771893,1,1,1,1,2018-10-01,2018-10-01
-1406266,771925,2,1,2,2,2018-04-29,2018-04-29
-1406266,771926,1,1,1,1,2018-04-29,2018-04-29
-1406266,771929,1,1,1,1,2018-03-30,2018-03-30
-1406266,772038,2,2,1,0,2017-08-17,2017-08-17
-1406266,772040,2,2,1,0,2017-08-17,2017-08-17
-1406266,772315,1,1,1,0,2018-06-13,2018-06-13
-1406266,772434,1,1,1,0,2017-06-05,2017-06-05
-1406266,772585,1,1,1,0,2017-06-05,2017-06-05
-1406266,773611,1,1,1,0,2019-04-22,2019-04-22
-1406265,771895,1,1,1,1,2018-10-01,2018-10-01
-1406265,772786,1,1,1,1,2018-06-04,2018-06-04
-1406265,773860,1,1,1,1,2019-03-11,2019-03-11
-1406264,771930,1,1,1,1,2018-03-30,2018-03-30
-1406264,772037,1,1,1,0,2017-08-17,2017-08-17
-1406264,772038,1,1,1,1,2017-08-17,2017-08-17
-1406264,773592,1,1,1,0,2017-06-07,2017-06-07
-1406262,772034,1,1,1,0,2017-08-17,2017-08-17
-1406262,772038,2,2,1,0,2017-08-17,2017-08-17
-1406262,772039,1,1,1,0,2017-08-17,2017-08-17
-1406262,772092,1,1,1,0,2019-03-24,2019-03-24
-1406262,772569,1,1,1,1,2018-05-05,2018-05-05
-1406262,773452,1,1,1,1,2019-04-27,2019-04-27
-1406261,772116,1,1,1,0,2019-03-24,2019-03-24
-1406261,772932,1,1,1,0,2018-10-04,2018-10-04
-1406261,773451,1,1,1,1,2019-04-27,2019-04-27
-1406260,771906,1,1,1,1,2016-05-12,2016-05-12
-1406260,772115,1,1,1,0,2019-03-24,2019-03-24
-1406260,772143,1,1,1,0,2017-06-21,2017-06-21
-1406259,770678,1,1,1,1,2017-11-11,2017-11-11
-1406258,771561,2,2,2,0,2019-07-04,2019-02-10
-1406258,772039,1,1,1,0,2017-09-05,2017-09-05
-1406258,773202,1,1,1,0,2019-06-12,2019-06-12
-1406258,773552,1,1,1,0,2017-06-05,2017-06-05
-1406257,772073,1,1,1,1,2017-10-24,2017-10-24
-1406257,772147,1,1,1,1,2019-03-21,2019-03-21
-1406257,772148,1,1,1,1,2019-04-05,2019-04-05
-1406256,771534,1,1,1,1,2018-04-07,2018-04-07
-1406256,772088,1,1,1,0,2018-09-13,2018-09-13
-1406256,772327,1,1,1,1,2019-05-11,2019-05-11
-1406255,772088,1,1,1,0,2018-04-09,2018-04-09
-1406254,772028,1,1,1,0,2017-08-23,2017-08-23
-1406254,772031,1,1,1,0,2017-08-23,2017-08-23
-1406254,772088,1,1,1,0,2019-03-24,2019-03-24
-1406254,772611,1,1,1,0,2019-07-08,2019-07-08
-1406253,771929,1,1,1,0,2017-09-05,2017-09-05
-1406253,772031,1,1,1,0,2017-08-23,2017-08-23
-1406253,772092,1,1,1,1,2019-05-24,2019-05-24
-1406253,772140,1,1,1,0,2017-07-20,2017-07-20
-1406253,772141,1,1,1,0,2017-06-21,2017-06-21
-1406253,772292,1,1,1,0,2018-09-17,2018-09-17
-1406252,771559,1,1,1,0,2019-05-24,2019-05-24
-1406252,772089,1,1,1,0,2018-07-27,2018-07-27
-1406252,772103,1,1,1,0,2019-04-29,2019-04-29
-1406252,772123,1,1,1,0,2018-01-12,2018-01-12
-1406252,773561,1,1,1,0,2017-06-07,2017-06-07
-1406252,773639,1,1,1,1,2019-06-07,2019-06-07
-1406250,772031,1,1,1,0,2017-08-17,2017-08-17
-1406250,773292,1,1,1,0,2017-06-05,2017-06-05
-1406249,773638,2,2,1,0,2019-04-26,2019-04-26
-1406248,773638,2,2,1,0,2019-04-26,2019-04-26
-1406247,772145,1,1,1,0,2018-11-04,2018-11-04
-1406247,773460,1,1,1,0,2019-04-29,2019-04-29
-1406247,773548,1,1,1,0,2017-06-07,2017-06-07
-1406246,772118,1,1,1,1,2018-10-10,2018-10-10
-1406246,772145,1,1,1,1,2018-11-04,2018-11-04
-1406246,772544,2,2,1,0,2017-04-16,2017-04-16
-1406246,772545,1,1,1,0,2017-04-16,2017-04-16
-1406246,772558,1,1,1,0,2018-05-05,2018-05-05
-1406246,772933,1,1,1,0,2018-10-02,2018-10-02
-1406246,773637,1,1,1,0,2019-04-26,2019-04-26
-1406245,771952,1,1,1,0,2019-06-04,2019-06-04
-1406245,772033,1,1,1,1,2016-06-10,2016-06-10
-1406245,772264,1,1,1,0,2019-04-24,2019-04-24
-1406245,772542,1,1,1,0,2018-05-05,2018-05-05
-1406245,772544,1,1,1,1,2017-04-16,2017-04-16
-1406245,773631,1,1,1,1,2018-06-10,2018-06-10
-1406244,772634,1,1,1,0,2017-04-01,2017-04-01
-1406244,773408,1,1,1,0,2017-12-01,2017-12-01
-1406244,773457,1,1,1,0,2017-06-07,2017-06-07
-1406244,773634,1,1,1,0,2018-09-17,2018-09-17
-1406243,771915,1,1,1,1,2018-08-24,2018-08-24
-1406243,771977,1,1,1,1,2018-04-29,2018-04-29
-1406243,772031,1,1,1,1,2017-08-17,2017-08-17
-1406243,772039,1,1,1,1,2019-04-13,2019-04-13
-1406243,772056,1,1,1,1,2016-03-26,2016-03-26
-1406243,772543,1,1,1,0,2018-05-05,2018-05-05
-1406243,773623,1,1,1,0,2018-09-26,2018-09-26
-1406242,772062,1,1,1,0,2017-09-05,2017-09-05
-1406242,773638,1,1,1,0,2019-04-26,2019-04-26
-1406242,773640,1,1,1,0,2019-05-20,2019-05-20
-1406241,771914,1,1,1,1,2017-03-03,2017-03-03
-1406241,772047,1,1,1,0,2019-03-24,2019-03-24
-1406241,772087,1,1,1,0,2019-05-24,2019-05-24
-1406241,772110,1,1,1,0,2019-04-29,2019-04-29
-1406240,771930,1,1,1,1,2018-04-29,2018-04-29
-1406240,771974,1,1,1,1,2018-04-29,2018-04-29
-1406240,772068,1,1,1,0,2017-09-05,2017-09-05
-1406240,772074,1,1,1,0,2017-09-05,2017-09-05
-1406240,772545,1,1,1,0,2017-04-16,2017-04-16
-1406239,770800,1,1,1,0,2017-11-12,2017-11-12
-1406239,771573,1,1,1,0,2019-04-03,2019-04-03
-1406239,771928,1,1,1,1,2018-04-29,2018-04-29
-1406239,772085,1,1,1,1,2019-05-24,2019-05-24
-1406239,772545,1,1,1,0,2017-04-16,2017-04-16
-1406239,772606,1,1,1,0,2018-04-23,2018-04-23
-1406239,773396,1,1,1,0,2017-12-01,2017-12-01
-1406239,773517,1,1,1,0,2017-06-07,2017-06-07
-1406238,771926,1,1,1,1,2018-04-29,2018-04-29
-1406238,771932,1,1,1,1,2018-04-29,2018-04-29
-1406238,773610,1,1,1,0,2019-05-15,2019-05-15
-1406238,773612,1,1,1,0,2019-05-15,2019-05-15
-1406237,771491,1,1,1,0,2019-04-16,2019-04-16
-1406237,771979,1,1,1,1,2018-03-15,2018-03-15
-1406237,772127,1,1,1,0,2019-04-29,2019-04-29
-1406237,772540,1,1,1,0,2017-04-16,2017-04-16
-1406237,773637,1,1,1,0,2019-04-26,2019-04-26
-1406237,773638,1,1,1,0,2019-04-26,2019-04-26
-1406236,771937,1,1,1,0,2018-04-29,2018-04-29
-1406236,772097,1,1,1,0,2019-03-24,2019-03-24
-1406236,772123,2,1,1,0,2019-04-29,2019-04-29
-1406236,772539,1,1,1,0,2017-04-16,2017-04-16
-1406236,773483,1,1,1,0,2017-06-07,2017-06-07
-1406236,773631,1,1,1,0,2018-09-18,2018-09-18
-1406236,773635,1,1,1,0,2018-10-09,2018-10-09
-1406235,770279,1,1,1,0,2016-10-06,2016-10-06
-1406235,770800,1,1,1,0,2017-11-12,2017-11-12
-1406235,771499,1,1,1,0,2018-08-04,2018-08-04
-1406235,771954,2,1,2,2,2018-04-29,2018-04-29
-1406235,771979,1,1,1,1,2018-04-29,2018-04-29
-1406235,772106,1,1,1,0,2019-03-24,2019-03-24
-1406235,772127,1,1,1,0,2019-04-29,2019-04-29
-1406235,772536,2,2,1,0,2017-04-16,2017-04-16
-1406235,772538,1,1,1,0,2017-04-16,2017-04-16
-1406235,773501,1,1,1,0,2017-06-07,2017-06-07
-1406234,771916,1,1,1,0,2017-03-03,2017-03-03
-1406234,771965,1,1,1,0,2016-08-17,2016-08-17
-1406234,772537,1,1,1,0,2017-04-16,2017-04-16
-1406234,772539,1,1,1,0,2018-04-23,2018-04-23
-1406234,773533,1,1,1,0,2019-04-23,2019-04-23
-1406234,773643,1,1,1,0,2018-01-22,2018-01-22
-1406233,772536,1,1,1,0,2017-04-16,2017-04-16
-1406233,772537,1,1,1,0,2017-04-16,2017-04-16
-1406233,773395,2,2,1,0,2018-11-18,2018-11-18
-1406232,771495,1,1,1,0,2017-07-15,2017-07-15
-1406232,772068,1,1,1,0,2019-03-24,2019-03-24
-1406232,773395,1,1,1,0,2018-11-18,2018-11-18
-1406232,773418,1,1,1,0,2018-04-29,2018-04-29
-1406232,773432,1,1,1,0,2017-06-07,2017-06-07
-1406232,773639,1,1,1,0,2019-04-26,2019-04-26
-1406232,773640,1,1,1,0,2019-04-26,2019-04-26
-1406232,773643,1,1,1,0,2019-04-27,2019-04-27
-1406232,773645,1,1,1,0,2019-07-14,2019-07-14
-1406232,773647,1,1,1,0,2019-04-27,2019-04-27
-1406231,771915,1,1,1,0,2017-04-22,2017-04-22
-1406231,772126,1,1,1,0,2017-07-20,2017-07-20
-1406231,772537,2,2,1,1,2017-04-16,2017-04-16
-1406231,773638,1,1,1,0,2019-04-27,2019-04-27
-1406231,773639,1,1,1,0,2019-04-27,2019-04-27
-1406231,773646,1,1,1,0,2016-09-06,2016-09-06
-1406231,773647,1,1,1,0,2019-04-27,2019-04-27
-1406230,771561,1,1,1,0,2019-04-18,2019-04-18
-1406230,771977,1,1,1,1,2018-04-29,2018-04-29
-1406230,772009,1,1,1,0,2019-03-24,2019-03-24
-1406230,772090,1,1,1,1,2018-04-12,2018-04-12
-1406230,772127,5,4,1,0,2017-04-14,2017-04-14
-1406230,772537,2,2,1,0,2017-04-16,2017-04-16
-1406230,773633,1,1,1,0,2019-04-26,2019-04-26
-1406229,771934,1,1,1,1,2018-03-15,2018-03-15
-1406229,771952,1,1,1,1,2018-04-29,2018-04-29
-1406229,772537,2,2,1,0,2017-04-16,2017-04-16
-1406229,773401,1,1,1,0,2018-04-29,2018-04-29
-1406228,771547,1,1,1,0,2019-04-28,2019-04-28
-1406228,771981,1,1,1,1,2018-04-29,2018-04-29
-1406228,772537,1,1,1,0,2017-04-16,2017-04-16
-1406228,773433,1,1,1,0,2017-06-07,2017-06-07
-1406227,771546,1,1,1,0,2019-06-15,2019-06-15
-1406227,771915,1,1,1,1,2018-11-01,2018-11-01
-1406227,771921,1,1,1,0,2018-07-04,2018-07-04
-1406227,772071,1,1,1,0,2018-05-06,2018-05-06
-1406227,772086,1,1,1,1,2019-05-24,2019-05-24
-1406227,772088,1,1,1,0,2017-09-05,2017-09-05
-1406227,772538,1,1,1,0,2017-04-16,2017-04-16
-1406227,773393,1,1,1,0,2018-04-29,2018-04-29
-1406227,773631,1,1,1,0,2019-04-26,2019-04-26
-1406226,771262,1,1,1,1,2017-06-25,2017-06-25
-1406226,771986,1,1,1,1,2018-04-29,2018-04-29
-1406226,772547,1,1,1,1,2016-05-19,2016-05-19
-1406226,773504,1,1,1,0,2019-05-03,2019-05-03
-1406226,773628,1,1,1,0,2019-04-26,2019-04-26
-1406226,773630,1,1,1,0,2019-04-26,2019-04-26
-1406225,770841,1,1,1,0,2017-11-12,2017-11-12
-1406225,773393,1,1,1,0,2018-04-29,2018-04-29
-1406225,773627,1,1,1,0,2019-04-26,2019-04-26
-1406225,773629,1,1,1,0,2019-04-26,2019-04-26
-1406224,771526,1,1,1,1,2018-10-06,2018-10-06
-1406224,771915,1,1,1,0,2017-04-22,2017-04-22
-1406224,771984,1,1,1,1,2018-04-29,2018-04-29
-1406224,772225,1,1,1,0,2018-10-03,2018-10-03
-1406224,773628,4,4,1,0,2019-04-26,2019-04-26
-1406224,773632,1,1,1,0,2019-04-26,2019-04-26
-1406223,771525,1,1,1,1,2019-06-13,2019-06-13
-1406223,771990,1,1,1,1,2018-04-29,2018-04-29
-1406223,772067,1,1,1,0,2018-05-06,2018-05-06
-1406223,772335,1,1,1,1,2018-06-13,2018-06-13
-1406223,773398,1,1,1,0,2017-04-16,2017-04-16
-1406223,773415,1,1,1,0,2017-02-26,2017-02-26
-1406222,771961,1,1,1,0,2016-11-25,2016-11-25
-1406222,771989,1,1,1,1,2018-04-29,2018-04-29
-1406222,772068,1,1,1,0,2018-05-06,2018-05-06
-1406222,772079,1,1,1,0,2019-03-24,2019-03-24
-1406222,772092,1,1,1,0,2019-05-24,2019-05-24
-1406222,772123,1,1,1,0,2017-07-20,2017-07-20
-1406222,772341,1,1,1,1,2016-05-20,2016-05-20
-1406222,773399,2,1,2,0,2019-04-29,2019-03-01
-1406222,773401,2,2,1,0,2017-04-16,2017-04-16
-1406222,773410,1,1,1,0,2017-04-16,2017-04-16
-1406222,773629,1,1,1,0,2019-04-26,2019-04-26
-1406222,773721,1,1,1,0,2018-06-09,2018-06-09
-1406221,772062,1,1,1,0,2018-05-06,2018-05-06
-1406221,773397,2,1,2,0,2019-04-29,2019-03-01
-1406221,773399,1,1,1,0,2019-01-01,2019-01-01
-1406221,773401,1,1,1,0,2019-01-01,2019-01-01
-1406221,773402,1,1,1,0,2019-04-29,2019-04-29
-1406221,773414,1,1,1,0,2019-04-29,2019-04-29
-1406221,773420,1,1,1,0,2017-04-16,2017-04-16
-1406220,771813,1,1,1,0,2019-07-15,2019-07-15
-1406220,771982,1,1,1,0,2019-07-20,2019-07-20
-1406220,773406,1,1,1,0,2019-04-29,2019-04-29
-1406220,773414,1,1,1,0,2019-04-29,2019-04-29
-1406220,773417,1,1,1,0,2017-04-16,2017-04-16
-1406220,773719,1,1,1,0,2018-06-09,2018-06-09
-1406220,773721,1,1,1,0,2018-06-09,2018-06-09
-1406220,773722,1,1,1,0,2018-06-09,2018-06-09
-1406219,771522,1,1,1,0,2018-09-28,2018-09-28
-1406219,771962,1,1,1,1,2018-04-26,2018-04-26
-1406219,773406,1,1,1,0,2019-04-29,2019-04-29
-1406218,771890,1,1,1,0,2018-05-30,2018-05-30
-1406218,771942,1,1,1,1,2018-06-29,2018-06-29
-1406218,771981,1,1,1,0,2019-07-20,2019-07-20
-1406218,773391,1,1,1,0,2019-01-01,2019-01-01
-1406218,773437,1,1,1,0,2019-04-26,2019-04-26
-1406218,773438,1,1,1,0,2019-04-26,2019-04-26
-1406218,773720,1,1,1,0,2018-06-09,2018-06-09
-1406217,772087,1,1,1,0,2018-10-20,2018-10-20
-1406217,772131,1,1,1,0,2018-11-02,2018-11-02
-1406217,772338,1,1,1,1,2018-06-13,2018-06-13
-1406217,772466,1,1,1,0,2018-08-06,2018-08-06
-1406217,773377,1,1,1,0,2017-04-16,2017-04-16
-1406216,772553,1,1,1,0,2018-04-23,2018-04-23
-1406216,773334,1,1,1,0,2017-04-16,2017-04-16
-1406216,773352,1,1,1,0,2017-04-16,2017-04-16
-1406216,773374,1,1,1,0,2017-04-16,2017-04-16
-1406216,773385,1,1,1,0,2017-04-16,2017-04-16
-1406216,773720,1,1,1,0,2018-06-09,2018-06-09
-1406215,773345,1,1,1,0,2019-04-29,2019-04-29
-1406215,773373,1,1,1,0,2017-04-16,2017-04-16
-1406215,773417,1,1,1,0,2017-04-16,2017-04-16
-1406214,772085,1,1,1,1,2018-05-06,2018-05-06
-1406214,772087,1,1,1,0,2018-10-08,2018-10-08
-1406214,772339,1,1,1,0,2019-07-19,2019-07-19
-1406214,772620,1,1,1,1,2019-04-28,2019-04-28
-1406214,773344,3,3,1,0,2017-04-16,2017-04-16
-1406214,773348,2,2,1,0,2017-04-16,2017-04-16
-1406214,773353,1,1,1,0,2017-04-16,2017-04-16
-1406214,773366,1,1,1,0,2017-04-16,2017-04-16
-1406214,773386,1,1,1,0,2018-09-02,2018-09-02
-1406213,771982,1,1,1,1,2018-05-04,2018-05-04
-1406213,772049,1,1,1,0,2019-07-06,2019-07-06
-1406213,772119,1,1,1,0,2019-05-24,2019-05-24
-1406213,772292,1,1,1,0,2017-11-02,2017-11-02
-1406213,773345,1,1,1,0,2017-04-16,2017-04-16
-1406213,773347,1,1,1,0,2017-04-16,2017-04-16
-1406213,773358,1,1,1,0,2017-04-16,2017-04-16
-1406213,773369,1,1,1,0,2018-04-29,2018-04-29
-1406213,773372,1,1,1,0,2018-09-02,2018-09-02
-1406213,773373,1,1,1,0,2018-04-29,2018-04-29
-1406213,773375,1,1,1,0,2018-04-29,2018-04-29
-1406213,773416,1,1,1,0,2017-04-16,2017-04-16
-1406213,773722,1,1,1,0,2018-06-09,2018-06-09
-1406212,771540,1,1,1,0,2018-08-15,2018-08-15
-1406212,772568,1,1,1,0,2018-04-19,2018-04-19
-1406212,773351,1,1,1,0,2017-04-16,2017-04-16
-1406212,773357,1,1,1,0,2017-04-16,2017-04-16
-1406212,773359,1,1,1,0,2017-04-16,2017-04-16
-1406212,773365,1,1,1,0,2017-04-16,2017-04-16
-1406212,773381,1,1,1,0,2018-09-02,2018-09-02
-1406212,773382,1,1,1,0,2017-08-26,2017-08-26
-1406211,771475,1,1,1,0,2019-04-16,2019-04-16
-1406211,772481,1,1,1,0,2019-01-12,2019-01-12
-1406211,773355,1,1,1,0,2017-04-16,2017-04-16
-1406211,773379,1,1,1,0,2018-09-02,2018-09-02
-1406211,773405,2,2,1,0,2018-09-02,2018-09-02
-1406210,771542,1,1,1,0,2018-09-25,2018-09-25
-1406210,773352,1,1,1,0,2017-04-16,2017-04-16
-1406210,773405,2,2,1,0,2018-09-02,2018-09-02
-1406209,771532,1,1,1,0,2017-10-04,2017-10-04
-1406209,771892,1,1,1,1,2018-04-01,2018-04-01
-1406209,771908,1,1,1,1,2018-10-06,2018-10-06
-1406209,771913,1,1,1,0,2019-06-26,2019-06-26
-1406209,772033,1,1,1,0,2019-03-24,2019-03-24
-1406209,772038,1,1,1,0,2019-03-24,2019-03-24
-1406209,772477,1,1,1,0,2019-02-05,2019-02-05
-1406209,772481,1,1,1,0,2018-10-02,2018-10-02
-1406209,773362,1,1,1,0,2018-07-22,2018-07-22
-1406209,773363,1,1,1,0,2019-01-01,2019-01-01
-1406208,770850,1,1,1,0,2017-11-11,2017-11-11
-1406208,770909,1,1,1,0,2017-11-11,2017-11-11
-1406208,771525,1,1,1,0,2019-06-12,2019-06-12
-1406208,771535,3,3,1,0,2018-09-08,2018-09-08
-1406208,771908,1,1,1,0,2018-04-26,2018-04-26
-1406208,772120,1,1,1,0,2017-07-20,2017-07-20
-1406208,772331,1,1,1,0,2018-12-22,2018-12-22
-1406208,772476,1,1,1,0,2018-08-08,2018-08-08
-1406208,772480,1,1,1,0,2018-08-05,2018-08-05
-1406208,772484,1,1,1,0,2019-01-13,2019-01-13
-1406208,773303,1,1,1,0,2018-04-29,2018-04-29
-1406208,773363,1,1,1,0,2018-07-22,2018-07-22
-1406207,771532,1,1,1,0,2016-03-15,2016-03-15
-1406207,771535,1,1,1,0,2018-09-08,2018-09-08
-1406207,771606,1,1,1,1,2018-04-23,2018-04-23
-1406207,771933,2,1,1,0,2018-09-15,2018-09-15
-1406207,772298,1,1,1,1,2018-09-09,2018-09-09
-1406207,773436,1,1,1,0,2017-06-07,2017-06-07
-1406206,771538,1,1,1,0,2018-09-19,2018-09-19
-1406206,771923,1,1,1,1,2019-03-29,2019-03-29
-1406206,771943,1,1,1,1,2019-07-24,2019-07-24
-1406206,771957,1,1,1,0,2019-06-01,2019-06-01
-1406206,773300,1,1,1,0,2017-04-16,2017-04-16
-1406206,773310,1,1,1,0,2018-04-29,2018-04-29
-1406206,773341,1,1,1,0,2017-04-16,2017-04-16
-1406206,773398,1,1,1,0,2018-11-17,2018-11-17
-1406206,773411,2,2,2,0,2019-04-29,2018-03-29
-1406206,773436,2,2,1,0,2017-06-07,2017-06-07
-1406205,771536,1,1,1,0,2018-09-19,2018-09-19
-1406205,771538,1,1,1,0,2018-09-19,2018-09-19
-1406205,771917,1,1,1,1,2019-03-29,2019-03-29
-1406205,773262,1,1,1,0,2017-12-01,2017-12-01
-1406205,773304,1,1,1,0,2017-04-16,2017-04-16
-1406205,773363,1,1,1,0,2019-04-29,2019-04-29
-1406205,773413,2,1,1,0,2019-04-29,2019-04-29
-1406205,773437,1,1,1,0,2017-06-07,2017-06-07
-1406204,771537,1,1,1,0,2018-05-09,2018-05-09
-1406204,771957,1,1,1,1,2017-08-19,2017-08-19
-1406204,771961,1,1,1,0,2019-06-13,2019-06-13
-1406204,772107,1,1,1,0,2018-05-08,2018-05-08
-1406204,772297,1,1,1,1,2018-09-09,2018-09-09
-1406204,772686,1,1,1,0,2018-12-13,2018-12-13
-1406204,773297,1,1,1,0,2019-04-29,2019-04-29
-1406204,773298,1,1,1,0,2019-04-29,2019-04-29
-1406204,773410,1,1,1,0,2019-04-29,2019-04-29
-1406204,773412,1,1,1,0,2017-04-16,2017-04-16
-1406203,772299,1,1,1,1,2018-09-09,2018-09-09
-1406203,773303,1,1,1,0,2017-04-16,2017-04-16
-1406203,773387,1,1,1,0,2019-01-01,2019-01-01
-1406203,773395,1,1,1,0,2019-01-01,2019-01-01
-1406203,773411,1,1,1,0,2019-04-29,2019-04-29
-1406202,771948,1,1,1,1,2019-05-27,2019-05-27
-1406202,772569,1,1,1,1,2018-10-12,2018-10-12
-1406202,773307,1,1,1,0,2016-12-31,2016-12-31
-1406202,773344,1,1,1,0,2019-04-29,2019-04-29
-1406202,773363,1,1,1,0,2018-09-02,2018-09-02
-1406201,771540,1,1,1,0,2019-04-13,2019-04-13
-1406201,771924,1,1,1,0,2018-09-27,2018-09-27
-1406201,772606,1,1,1,0,2018-04-23,2018-04-23
-1406201,773292,1,1,1,0,2018-04-29,2018-04-29
-1406200,771544,2,2,1,0,2018-05-09,2018-05-09
-1406200,772567,1,1,1,0,2019-03-20,2019-03-20
-1406200,773293,1,1,1,0,2018-04-29,2018-04-29
-1406200,773320,1,1,1,0,2018-04-29,2018-04-29
-1406199,772422,1,1,1,0,2018-04-10,2018-04-10
-1406199,773323,1,1,1,0,2018-11-17,2018-11-17
-1406198,771476,1,1,1,0,2019-07-23,2019-07-23
-1406198,771545,1,1,1,0,2018-09-08,2018-09-08
-1406198,773287,1,1,1,0,2018-04-29,2018-04-29
-1406197,771545,1,1,1,0,2018-09-08,2018-09-08
-1406197,772421,1,1,1,1,2018-04-19,2018-04-19
-1406197,772436,1,1,1,0,2019-05-06,2019-05-06
-1406197,772938,1,1,1,0,2018-10-02,2018-10-02
-1406197,773289,1,1,1,0,2017-04-16,2017-04-16
-1406197,773405,1,1,1,0,2019-04-29,2019-04-29
-1406197,773409,1,1,1,0,2019-04-29,2019-04-29
-1406197,773449,1,1,1,0,2018-08-25,2018-08-25
-1406196,772419,1,1,1,0,2018-04-18,2018-04-18
-1406196,772937,1,1,1,0,2018-10-02,2018-10-02
-1406195,772420,1,1,1,0,2018-04-18,2018-04-18
-1406195,772422,1,1,1,0,2018-05-29,2018-05-29
-1406195,773287,1,1,1,0,2019-04-29,2019-04-29
-1406195,773341,1,1,1,0,2019-04-29,2019-04-29
-1406195,773405,1,1,1,0,2018-04-29,2018-04-29
-1406195,773406,1,1,1,0,2018-04-29,2018-04-29
-1406195,773448,1,1,1,0,2017-06-07,2017-06-07
-1406194,771544,1,1,1,0,2019-04-13,2019-04-13
-1406194,771964,1,1,1,1,2019-03-19,2019-03-19
-1406194,772939,1,1,1,0,2018-10-02,2018-10-02
-1406194,773285,1,1,1,0,2017-04-16,2017-04-16
-1406194,773309,1,1,1,0,2017-04-16,2017-04-16
-1406194,773311,1,1,1,0,2019-04-17,2019-04-17
-1406194,773400,1,1,1,0,2017-04-16,2017-04-16
-1406194,773405,1,1,1,0,2018-04-29,2018-04-29
-1406194,773406,1,1,1,0,2018-04-29,2018-04-29
-1406193,772442,1,1,1,0,2019-04-10,2019-04-10
-1406193,772570,2,2,1,0,2019-05-03,2019-04-08
-1406193,773514,1,1,1,0,2019-05-01,2019-05-01
-1406192,771869,1,1,1,0,2018-07-15,2018-07-15
-1406192,771880,1,1,1,0,2018-04-26,2018-04-26
-1406192,772444,1,1,1,0,2018-09-21,2018-09-21
-1406192,772447,1,1,1,0,2018-04-09,2018-04-09
-1406192,773398,1,1,1,0,2017-04-16,2017-04-16
-1406192,773399,1,1,1,0,2017-04-16,2017-04-16
-1406192,773406,1,1,1,0,2018-04-29,2018-04-29
-1406191,771545,1,1,1,0,2019-04-13,2019-04-13
-1406191,772461,1,1,1,1,2019-05-17,2019-05-17
-1406191,772468,1,1,1,1,2019-05-17,2019-05-17
-1406191,773276,1,1,1,0,2019-02-04,2019-02-04
-1406191,773312,2,2,2,0,2018-09-02,2017-09-03
-1406191,773314,1,1,1,0,2018-04-29,2018-04-29
-1406191,773513,1,1,1,0,2019-05-07,2019-05-07
-1406190,771549,1,1,1,0,2018-09-08,2018-09-08
-1406190,771958,1,1,1,0,2018-09-27,2018-09-27
-1406190,772117,1,1,1,1,2017-09-26,2017-09-26
-1406190,773303,1,1,1,0,2019-04-17,2019-04-17
-1406190,773316,1,1,1,0,2018-04-29,2018-04-29
-1406190,773353,1,1,1,0,2017-04-16,2017-04-16
-1406189,771547,1,1,1,0,2019-04-13,2019-04-13
-1406189,772415,1,1,1,0,2018-04-18,2018-04-18
-1406189,772417,1,1,1,0,2018-04-18,2018-04-18
-1406189,773275,1,1,1,0,2019-05-27,2019-05-27
-1406189,773286,1,1,1,0,2019-04-29,2019-04-29
-1406189,773397,1,1,1,0,2017-04-16,2017-04-16
-1406189,773398,1,1,1,0,2018-04-29,2018-04-29
-1406189,773475,1,1,1,0,2019-05-08,2019-05-08
-1406189,773487,1,1,1,0,2019-05-23,2019-05-23
-1406188,771552,1,1,1,0,2019-04-13,2019-04-13
-1406188,771880,1,1,1,1,2018-04-27,2018-04-27
-1406188,771911,1,1,1,1,2017-04-22,2017-04-22
-1406188,771960,1,1,1,1,2018-09-25,2018-09-25
-1406188,772568,1,1,1,1,2019-05-03,2019-05-03
-1406188,773285,1,1,1,0,2017-04-16,2017-04-16
-1406188,773321,1,1,1,0,2017-04-16,2017-04-16
-1406188,773469,1,1,1,0,2019-07-05,2019-07-05
-1406187,771549,1,1,1,0,2019-04-13,2019-04-13
-1406187,771552,1,1,1,0,2018-05-09,2018-05-09
-1406187,773350,1,1,1,0,2019-04-17,2019-04-17
-1406187,774225,1,1,1,0,2019-06-08,2019-06-08
-1406186,771550,2,1,1,0,2019-04-13,2019-04-13
-1406186,773324,1,1,1,0,2017-04-16,2017-04-16
-1406186,773335,2,2,1,1,2018-04-29,2018-04-29
-1406186,773342,1,1,1,0,2016-12-31,2016-12-31
-1406186,773343,1,1,1,0,2017-08-26,2017-08-26
-1406186,773395,1,1,1,0,2018-04-29,2018-04-29
-1406185,771150,1,1,1,1,2019-04-25,2019-04-25
-1406185,772114,1,1,1,0,2019-06-18,2019-06-18
-1406185,772467,1,1,1,0,2018-08-31,2018-08-31
-1406185,772875,1,1,1,0,2018-07-22,2018-07-22
-1406185,773325,1,1,1,0,2018-04-29,2018-04-29
-1406185,773328,1,1,1,0,2017-04-16,2017-04-16
-1406184,771909,1,1,1,1,2016-03-21,2016-03-21
-1406184,772481,1,1,1,0,2018-08-31,2018-08-31
-1406184,772568,1,1,1,0,2018-05-08,2018-05-08
-1406184,773324,1,1,1,0,2018-04-29,2018-04-29
-1406184,773329,1,1,1,0,2018-04-29,2018-04-29
-1406184,773342,1,1,1,0,2016-12-31,2016-12-31
-1406184,773347,1,1,1,0,2019-04-17,2019-04-17
-1406184,773351,1,1,1,0,2019-04-17,2019-04-17
-1406183,771550,1,1,1,0,2019-06-16,2019-06-16
-1406183,772296,1,1,1,0,2017-07-20,2017-07-20
-1406183,773327,1,1,1,0,2017-04-16,2017-04-16
-1406183,773332,2,2,1,0,2017-04-16,2017-04-16
-1406182,773289,1,1,1,0,2018-04-29,2018-04-29
-1406182,773334,1,1,1,0,2016-12-31,2016-12-31
-1406182,773450,1,1,1,0,2017-06-07,2017-06-07
-1406181,771910,1,1,1,1,2017-02-19,2017-02-19
-1406181,772097,1,1,1,0,2018-05-08,2018-05-08
-1406181,772495,1,1,1,0,2018-08-17,2018-08-17
-1406181,772567,1,1,1,0,2018-05-03,2018-05-03
-1406181,773290,1,1,1,0,2017-04-16,2017-04-16
-1406181,773328,1,1,1,0,2017-04-16,2017-04-16
-1406181,773385,1,1,1,0,2018-04-29,2018-04-29
-1406181,773387,1,1,1,0,2017-04-16,2017-04-16
-1406181,773388,1,1,1,0,2017-04-16,2017-04-16
-1406180,772019,1,1,1,1,2018-05-08,2018-05-08
-1406180,773266,1,1,1,0,2019-04-29,2019-04-29
-1406180,773382,1,1,1,0,2017-04-16,2017-04-16
-1406179,771879,1,1,1,1,2018-04-26,2018-04-26
-1406179,773348,1,1,1,0,2019-04-17,2019-04-17
-1406179,773387,1,1,1,0,2017-04-16,2017-04-16
-1406178,771962,1,1,1,1,2019-03-19,2019-03-19
-1406178,772318,1,1,1,0,2017-07-20,2017-07-20
-1406178,772569,1,1,1,0,2018-11-01,2018-11-01
-1406178,773375,1,1,1,0,2017-04-16,2017-04-16
-1406177,771779,1,1,1,0,2017-04-08,2017-04-08
-1406177,773284,1,1,1,0,2018-07-22,2018-07-22
-1406177,773445,1,1,1,0,2017-06-07,2017-06-07
-1406176,772159,1,1,1,1,2019-04-09,2019-04-09
-1406176,773260,1,1,1,0,2019-04-29,2019-04-29
-1406175,770378,1,1,1,1,2016-06-20,2016-06-20
-1406175,770448,1,1,1,1,2019-06-15,2019-06-15
-1406175,771969,1,1,1,1,2018-07-12,2018-07-12
-1406175,772167,1,1,1,0,2019-07-12,2019-07-12
-1406175,772450,1,1,1,0,2018-05-01,2018-05-01
-1406175,772451,1,1,1,1,2018-04-20,2018-04-20
-1406175,773342,1,1,1,0,2018-04-29,2018-04-29
-1406175,773348,1,1,1,0,2018-04-29,2018-04-29
-1406174,771837,1,1,1,0,2018-04-30,2018-04-30
-1406174,771922,1,1,1,1,2018-03-30,2018-03-30
-1406174,771979,1,1,1,1,2019-05-06,2019-05-06
-1406174,772934,1,1,1,0,2018-04-17,2018-04-17
-1406174,772943,1,1,1,0,2018-10-02,2018-10-02
-1406173,773290,1,1,1,0,2019-04-29,2019-04-29
-1406172,771838,1,1,1,0,2018-04-30,2018-04-30
-1406171,771715,1,1,1,0,2018-09-20,2018-09-20
-1406171,772009,1,1,1,1,2017-07-08,2017-07-08
-1406171,772454,1,1,1,0,2018-05-01,2018-05-01
-1406171,773288,1,1,1,0,2018-07-22,2018-07-22
-1406170,771880,1,1,1,0,2018-04-30,2018-04-30
-1406170,772233,1,1,1,0,2017-07-20,2017-07-20
-1406170,772527,1,1,1,0,2019-03-30,2019-03-30
-1406170,772940,1,1,1,1,2018-10-04,2018-10-04
-1406170,773300,1,1,1,0,2017-04-16,2017-04-16
-1406170,773360,1,1,1,0,2018-04-29,2018-04-29
-1406169,771880,1,1,1,1,2018-04-30,2018-04-30
-1406169,771949,1,1,1,1,2019-07-14,2019-07-14
-1406169,772005,1,1,1,0,2017-09-27,2017-09-27
-1406169,772018,1,1,1,1,2018-05-08,2018-05-08
-1406169,772178,1,1,1,0,2017-07-20,2017-07-20
-1406169,772452,1,1,1,0,2018-04-18,2018-04-18
-1406169,772520,1,1,1,0,2018-08-31,2018-08-31
-1406169,772531,1,1,1,0,2018-08-31,2018-08-31
-1406169,772534,1,1,1,0,2019-03-15,2019-03-15
-1406169,772540,1,1,1,0,2018-11-01,2018-11-01
-1406169,772569,1,1,1,0,2018-05-09,2018-05-09
-1406168,771848,1,1,1,0,2018-04-30,2018-04-30
-1406168,771878,1,1,1,0,2018-04-30,2018-04-30
-1406168,772163,1,1,1,0,2018-06-23,2018-06-23
-1406168,772171,1,1,1,1,2018-05-12,2018-05-12
-1406168,772384,1,1,1,0,2018-08-23,2018-08-23
-1406167,771879,2,2,1,0,2018-04-30,2018-04-30
-1406167,771982,1,1,1,1,2017-07-08,2017-07-08
-1406167,772452,1,1,1,0,2018-04-18,2018-04-18
-1406167,773300,1,1,1,0,2017-04-16,2017-04-16
-1406166,771684,1,1,1,0,2018-11-02,2018-11-02
-1406166,771889,1,1,1,0,2018-04-30,2018-04-30
-1406166,773354,1,1,1,0,2017-04-16,2017-04-16
-1406165,771852,1,1,1,0,2018-04-30,2018-04-30
-1406165,772052,1,1,1,1,2017-02-19,2017-02-19
-1406165,772532,1,1,1,0,2018-12-04,2018-12-04
-1406165,773305,1,1,1,0,2019-04-29,2019-04-29
-1406164,771690,1,1,1,1,2019-04-24,2019-04-24
-1406164,771837,1,1,1,0,2018-04-30,2018-04-30
-1406164,772572,1,1,1,0,2019-03-18,2019-03-18
-1406164,773306,1,1,1,0,2019-04-29,2019-04-29
-1406164,773332,1,1,1,0,2017-02-26,2017-02-26
-1406163,771704,1,1,1,0,2017-07-13,2017-07-13
-1406163,771850,1,1,1,0,2018-04-30,2018-04-30
-1406163,772534,1,1,1,0,2019-04-10,2019-04-10
-1406163,772572,1,1,1,0,2018-04-20,2018-04-20
-1406163,773344,2,2,1,0,2019-04-29,2018-04-22
-1406163,773432,1,1,1,0,2017-06-07,2017-06-07
-1406162,773324,1,1,1,0,2019-04-29,2019-04-29
-1406161,771674,1,1,1,1,2018-11-02,2018-11-02
-1406161,771930,1,1,1,0,2016-10-29,2016-10-29
-1406161,772380,1,1,1,0,2017-07-20,2017-07-20
-1406161,772534,1,1,1,0,2019-04-10,2019-04-10
-1406161,773325,1,1,1,0,2017-08-26,2017-08-26
-1406161,773338,1,1,1,0,2017-02-26,2017-02-26
-1406161,773341,1,1,1,0,2017-02-26,2017-02-26
-1406160,771879,1,1,1,1,2019-05-23,2019-05-23
-1406160,772531,1,1,1,1,2017-11-11,2017-11-11
-1406160,773291,2,2,1,0,2019-05-27,2019-05-27
-1406160,773322,1,1,1,0,2019-04-29,2019-04-29
-1406160,773325,2,2,1,0,2019-04-29,2019-04-29
-1406160,773326,1,1,1,0,2017-04-16,2017-04-16
-1406160,773338,1,1,1,0,2017-04-16,2017-04-16
-1406160,773342,1,1,1,0,2017-02-26,2017-02-26
-1406159,772233,1,1,1,1,2018-12-30,2018-12-30
-1406159,772386,1,1,1,0,2019-06-04,2019-06-04
-1406159,773318,1,1,1,0,2017-04-16,2017-04-16
-1406159,773325,1,1,1,0,2017-04-16,2017-04-16
-1406159,773422,2,2,2,1,2018-05-01,2018-04-29
-1406157,772631,1,1,1,0,2018-03-24,2018-03-24
-1406157,773293,1,1,1,0,2019-01-01,2019-01-01
-1406157,773330,1,1,1,0,2017-02-26,2017-02-26
-1406157,773419,1,1,1,1,2019-05-03,2019-05-03
-1406156,772140,1,1,1,0,2017-06-21,2017-06-21
-1406156,772572,1,1,1,0,2018-04-20,2018-04-20
-1406156,773156,1,1,1,0,2018-10-02,2018-10-02
-1406155,771875,1,1,1,0,2018-09-01,2018-09-01
-1406155,772407,1,1,1,0,2018-04-21,2018-04-21
-1406155,773154,1,1,1,0,2018-10-02,2018-10-02
-1406155,773157,1,1,1,0,2018-10-02,2018-10-02
-1406155,773241,1,1,1,0,2019-04-29,2019-04-29
-1406154,771851,1,1,1,0,2018-04-30,2018-04-30
-1406154,772019,1,1,1,0,2018-08-28,2018-08-28
-1406154,772027,1,1,1,1,2019-07-04,2019-07-04
-1406154,772401,1,1,1,0,2019-06-04,2019-06-04
-1406154,772450,1,1,1,0,2018-04-18,2018-04-18
-1406154,773159,1,1,1,0,2018-10-02,2018-10-02
-1406154,773240,1,1,1,0,2019-04-29,2019-04-29
-1406153,772401,1,1,1,0,2018-04-21,2018-04-21
-1406153,773739,1,1,1,0,2017-06-05,2017-06-05
-1406152,773296,1,1,1,0,2019-05-27,2019-05-27
-1406152,773416,1,1,1,1,2018-04-28,2018-04-28
-1406151,772405,1,1,1,0,2018-05-15,2018-05-15
-1406151,772408,1,1,1,0,2019-04-03,2019-04-03
-1406151,772630,1,1,1,0,2018-07-23,2018-07-23
-1406151,772642,1,1,1,0,2019-07-23,2019-07-23
-1406151,772925,1,1,1,0,2016-05-18,2016-05-18
-1406151,773415,1,1,1,1,2017-04-24,2017-04-24
-1406150,770510,1,1,1,1,2019-04-28,2019-04-28
-1406150,772572,1,1,1,0,2019-04-25,2019-04-25
-1406150,773160,1,1,1,0,2018-10-02,2018-10-02
-1406150,773416,1,1,1,0,2017-04-24,2017-04-24
-1406150,773417,1,1,1,0,2017-04-24,2017-04-24
-1406149,771569,1,1,1,0,2019-06-15,2019-06-15
-1406149,772405,1,1,1,0,2018-07-12,2018-07-12
-1406149,772414,1,1,1,1,2019-04-03,2019-04-03
-1406149,772451,1,1,1,0,2018-04-20,2018-04-20
-1406148,771692,1,1,1,1,2016-08-05,2016-08-05
-1406148,772413,1,1,1,0,2018-07-03,2018-07-03
-1406148,772458,1,1,1,0,2018-04-18,2018-04-18
-1406147,772411,1,1,1,0,2018-06-12,2018-06-12
-1406147,772458,1,1,1,0,2018-04-18,2018-04-18
-1406147,772631,1,1,1,0,2018-03-24,2018-03-24
-1406146,772285,1,1,1,0,2017-07-03,2017-07-03
-1406146,772412,1,1,1,0,2018-05-03,2018-05-03
-1406146,772415,3,3,1,0,2018-11-02,2018-06-18
-1406146,772472,1,1,1,1,2018-12-15,2018-12-15
-1406146,773085,1,1,1,0,2019-02-20,2019-02-20
-1406146,773097,1,1,1,0,2017-05-14,2017-05-14
-1406145,772144,1,1,1,0,2017-06-21,2017-06-21
-1406145,772421,1,1,1,0,2019-04-24,2019-04-24
-1406145,772461,1,1,1,0,2018-04-18,2018-04-18
-1406145,773416,1,1,1,0,2017-07-07,2017-07-07
-1406144,771628,1,1,1,0,2017-04-15,2017-04-15
-1406144,771817,1,1,1,0,2018-08-02,2018-08-02
-1406144,772465,1,1,1,0,2018-04-18,2018-04-18
-1406144,772572,1,1,1,0,2018-04-18,2018-04-18
-1406144,773228,1,1,1,0,2017-12-01,2017-12-01
-1406143,771676,1,1,1,0,2019-06-30,2019-06-30
-1406143,772422,1,1,1,0,2018-05-03,2018-05-03
-1406143,772467,1,1,1,0,2018-04-18,2018-04-18
-1406143,772474,1,1,1,0,2018-10-15,2018-10-15
-1406143,772480,1,1,1,0,2018-10-21,2018-10-21
-1406143,773096,1,1,1,0,2018-10-02,2018-10-02
-1406142,772067,1,1,1,0,2019-03-24,2019-03-24
-1406142,772256,1,1,1,0,2018-07-06,2018-07-06
-1406142,772426,1,1,1,1,2019-06-04,2019-06-04
-1406142,772481,1,1,1,0,2018-10-21,2018-10-21
-1406142,772505,1,1,1,0,2018-06-12,2018-06-12
-1406142,772562,1,1,1,1,2018-05-14,2018-05-14
-1406142,772573,1,1,1,0,2018-07-13,2018-07-13
-1406142,772579,1,1,1,0,2018-04-20,2018-04-20
-1406142,772963,1,1,1,0,2019-04-28,2019-04-28
-1406141,771571,1,1,1,0,2018-09-18,2018-09-18
-1406141,772016,1,1,1,1,2017-04-15,2017-04-15
-1406141,772073,1,1,1,0,2019-03-24,2019-03-24
-1406141,772189,1,1,1,1,2018-06-30,2018-06-30
-1406141,772478,1,1,1,0,2018-10-22,2018-10-22
-1406141,772533,1,1,1,0,2018-10-21,2018-10-21
-1406141,772536,1,1,1,0,2018-10-21,2018-10-21
-1406141,772540,1,1,1,0,2018-04-18,2018-04-18
-1406141,772559,1,1,1,0,2018-04-24,2018-04-24
-1406141,772564,1,1,1,0,2018-04-19,2018-04-19
-1406141,772569,1,1,1,0,2018-06-04,2018-06-04
-1406141,772570,1,1,1,1,2019-07-07,2019-07-07
-1406141,772584,1,1,1,0,2018-05-11,2018-05-11
-1406140,771810,1,1,1,0,2018-10-02,2018-10-02
-1406140,772197,1,1,1,0,2019-05-11,2019-05-11
-1406140,772255,1,1,1,0,2019-05-07,2019-05-07
-1406140,772448,1,1,1,0,2018-05-15,2018-05-15
-1406140,772473,1,1,1,0,2018-04-24,2018-04-24
-1406140,772492,1,1,1,0,2018-05-10,2018-05-10
-1406140,772494,2,2,1,0,2018-08-31,2018-06-24
-1406140,772495,1,1,1,0,2018-07-13,2018-07-13
-1406140,772533,1,1,1,0,2018-04-23,2018-04-23
-1406140,772534,1,1,1,0,2018-05-15,2018-05-15
-1406140,772544,1,1,1,0,2018-05-10,2018-05-10
-1406140,772559,1,1,1,0,2018-05-15,2018-05-15
-1406140,772580,1,1,1,0,2018-04-18,2018-04-18
-1406140,772581,2,2,1,0,2018-09-10,2018-08-11
-1406140,773301,1,1,1,0,2018-09-02,2018-09-02
-1406140,773430,1,1,1,0,2017-08-03,2017-08-03
-1406139,771570,1,1,1,0,2019-07-07,2019-07-07
-1406139,771916,1,1,1,1,2018-05-01,2018-05-01
-1406139,772012,1,1,1,0,2019-03-24,2019-03-24
-1406139,772185,1,1,1,1,2019-07-07,2019-07-07
-1406139,772440,1,1,1,0,2018-05-15,2018-05-15
-1406139,772476,1,1,1,0,2018-04-18,2018-04-18
-1406139,772477,2,2,1,0,2018-05-07,2018-05-07
-1406139,772479,1,1,1,0,2018-04-19,2018-04-19
-1406139,772483,1,1,1,0,2018-10-09,2018-10-09
-1406139,772484,2,2,1,0,2018-08-28,2018-07-02
-1406139,772494,1,1,1,0,2018-05-14,2018-05-14
-1406139,772499,1,1,1,0,2019-03-22,2019-03-22
-1406139,772505,1,1,1,1,2019-04-11,2019-04-11
-1406139,772506,1,1,1,0,2018-05-29,2018-05-29
-1406139,772519,1,1,1,0,2018-05-29,2018-05-29
-1406139,772520,1,1,1,1,2018-04-19,2018-04-19
-1406139,772532,1,1,1,0,2018-11-13,2018-11-13
-1406139,772538,1,1,1,0,2018-04-30,2018-04-30
-1406139,772546,1,1,1,1,2018-07-13,2018-07-13
-1406139,772552,1,1,1,0,2018-04-19,2018-04-19
-1406139,772556,1,1,1,0,2018-05-15,2018-05-15
-1406139,772559,1,1,1,0,2018-05-14,2018-05-14
-1406139,772560,1,1,1,0,2018-05-18,2018-05-18
-1406138,771844,1,1,1,1,2018-06-18,2018-06-18
-1406138,771928,1,1,1,1,2018-05-01,2018-05-01
-1406138,772478,1,1,1,0,2018-05-14,2018-05-14
-1406138,772483,1,1,1,0,2018-10-09,2018-10-09
-1406138,772485,1,1,1,1,2019-03-16,2019-03-16
-1406138,772488,1,1,1,0,2018-09-08,2018-09-08
-1406138,772489,1,1,1,0,2018-09-08,2018-09-08
-1406138,772494,1,1,1,0,2018-04-20,2018-04-20
-1406138,772495,1,1,1,0,2018-04-19,2018-04-19
-1406138,772496,1,1,1,0,2018-04-12,2018-04-12
-1406138,772497,2,2,1,0,2018-04-12,2018-04-12
-1406138,772498,1,1,1,0,2018-04-12,2018-04-12
-1406138,772503,1,1,1,1,2018-04-19,2018-04-19
-1406138,772520,1,1,1,0,2018-05-10,2018-05-10
-1406138,772528,1,1,1,0,2018-05-10,2018-05-10
-1406138,772534,1,1,1,0,2019-05-07,2019-05-07
-1406138,772544,1,1,1,0,2018-04-20,2018-04-20
-1406138,772546,1,1,1,0,2018-05-31,2018-05-31
-1406138,772555,1,1,1,0,2019-05-03,2019-05-03
-1406138,772559,1,1,1,0,2018-04-24,2018-04-24
-1406138,772566,1,1,1,0,2018-04-18,2018-04-18
-1406138,772586,1,1,1,1,2019-05-17,2019-05-17
-1406138,772588,1,1,1,1,2018-05-11,2018-05-11
-1406138,772589,1,1,1,0,2018-10-15,2018-10-15
-1406137,771564,1,1,1,0,2016-01-09,2016-01-09
-1406137,771857,1,1,1,0,2018-04-30,2018-04-30
-1406137,771962,1,1,1,0,2019-04-14,2019-04-14
-1406137,772074,1,1,1,1,2018-04-21,2018-04-21
-1406137,772481,1,1,1,0,2018-04-21,2018-04-21
-1406137,772482,1,1,1,0,2018-04-18,2018-04-18
-1406137,772487,1,1,1,0,2018-08-31,2018-08-31
-1406137,772495,1,1,1,0,2018-06-05,2018-06-05
-1406137,772496,1,1,1,0,2018-06-05,2018-06-05
-1406137,772499,1,1,1,0,2018-04-12,2018-04-12
-1406137,772543,1,1,1,0,2018-04-19,2018-04-19
-1406137,772547,1,1,1,0,2018-04-19,2018-04-19
-1406137,772552,1,1,1,0,2018-05-31,2018-05-31
-1406137,772586,1,1,1,1,2018-07-13,2018-07-13
-1406137,772596,1,1,1,0,2018-04-10,2018-04-10
-1406136,771614,1,1,1,0,2019-06-24,2019-06-24
-1406136,771939,1,1,1,1,2018-05-11,2018-05-11
-1406136,772076,1,1,1,0,2019-03-24,2019-03-24
-1406136,772301,1,1,1,0,2017-09-15,2017-09-15
-1406136,772438,1,1,1,0,2018-05-03,2018-05-03
-1406136,772494,2,2,1,0,2018-06-05,2018-06-05
-1406136,772495,1,1,1,0,2018-06-05,2018-06-05
-1406136,772496,1,1,1,0,2018-06-05,2018-06-05
-1406136,772497,1,1,1,0,2018-06-05,2018-06-05
-1406136,772498,1,1,1,0,2018-06-05,2018-06-05
-1406136,772500,1,1,1,0,2018-06-18,2018-06-18
-1406136,772584,1,1,1,0,2018-05-31,2018-05-31
-1406136,772585,1,1,1,1,2019-05-17,2019-05-17
-1406136,772586,2,2,1,0,2018-06-18,2018-05-25
-1406136,772587,6,5,1,1,2019-04-12,2018-09-11
-1406136,772592,1,1,1,0,2018-04-19,2018-04-19
-1406135,770134,1,1,1,0,2016-05-07,2016-05-07
-1406135,771487,1,1,1,0,2017-02-12,2017-02-12
-1406135,772441,1,1,1,0,2018-05-18,2018-05-18
-1406135,772496,3,3,1,1,2018-06-05,2018-06-05
-1406135,772497,1,1,1,0,2018-04-12,2018-04-12
-1406135,772587,1,1,1,0,2018-09-20,2018-09-20
-1406135,772589,1,1,1,1,2019-05-03,2019-05-03
-1406135,772590,1,1,1,0,2018-06-07,2018-06-07
-1406135,772593,1,1,1,0,2018-04-28,2018-04-28
-1406135,772959,1,1,1,1,2019-04-28,2019-04-28
-1406134,772582,1,1,1,0,2018-06-14,2018-06-14
-1406134,772585,1,1,1,0,2018-10-19,2018-10-19
-1406134,772586,1,1,1,0,2018-08-15,2018-08-15
-1406134,772588,1,1,1,0,2018-04-24,2018-04-24
-1406134,772589,2,2,1,0,2018-09-12,2018-09-07
-1406134,772878,2,2,1,0,2019-04-27,2019-04-27
-1406134,773012,1,1,1,0,2018-10-02,2018-10-02
-1406133,771573,1,1,1,0,2019-04-28,2019-04-28
-1406133,771915,1,1,1,1,2019-04-17,2019-04-17
-1406133,772449,1,1,1,0,2017-07-20,2017-07-20
-1406133,772495,1,1,1,0,2018-04-12,2018-04-12
-1406133,772569,1,1,1,0,2018-05-20,2018-05-20
-1406133,772585,1,1,1,0,2018-05-17,2018-05-17
-1406133,772586,2,1,1,0,2018-06-21,2018-05-22
-1406133,772588,1,1,1,1,2018-07-13,2018-07-13
-1406133,772589,2,2,1,0,2018-09-03,2018-07-22
-1406133,772592,1,1,1,0,2018-04-19,2018-04-19
-1406133,773016,1,1,1,0,2018-10-02,2018-10-02
-1406132,772084,1,1,1,0,2017-09-27,2017-09-27
-1406132,772144,1,1,1,1,2019-04-29,2019-04-29
-1406132,772496,1,1,1,0,2018-04-12,2018-04-12
-1406132,772572,1,1,1,0,2018-05-20,2018-05-20
-1406132,772587,1,1,1,0,2018-05-18,2018-05-18
-1406132,773305,1,1,1,0,2019-01-01,2019-01-01
-1406131,771595,1,1,1,0,2018-04-27,2018-04-27
-1406131,772290,1,1,1,0,2017-09-15,2017-09-15
-1406131,772452,1,1,1,0,2019-04-23,2019-04-23
-1406131,772496,1,1,1,0,2018-04-12,2018-04-12
-1406131,772498,1,1,1,0,2018-04-12,2018-04-12
-1406131,772529,1,1,1,0,2019-04-30,2019-04-30
-1406131,772585,2,2,1,0,2018-04-28,2018-04-25
-1406131,772588,1,1,1,1,2018-05-22,2018-05-22
-1406131,772618,1,1,1,0,2018-08-19,2018-08-19
-1406131,772886,2,1,1,0,2019-04-27,2019-04-27
-1406130,771595,1,1,1,1,2018-04-25,2018-04-25
-1406130,771861,1,1,1,0,2018-04-30,2018-04-30
-1406130,772448,1,1,1,0,2018-06-07,2018-06-07
-1406130,772453,1,1,1,0,2018-09-05,2018-09-05
-1406130,772496,2,2,1,0,2018-04-12,2018-04-12
-1406130,772529,1,1,1,0,2019-04-22,2019-04-22
-1406130,772618,1,1,1,0,2018-08-19,2018-08-19
-1406129,771685,1,1,1,0,2016-05-26,2016-05-26
-1406129,772034,1,1,1,0,2019-03-24,2019-03-24
-1406129,772495,1,1,1,0,2018-04-12,2018-04-12
-1406129,772501,1,1,1,0,2018-06-05,2018-06-05
-1406129,772502,1,1,1,0,2019-03-19,2019-03-19
-1406129,772585,1,1,1,0,2018-05-17,2018-05-17
-1406129,772619,2,2,1,0,2018-08-19,2018-08-19
-1406128,771456,1,1,1,0,2019-01-01,2019-01-01
-1406128,771840,1,1,1,0,2017-06-01,2017-06-01
-1406128,772083,1,1,1,0,2016-10-13,2016-10-13
-1406128,772497,1,1,1,0,2018-04-12,2018-04-12
-1406128,772587,1,1,1,0,2018-05-02,2018-05-02
-1406128,772618,1,1,1,0,2018-08-19,2018-08-19
-1406128,772619,1,1,1,0,2018-08-19,2018-08-19
-1406128,772621,1,1,1,0,2018-08-19,2018-08-19
-1406128,772741,1,1,1,1,2019-04-20,2019-04-20
-1406128,772883,1,1,1,0,2019-04-27,2019-04-27
-1406128,772885,1,1,1,0,2019-04-27,2019-04-27
-1406127,772494,1,1,1,0,2018-04-12,2018-04-12
-1406127,772495,1,1,1,0,2018-04-12,2018-04-12
-1406127,772499,2,2,1,0,2018-06-05,2018-05-09
-1406127,772500,1,1,1,0,2018-06-05,2018-06-05
-1406127,772588,1,1,1,0,2018-07-04,2018-07-04
-1406127,772623,1,1,1,0,2018-03-24,2018-03-24
-1406127,772885,1,1,1,0,2019-05-04,2019-05-04
-1406127,772938,1,1,1,1,2019-04-08,2019-04-08
-1406127,773205,1,1,1,0,2017-12-01,2017-12-01
-1406126,771566,1,1,1,0,2017-04-15,2017-04-15
-1406126,772464,1,1,1,0,2019-04-03,2019-04-03
-1406126,772491,2,2,1,0,2018-04-12,2018-04-12
-1406126,772588,1,1,1,0,2018-05-15,2018-05-15
-1406126,772619,1,1,1,0,2018-08-19,2018-08-19
-1406126,773202,1,1,1,0,2019-05-27,2019-05-27
-1406125,771617,1,1,1,1,2019-07-06,2019-07-06
-1406125,772143,1,1,1,1,2019-04-29,2019-04-29
-1406125,772498,1,1,1,0,2018-04-12,2018-04-12
-1406125,773201,1,1,1,0,2019-05-27,2019-05-27
-1406124,771864,1,1,1,0,2018-04-30,2018-04-30
-1406124,772467,1,1,1,0,2018-04-12,2018-04-12
-1406124,772496,1,1,1,0,2018-06-05,2018-06-05
-1406124,772585,1,1,1,0,2018-07-12,2018-07-12
-1406124,772588,1,1,1,0,2018-06-07,2018-06-07
-1406124,773199,1,1,1,0,2019-05-27,2019-05-27
-1406123,771493,2,2,1,0,2019-04-28,2019-04-28
-1406123,771598,1,1,1,0,2018-09-15,2018-09-15
-1406123,771799,1,1,1,0,2019-05-13,2019-05-13
-1406123,772470,1,1,1,0,2018-06-07,2018-06-07
-1406123,772473,1,1,1,0,2019-06-04,2019-06-04
-1406123,772474,1,1,1,0,2017-07-20,2017-07-20
-1406123,772498,1,1,1,0,2018-07-13,2018-07-13
-1406123,772499,1,1,1,0,2018-05-14,2018-05-14
-1406123,772587,2,2,1,0,2018-05-15,2018-05-10
-1406123,772616,1,1,1,0,2018-11-02,2018-11-02
-1406123,772630,1,1,1,0,2018-04-01,2018-04-01
-1406123,772874,1,1,1,0,2019-04-27,2019-04-27
-1406123,772875,1,1,1,0,2019-04-27,2019-04-27
-1406123,772876,2,2,1,0,2019-04-27,2019-04-27
-1406123,773310,1,1,1,0,2018-07-22,2018-07-22
-1406122,771649,1,1,1,0,2019-07-17,2019-07-17
-1406122,771844,1,1,1,0,2017-11-14,2017-11-14
-1406122,772063,1,1,1,0,2019-03-24,2019-03-24
-1406122,772140,1,1,1,0,2018-07-13,2018-07-13
-1406122,772474,1,1,1,0,2018-06-01,2018-06-01
-1406122,772478,1,1,1,0,2018-07-10,2018-07-10
-1406122,772501,1,1,1,0,2018-11-03,2018-11-03
-1406122,772588,1,1,1,0,2018-04-18,2018-04-18
-1406122,772623,1,1,1,0,2018-09-22,2018-09-22
-1406122,772874,1,1,1,0,2019-04-27,2019-04-27
-1406121,771493,2,2,1,0,2019-04-28,2019-04-28
-1406121,771844,3,2,2,0,2018-04-13,2017-09-10
-1406121,772141,1,1,1,1,2017-06-14,2017-06-14
-1406121,772497,1,1,1,0,2019-07-02,2019-07-02
-1406121,772500,1,1,1,0,2018-06-26,2018-06-26
-1406121,772588,1,1,1,0,2018-09-04,2018-09-04
-1406121,772621,1,1,1,0,2018-08-19,2018-08-19
-1406121,772873,1,1,1,0,2019-04-27,2019-04-27
-1406121,772875,1,1,1,0,2019-04-27,2019-04-27
-1406121,773655,1,1,1,1,2018-11-28,2018-11-28
-1406120,771510,1,1,1,0,2017-10-15,2017-10-15
-1406120,771601,2,2,1,0,2019-06-02,2019-06-02
-1406120,771800,1,1,1,1,2019-05-20,2019-05-20
-1406120,772019,1,1,1,1,2018-11-11,2018-11-11
-1406120,772477,2,2,1,1,2018-07-12,2018-06-02
-1406120,772479,1,1,1,0,2018-04-12,2018-04-12
-1406120,772587,1,1,1,0,2018-06-08,2018-06-08
-1406120,772588,1,1,1,0,2018-09-11,2018-09-11
-1406119,771798,1,1,1,1,2019-05-10,2019-05-10
-1406119,772133,1,1,1,0,2018-07-16,2018-07-16
-1406119,772134,3,3,1,0,2018-07-16,2018-07-16
-1406119,772135,2,2,1,0,2019-05-16,2018-12-15
-1406119,772137,1,1,1,0,2019-05-16,2019-05-16
-1406119,772138,1,1,1,0,2018-08-22,2018-08-22
-1406119,772139,1,1,1,0,2019-06-02,2019-06-02
-1406119,772141,1,1,1,0,2018-08-13,2018-08-13
-1406119,772497,1,1,1,0,2018-06-18,2018-06-18
-1406119,772499,1,1,1,0,2018-11-03,2018-11-03
-1406119,772512,1,1,1,0,2017-07-20,2017-07-20
-1406119,772515,1,1,1,0,2019-04-16,2019-04-16
-1406119,772587,1,1,1,0,2018-09-23,2018-09-23
-1406119,772589,2,2,1,0,2018-06-17,2018-05-18
-1406119,772661,1,1,1,1,2019-04-28,2019-04-28
-1406118,771844,1,1,1,0,2017-07-22,2017-07-22
-1406118,772063,1,1,1,0,2019-03-24,2019-03-24
-1406118,772134,4,4,1,0,2018-07-16,2018-07-16
-1406118,772291,1,1,1,1,2019-05-04,2019-05-04
-1406118,772516,1,1,1,0,2017-07-20,2017-07-20
-1406118,772586,1,1,1,0,2018-06-19,2018-06-19
-1406118,772873,1,1,1,0,2019-04-27,2019-04-27
-1406118,773008,1,1,1,0,2019-05-23,2019-05-23
-1406117,770770,1,1,1,0,2016-07-18,2016-07-18
-1406117,771493,1,1,1,0,2019-04-28,2019-04-28
-1406117,772133,2,2,1,0,2019-05-14,2018-12-14
-1406117,772312,1,1,1,0,2019-07-14,2019-07-14
-1406117,772498,1,1,1,0,2017-07-20,2017-07-20
-1406117,772587,1,1,1,1,2018-05-15,2018-05-15
-1406117,772588,1,1,1,0,2018-06-16,2018-06-16
-1406117,772612,2,2,1,0,2018-04-22,2018-04-22
-1406117,772964,1,1,1,1,2018-10-07,2018-10-07
-1406116,771845,1,1,1,0,2017-09-11,2017-09-11
-1406116,771863,1,1,1,0,2018-04-30,2018-04-30
-1406116,772134,1,1,1,0,2018-07-16,2018-07-16
-1406116,772490,1,1,1,0,2018-05-14,2018-05-14
-1406116,772497,1,1,1,0,2019-04-10,2019-04-10
-1406116,772498,1,1,1,0,2018-04-21,2018-04-21
-1406116,772514,1,1,1,0,2018-09-01,2018-09-01
-1406116,772584,1,1,1,0,2018-09-06,2018-09-06
-1406116,772587,1,1,1,0,2018-07-11,2018-07-11
-1406116,772588,3,3,1,0,2018-07-04,2018-04-24
-1406116,772966,1,1,1,1,2018-10-07,2018-10-07
-1406116,773187,1,1,1,0,2017-12-01,2017-12-01
-1406115,771843,1,1,1,0,2017-09-11,2017-09-11
-1406115,772083,1,1,1,0,2017-06-20,2017-06-20
-1406115,772132,1,1,1,0,2018-07-16,2018-07-16
-1406115,772133,1,1,1,0,2018-07-16,2018-07-16
-1406115,772168,1,1,1,0,2017-06-20,2017-06-20
-1406115,772229,1,1,1,0,2017-06-20,2017-06-20
-1406115,772492,1,1,1,0,2018-06-18,2018-06-18
-1406115,772496,1,1,1,0,2019-07-17,2019-07-17
-1406115,772497,1,1,1,0,2018-04-21,2018-04-21
-1406115,772582,1,1,1,0,2018-04-18,2018-04-18
-1406115,772588,1,1,1,0,2018-05-19,2018-05-19
-1406115,772605,1,1,1,0,2018-05-11,2018-05-11
-1406115,772636,1,1,1,0,2018-05-11,2018-05-11
-1406115,772656,1,1,1,0,2018-05-11,2018-05-11
-1406115,773435,1,1,1,0,2017-08-03,2017-08-03
-1406115,774373,1,1,1,1,2018-10-21,2018-10-21
-1406114,771830,1,1,1,0,2018-04-20,2018-04-20
-1406114,771929,1,1,1,1,2019-07-23,2019-07-23
-1406114,772155,1,1,1,0,2017-06-20,2017-06-20
-1406114,772317,1,1,1,0,2018-08-04,2018-08-04
-1406114,772495,1,1,1,0,2018-06-05,2018-06-05
-1406114,772496,1,1,1,0,2018-06-01,2018-06-01
-1406114,772497,1,1,1,0,2018-06-05,2018-06-05
-1406114,772528,1,1,1,0,2017-07-20,2017-07-20
-1406114,772587,1,1,1,0,2018-04-20,2018-04-20
-1406114,773006,1,1,1,0,2019-05-23,2019-05-23
-1406114,773297,1,1,1,0,2018-07-22,2018-07-22
-1406114,773302,1,1,1,0,2019-05-27,2019-05-27
-1406113,770703,1,1,1,0,2019-07-16,2019-07-16
-1406113,771832,1,1,1,0,2018-04-20,2018-04-20
-1406113,771843,1,1,1,0,2017-08-09,2017-08-09
-1406113,772123,1,1,1,0,2017-11-02,2017-11-02
-1406113,772174,1,1,1,1,2018-06-22,2018-06-22
-1406113,772495,1,1,1,0,2018-07-13,2018-07-13
-1406113,772496,1,1,1,0,2018-07-10,2018-07-10
-1406113,772577,1,1,1,0,2018-04-19,2018-04-19
-1406113,772582,1,1,1,0,2018-05-20,2018-05-20
-1406113,772585,1,1,1,0,2018-05-15,2018-05-15
-1406113,773302,1,1,1,0,2019-05-27,2019-05-27
-1406112,770704,1,1,1,0,2019-07-16,2019-07-16
-1406112,771492,1,1,1,0,2019-04-28,2019-04-28
-1406112,771762,1,1,1,1,2018-09-13,2018-09-13
-1406112,771995,1,1,1,0,2017-08-20,2017-08-20
-1406112,772078,1,1,1,0,2017-08-20,2017-08-20
-1406112,772080,1,1,1,0,2018-10-13,2018-10-13
-1406112,772084,1,1,1,1,2019-04-06,2019-04-06
-1406112,772118,1,1,1,0,2017-09-27,2017-09-27
-1406112,772576,1,1,1,0,2018-04-29,2018-04-29
-1406112,772582,1,1,1,1,2018-04-19,2018-04-19
-1406112,772584,1,1,1,0,2018-04-23,2018-04-23
-1406112,772846,1,1,1,0,2019-04-26,2019-04-26
-1406112,773451,1,1,1,0,2019-03-24,2019-03-24
-1406111,770651,1,1,1,0,2019-07-16,2019-07-16
-1406111,770702,1,1,1,0,2019-07-16,2019-07-16
-1406111,770703,1,1,1,1,2019-07-16,2019-07-16
-1406111,770706,1,1,1,1,2019-07-16,2019-07-16
-1406111,771491,2,2,1,0,2019-04-28,2019-04-28
-1406111,772078,1,1,1,1,2019-04-06,2019-04-06
-1406111,772081,1,1,1,0,2018-10-13,2018-10-13
-1406111,772092,2,2,1,2,2019-04-06,2019-04-06
-1406111,772559,1,1,1,0,2018-05-05,2018-05-05
-1406111,772577,1,1,1,0,2018-04-19,2018-04-19
-1406111,772579,2,2,1,0,2018-06-04,2018-05-26
-1406111,772581,1,1,1,0,2018-04-18,2018-04-18
-1406111,772583,1,1,1,0,2018-05-10,2018-05-10
-1406111,772638,1,1,1,0,2016-06-04,2016-06-04
-1406111,772847,1,1,1,0,2019-04-26,2019-04-26
-1406111,772848,1,1,1,0,2019-04-26,2019-04-26
-1406110,770700,1,1,1,0,2019-07-16,2019-07-16
-1406110,770705,1,1,1,1,2019-07-16,2019-07-16
-1406110,771560,1,1,1,0,2018-04-27,2018-04-27
-1406110,772587,1,1,1,0,2018-05-29,2018-05-29
-1406110,772848,1,1,1,0,2019-04-26,2019-04-26
-1406110,772851,1,1,1,0,2019-04-26,2019-04-26
-1406110,772875,1,1,1,0,2019-03-28,2019-03-28
-1406110,773307,1,1,1,0,2018-09-02,2018-09-02
-1406109,772209,1,1,1,1,2018-06-23,2018-06-23
-1406109,772872,1,1,1,0,2019-02-20,2019-02-20
-1406109,773177,1,1,1,0,2019-05-27,2019-05-27
-1406108,770145,1,1,1,1,2018-01-29,2018-01-29
-1406108,770649,1,1,1,0,2019-07-16,2019-07-16
-1406108,771490,1,1,1,0,2019-04-28,2019-04-28
-1406108,771920,1,1,1,1,2019-05-17,2019-05-17
-1406108,772058,1,1,1,0,2017-08-20,2017-08-20
-1406108,772235,1,1,1,0,2017-06-20,2017-06-20
-1406108,772882,1,1,1,0,2019-04-16,2019-04-16
-1406108,773162,1,1,1,0,2017-12-01,2017-12-01
-1406108,774527,1,1,1,0,2016-04-30,2016-04-30
-1406107,770032,1,1,1,1,2016-07-05,2016-07-05
-1406107,770671,1,1,1,1,2019-07-26,2019-07-26
-1406107,771489,1,1,1,0,2019-04-28,2019-04-28
-1406107,772866,1,1,1,0,2019-03-28,2019-03-28
-1406107,772869,1,1,1,0,2019-02-20,2019-02-20
-1406107,772875,1,1,1,0,2019-04-16,2019-04-16
-1406107,772879,3,3,1,1,2019-04-16,2019-04-16
-1406107,772880,2,2,1,0,2019-04-16,2019-04-16
-1406107,772881,1,1,1,0,2019-04-16,2019-04-16
-1406107,773168,1,1,1,0,2017-08-11,2017-08-11
-1406107,773790,1,1,1,0,2016-07-18,2016-07-18
-1406106,771492,1,1,1,0,2019-04-28,2019-04-28
-1406106,771569,1,1,1,0,2017-04-15,2017-04-15
-1406106,771809,1,1,1,1,2017-11-21,2017-11-21
-1406106,772018,1,1,1,0,2017-01-05,2017-01-05
-1406106,772545,1,1,1,0,2017-07-20,2017-07-20
-1406106,772865,1,1,1,0,2019-03-28,2019-03-28
-1406106,773041,1,1,1,0,2017-06-02,2017-06-02
-1406106,773436,1,1,1,0,2017-08-03,2017-08-03
-1406105,770646,1,1,1,0,2019-07-16,2019-07-16
-1406105,771993,1,1,1,1,2018-12-01,2018-12-01
-1406105,772011,1,1,1,0,2019-04-28,2019-04-28
-1406105,772866,1,1,1,0,2017-05-26,2017-05-26
-1406105,773161,1,1,1,0,2018-10-02,2018-10-02
-1406105,773163,1,1,1,0,2018-10-02,2018-10-02
-1406104,772010,1,1,1,0,2019-04-28,2019-04-28
-1406104,772865,1,1,1,0,2019-04-16,2019-04-16
-1406104,772866,1,1,1,0,2019-05-30,2019-05-30
-1406104,773139,1,1,1,0,2018-04-18,2018-04-18
-1406103,771874,1,1,1,0,2017-03-19,2017-03-19
-1406103,772051,1,1,1,0,2019-04-14,2019-04-14
-1406103,772548,1,1,1,0,2018-06-14,2018-06-14
-1406103,772864,1,1,1,0,2019-04-27,2019-04-27
-1406102,771487,1,1,1,0,2019-04-28,2019-04-28
-1406102,772548,1,1,1,0,2018-06-14,2018-06-14
-1406102,772550,1,1,1,0,2018-05-07,2018-05-07
-1406102,772552,1,1,1,0,2017-07-20,2017-07-20
-1406102,772623,1,1,1,0,2018-05-08,2018-05-08
-1406101,771239,1,1,1,1,2019-02-21,2019-02-21
-1406101,771936,1,1,1,1,2019-03-19,2019-03-19
-1406101,772265,1,1,1,0,2018-08-26,2018-08-26
-1406101,773265,1,1,1,0,2018-08-24,2018-08-24
-1406100,770653,1,1,1,0,2019-07-16,2019-07-16
-1406100,772141,1,1,1,1,2018-07-16,2018-07-16
-1406100,773262,2,2,1,0,2019-05-27,2019-05-27
-1406099,770302,1,1,1,0,2019-06-12,2019-06-12
-1406099,772555,1,1,1,0,2018-05-23,2018-05-23
-1406099,772873,2,2,1,1,2019-04-27,2019-04-27
-1406099,773126,1,1,1,0,2018-04-18,2018-04-18
-1406099,773262,2,2,1,0,2019-05-27,2019-05-27
-1406098,771472,1,1,1,0,2019-04-28,2019-04-28
-1406098,771473,1,1,1,0,2019-04-28,2019-04-28
-1406098,771474,1,1,1,0,2019-04-28,2019-04-28
-1406098,771484,2,2,1,0,2019-04-28,2019-04-28
-1406098,771485,2,2,1,0,2019-04-28,2019-04-28
-1406098,771963,1,1,1,1,2017-10-12,2017-10-12
-1406098,772564,1,1,1,0,2018-05-21,2018-05-21
-1406098,772566,1,1,1,0,2018-04-21,2018-04-21
-1406098,772873,1,1,1,0,2019-04-27,2019-04-27
-1406098,772905,1,1,1,1,2017-09-21,2017-09-21
-1406097,771469,1,1,1,0,2019-04-28,2019-04-28
-1406097,771474,1,1,1,0,2019-04-28,2019-04-28
-1406097,771570,1,1,1,0,2019-06-01,2019-06-01
-1406097,771891,1,1,1,1,2018-05-21,2018-05-21
-1406097,772067,1,1,1,1,2019-04-12,2019-04-12
-1406097,773086,1,1,1,0,2017-02-10,2017-02-10
-1406097,773159,1,1,1,0,2017-08-11,2017-08-11
-1406096,772146,1,1,1,1,2019-04-29,2019-04-29
-1406096,773180,1,1,1,0,2018-07-22,2018-07-22
-1406096,773496,1,1,1,0,2018-07-20,2018-07-20
-1406095,771468,1,1,1,0,2019-04-28,2019-04-28
-1406095,771801,1,1,1,0,2016-05-07,2016-05-07
-1406095,772568,1,1,1,0,2018-05-21,2018-05-21
-1406095,772578,1,1,1,0,2018-05-08,2018-05-08
-1406095,773254,1,1,1,0,2018-11-01,2018-11-01
-1406094,770701,1,1,1,1,2019-05-15,2019-05-15
-1406094,771813,1,1,1,0,2019-05-27,2019-05-27
-1406094,771953,1,1,1,0,2019-05-18,2019-05-18
-1406094,772679,1,1,1,0,2019-05-16,2019-05-16
-1406094,773257,1,1,1,0,2019-05-27,2019-05-27
-1406093,770701,1,1,1,1,2019-05-20,2019-05-20
-1406093,772579,1,1,1,0,2018-05-08,2018-05-08
-1406093,772581,1,1,1,0,2018-05-08,2018-05-08
-1406092,771944,1,1,1,1,2018-09-08,2018-09-08
-1406092,772164,1,1,1,1,2018-06-30,2018-06-30
-1406092,772582,3,3,1,0,2018-05-08,2018-05-08
-1406092,773158,1,1,1,0,2017-08-11,2017-08-11
-1406092,773240,1,1,1,0,2019-05-27,2019-05-27
-1406091,770700,1,1,1,1,2019-05-15,2019-05-15
-1406091,771892,1,1,1,1,2019-05-19,2019-05-19
-1406091,772114,1,1,1,0,2017-10-12,2017-10-12
-1406091,772582,2,2,1,0,2018-05-08,2018-05-08
-1406091,772583,2,2,1,0,2018-05-08,2018-05-08
-1406091,772585,1,1,1,0,2018-05-08,2018-05-08
-1406091,773046,1,1,1,0,2018-02-21,2018-02-21
-1406091,773158,1,1,1,0,2017-08-11,2017-08-11
-1406090,770373,1,1,1,1,2019-06-27,2019-06-27
-1406090,772049,1,1,1,0,2018-07-29,2018-07-29
-1406090,772581,1,1,1,0,2017-07-20,2017-07-20
-1406090,772584,1,1,1,0,2018-06-14,2018-06-14
-1406090,773041,1,1,1,0,2018-01-31,2018-01-31
-1406090,773496,2,2,2,1,2018-08-25,2018-08-25
-1406090,773497,3,3,3,0,2018-08-25,2018-08-25
-1406089,771512,1,1,1,0,2017-10-15,2017-10-15
-1406089,772586,1,1,1,0,2018-06-14,2018-06-14
-1406089,773494,1,1,1,0,2018-08-25,2018-08-25
-1406089,773495,2,2,2,1,2018-08-25,2018-08-25
-1406089,773496,1,1,1,0,2018-08-25,2018-08-25
-1406089,773497,1,1,1,0,2018-08-25,2018-08-25
-1406088,772589,1,1,1,0,2017-07-20,2017-07-20
-1406088,773495,1,1,1,0,2018-08-25,2018-08-25
-1406087,771825,1,1,1,1,2019-05-07,2019-05-07
-1406087,771828,1,1,1,0,2019-05-06,2019-05-06
-1406087,771882,1,1,1,0,2018-08-08,2018-08-08
-1406087,771944,1,1,1,1,2019-03-19,2019-03-19
-1406087,773157,1,1,1,0,2019-05-27,2019-05-27
-1406087,773226,1,1,1,0,2018-07-22,2018-07-22
-1406087,773494,1,1,1,0,2018-08-25,2018-08-25
-1406086,771827,1,1,1,0,2019-05-07,2019-05-07
-1406086,771828,1,1,1,1,2019-05-06,2019-05-06
-1406086,772180,1,1,1,1,2018-09-17,2018-09-17
-1406085,771465,1,1,1,0,2019-04-28,2019-04-28
-1406085,771467,1,1,1,0,2019-04-28,2019-04-28
-1406085,771828,1,1,1,0,2019-05-07,2019-05-07
-1406085,771939,1,1,1,1,2019-04-28,2019-04-28
-1406085,772386,1,1,1,1,2019-06-15,2019-06-15
-1406085,773110,1,1,1,0,2018-05-04,2018-05-04
-1406085,773500,1,1,1,0,2018-08-25,2018-08-25
-1406084,770658,1,1,1,1,2017-10-10,2017-10-10
-1406084,771475,1,1,1,0,2018-08-20,2018-08-20
-1406084,771556,1,1,1,0,2017-04-15,2017-04-15
-1406084,773283,1,1,1,1,2018-04-14,2018-04-14
-1406083,772598,1,1,1,1,2018-11-18,2018-11-18
-1406083,772601,1,1,1,0,2017-07-20,2017-07-20
-1406083,773152,1,1,1,0,2019-05-26,2019-05-26
-1406083,773153,1,1,1,0,2017-08-11,2017-08-11
-1406082,772601,1,1,1,0,2019-06-04,2019-06-04
-1406082,772848,1,1,1,0,2019-05-24,2019-05-24
-1406082,773144,1,1,1,0,2017-12-01,2017-12-01
-1406082,773152,1,1,1,0,2018-07-02,2018-07-02
-1406081,772603,1,1,1,0,2017-07-20,2017-07-20
-1406081,773066,1,1,1,0,2018-02-21,2018-02-21
-1406081,773158,1,1,1,0,2018-06-30,2018-06-30
-1406080,771799,1,1,1,0,2016-05-07,2016-05-07
-1406080,772870,1,1,1,1,2019-04-28,2019-04-28
-1406080,773247,1,1,1,0,2018-04-14,2018-04-14
-1406080,773441,1,1,1,0,2017-08-03,2017-08-03
-1406080,773445,1,1,1,0,2017-08-03,2017-08-03
-1406078,773439,1,1,1,0,2017-08-03,2017-08-03
-1406078,773443,1,1,1,0,2017-08-03,2017-08-03
-1406077,770704,1,1,1,0,2019-07-16,2019-07-16
-1406077,771940,1,1,1,1,2019-03-19,2019-03-19
-1406077,772872,1,1,1,0,2019-04-28,2019-04-28
-1406077,773166,1,1,1,0,2019-07-12,2019-07-12
-1406077,773202,1,1,1,0,2019-05-27,2019-05-27
-1406077,773348,1,1,1,1,2019-05-19,2019-05-19
-1406076,770689,1,1,1,1,2017-09-21,2017-09-21
-1406076,772616,1,1,1,0,2019-06-09,2019-06-09
-1406076,773151,1,1,1,0,2018-06-09,2018-06-09
-1406076,773161,1,1,1,0,2019-04-29,2019-04-29
-1406076,773434,1,1,1,0,2018-04-28,2018-04-28
-1406076,773435,1,1,1,0,2018-04-28,2018-04-28
-1406075,769916,1,1,1,1,2018-07-22,2018-07-22
-1406075,772153,1,1,1,1,2018-11-04,2018-11-04
-1406075,772619,1,1,1,0,2017-07-20,2017-07-20
-1406075,773430,1,1,1,0,2018-04-28,2018-04-28
-1406075,773434,1,1,1,0,2018-04-28,2018-04-28
-1406074,772007,1,1,1,1,2019-07-19,2019-07-19
-1406074,773149,1,1,1,0,2017-08-11,2017-08-11
-1406073,773015,1,1,1,0,2017-04-26,2017-04-26
-1406073,773021,1,1,1,0,2017-05-03,2017-05-03
-1406073,773066,1,1,1,0,2018-02-21,2018-02-21
-1406073,773150,1,1,1,0,2017-08-11,2017-08-11
-1406073,773162,1,1,1,0,2019-07-06,2019-07-06
-1406073,773174,1,1,1,0,2019-07-12,2019-07-12
-1406073,773437,1,1,1,0,2018-04-28,2018-04-28
-1406072,771562,1,1,1,0,2018-06-25,2018-06-25
-1406072,773188,1,1,1,0,2019-05-27,2019-05-27
-1406072,773425,1,1,1,0,2019-04-27,2019-04-27
-1406071,772848,1,1,1,0,2019-04-28,2019-04-28
-1406071,773008,2,2,1,0,2017-05-03,2017-04-29
-1406071,773432,1,1,1,0,2018-04-28,2018-04-28
-1406071,773433,1,1,1,0,2018-04-28,2018-04-28
-1406071,774538,1,1,1,0,2019-07-09,2019-07-09
-1406070,771561,2,2,1,0,2019-06-01,2019-06-01
-1406070,772629,1,1,1,0,2018-10-21,2018-10-21
-1406070,772871,1,1,1,0,2019-07-13,2019-07-13
-1406070,773005,1,1,1,0,2017-04-26,2017-04-26
-1406070,773150,1,1,1,0,2018-06-16,2018-06-16
-1406070,773157,1,1,1,0,2018-06-02,2018-06-02
-1406070,773427,1,1,1,0,2018-04-28,2018-04-28
-1406070,773428,3,3,2,0,2018-04-28,2018-04-28
-1406070,773430,1,1,1,0,2018-04-28,2018-04-28
-1406070,773431,2,2,1,0,2018-04-28,2018-04-28
-1406070,773432,1,1,1,0,2018-04-28,2018-04-28
-1406070,773435,1,1,1,0,2018-04-28,2018-04-28
-1406070,773436,1,1,1,0,2018-04-28,2018-04-28
-1406070,773440,1,1,1,0,2017-08-03,2017-08-03
-1406070,773484,1,1,1,0,2019-04-03,2019-04-03
-1406070,773521,1,1,1,0,2018-12-23,2018-12-23
-1406069,772227,1,1,1,1,2017-09-23,2017-09-23
-1406069,772847,1,1,1,0,2019-04-28,2019-04-28
-1406069,773007,1,1,1,0,2017-05-03,2017-05-03
-1406069,773154,1,1,1,1,2018-09-07,2018-09-07
-1406069,773157,1,1,1,0,2018-06-02,2018-06-02
-1406069,773163,1,1,1,0,2018-07-22,2018-07-22
-1406069,773431,2,2,2,0,2018-04-28,2018-04-28
-1406069,773433,1,1,1,0,2018-04-28,2018-04-28
-1406069,773435,1,1,1,0,2018-04-28,2018-04-28
-1406069,773436,1,1,1,0,2018-04-28,2018-04-28
-1406069,773438,1,1,1,0,2018-04-28,2018-04-28
-1406069,773439,2,2,1,0,2018-04-28,2018-04-28
-1406068,772329,1,1,1,0,2019-04-27,2019-04-27
-1406068,772767,1,1,1,0,2019-07-17,2019-07-17
-1406068,773021,1,1,1,1,2019-04-26,2019-04-26
-1406068,773026,1,1,1,0,2017-04-26,2017-04-26
-1406068,773151,1,1,1,0,2018-05-07,2018-05-07
-1406068,773155,1,1,1,0,2018-09-07,2018-09-07
-1406068,773177,1,1,1,0,2019-05-27,2019-05-27
-1406068,773424,1,1,1,0,2018-04-28,2018-04-28
-1406068,773425,1,1,1,0,2018-04-28,2018-04-28
-1406068,773427,1,1,1,0,2018-04-28,2018-04-28
-1406068,773428,1,1,1,0,2018-04-28,2018-04-28
-1406068,773429,1,1,1,0,2018-04-28,2018-04-28
-1406068,773432,1,1,1,0,2018-04-28,2018-04-28
-1406068,773433,3,3,2,0,2018-04-28,2018-04-28
-1406068,773435,1,1,1,0,2018-04-28,2018-04-28
-1406068,773436,1,1,1,0,2018-04-28,2018-04-28
-1406067,771840,1,1,1,0,2018-07-19,2018-07-19
-1406067,772635,1,1,1,0,2018-10-21,2018-10-21
-1406067,772637,1,1,1,0,2018-10-21,2018-10-21
-1406067,773021,1,1,1,0,2017-06-23,2017-06-23
-1406067,773425,2,2,1,0,2018-04-28,2018-04-28
-1406067,773426,4,3,2,0,2018-04-28,2018-04-28
-1406067,773427,1,1,1,0,2018-04-28,2018-04-28
-1406067,773431,2,2,2,0,2018-04-28,2018-04-28
-1406067,773436,1,1,1,0,2018-04-28,2018-04-28
-1406067,773437,1,1,1,0,2018-04-28,2018-04-28
-1406066,771937,1,1,1,1,2019-04-28,2019-04-28
-1406066,772640,1,1,1,0,2018-10-21,2018-10-21
-1406066,772641,1,1,1,0,2017-07-20,2017-07-20
-1406066,772655,1,1,1,0,2018-05-06,2018-05-06
-1406066,773059,1,1,1,0,2018-02-21,2018-02-21
-1406066,773426,2,2,1,0,2018-04-28,2018-04-28
-1406066,773427,1,1,1,0,2018-04-28,2018-04-28
-1406066,773429,1,1,1,0,2018-04-28,2018-04-28
-1406066,773431,1,1,1,0,2018-04-28,2018-04-28
-1406066,773432,1,1,1,0,2018-04-28,2018-04-28
-1406066,773434,1,1,1,0,2018-04-28,2018-04-28
-1406066,773438,2,2,2,0,2018-04-28,2018-04-28
-1406065,771800,1,1,1,0,2016-05-07,2016-05-07
-1406065,772227,1,1,1,0,2019-07-03,2019-07-03
-1406065,772645,1,1,1,0,2019-06-14,2019-06-14
-1406065,772686,1,1,1,0,2017-11-03,2017-11-03
-1406065,773005,1,1,1,0,2017-04-26,2017-04-26
-1406065,773102,1,1,1,0,2017-08-11,2017-08-11
-1406065,773154,1,1,1,0,2016-07-02,2016-07-02
-1406065,773426,2,2,2,0,2018-04-28,2018-04-28
-1406065,773430,2,2,2,0,2018-04-28,2018-04-28
-1406064,771657,1,1,1,0,2018-08-18,2018-08-18
-1406064,772209,1,1,1,0,2018-05-03,2018-05-03
-1406064,772645,2,2,1,0,2018-05-17,2018-05-17
-1406064,772846,1,1,1,0,2019-05-29,2019-05-29
-1406064,772871,1,1,1,0,2017-04-07,2017-04-07
-1406064,773068,1,1,1,0,2018-02-21,2018-02-21
-1406064,773147,1,1,1,0,2018-05-07,2018-05-07
-1406064,773433,1,1,1,0,2018-04-28,2018-04-28
-1406064,773492,1,1,1,0,2019-03-24,2019-03-24
-1406063,771968,1,1,1,1,2018-08-11,2018-08-11
-1406063,772644,1,1,1,0,2018-05-17,2018-05-17
-1406063,772648,1,1,1,0,2019-04-16,2019-04-16
-1406063,773144,1,1,1,0,2016-11-04,2016-11-04
-1406063,773164,1,1,1,0,2018-06-09,2018-06-09
-1406063,773165,3,3,1,0,2019-05-27,2019-05-27
-1406063,773433,1,1,1,0,2018-04-28,2018-04-28
-1406062,771561,1,1,1,0,2019-06-01,2019-06-01
-1406062,771633,1,1,1,0,2019-07-17,2019-07-17
-1406062,771764,1,1,1,0,2017-08-24,2017-08-24
-1406062,773001,1,1,1,1,2019-04-26,2019-04-26
-1406062,773003,1,1,1,0,2017-04-26,2017-04-26
-1406062,773025,1,1,1,0,2017-04-19,2017-04-19
-1406062,773148,1,1,1,0,2018-09-15,2018-09-15
-1406062,773163,1,1,1,0,2019-05-27,2019-05-27
-1406062,773433,1,1,1,0,2018-04-28,2018-04-28
-1406061,770626,1,1,1,0,2018-09-28,2018-09-28
-1406061,772652,1,1,1,0,2018-05-17,2018-05-17
-1406061,772667,2,2,1,0,2018-09-22,2018-09-22
-1406061,773141,1,1,1,0,2017-08-11,2017-08-11
-1406061,773429,1,1,1,0,2018-04-28,2018-04-28
-1406060,772652,1,1,1,0,2018-10-21,2018-10-21
-1406060,772656,1,1,1,0,2017-07-20,2017-07-20
-1406060,773159,1,1,1,0,2018-06-09,2018-06-09
-1406060,773186,1,1,1,0,2018-04-14,2018-04-14
-1406060,773428,1,1,1,1,2018-04-28,2018-04-28
-1406060,773429,1,1,1,0,2018-04-28,2018-04-28
-1406060,773430,1,1,1,0,2018-04-28,2018-04-28
-1406059,773148,1,1,1,0,2018-09-07,2018-09-07
-1406059,773429,2,2,1,0,2018-04-28,2018-04-28
-1406059,773492,1,1,1,0,2019-03-24,2019-03-24
-1406058,770686,1,1,1,0,2019-03-29,2019-03-29
-1406058,771964,1,1,1,1,2017-03-09,2017-03-09
-1406058,772082,1,1,1,0,2018-11-13,2018-11-13
-1406058,772470,1,1,1,0,2019-06-05,2019-06-05
-1406058,772662,1,1,1,0,2019-05-03,2019-05-03
-1406058,773135,1,1,1,0,2018-05-07,2018-05-07
-1406058,773142,1,1,1,0,2018-09-01,2018-09-01
-1406058,773143,1,1,1,0,2018-09-07,2018-09-07
-1406058,773145,3,3,1,0,2018-09-07,2018-09-07
-1406058,773146,3,2,1,0,2018-09-07,2018-09-07
-1406058,773147,1,1,1,0,2018-09-07,2018-09-07
-1406058,773429,1,1,1,0,2018-04-28,2018-04-28
-1406057,771291,1,1,1,0,2017-03-25,2017-03-25
-1406057,773020,1,1,1,0,2017-06-23,2017-06-23
-1406057,773141,1,1,1,0,2017-08-11,2017-08-11
-1406057,773145,1,1,1,0,2018-09-07,2018-09-07
-1406057,773146,1,1,1,0,2018-09-01,2018-09-01
-1406057,773431,1,1,1,0,2018-04-28,2018-04-28
-1406056,772266,1,1,1,0,2019-07-03,2019-07-03
-1406056,772661,1,1,1,0,2019-06-14,2019-06-14
-1406056,772967,1,1,1,1,2019-05-09,2019-05-09
-1406056,773140,1,1,1,0,2017-08-11,2017-08-11
-1406056,773491,1,1,1,0,2019-03-24,2019-03-24
-1406056,773492,1,1,1,0,2019-03-24,2019-03-24
-1406055,771463,1,1,1,0,2019-04-16,2019-04-16
-1406055,772272,1,1,1,0,2018-09-30,2018-09-30
-1406055,772593,1,1,1,1,2017-04-15,2017-04-15
-1406055,772665,1,1,1,0,2018-05-17,2018-05-17
-1406055,772666,1,1,1,0,2017-07-20,2017-07-20
-1406055,773492,1,1,1,0,2019-03-24,2019-03-24
-1406054,772398,1,1,1,1,2017-09-23,2017-09-23
-1406054,772428,1,1,1,0,2019-04-27,2019-04-27
-1406054,772666,1,1,1,0,2018-05-17,2018-05-17
-1406054,773123,1,1,1,0,2018-06-02,2018-06-02
-1406054,773127,1,1,1,0,2017-08-11,2017-08-11
-1406054,773135,1,1,1,0,2018-09-07,2018-09-07
-1406054,773437,1,1,1,0,2017-08-03,2017-08-03
-1406054,773482,1,1,1,0,2019-04-13,2019-04-13
-1406054,773484,1,1,1,0,2019-04-13,2019-04-13
-1406053,771991,1,1,1,0,2019-04-24,2019-04-24
-1406053,771992,3,3,1,1,2019-05-07,2019-05-07
-1406053,773129,1,1,1,0,2018-06-02,2018-06-02
-1406053,773429,2,2,2,1,2018-04-28,2018-04-28
-1406053,773430,1,1,1,0,2018-04-28,2018-04-28
-1406053,773482,1,1,1,0,2019-04-13,2019-04-13
-1406053,773487,1,1,1,1,2018-03-30,2018-03-30
-1406053,773490,1,1,1,0,2019-04-13,2019-04-13
-1406052,771993,1,1,1,0,2018-09-30,2018-09-30
-1406052,772850,1,1,1,0,2018-06-06,2018-06-06
-1406052,773429,2,2,2,0,2018-04-28,2018-04-28
-1406051,771473,1,1,1,0,2019-04-28,2019-04-28
-1406051,771800,1,1,1,0,2016-05-07,2016-05-07
-1406051,772052,1,1,1,1,2019-05-04,2019-05-04
-1406051,772679,1,1,1,0,2018-12-06,2018-12-06
-1406051,773429,1,1,1,0,2018-04-28,2018-04-28
-1406051,773439,1,1,1,0,2017-08-03,2017-08-03
-1406050,771801,2,2,1,0,2016-05-07,2016-05-07
-1406050,772677,1,1,1,0,2017-07-20,2017-07-20
-1406050,772679,1,1,1,0,2018-05-17,2018-05-17
-1406050,773429,3,3,2,0,2018-04-28,2018-04-28
-1406049,772677,1,1,1,0,2018-05-17,2018-05-17
-1406049,773018,1,1,1,0,2018-02-28,2018-02-28
-1406049,773113,1,1,1,0,2018-12-01,2018-12-01
-1406049,773124,1,1,1,0,2018-12-01,2018-12-01
-1406049,773427,1,1,1,0,2018-04-28,2018-04-28
-1406049,773430,1,1,1,0,2018-04-28,2018-04-28
-1406048,771450,1,1,1,0,2018-05-22,2018-05-22
-1406048,771765,1,1,1,0,2017-08-24,2017-08-24
-1406048,772680,1,1,1,0,2019-04-16,2019-04-16
-1406048,772681,1,1,1,0,2018-05-17,2018-05-17
-1406048,772682,1,1,1,0,2017-07-20,2017-07-20
-1406048,772688,1,1,1,0,2018-03-22,2018-03-22
-1406048,772907,1,1,1,0,2019-06-26,2019-06-26
-1406048,773012,1,1,1,0,2017-07-07,2017-07-07
-1406048,773430,1,1,1,0,2018-04-28,2018-04-28
-1406047,771444,1,1,1,0,2019-04-16,2019-04-16
-1406047,772681,1,1,1,0,2018-05-17,2018-05-17
-1406047,772686,1,1,1,0,2018-05-06,2018-05-06
-1406047,772687,1,1,1,0,2018-05-17,2018-05-17
-1406047,772979,1,1,1,0,2018-03-30,2018-03-30
-1406047,773003,1,1,1,0,2017-06-23,2017-06-23
-1406047,773428,1,1,1,0,2018-04-28,2018-04-28
-1406046,771911,1,1,1,1,2019-07-18,2019-07-18
-1406046,772688,1,1,1,0,2018-05-06,2018-05-06
-1406046,773018,2,2,1,0,2017-07-07,2017-05-28
-1406046,773105,1,1,1,0,2018-09-07,2018-09-07
-1406045,770849,1,1,1,0,2019-07-17,2019-07-17
-1406045,771460,1,1,1,0,2017-04-15,2017-04-15
-1406045,773100,1,1,1,0,2019-05-26,2019-05-26
-1406045,773425,1,1,1,0,2018-04-28,2018-04-28
-1406044,770849,1,1,1,0,2019-07-17,2019-07-17
-1406044,770852,1,1,1,0,2019-07-24,2019-07-24
-1406044,771877,1,1,1,0,2019-06-14,2019-06-14
-1406044,772055,1,1,1,1,2018-04-21,2018-04-21
-1406044,772687,1,1,1,0,2018-03-30,2018-03-30
-1406044,772988,1,1,1,0,2017-07-14,2017-07-14
-1406044,773477,1,1,1,0,2018-09-02,2018-09-02
-1406043,772695,2,2,1,1,2018-05-17,2018-04-19
-1406043,773016,1,1,1,0,2018-02-21,2018-02-21
-1406043,773427,1,1,1,0,2018-04-28,2018-04-28
-1406042,772695,1,1,1,0,2018-11-18,2018-11-18
-1406042,772961,1,1,1,0,2017-06-23,2017-06-23
-1406042,773013,1,1,1,0,2017-04-05,2017-04-05
-1406042,773017,1,1,1,0,2018-04-27,2018-04-27
-1406042,773067,1,1,1,0,2019-05-26,2019-05-26
-1406042,773092,1,1,1,0,2019-05-26,2019-05-26
-1406042,773392,1,1,1,1,2019-04-27,2019-04-27
-1406041,772692,1,1,1,0,2018-05-17,2018-05-17
-1406041,772694,1,1,1,0,2018-05-17,2018-05-17
-1406041,773397,1,1,1,1,2019-04-27,2019-04-27
-1406040,772696,1,1,1,0,2017-07-20,2017-07-20
-1406040,772999,1,1,1,1,2019-04-26,2019-04-26
-1406039,771463,1,1,1,0,2019-04-28,2019-04-28
-1406039,772268,1,1,1,1,2019-07-03,2019-07-03
-1406039,773016,1,1,1,0,2017-01-13,2017-01-13
-1406039,773085,1,1,1,0,2018-09-07,2018-09-07
-1406038,773007,1,1,1,0,2017-03-31,2017-03-31
-1406038,774071,1,1,1,0,2019-06-20,2019-06-20
-1406037,771891,1,1,1,1,2017-03-05,2017-03-05
-1406037,772694,1,1,1,0,2018-05-17,2018-05-17
-1406037,772712,1,1,1,0,2017-07-20,2017-07-20
-1406037,773009,1,1,1,0,2017-04-28,2017-04-28
-1406037,773436,1,1,1,0,2018-04-28,2018-04-28
-1406036,772047,1,1,1,0,2019-04-28,2019-04-28
-1406036,772701,1,1,1,0,2018-05-17,2018-05-17
-1406036,772705,2,2,1,0,2018-05-17,2018-05-17
-1406036,772712,1,1,1,0,2018-03-22,2018-03-22
-1406036,772717,1,1,1,1,2018-03-22,2018-03-22
-1406035,771914,1,1,1,0,2017-09-22,2017-09-22
-1406035,772949,1,1,1,0,2017-04-05,2017-04-05
-1406035,772967,1,1,1,0,2017-01-06,2017-01-06
-1406035,772969,1,1,1,0,2019-05-29,2019-05-29
-1406035,773064,1,1,1,0,2018-09-07,2018-09-07
-1406034,771326,1,1,1,1,2017-09-11,2017-09-11
-1406034,771374,1,1,1,0,2017-08-14,2017-08-14
-1406034,771989,1,1,1,1,2017-06-10,2017-06-10
-1406034,772272,1,1,1,0,2019-07-03,2019-07-03
-1406034,772705,1,1,1,0,2019-05-22,2019-05-22
-1406034,772706,2,2,1,0,2018-05-17,2018-05-17
-1406034,772941,1,1,1,0,2017-06-02,2017-06-02
-1406034,772942,1,1,1,0,2017-06-02,2017-06-02
-1406034,772944,1,1,1,0,2017-09-28,2017-09-28
-1406034,772975,1,1,1,0,2017-05-08,2017-05-08
-1406034,772978,1,1,1,0,2017-06-23,2017-06-23
-1406034,773017,1,1,1,0,2017-10-20,2017-10-20
-1406033,771825,1,1,1,0,2016-04-26,2016-04-26
-1406033,772271,1,1,1,0,2019-07-03,2019-07-03
-1406033,772708,1,1,1,0,2019-05-22,2019-05-22
-1406033,772941,1,1,1,0,2017-06-02,2017-06-02
-1406032,771522,1,1,1,0,2019-06-30,2019-06-30
-1406032,772905,1,1,1,0,2017-09-24,2017-09-24
-1406032,772940,1,1,1,0,2017-10-02,2017-10-02
-1406032,772951,1,1,1,0,2017-11-27,2017-11-27
-1406032,772964,1,1,1,0,2017-04-05,2017-04-05
-1406032,773011,1,1,1,0,2017-03-15,2017-03-15
-1406032,773056,1,1,1,0,2018-06-02,2018-06-02
-1406031,771456,1,1,1,0,2018-03-14,2018-03-14
-1406031,771753,1,1,1,1,2016-04-27,2016-04-27
-1406031,771837,1,1,1,0,2018-05-04,2018-05-04
-1406031,772941,1,1,1,0,2017-10-02,2017-10-02
-1406031,773006,1,1,1,0,2017-04-14,2017-04-14
-1406031,773056,1,1,1,0,2018-09-07,2018-09-07
-1406030,772115,1,1,1,1,2018-03-21,2018-03-21
-1406030,772294,1,1,1,0,2018-04-21,2018-04-21
-1406030,772900,1,1,1,0,2017-05-08,2017-05-08
-1406030,772969,1,1,1,0,2018-04-30,2018-04-30
-1406030,773007,1,1,1,0,2019-04-26,2019-04-26
-1406030,773392,1,1,1,0,2018-05-27,2018-05-27
-1406030,773455,1,1,1,0,2019-07-18,2019-07-18
-1406029,771905,1,1,1,0,2017-04-30,2017-04-30
-1406029,772291,1,1,1,0,2018-04-21,2018-04-21
-1406029,772294,1,1,1,0,2018-04-21,2018-04-21
-1406029,772769,1,1,1,0,2019-07-11,2019-07-11
-1406029,772966,1,1,1,0,2017-01-06,2017-01-06
-1406029,772970,1,1,1,0,2017-06-02,2017-06-02
-1406029,773010,1,1,1,0,2017-04-26,2017-04-26
-1406029,773012,2,2,1,0,2018-04-25,2017-09-23
-1406029,773050,1,1,1,0,2018-06-02,2018-06-02
-1406029,773051,1,1,1,0,2019-05-26,2019-05-26
-1406029,773054,2,2,1,0,2018-09-07,2018-09-07
-1406029,773386,2,2,1,0,2018-06-01,2018-06-01
-1406029,773387,1,1,1,0,2018-05-20,2018-05-20
-1406028,772292,1,1,1,0,2018-04-21,2018-04-21
-1406028,772921,1,1,1,0,2019-06-12,2019-06-12
-1406028,772939,1,1,1,1,2017-03-01,2017-03-01
-1406028,773049,1,1,1,0,2018-06-09,2018-06-09
-1406028,773386,1,1,1,0,2018-05-20,2018-05-20
-1406027,771454,1,1,1,0,2019-04-28,2019-04-28
-1406027,771766,1,1,1,1,2019-06-04,2019-06-04
-1406027,771924,1,1,1,0,2017-06-10,2017-06-10
-1406027,773048,1,1,1,0,2018-05-04,2018-05-04
-1406026,771454,1,1,1,0,2019-04-28,2019-04-28
-1406026,771534,1,1,1,0,2019-06-18,2019-06-18
-1406026,772918,1,1,1,0,2019-03-20,2019-03-20
-1406026,772986,1,1,1,0,2017-10-25,2017-10-25
-1406026,773012,1,1,1,0,2017-06-23,2017-06-23
-1406026,773025,1,1,1,0,2017-12-01,2017-12-01
-1406026,773385,2,1,1,0,2018-06-01,2018-06-01
-1406025,771801,1,1,1,0,2016-05-07,2016-05-07
-1406025,771967,1,1,1,1,2017-08-03,2017-08-03
-1406025,772437,1,1,1,0,2017-03-24,2017-03-24
-1406025,772912,1,1,1,0,2019-03-15,2019-03-15
-1406025,773012,1,1,1,0,2017-04-28,2017-04-28
-1406025,773013,1,1,1,0,2017-02-15,2017-02-15
-1406025,773018,1,1,1,0,2018-08-11,2018-08-11
-1406025,773038,1,1,1,0,2018-06-09,2018-06-09
-1406024,769865,1,1,1,0,2017-09-04,2017-09-04
-1406024,771800,1,1,1,0,2016-05-07,2016-05-07
-1406024,772979,1,1,1,0,2019-07-07,2019-07-07
-1406024,773035,1,1,1,0,2018-09-15,2018-09-15
-1406024,773430,1,1,1,0,2018-04-28,2018-04-28
-1406023,770847,1,1,1,0,2018-11-02,2018-11-02
-1406023,771453,1,1,1,0,2019-04-28,2019-04-28
-1406023,772693,1,1,1,1,2018-04-14,2018-04-14
-1406023,772737,1,1,1,1,2018-08-05,2018-08-05
-1406023,772990,1,1,1,0,2017-05-03,2017-05-03
-1406023,773000,1,1,1,0,2017-01-13,2017-01-13
-1406023,773008,1,1,1,0,2017-03-01,2017-03-01
-1406023,773009,1,1,1,0,2017-01-11,2017-01-11
-1406023,773022,1,1,1,0,2018-10-25,2018-10-25
-1406023,773452,1,1,1,0,2019-07-18,2019-07-18
-1406022,771052,1,1,1,0,2018-08-02,2018-08-02
-1406022,771456,1,1,1,0,2018-04-01,2018-04-01
-1406022,772919,2,1,1,0,2019-06-12,2019-06-12
-1406022,772940,1,1,1,0,2017-06-13,2017-06-13
-1406022,772984,1,1,1,0,2017-05-03,2017-05-03
-1406022,773023,1,1,1,0,2018-06-16,2018-06-16
-1406021,772749,2,2,1,0,2018-05-07,2018-05-07
-1406021,772750,2,2,2,0,2019-04-24,2018-10-30
-1406021,772986,1,1,1,0,2017-05-03,2017-05-03
-1406021,773010,1,1,1,0,2017-04-28,2017-04-28
-1406021,773025,1,1,1,0,2019-05-26,2019-05-26
-1406021,773151,1,1,1,1,2018-10-02,2018-10-02
-1406020,771056,1,1,1,1,2018-08-02,2018-08-02
-1406019,771460,1,1,1,0,2019-04-28,2019-04-28
-1406019,771962,1,1,1,1,2016-04-26,2016-04-26
-1406019,772751,1,1,1,0,2018-09-22,2018-09-22
-1406019,772986,1,1,1,1,2017-05-08,2017-05-08
-1406019,772998,1,1,1,1,2018-06-02,2018-06-02
-1406019,773009,2,2,2,0,2019-04-26,2018-05-25
-1406019,773013,1,1,1,0,2017-01-13,2017-01-13
-1406019,773014,1,1,1,0,2017-09-01,2017-09-01
-1406019,773313,1,1,1,0,2018-04-14,2018-04-14
-1406018,771967,1,1,1,0,2016-04-26,2016-04-26
-1406018,772750,1,1,1,0,2018-09-22,2018-09-22
-1406018,772751,3,3,1,0,2018-09-22,2018-09-22
-1406018,772994,1,1,1,0,2018-06-02,2018-06-02
-1406017,772983,1,1,1,0,2017-10-10,2017-10-10
-1406017,772993,1,1,1,0,2018-06-02,2018-06-02
-1406017,773005,3,3,1,0,2017-06-23,2017-04-28
-1406016,772031,1,1,1,0,2018-05-08,2018-05-08
-1406016,772755,1,1,1,0,2018-09-22,2018-09-22
-1406016,772758,1,1,1,0,2018-09-22,2018-09-22
-1406016,772767,1,1,1,0,2018-11-18,2018-11-18
-1406016,772768,1,1,1,0,2018-11-18,2018-11-18
-1406016,773005,1,1,1,0,2017-04-14,2017-04-14
-1406016,773011,2,2,1,0,2017-06-23,2017-05-25
-1406015,771457,1,1,1,0,2018-08-23,2018-08-23
-1406015,771539,1,1,1,0,2017-11-17,2017-11-17
-1406015,772377,1,1,1,0,2018-09-05,2018-09-05
-1406015,772998,1,1,1,0,2018-09-15,2018-09-15
-1406015,773003,2,2,2,1,2019-06-25,2019-01-30
-1406014,771458,1,1,1,0,2018-08-23,2018-08-23
-1406014,771908,1,1,1,0,2018-09-24,2018-09-24
-1406014,772959,1,1,1,0,2019-05-14,2019-05-14
-1406014,773312,1,1,1,0,2018-04-14,2018-04-14
-1406014,774307,1,1,1,1,2018-01-15,2018-01-15
-1406013,772213,1,1,1,0,2019-02-24,2019-02-24
-1406013,772764,1,1,1,0,2018-09-22,2018-09-22
-1406013,772766,2,2,1,0,2018-09-22,2018-09-22
-1406013,772777,1,1,1,0,2019-04-24,2019-04-24
-1406013,772999,1,1,1,0,2017-03-31,2017-03-31
-1406013,773003,1,1,1,0,2018-09-07,2018-09-07
-1406013,773008,1,1,1,0,2017-03-29,2017-03-29
-1406012,771907,1,1,1,0,2016-05-07,2016-05-07
-1406012,772364,1,1,1,1,2019-03-29,2019-03-29
-1406012,772768,1,1,1,0,2018-09-22,2018-09-22
-1406012,772769,1,1,1,0,2018-09-22,2018-09-22
-1406012,772770,1,1,1,0,2018-09-22,2018-09-22
-1406012,772993,1,1,1,0,2017-11-01,2017-11-01
-1406012,773493,1,1,1,0,2019-06-07,2019-06-07
-1406011,771524,1,1,1,0,2017-09-22,2017-09-22
-1406011,772047,1,1,1,0,2017-06-02,2017-06-02
-1406011,772202,1,1,1,0,2017-06-02,2017-06-02
-1406011,772377,1,1,1,0,2018-09-05,2018-09-05
-1406011,772770,1,1,1,0,2018-05-02,2018-05-02
-1406011,772955,1,1,1,0,2017-08-24,2017-08-24
-1406010,771739,1,1,1,0,2019-05-23,2019-05-23
-1406010,772000,1,1,1,0,2017-05-28,2017-05-28
-1406010,772771,1,1,1,0,2018-09-22,2018-09-22
-1406010,772775,1,1,1,0,2018-09-22,2018-09-22
-1406010,772780,1,1,1,0,2018-09-22,2018-09-22
-1406010,772797,1,1,1,0,2018-08-18,2018-08-18
-1406010,772800,1,1,1,0,2018-09-08,2018-09-08
-1406010,772916,1,1,1,0,2019-07-17,2019-07-17
-1406010,772989,1,1,1,0,2019-06-20,2019-06-20
-1406009,771795,1,1,1,0,2017-06-02,2017-06-02
-1406009,772000,1,1,1,0,2017-05-28,2017-05-28
-1406009,772776,1,1,1,0,2018-09-22,2018-09-22
-1406009,772778,1,1,1,0,2018-09-22,2018-09-22
-1406009,772779,2,2,1,0,2018-09-22,2018-09-22
-1406008,771452,1,1,1,0,2018-04-01,2018-04-01
-1406008,772783,2,2,1,0,2018-09-22,2018-09-22
-1406008,772784,1,1,1,0,2018-09-22,2018-09-22
-1406008,772788,1,1,1,0,2018-09-22,2018-09-22
-1406008,772795,1,1,1,0,2018-09-22,2018-09-22
-1406008,772796,2,2,1,0,2018-09-22,2018-09-22
-1406007,772788,1,1,1,0,2018-09-22,2018-09-22
-1406007,772791,2,2,1,0,2018-09-22,2018-09-22
-1406007,772796,2,2,1,0,2018-09-22,2018-09-22
-1406006,772376,1,1,1,0,2018-09-05,2018-09-05
-1406006,772378,1,1,1,0,2018-09-05,2018-09-05
-1406006,772380,1,1,1,0,2018-09-05,2018-09-05
-1406006,772581,1,1,1,0,2017-11-03,2017-11-03
-1406006,772791,1,1,1,0,2018-09-22,2018-09-22
-1406006,772801,1,1,1,0,2018-09-22,2018-09-22
-1406006,772802,2,2,1,0,2018-09-22,2018-09-22
-1406006,772803,1,1,1,0,2018-09-22,2018-09-22
-1406005,772794,1,1,1,0,2018-09-22,2018-09-22
-1406005,772806,1,1,1,0,2018-09-22,2018-09-22
-1406005,772808,1,1,1,0,2018-09-22,2018-09-22
-1406005,772848,1,1,1,0,2018-09-22,2018-09-22
-1406005,772849,1,1,1,0,2018-09-22,2018-09-22
-1406005,772988,1,1,1,0,2018-05-30,2018-05-30
-1406005,772992,1,1,1,0,2019-06-24,2019-06-24
-1406005,773595,1,1,1,0,2017-04-15,2017-04-15
-1406004,771603,1,1,1,1,2019-03-20,2019-03-20
-1406004,772807,2,2,1,0,2018-09-22,2018-09-22
-1406004,772848,1,1,1,0,2018-09-22,2018-09-22
-1406004,773006,1,1,1,0,2018-09-07,2018-09-07
-1406003,772808,1,1,1,0,2018-09-22,2018-09-22
-1406003,772810,1,1,1,0,2018-09-22,2018-09-22
-1406003,772986,1,1,1,0,2017-09-01,2017-09-01
-1406002,771845,1,1,1,1,2018-04-28,2018-04-28
-1406002,772824,1,1,1,0,2018-09-22,2018-09-22
-1406002,772825,1,1,1,0,2018-09-22,2018-09-22
-1406002,773111,1,1,1,0,2018-09-16,2018-09-16
-1406001,770315,1,1,1,0,2018-04-01,2018-04-01
-1406001,772823,1,1,1,0,2018-09-22,2018-09-22
-1406001,772830,2,2,1,0,2018-09-22,2018-09-22
-1406001,772848,1,1,1,0,2018-09-22,2018-09-22
-1406001,773111,1,1,1,0,2018-09-15,2018-09-15
-1406001,773112,1,1,1,0,2018-09-15,2018-09-15
-1406000,772265,1,1,1,1,2018-08-18,2018-08-18
-1406000,772783,1,1,1,0,2017-10-04,2017-10-04
-1406000,772836,1,1,1,0,2018-09-22,2018-09-22
-1406000,772848,1,1,1,0,2018-09-22,2018-09-22
-1406000,773128,1,1,1,0,2018-09-22,2018-09-22
-1406000,773452,1,1,1,0,2018-04-28,2018-04-28
-1405999,771799,1,1,1,0,2017-06-02,2017-06-02
-1405999,771912,1,1,1,1,2019-04-18,2019-04-18
-1405998,772979,1,1,1,1,2019-04-07,2019-04-07
-1405998,773113,1,1,1,0,2018-09-16,2018-09-16
-1405997,769986,1,1,1,0,2019-07-14,2019-07-14
-1405997,772840,1,1,1,0,2018-09-22,2018-09-22
-1405995,771930,1,1,1,0,2018-07-28,2018-07-28
-1405994,771931,1,1,1,1,2019-06-22,2019-06-22
-1405994,772991,1,1,1,0,2017-09-13,2017-09-13
-1405993,771968,1,1,1,1,2016-04-26,2016-04-26
-1405993,772284,1,1,1,0,2016-08-08,2016-08-08
-1405993,773007,1,1,1,0,2018-03-29,2018-03-29
-1405992,772046,1,1,1,1,2017-06-03,2017-06-03
-1405992,773018,1,1,1,0,2018-09-11,2018-09-11
-1405991,773159,1,1,1,0,2019-07-08,2019-07-08
-1405990,772044,1,1,1,1,2019-04-04,2019-04-04
-1405989,771536,1,1,1,0,2017-11-28,2017-11-28
-1405989,771783,1,1,1,0,2016-05-24,2016-05-24
-1405989,771836,1,1,1,0,2019-07-25,2019-07-25
-1405989,772889,1,1,1,0,2019-04-24,2019-04-24
-1405989,772946,1,1,1,0,2018-09-01,2018-09-01
-1405989,773001,1,1,1,1,2019-03-27,2019-03-27
-1405989,773082,2,2,1,0,2019-04-26,2019-04-26
-1405989,773083,1,1,1,0,2019-04-26,2019-04-26
-1405989,773085,1,1,1,0,2019-04-26,2019-04-26
-1405988,771455,1,1,1,0,2019-06-07,2019-06-07
-1405988,771733,1,1,1,0,2018-05-06,2018-05-06
-1405988,771797,1,1,1,0,2016-05-07,2016-05-07
-1405988,771800,1,1,1,0,2016-05-07,2016-05-07
-1405988,771801,2,2,1,0,2016-05-07,2016-05-07
-1405988,771839,1,1,1,1,2019-06-29,2019-06-29
-1405988,772048,1,1,1,0,2017-06-03,2017-06-03
-1405988,773023,1,1,1,0,2017-04-21,2017-04-21
-1405988,773081,1,1,1,0,2018-06-02,2018-06-02
-1405988,773082,1,1,1,0,2019-04-26,2019-04-26
-1405988,773083,2,2,1,0,2019-04-26,2018-11-13
-1405988,773084,2,2,2,0,2019-04-26,2018-10-26
-1405988,773088,2,2,1,0,2019-04-26,2019-04-26
-1405987,772597,1,1,1,0,2017-11-03,2017-11-03
-1405987,772955,1,1,1,0,2017-06-16,2017-06-16
-1405987,773065,1,1,1,0,2018-07-28,2018-07-28
-1405987,773090,1,1,1,0,2019-03-18,2019-03-18
-1405987,773115,2,1,1,0,2018-07-28,2018-07-24
-1405987,773118,2,2,1,0,2018-09-01,2018-07-20
-1405987,773119,2,2,1,0,2019-04-26,2019-01-15
-1405987,773120,1,1,1,0,2018-09-14,2018-09-14
-1405986,771309,1,1,1,0,2019-05-11,2019-05-11
-1405986,772015,1,1,1,0,2019-04-04,2019-04-04
-1405986,772592,1,1,1,0,2017-11-03,2017-11-03
-1405986,773025,1,1,1,0,2017-05-08,2017-05-08
-1405986,773026,1,1,1,0,2017-05-10,2017-05-10
-1405986,773086,1,1,1,1,2018-05-30,2018-05-30
-1405986,773115,2,2,1,0,2019-04-26,2018-12-14
-1405986,773116,2,2,1,0,2018-09-06,2018-07-07
-1405986,773117,3,3,1,0,2019-07-07,2019-04-26
-1405986,773118,5,5,1,0,2019-05-25,2018-10-07
-1405986,773119,2,2,1,0,2018-09-05,2018-09-03
-1405986,773120,2,2,1,0,2018-11-17,2018-10-28
-1405985,772551,1,1,1,1,2017-09-28,2017-09-28
-1405985,773115,2,2,1,0,2018-07-22,2018-07-05
-1405985,773116,5,5,1,1,2018-09-05,2018-07-28
-1405985,773117,7,6,1,0,2019-06-01,2018-08-18
-1405985,773118,17,15,1,3,2019-07-22,2018-09-22
-1405985,773119,9,9,1,5,2019-07-21,2018-09-08
-1405985,773120,8,8,1,0,2018-09-18,2018-09-07
-1405985,773121,1,1,1,0,2018-08-15,2018-08-15
-1405984,771386,1,1,1,1,2019-04-29,2019-04-29
-1405984,771458,1,1,1,0,2018-04-01,2018-04-01
-1405984,773103,1,1,1,0,2018-05-01,2018-05-01
-1405984,773115,1,1,1,0,2018-09-06,2018-09-06
-1405984,773116,5,5,1,1,2019-06-23,2018-09-06
-1405984,773117,13,12,1,2,2019-06-23,2018-09-01
-1405984,773118,31,28,1,4,2019-07-21,2019-06-23
-1405984,773119,22,22,1,2,2019-07-21,2018-09-26
-1405984,773120,2,2,1,1,2018-06-18,2018-06-01
-1405984,773122,1,1,1,0,2019-04-26,2019-04-26
-1405983,771933,1,1,1,1,2019-04-28,2019-04-28
-1405983,772932,1,1,1,0,2018-10-23,2018-10-23
-1405983,772943,2,2,1,0,2018-09-01,2018-09-01
-1405983,773063,1,1,1,1,2019-06-03,2019-06-03
-1405983,773086,1,1,1,0,2019-04-28,2019-04-28
-1405983,773107,1,1,1,0,2018-08-04,2018-08-04
-1405983,773116,2,2,1,0,2018-09-08,2018-07-04
-1405983,773117,12,10,1,4,2019-04-26,2018-08-26
-1405983,773118,17,15,1,3,2019-06-23,2018-09-05
-1405983,773119,15,14,1,5,2019-07-07,2018-09-11
-1405983,773120,4,4,1,0,2018-09-09,2018-08-24
-1405983,773540,1,1,1,0,2018-08-21,2018-08-21
-1405982,772156,2,1,1,2,2019-05-16,2019-05-16
-1405982,773028,1,1,1,0,2018-05-08,2018-05-08
-1405982,773030,1,1,1,0,2018-08-03,2018-08-03
-1405982,773116,1,1,1,0,2018-04-30,2018-04-30
-1405982,773117,3,3,1,0,2019-04-26,2018-08-17
-1405982,773118,6,6,1,0,2019-06-22,2018-09-22
-1405982,773119,6,6,1,1,2019-07-24,2018-08-23
-1405982,773120,1,1,1,0,2019-03-18,2019-03-18
-1405981,771456,1,1,1,0,2017-04-15,2017-04-15
-1405981,771835,2,2,1,0,2019-07-24,2019-07-04
-1405981,771938,1,1,1,0,2016-05-09,2016-05-09
-1405981,772215,1,1,1,0,2019-05-10,2019-05-10
-1405981,772942,1,1,1,0,2018-09-01,2018-09-01
-1405981,773084,1,1,1,0,2019-04-28,2019-04-28
-1405981,773099,1,1,1,0,2019-03-18,2019-03-18
-1405981,773112,1,1,1,0,2019-06-09,2019-06-09
-1405981,773115,2,2,1,0,2018-09-07,2018-08-21
-1405981,773116,1,1,1,0,2018-09-20,2018-09-20
-1405981,773117,3,2,1,1,2019-07-24,2018-09-09
-1405981,773118,1,1,1,0,2018-09-20,2018-09-20
-1405981,773119,2,2,1,0,2019-04-26,2019-04-26
-1405981,773120,1,1,1,0,2019-04-26,2019-04-26
-1405980,771795,1,1,1,0,2017-05-03,2017-05-03
-1405980,771838,1,1,1,0,2019-07-12,2019-07-12
-1405980,772143,1,1,1,1,2019-04-14,2019-04-14
-1405980,772932,1,1,1,0,2019-07-14,2019-07-14
-1405980,773027,1,1,1,0,2019-06-18,2019-06-18
-1405980,773086,1,1,1,0,2019-04-28,2019-04-28
-1405980,773114,1,1,1,0,2018-09-21,2018-09-21
-1405980,773115,2,2,1,0,2018-09-12,2018-09-09
-1405980,773118,2,2,1,0,2019-04-26,2018-12-28
-1405980,773123,1,1,1,0,2018-09-27,2018-09-27
-1405979,771853,1,1,1,0,2018-09-02,2018-09-02
-1405979,772020,1,1,1,1,2019-04-04,2019-04-04
-1405979,772620,1,1,1,0,2017-11-03,2017-11-03
-1405979,772934,1,1,1,0,2017-09-28,2017-09-28
-1405979,773022,1,1,1,0,2018-10-24,2018-10-24
-1405979,773028,1,1,1,0,2018-08-18,2018-08-18
-1405979,773031,1,1,1,0,2018-06-02,2018-06-02
-1405979,773113,1,1,1,0,2018-05-14,2018-05-14
-1405979,773114,3,1,1,1,2018-04-27,2018-04-22
-1405979,773115,1,1,1,0,2018-10-21,2018-10-21
-1405979,773116,3,3,1,1,2018-09-09,2018-09-07
-1405979,773117,3,3,1,1,2018-09-09,2018-07-29
-1405979,773118,1,1,1,0,2019-04-26,2019-04-26
-1405978,771462,1,1,1,0,2016-07-14,2016-07-14
-1405978,771833,1,1,1,0,2019-06-24,2019-06-24
-1405978,773114,1,1,1,0,2018-08-10,2018-08-10
-1405978,773117,1,1,1,0,2019-06-23,2019-06-23
-1405977,771802,1,1,1,1,2018-05-08,2018-05-08
-1405977,771939,1,1,1,1,2018-05-28,2018-05-28
-1405976,771097,1,1,1,0,2019-06-17,2019-06-17
-1405976,772938,1,1,1,0,2019-04-10,2019-04-10
-1405976,772968,1,1,1,0,2018-07-30,2018-07-30
-1405976,773114,1,1,1,1,2018-04-27,2018-04-27
-1405976,773115,1,1,1,0,2019-04-29,2019-04-29
-1405976,773116,1,1,1,0,2019-04-29,2019-04-29
-1405976,773120,1,1,1,0,2018-09-16,2018-09-16
-1405975,772168,1,1,1,1,2018-12-08,2018-12-08
-1405975,772686,1,1,1,0,2017-11-03,2017-11-03
-1405975,773111,1,1,1,1,2019-04-29,2019-04-29
-1405975,773117,1,1,1,0,2019-05-20,2019-05-20
-1405975,773125,1,1,1,0,2018-09-09,2018-09-09
-1405974,771905,1,1,1,1,2019-06-08,2019-06-08
-1405974,772071,1,1,1,1,2019-04-04,2019-04-04
-1405974,773025,1,1,1,0,2018-07-26,2018-07-26
-1405974,773117,1,1,1,0,2019-05-20,2019-05-20
-1405973,772046,1,1,1,1,2019-04-04,2019-04-04
-1405973,773042,1,1,1,0,2019-05-29,2019-05-29
-1405973,773114,1,1,1,0,2019-04-29,2019-04-29
-1405973,773121,2,2,1,2,2018-09-09,2018-09-09
-1405972,772111,1,1,1,1,2019-04-04,2019-04-04
-1405972,772388,1,1,1,1,2019-06-05,2019-06-05
-1405972,772964,1,1,1,0,2018-08-04,2018-08-04
-1405972,773125,1,1,1,0,2018-11-30,2018-11-30
-1405971,771617,1,1,1,1,2019-03-28,2019-03-28
-1405971,772911,1,1,1,1,2019-05-19,2019-05-19
-1405971,772964,1,1,1,0,2018-11-07,2018-11-07
-1405971,773168,1,1,1,1,2018-05-15,2018-05-15
-1405971,773220,1,1,1,0,2019-04-28,2019-04-28
-1405971,773327,1,1,1,1,2018-11-29,2018-11-29
-1405970,772994,1,1,1,0,2018-04-27,2018-04-27
-1405970,773039,1,1,1,0,2017-06-05,2017-06-05
-1405970,773121,1,1,1,1,2019-05-26,2019-05-26
-1405969,772104,1,1,1,1,2019-04-04,2019-04-04
-1405969,772131,1,1,1,1,2019-04-04,2019-04-04
-1405969,772729,1,1,1,1,2018-04-27,2018-04-27
-1405969,772937,1,1,1,0,2018-12-02,2018-12-02
-1405969,772974,1,1,1,0,2019-05-30,2019-05-30
-1405969,772983,1,1,1,0,2018-09-15,2018-09-15
-1405969,772994,1,1,1,0,2018-04-27,2018-04-27
-1405969,773044,1,1,1,0,2017-05-03,2017-05-03
-1405969,773045,1,1,1,0,2017-05-03,2017-05-03
-1405969,773105,1,1,1,0,2019-04-29,2019-04-29
-1405969,773110,1,1,1,1,2019-04-29,2019-04-29
-1405969,773178,1,1,1,1,2018-09-09,2018-09-09
-1405968,771789,2,2,1,2,2016-05-24,2016-05-24
-1405968,771984,1,1,1,0,2016-10-16,2016-10-16
-1405968,773057,1,1,1,0,2019-05-19,2019-05-19
-1405968,773121,1,1,1,0,2018-04-17,2018-04-17
-1405968,773122,1,1,1,0,2019-03-02,2019-03-02
-1405968,773189,1,1,1,1,2018-04-28,2018-04-28
-1405968,773200,1,1,1,0,2018-05-15,2018-05-15
-1405968,773207,1,1,1,1,2018-04-28,2018-04-28
-1405968,773822,1,1,1,1,2018-12-12,2018-12-12
-1405967,771904,1,1,1,0,2018-11-19,2018-11-19
-1405967,773071,1,1,1,1,2019-05-26,2019-05-26
-1405967,773173,1,1,1,1,2018-09-09,2018-09-09
-1405966,771878,1,1,1,1,2019-07-19,2019-07-19
-1405966,771941,1,1,1,1,2018-05-28,2018-05-28
-1405966,772103,1,1,1,0,2019-04-21,2019-04-21
-1405966,772236,1,1,1,1,2019-04-04,2019-04-04
-1405966,772988,1,1,1,0,2017-09-09,2017-09-09
-1405966,773057,1,1,1,0,2017-05-26,2017-05-26
-1405966,773058,1,1,1,0,2019-05-26,2019-05-26
-1405966,773060,1,1,1,0,2019-06-18,2019-06-18
-1405966,773128,1,1,1,0,2018-04-17,2018-04-17
-1405966,773130,1,1,1,0,2018-04-17,2018-04-17
-1405966,773172,1,1,1,0,2018-11-30,2018-11-30
-1405965,772058,1,1,1,0,2019-04-08,2019-04-08
-1405965,772412,1,1,1,1,2018-10-01,2018-10-01
-1405965,772901,1,1,1,0,2018-05-04,2018-05-04
-1405965,773056,1,1,1,0,2018-09-28,2018-09-28
-1405965,773057,1,1,1,0,2017-05-03,2017-05-03
-1405965,773127,1,1,1,0,2018-04-17,2018-04-17
-1405964,772925,1,1,1,0,2018-10-09,2018-10-09
-1405964,773064,1,1,1,0,2017-06-15,2017-06-15
-1405964,773120,1,1,1,0,2018-04-17,2018-04-17
-1405963,771942,1,1,1,1,2018-05-28,2018-05-28
-1405963,772141,1,1,1,1,2017-12-23,2017-12-23
-1405963,772903,1,1,1,1,2018-06-23,2018-06-23
-1405963,772925,1,1,1,0,2018-10-15,2018-10-15
-1405963,773065,2,2,1,0,2019-04-22,2018-05-19
-1405963,773108,1,1,1,0,2017-07-17,2017-07-17
-1405963,773129,1,1,1,1,2018-05-02,2018-05-02
-1405962,771464,1,1,1,0,2017-04-15,2017-04-15
-1405962,771465,1,1,1,0,2017-04-15,2017-04-15
-1405962,771929,1,1,1,0,2019-05-16,2019-05-16
-1405962,772101,1,1,1,0,2019-03-30,2019-03-30
-1405962,772236,1,1,1,1,2019-04-04,2019-04-04
-1405962,773009,1,1,1,0,2018-04-30,2018-04-30
-1405962,773013,1,1,1,0,2019-03-17,2019-03-17
-1405962,773132,1,1,1,1,2019-04-29,2019-04-29
-1405962,773171,1,1,1,1,2018-09-09,2018-09-09
-1405962,773209,1,1,1,1,2018-04-28,2018-04-28
-1405961,771392,1,1,1,0,2019-07-06,2019-07-06
-1405961,771739,1,1,1,0,2018-05-29,2018-05-29
-1405961,771833,1,1,1,1,2019-05-18,2019-05-18
-1405961,771942,1,1,1,0,2016-07-05,2016-07-05
-1405961,772187,1,1,1,0,2018-06-26,2018-06-26
-1405961,772399,1,1,1,1,2018-09-28,2018-09-28
-1405961,773134,1,1,1,0,2019-04-29,2019-04-29
-1405960,772476,1,1,1,0,2017-09-15,2017-09-15
-1405959,773070,1,1,1,1,2017-06-15,2017-06-15
-1405959,773080,1,1,1,0,2018-05-08,2018-05-08
-1405958,771464,1,1,1,0,2017-04-15,2017-04-15
-1405957,771809,1,1,1,1,2019-06-22,2019-06-22
-1405957,773080,1,1,1,1,2017-06-15,2017-06-15
-1405956,769864,1,1,1,0,2018-07-15,2018-07-15
-1405956,773077,1,1,1,0,2019-05-22,2019-05-22
-1405956,773100,1,1,1,0,2018-09-01,2018-09-01
-1405955,771304,1,1,1,0,2019-01-15,2019-01-15
-1405955,771875,1,1,1,1,2018-11-16,2018-11-16
-1405955,773161,1,1,1,0,2019-04-29,2019-04-29
-1405954,771765,1,1,1,0,2018-05-09,2018-05-09
-1405954,773127,1,1,1,0,2019-06-02,2019-06-02
-1405953,771705,1,1,1,1,2019-04-24,2019-04-24
-1405952,773085,1,1,1,0,2016-06-15,2016-06-15
-1405952,773086,1,1,1,0,2017-04-18,2017-04-18
-1405952,773198,1,1,1,0,2018-09-09,2018-09-09
-1405951,771846,1,1,1,1,2018-11-16,2018-11-16
-1405951,771877,1,1,1,1,2018-11-16,2018-11-16
-1405951,771961,1,1,1,0,2018-10-25,2018-10-25
-1405951,772112,1,1,1,1,2018-02-03,2018-02-03
-1405951,773135,1,1,1,0,2018-07-07,2018-07-07
-1405950,771960,1,1,1,1,2018-10-25,2018-10-25
-1405950,772111,1,1,1,0,2018-07-30,2018-07-30
-1405950,773086,1,1,1,0,2019-04-18,2019-04-18
-1405950,773125,1,1,1,0,2019-06-02,2019-06-02
-1405948,771571,1,1,1,0,2019-04-27,2019-04-27
-1405948,772003,1,1,1,1,2017-08-13,2017-08-13
-1405948,772943,1,1,1,1,2018-09-01,2018-09-01
-1405948,773090,1,1,1,0,2019-07-23,2019-07-23
-1405947,772192,1,1,1,0,2018-03-25,2018-03-25
-1405947,773125,1,1,1,0,2019-06-02,2019-06-02
-1405946,771560,3,3,1,0,2017-10-01,2017-10-01
-1405946,773094,1,1,1,0,2017-04-21,2017-04-21
-1405946,773209,1,1,1,1,2018-04-28,2018-04-28
-1405945,770443,1,1,1,1,2018-12-12,2018-12-12
-1405944,771549,1,1,1,0,2019-07-25,2019-07-25
-1405944,773038,1,1,1,1,2019-05-26,2019-05-26
-1405944,773039,1,1,1,0,2019-05-26,2019-05-26
-1405943,771484,1,1,1,0,2016-05-18,2016-05-18
-1405943,771555,1,1,1,0,2019-05-26,2019-05-26
-1405943,773196,1,1,1,0,2018-09-09,2018-09-09
-1405942,771483,1,1,1,0,2018-04-01,2018-04-01
-1405942,771552,3,3,1,0,2019-06-01,2019-06-01
-1405942,771557,2,2,1,0,2019-06-01,2019-06-01
-1405942,771832,1,1,1,1,2019-06-16,2019-06-16
-1405942,773019,1,1,1,0,2018-06-25,2018-06-25
-1405942,773080,1,1,1,0,2018-05-15,2018-05-15
-1405942,773099,1,1,1,0,2017-09-11,2017-09-11
-1405942,773206,2,2,1,0,2018-04-29,2018-04-29
-1405941,771554,1,1,1,0,2019-06-18,2019-06-18
-1405941,771833,1,1,1,1,2019-04-17,2019-04-17
-1405941,773080,1,1,1,1,2018-05-15,2018-05-15
-1405941,773100,1,1,1,0,2017-11-03,2017-11-03
-1405941,773105,1,1,1,0,2017-06-15,2017-06-15
-1405941,773197,1,1,1,0,2018-09-09,2018-09-09
-1405941,773207,1,1,1,0,2018-04-29,2018-04-29
-1405941,773209,1,1,1,1,2018-04-29,2018-04-29
-1405941,774460,1,1,1,1,2018-07-18,2018-07-18
-1405940,771548,1,1,1,0,2019-06-18,2019-06-18
-1405940,773026,1,1,1,0,2018-10-11,2018-10-11
-1405940,773103,1,1,1,0,2017-09-11,2017-09-11
-1405940,773104,1,1,1,0,2018-05-27,2018-05-27
-1405940,773208,1,1,1,0,2018-04-29,2018-04-29
-1405940,773446,1,1,1,0,2016-05-20,2016-05-20
-1405939,769926,1,1,1,1,2019-03-19,2019-03-19
-1405939,773103,1,1,1,0,2018-05-27,2018-05-27
-1405939,773105,2,2,1,0,2019-06-18,2019-06-10
-1405939,773106,2,2,1,0,2019-07-19,2019-06-26
-1405939,773109,1,1,1,0,2017-08-16,2017-08-16
-1405939,773162,1,1,1,0,2019-04-29,2019-04-29
-1405939,773204,1,1,1,1,2018-04-29,2018-04-29
-1405939,773206,1,1,1,1,2018-04-29,2018-04-29
-1405938,770880,1,1,1,1,2018-12-14,2018-12-14
-1405938,772874,1,1,1,1,2017-09-20,2017-09-20
-1405938,773103,1,1,1,0,2019-06-11,2019-06-11
-1405938,773105,2,2,2,1,2018-05-15,2018-02-07
-1405938,773106,2,2,1,0,2019-07-18,2019-06-25
-1405938,773209,1,1,1,0,2018-04-28,2018-04-28
-1405938,773467,1,1,1,0,2019-05-22,2019-05-22
-1405937,773105,2,2,2,0,2019-03-11,2018-10-18
-1405937,773106,1,1,1,0,2017-08-10,2017-08-10
-1405936,772866,1,1,1,1,2017-09-20,2017-09-20
-1405936,772921,1,1,1,0,2017-04-28,2017-04-28
-1405936,772923,1,1,1,0,2017-09-15,2017-09-15
-1405936,773083,1,1,1,0,2019-04-29,2019-04-29
-1405936,773102,1,1,1,0,2017-06-09,2017-06-09
-1405936,773107,1,1,1,0,2017-05-03,2017-05-03
-1405936,773109,1,1,1,0,2017-06-15,2017-06-15
-1405935,771499,1,1,1,0,2018-04-01,2018-04-01
-1405935,772934,1,1,1,0,2018-04-30,2018-04-30
-1405935,773081,2,2,1,1,2019-04-29,2018-09-27
-1405935,773099,1,1,1,0,2019-05-22,2019-05-22
-1405935,773106,1,1,1,0,2017-06-05,2017-06-05
-1405934,772925,1,1,1,0,2016-10-02,2016-10-02
-1405934,772935,1,1,1,0,2018-04-30,2018-04-30
-1405934,772987,1,1,1,0,2017-08-26,2017-08-26
-1405933,770848,1,1,1,0,2016-08-21,2016-08-21
-1405933,770853,1,1,1,0,2016-08-18,2016-08-18
-1405933,771823,1,1,1,0,2019-06-02,2019-06-02
-1405933,772992,1,1,1,1,2019-05-19,2019-05-19
-1405933,773080,1,1,1,0,2018-05-06,2018-05-06
-1405932,771958,1,1,1,0,2019-06-20,2019-06-20
-1405932,771959,1,1,1,0,2019-04-09,2019-04-09
-1405932,772448,1,1,1,1,2018-07-14,2018-07-14
-1405932,772882,1,1,1,0,2017-04-28,2017-04-28
-1405932,772892,1,1,1,0,2019-04-13,2019-04-13
-1405932,773062,1,1,1,0,2018-08-05,2018-08-05
-1405932,773106,1,1,1,0,2018-06-15,2018-06-15
-1405932,773107,1,1,1,0,2018-06-27,2018-06-27
-1405931,770752,1,1,1,0,2019-04-27,2019-04-27
-1405931,771488,1,1,1,0,2018-04-01,2018-04-01
-1405931,771963,1,1,1,1,2016-08-06,2016-08-06
-1405930,770732,1,1,1,0,2019-04-27,2019-04-27
-1405930,770751,1,1,1,0,2019-04-27,2019-04-27
-1405930,771965,1,1,1,1,2016-08-06,2016-08-06
-1405930,772799,1,1,1,0,2017-04-28,2017-04-28
-1405930,772993,1,1,1,0,2019-05-19,2019-05-19
-1405930,773077,1,1,1,0,2018-10-11,2018-10-11
-1405930,773112,2,2,1,0,2017-09-11,2017-08-29
-1405930,773441,1,1,1,0,2016-05-20,2016-05-20
-1405930,773442,1,1,1,0,2019-04-10,2019-04-10
-1405930,773444,1,1,1,0,2016-05-20,2016-05-20
-1405930,773453,1,1,1,0,2016-05-20,2016-05-20
-1405929,770752,1,1,1,0,2019-04-27,2019-04-27
-1405929,771614,1,1,1,0,2019-06-02,2019-06-02
-1405929,773110,1,1,1,0,2017-08-16,2017-08-16
-1405929,773209,1,1,1,1,2018-04-28,2018-04-28
-1405929,773252,1,1,1,0,2019-01-03,2019-01-03
-1405929,773441,1,1,1,0,2016-05-20,2016-05-20
-1405929,773442,1,1,1,0,2016-05-20,2016-05-20
-1405929,773443,2,1,1,0,2016-05-20,2016-05-20
-1405929,773448,1,1,1,0,2016-05-20,2016-05-20
-1405928,771826,1,1,1,0,2016-09-03,2016-09-03
-1405928,773114,1,1,1,0,2017-05-03,2017-05-03
-1405928,773148,1,1,1,0,2018-04-29,2018-04-29
-1405928,773209,1,1,1,0,2019-06-25,2019-06-25
-1405928,773262,1,1,1,1,2018-04-28,2018-04-28
-1405928,773441,1,1,1,0,2016-05-20,2016-05-20
-1405928,773442,1,1,1,0,2016-05-20,2016-05-20
-1405928,773443,1,1,1,0,2016-05-20,2016-05-20
-1405928,773454,1,1,1,0,2016-05-20,2016-05-20
-1405927,771505,1,1,1,0,2019-05-31,2019-05-31
-1405927,771611,1,1,1,0,2019-06-02,2019-06-02
-1405927,771928,1,1,1,1,2016-04-26,2016-04-26
-1405927,771951,1,1,1,1,2016-05-03,2016-05-03
-1405927,773106,1,1,1,1,2018-06-04,2018-06-04
-1405927,773115,1,1,1,0,2018-04-27,2018-04-27
-1405927,773213,1,1,1,1,2018-04-28,2018-04-28
-1405927,773225,1,1,1,0,2017-04-14,2017-04-14
-1405927,773227,1,1,1,1,2018-04-28,2018-04-28
-1405927,773246,1,1,1,1,2018-04-28,2018-04-28
-1405927,773276,2,1,1,2,2018-04-28,2018-04-28
-1405927,773277,1,1,1,1,2018-04-28,2018-04-28
-1405926,770731,1,1,1,1,2019-04-27,2019-04-27
-1405926,770752,1,1,1,0,2019-04-27,2019-04-27
-1405926,771499,1,1,1,0,2018-04-01,2018-04-01
-1405926,771616,1,1,1,0,2019-06-02,2019-06-02
-1405926,771961,1,1,1,1,2016-08-06,2016-08-06
-1405926,772994,1,1,1,0,2018-04-27,2018-04-27
-1405926,773156,2,1,1,0,2018-07-06,2018-01-24
-1405926,773440,1,1,1,0,2016-05-20,2016-05-20
-1405925,771613,1,1,1,0,2019-06-02,2019-06-02
-1405925,771632,1,1,1,0,2019-06-02,2019-06-02
-1405925,771937,1,1,1,0,2016-07-05,2016-07-05
-1405925,772094,1,1,1,0,2017-06-04,2017-06-04
-1405925,772722,1,1,1,0,2018-06-15,2018-06-15
-1405925,773137,1,1,1,0,2018-09-11,2018-09-11
-1405925,773157,1,1,1,0,2018-11-25,2018-11-25
-1405925,773437,1,1,1,0,2016-05-20,2016-05-20
-1405924,770750,1,1,1,0,2019-04-27,2019-04-27
-1405924,770761,1,1,1,0,2019-04-27,2019-04-27
-1405924,773032,1,1,1,0,2019-06-03,2019-06-03
-1405924,773143,1,1,1,0,2017-06-05,2017-06-05
-1405924,773145,1,1,1,0,2017-06-05,2017-06-05
-1405924,773276,1,1,1,0,2019-04-28,2019-04-28
-1405924,773313,1,1,1,1,2018-04-28,2018-04-28
-1405923,770745,1,1,1,0,2019-04-27,2019-04-27
-1405923,771534,1,1,1,0,2019-07-25,2019-07-25
-1405923,771821,1,1,1,0,2019-07-11,2019-07-11
-1405923,771829,1,1,1,0,2016-05-10,2016-05-10
-1405923,773124,2,2,1,0,2017-05-15,2017-05-15
-1405923,773130,1,1,1,0,2018-06-27,2018-06-27
-1405923,773225,1,1,1,0,2017-04-14,2017-04-14
-1405923,773257,1,1,1,0,2018-10-02,2018-10-02
-1405923,773298,1,1,1,0,2018-04-28,2018-04-28
-1405923,773299,1,1,1,1,2018-04-28,2018-04-28
-1405923,773310,2,2,1,1,2018-04-28,2018-04-28
-1405923,773312,1,1,1,1,2018-04-28,2018-04-28
-1405922,770750,1,1,1,0,2019-04-27,2019-04-27
-1405922,770751,1,1,1,0,2019-04-27,2019-04-27
-1405922,773119,1,1,1,0,2017-08-16,2017-08-16
-1405922,773311,1,1,1,1,2018-04-28,2018-04-28
-1405922,773312,1,1,1,0,2018-04-28,2018-04-28
-1405922,773316,1,1,1,1,2018-04-28,2018-04-28
-1405922,773352,1,1,1,1,2019-03-10,2019-03-10
-1405922,773441,1,1,1,1,2016-05-20,2016-05-20
-1405922,773442,1,1,1,0,2016-05-20,2016-05-20
-1405921,770750,1,1,1,0,2019-04-27,2019-04-27
-1405921,770753,1,1,1,0,2019-04-27,2019-04-27
-1405921,771822,1,1,1,0,2016-03-12,2016-03-12
-1405921,773122,1,1,1,0,2017-08-16,2017-08-16
-1405921,773211,1,1,1,0,2017-04-14,2017-04-14
-1405921,773313,1,1,1,1,2018-04-28,2018-04-28
-1405921,773441,1,1,1,0,2016-05-20,2016-05-20
-1405920,770762,2,2,2,1,2019-04-27,2019-04-27
-1405920,771655,1,1,1,0,2019-06-30,2019-06-30
-1405920,772744,1,1,1,0,2017-06-02,2017-06-02
-1405920,773212,1,1,1,0,2017-04-14,2017-04-14
-1405919,770748,1,1,1,0,2019-04-27,2019-04-27
-1405919,770749,1,1,1,0,2019-04-27,2019-04-27
-1405919,770762,2,1,1,0,2019-04-27,2019-04-27
-1405919,772926,1,1,1,1,2018-04-30,2018-04-30
-1405919,773124,1,1,1,0,2017-05-03,2017-05-03
-1405919,773307,1,1,1,0,2018-06-12,2018-06-12
-1405919,773311,1,1,1,0,2018-06-23,2018-06-23
-1405919,773402,1,1,1,0,2019-07-26,2019-07-26
-1405918,771804,1,1,1,1,2018-06-08,2018-06-08
-1405918,773311,1,1,1,0,2019-04-27,2019-04-27
-1405918,773312,4,4,1,0,2019-04-27,2019-04-27
-1405918,773439,1,1,1,0,2016-05-20,2016-05-20
-1405917,773211,1,1,1,0,2019-05-22,2019-05-22
-1405917,773440,1,1,1,0,2016-05-20,2016-05-20
-1405916,770751,1,1,1,0,2019-04-27,2019-04-27
-1405916,770755,1,1,1,0,2019-04-27,2019-04-27
-1405916,770756,1,1,1,0,2019-04-27,2019-04-27
-1405916,770760,1,1,1,0,2019-04-27,2019-04-27
-1405916,771478,1,1,1,0,2019-07-25,2019-07-25
-1405916,771975,1,1,1,0,2019-05-18,2019-05-18
-1405916,772925,1,1,1,0,2018-04-30,2018-04-30
-1405916,773138,1,1,1,0,2018-10-11,2018-10-11
-1405916,773154,1,1,1,0,2017-08-26,2017-08-26
-1405916,773156,1,1,1,1,2019-01-03,2019-01-03
-1405916,773157,1,1,1,1,2017-08-10,2017-08-10
-1405916,773178,1,1,1,0,2018-11-07,2018-11-07
-1405916,773442,1,1,1,0,2016-05-20,2016-05-20
-1405915,770755,1,1,1,0,2019-04-27,2019-04-27
-1405915,770756,2,2,2,0,2019-04-27,2019-04-27
-1405915,773142,1,1,1,0,2018-10-29,2018-10-29
-1405915,773144,1,1,1,0,2018-10-11,2018-10-11
-1405915,773145,1,1,1,0,2018-10-11,2018-10-11
-1405915,773151,1,1,1,0,2017-08-05,2017-08-05
-1405914,773139,1,1,1,0,2018-07-30,2018-07-30
-1405914,773140,1,1,1,0,2018-07-30,2018-07-30
-1405914,773158,1,1,1,1,2018-04-29,2018-04-29
-1405914,773458,1,1,1,0,2016-05-20,2016-05-20
-1405913,770751,1,1,1,0,2019-04-27,2019-04-27
-1405913,770752,1,1,1,0,2019-04-27,2019-04-27
-1405913,770766,1,1,1,0,2019-04-27,2019-04-27
-1405913,770898,1,1,1,1,2018-09-02,2018-09-02
-1405913,771481,1,1,1,0,2019-07-25,2019-07-25
-1405913,771486,1,1,1,0,2019-07-25,2019-07-25
-1405913,772734,1,1,1,0,2017-04-28,2017-04-28
-1405913,773148,1,1,1,1,2017-08-05,2017-08-05
-1405913,773267,1,1,1,0,2017-04-14,2017-04-14
-1405913,773439,2,2,1,0,2016-05-20,2016-05-20
-1405913,774469,1,1,1,0,2019-04-07,2019-04-07
-1405912,770753,1,1,1,1,2019-04-27,2019-04-27
-1405912,770755,1,1,1,0,2019-04-27,2019-04-27
-1405912,770756,1,1,1,0,2019-04-27,2019-04-27
-1405912,770794,1,1,1,0,2019-04-27,2019-04-27
-1405912,773020,1,1,1,0,2019-07-19,2019-07-19
-1405912,773158,2,2,2,2,2018-04-29,2017-12-16
-1405912,773257,1,1,1,0,2017-04-14,2017-04-14
-1405912,773260,1,1,1,0,2017-04-14,2017-04-14
-1405912,773268,1,1,1,0,2017-04-14,2017-04-14
-1405912,773437,1,1,1,0,2016-05-20,2016-05-20
-1405911,770749,1,1,1,1,2019-04-27,2019-04-27
-1405911,770755,1,1,1,0,2019-04-27,2019-04-27
-1405911,770757,1,1,1,0,2019-04-27,2019-04-27
-1405911,770764,2,2,1,0,2019-04-27,2019-04-27
-1405911,770854,1,1,1,1,2018-10-03,2018-10-03
-1405911,771829,1,1,1,0,2019-05-04,2019-05-04
-1405911,772017,1,1,1,0,2019-06-14,2019-06-14
-1405911,772117,1,1,1,1,2018-08-20,2018-08-20
-1405911,772996,1,1,1,0,2019-06-25,2019-06-25
-1405911,773019,2,2,1,2,2019-07-19,2019-07-18
-1405911,773020,1,1,1,1,2019-07-19,2019-07-19
-1405911,773021,1,1,1,1,2019-07-19,2019-07-19
-1405911,773023,1,1,1,1,2019-07-19,2019-07-19
-1405911,773027,1,1,1,0,2019-07-19,2019-07-19
-1405911,773191,1,1,1,1,2018-08-09,2018-08-09
-1405911,773437,3,3,1,0,2016-05-20,2016-05-20
-1405910,770753,1,1,1,1,2019-04-27,2019-04-27
-1405910,770757,1,1,1,0,2019-04-27,2019-04-27
-1405910,773019,1,1,1,1,2019-07-19,2019-07-19
-1405910,773024,2,2,1,2,2019-07-19,2019-07-19
-1405910,773025,1,1,1,1,2019-07-19,2019-07-19
-1405910,773437,1,1,1,0,2016-05-20,2016-05-20
-1405909,770752,1,1,1,1,2019-04-27,2019-04-27
-1405909,770753,2,1,2,0,2019-04-27,2019-04-27
-1405909,770757,1,1,1,0,2019-04-27,2019-04-27
-1405909,770765,1,1,1,0,2019-04-27,2019-04-27
-1405909,772267,1,1,1,0,2019-06-15,2019-06-15
-1405909,772364,1,1,1,1,2019-05-22,2019-05-22
-1405909,772390,1,1,1,0,2018-09-15,2018-09-15
-1405909,773020,1,1,1,1,2019-07-18,2019-07-18
-1405909,773025,2,2,1,1,2019-07-19,2019-07-19
-1405909,773026,1,1,1,0,2019-07-19,2019-07-19
-1405909,773191,1,1,1,1,2017-04-15,2017-04-15
-1405909,773266,1,1,1,0,2017-04-14,2017-04-14
-1405908,770782,1,1,1,0,2019-05-14,2019-05-14
-1405908,773025,1,1,1,0,2019-07-19,2019-07-19
-1405908,773151,1,1,1,0,2018-07-19,2018-07-19
-1405908,773188,1,1,1,0,2019-05-30,2019-05-30
-1405908,773189,1,1,1,0,2017-04-23,2017-04-23
-1405908,773191,1,1,1,0,2017-04-17,2017-04-17
-1405907,772971,1,1,1,0,2019-06-22,2019-06-22
-1405906,770747,1,1,1,1,2019-04-27,2019-04-27
-1405906,771015,1,1,1,1,2018-11-27,2018-11-27
-1405906,772202,1,1,1,0,2018-05-12,2018-05-12
-1405906,773151,1,1,1,0,2018-07-19,2018-07-19
-1405905,770745,1,1,1,1,2019-04-27,2019-04-27
-1405905,771280,1,1,1,0,2018-04-11,2018-04-11
-1405905,773158,1,1,1,0,2018-04-29,2018-04-29
-1405904,773446,1,1,1,0,2019-04-10,2019-04-10
-1405903,771952,1,1,1,0,2018-10-01,2018-10-01
-1405903,772251,1,1,1,1,2019-04-04,2019-04-04
-1405902,771829,1,1,1,0,2018-09-16,2018-09-16
-1405902,773022,1,1,1,1,2019-07-24,2019-07-24
-1405902,773448,1,1,1,0,2019-04-10,2019-04-10
-1405901,770951,1,1,1,0,2019-05-24,2019-05-24
-1405901,771523,1,1,1,0,2019-05-31,2019-05-31
-1405901,772925,1,1,1,0,2018-04-30,2018-04-30
-1405901,773002,1,1,1,0,2018-04-30,2018-04-30
-1405901,773030,1,1,1,1,2018-04-30,2018-04-30
-1405901,773034,1,1,1,0,2019-07-24,2019-07-24
-1405901,773217,1,1,1,0,2019-01-14,2019-01-14
-1405900,772925,1,1,1,1,2018-04-30,2018-04-30
-1405900,773012,1,1,1,0,2018-04-30,2018-04-30
-1405900,773095,1,1,1,0,2019-07-10,2019-07-10
-1405899,772268,1,1,1,0,2019-05-10,2019-05-10
-1405899,773006,1,1,1,1,2018-04-22,2018-04-22
-1405899,773017,1,1,1,0,2019-01-02,2019-01-02
-1405899,773037,1,1,1,1,2019-07-24,2019-07-24
-1405899,773270,1,1,1,1,2018-09-09,2018-09-09
-1405897,772267,1,1,1,0,2019-05-10,2019-05-10
-1405897,772272,1,1,1,0,2019-04-26,2019-04-26
-1405897,772274,1,1,1,0,2019-04-28,2019-04-28
-1405897,772276,1,1,1,0,2019-04-28,2019-04-28
-1405897,772281,1,1,1,0,2019-04-28,2019-04-28
-1405897,773001,1,1,1,0,2018-11-04,2018-11-04
-1405897,773018,1,1,1,0,2019-01-02,2019-01-02
-1405897,773170,1,1,1,0,2017-04-17,2017-04-17
-1405897,773448,1,1,1,0,2016-05-20,2016-05-20
-1405896,772272,2,2,1,1,2019-04-28,2019-04-28
-1405896,772273,1,1,1,0,2019-04-28,2019-04-28
-1405896,772274,1,1,1,1,2019-04-27,2019-04-27
-1405896,772275,1,1,1,1,2019-04-28,2019-04-28
-1405896,773162,1,1,1,0,2017-04-17,2017-04-17
-1405895,772278,1,1,1,1,2019-04-28,2019-04-28
-1405895,772279,1,1,1,0,2019-04-28,2019-04-28
-1405895,773259,1,1,1,0,2017-04-14,2017-04-14
-1405894,771860,1,1,1,1,2017-08-10,2017-08-10
-1405894,772275,1,1,1,1,2019-04-27,2019-04-27
-1405894,772276,2,2,1,1,2019-04-28,2019-04-27
-1405894,772327,1,1,1,0,2018-05-05,2018-05-05
-1405894,773159,1,1,1,1,2018-04-29,2018-04-29
-1405894,773193,1,1,1,0,2018-07-27,2018-07-27
-1405894,773246,1,1,1,0,2018-09-09,2018-09-09
-1405894,773251,1,1,1,0,2018-09-09,2018-09-09
-1405893,772993,1,1,1,1,2018-04-27,2018-04-27
-1405893,773012,1,1,1,1,2019-07-21,2019-07-21
-1405893,773176,1,1,1,0,2018-09-09,2018-09-09
-1405893,773223,1,1,1,0,2017-05-05,2017-05-05
-1405893,773243,1,1,1,0,2018-09-09,2018-09-09
-1405893,773247,1,1,1,0,2017-04-14,2017-04-14
-1405893,773255,1,1,1,0,2017-04-14,2017-04-14
-1405892,772266,1,1,1,0,2019-07-07,2019-07-07
-1405892,773021,1,1,1,0,2019-06-23,2019-06-23
-1405892,773050,1,1,1,0,2018-04-30,2018-04-30
-1405892,773159,1,1,1,0,2017-04-17,2017-04-17
-1405892,774231,1,1,1,0,2018-07-02,2018-07-02
-1405891,771790,1,1,1,1,2019-05-16,2019-05-16
-1405891,772233,1,1,1,1,2019-07-07,2019-07-07
-1405891,773050,1,1,1,0,2018-04-22,2018-04-22
-1405891,773166,1,1,1,0,2018-07-27,2018-07-27
-1405891,773218,1,1,1,0,2017-04-14,2017-04-14
-1405890,772119,1,1,1,0,2019-06-15,2019-06-15
-1405890,772280,1,1,1,0,2019-06-15,2019-06-15
-1405890,773041,1,1,1,0,2018-05-04,2018-05-04
-1405890,773042,1,1,1,0,2017-04-17,2017-04-17
-1405890,773045,1,1,1,0,2017-04-17,2017-04-17
-1405890,773052,1,1,1,0,2019-07-24,2019-07-24
-1405890,773231,1,1,1,0,2017-04-14,2017-04-14
-1405890,773253,1,1,1,0,2017-04-14,2017-04-14
-1405889,771793,1,1,1,1,2018-08-03,2018-08-03
-1405889,772184,1,1,1,1,2019-06-23,2019-06-23
-1405889,772993,2,2,2,0,2017-09-09,2017-01-20
-1405889,772994,1,1,1,0,2016-06-03,2016-06-03
-1405889,773020,1,1,1,0,2018-11-04,2018-11-04
-1405889,773040,1,1,1,0,2019-04-27,2019-04-27
-1405889,773052,1,1,1,0,2019-07-24,2019-07-24
-1405889,773190,1,1,1,1,2018-09-09,2018-09-09
-1405888,771859,1,1,1,1,2018-08-03,2018-08-03
-1405888,772178,1,1,1,1,2019-06-10,2019-06-10
-1405888,772215,1,1,1,0,2017-09-15,2017-09-15
-1405888,772988,1,1,1,1,2016-05-16,2016-05-16
-1405888,772992,5,5,1,3,2017-04-15,2017-04-14
-1405888,772993,2,2,1,1,2016-06-03,2016-06-03
-1405888,772994,19,19,1,10,2017-07-27,2017-04-14
-1405888,773039,1,1,1,0,2019-04-27,2019-04-27
-1405888,773041,1,1,1,0,2019-04-27,2019-04-27
-1405888,773042,1,1,1,0,2017-04-17,2017-04-17
-1405887,770793,1,1,1,0,2019-05-14,2019-05-14
-1405887,771612,3,3,1,0,2019-06-01,2019-06-01
-1405887,772249,1,1,1,0,2018-08-02,2018-08-02
-1405887,772992,1,1,1,0,2017-04-14,2017-04-14
-1405887,772995,2,2,1,1,2018-04-28,2018-04-28
-1405887,773036,1,1,1,0,2017-04-17,2017-04-17
-1405887,773037,1,1,1,0,2017-04-17,2017-04-17
-1405887,773041,1,1,1,0,2018-05-04,2018-05-04
-1405887,773046,1,1,1,0,2018-05-04,2018-05-04
-1405887,773047,1,1,1,0,2017-04-17,2017-04-17
-1405887,773048,1,1,1,0,2017-04-17,2017-04-17
-1405886,772181,1,1,1,1,2019-06-23,2019-06-23
-1405886,773045,1,1,1,0,2017-04-17,2017-04-17
-1405885,772992,1,1,1,0,2018-04-27,2018-04-27
-1405885,773034,2,2,2,0,2018-05-04,2018-03-29
-1405885,773041,1,1,1,0,2019-04-27,2019-04-27
-1405885,773296,1,1,1,0,2019-07-15,2019-07-15
-1405884,771964,1,1,1,0,2019-05-03,2019-05-03
-1405884,772207,1,1,1,0,2017-09-15,2017-09-15
-1405884,773021,1,1,1,0,2017-08-06,2017-08-06
-1405884,773049,1,1,1,0,2017-04-17,2017-04-17
-1405884,773115,1,1,1,0,2016-08-27,2016-08-27
-1405883,770736,1,1,1,0,2018-10-10,2018-10-10
-1405883,771767,1,1,1,0,2018-04-21,2018-04-21
-1405883,771768,2,2,1,0,2018-04-21,2018-04-21
-1405883,771856,1,1,1,0,2018-09-16,2018-09-16
-1405883,772185,1,1,1,0,2017-10-15,2017-10-15
-1405883,773037,2,2,1,0,2019-04-27,2019-04-27
-1405883,773048,1,1,1,0,2017-04-17,2017-04-17
-1405882,771614,1,1,1,0,2017-10-01,2017-10-01
-1405882,771618,1,1,1,0,2019-06-02,2019-06-02
-1405882,771846,1,1,1,0,2018-07-06,2018-07-06
-1405882,772182,1,1,1,1,2017-12-06,2017-12-06
-1405882,772186,1,1,1,0,2017-06-25,2017-06-25
-1405882,773037,1,1,1,0,2019-04-27,2019-04-27
-1405881,772265,1,1,1,1,2019-05-15,2019-05-15
-1405881,773039,1,1,1,0,2017-04-17,2017-04-17
-1405881,773049,1,1,1,0,2017-04-17,2017-04-17
-1405879,771763,1,1,1,0,2018-04-21,2018-04-21
-1405879,771764,1,1,1,0,2018-04-21,2018-04-21
-1405879,771766,1,1,1,0,2018-04-21,2018-04-21
-1405879,772071,1,1,1,1,2018-07-13,2018-07-13
-1405879,772968,1,1,1,1,2018-09-29,2018-09-29
-1405879,772971,1,1,1,1,2018-09-29,2018-09-29
-1405879,773039,1,1,1,0,2019-04-27,2019-04-27
-1405879,773048,1,1,1,0,2017-04-17,2017-04-17
-1405879,773049,1,1,1,0,2017-04-17,2017-04-17
-1405879,773959,1,1,1,0,2019-05-28,2019-05-28
-1405878,772076,1,1,1,1,2018-07-13,2018-07-13
-1405878,772204,1,1,1,0,2017-09-15,2017-09-15
-1405878,772337,1,1,1,0,2019-05-23,2019-05-23
-1405878,772948,1,1,1,0,2019-04-27,2019-04-27
-1405877,771762,1,1,1,0,2018-04-21,2018-04-21
-1405877,771764,1,1,1,0,2018-04-21,2018-04-21
-1405877,771840,1,1,1,0,2018-08-02,2018-08-02
-1405877,773028,1,1,1,0,2018-05-04,2018-05-04
-1405877,773034,1,1,1,0,2017-04-17,2017-04-17
-1405877,773038,1,1,1,0,2019-04-27,2019-04-27
-1405877,773050,1,1,1,0,2017-04-17,2017-04-17
-1405876,771762,1,1,1,0,2018-04-21,2018-04-21
-1405876,771763,1,1,1,1,2018-04-21,2018-04-21
-1405876,772112,1,1,1,0,2018-10-22,2018-10-22
-1405876,772193,1,1,1,1,2019-06-12,2019-06-12
-1405876,773050,1,1,1,0,2018-02-21,2018-02-21
-1405876,773184,1,1,1,0,2018-05-01,2018-05-01
-1405875,773038,2,2,1,0,2017-04-17,2017-04-17
-1405875,773050,1,1,1,0,2018-02-21,2018-02-21
-1405874,771760,1,1,1,0,2018-04-21,2018-04-21
-1405874,773038,1,1,1,0,2017-04-17,2017-04-17
-1405873,771758,1,1,1,0,2018-04-21,2018-04-21
-1405873,771765,1,1,1,0,2018-04-21,2018-04-21
-1405873,773054,1,1,1,0,2019-07-24,2019-07-24
-1405873,773246,1,1,1,1,2018-05-12,2018-05-12
-1405872,771601,1,1,1,0,2018-08-16,2018-08-16
-1405872,771698,1,1,1,0,2018-12-29,2018-12-29
-1405872,771758,1,1,1,0,2018-04-21,2018-04-21
-1405872,773028,1,1,1,0,2017-04-17,2017-04-17
-1405872,773029,1,1,1,0,2017-04-17,2017-04-17
-1405872,773177,1,1,1,0,2017-05-03,2017-05-03
-1405872,773247,1,1,1,1,2018-05-12,2018-05-12
-1405871,771603,1,1,1,0,2017-09-29,2017-09-29
-1405871,771915,1,1,1,1,2018-08-03,2018-08-03
-1405870,771098,1,1,1,0,2019-04-28,2019-04-28
-1405870,772827,1,1,1,0,2016-03-20,2016-03-20
-1405870,773029,1,1,1,0,2018-05-04,2018-05-04
-1405870,773038,1,1,1,0,2017-04-17,2017-04-17
-1405870,773041,1,1,1,0,2017-04-17,2017-04-17
-1405870,773042,1,1,1,0,2017-04-17,2017-04-17
-1405870,773049,1,1,1,0,2017-04-17,2017-04-17
-1405870,773157,1,1,1,0,2017-04-17,2017-04-17
-1405869,770990,1,1,1,1,2016-07-07,2016-07-07
-1405869,771376,1,1,1,0,2019-03-29,2019-03-29
-1405869,771991,1,1,1,0,2018-07-09,2018-07-09
-1405869,773037,1,1,1,0,2017-04-17,2017-04-17
-1405869,773044,1,1,1,0,2017-04-17,2017-04-17
-1405869,773050,1,1,1,0,2017-04-17,2017-04-17
-1405868,773038,1,1,1,0,2019-04-27,2019-04-27
-1405868,773039,2,1,1,0,2017-04-17,2017-04-17
-1405868,773040,1,1,1,0,2017-04-17,2017-04-17
-1405868,773050,1,1,1,0,2017-04-17,2017-04-17
-1405867,772182,1,1,1,1,2019-04-21,2019-04-21
-1405867,773038,1,1,1,0,2019-04-27,2019-04-27
-1405867,773152,1,1,1,0,2018-07-27,2018-07-27
-1405866,771706,1,1,1,0,2018-09-29,2018-09-29
-1405866,773044,1,1,1,0,2017-04-17,2017-04-17
-1405866,773047,1,1,1,0,2017-04-17,2017-04-17
-1405866,773136,1,1,1,1,2017-04-17,2017-04-17
-1405865,771707,2,1,1,0,2018-08-31,2018-08-31
-1405865,773018,1,1,1,0,2019-01-02,2019-01-02
-1405865,773024,1,1,1,0,2019-06-23,2019-06-23
-1405865,773037,1,1,1,0,2017-04-17,2017-04-17
-1405865,773052,2,2,1,1,2017-04-17,2017-04-17
-1405864,771927,1,1,1,0,2019-05-30,2019-05-30
-1405864,773038,1,1,1,0,2018-04-27,2018-04-27
-1405864,773053,1,1,1,1,2019-07-24,2019-07-24
-1405864,773159,1,1,1,0,2018-04-29,2018-04-29
-1405863,771558,1,1,1,0,2019-07-11,2019-07-11
-1405863,771928,1,1,1,0,2019-06-21,2019-06-21
-1405863,772203,1,1,1,0,2017-09-15,2017-09-15
-1405863,773051,1,1,1,0,2017-04-17,2017-04-17
-1405863,773158,1,1,1,1,2018-04-29,2018-04-29
-1405862,771698,1,1,1,0,2019-06-08,2019-06-08
-1405862,771929,1,1,1,0,2019-05-30,2019-05-30
-1405862,772887,1,1,1,0,2018-07-09,2018-07-09
-1405862,773038,1,1,1,0,2018-04-27,2018-04-27
-1405862,773054,1,1,1,1,2019-07-24,2019-07-24
-1405862,773072,1,1,1,1,2018-02-21,2018-02-21
-1405861,771928,1,1,1,0,2018-08-21,2018-08-21
-1405860,772993,1,1,1,0,2018-04-27,2018-04-27
-1405860,773037,1,1,1,0,2019-04-27,2019-04-27
-1405860,773049,1,1,1,0,2018-02-21,2018-02-21
-1405860,773054,2,2,1,0,2018-12-02,2018-12-02
-1405860,773385,1,1,1,0,2019-05-25,2019-05-25
-1405859,770756,1,1,1,0,2018-07-08,2018-07-08
-1405859,771697,1,1,1,0,2019-07-13,2019-07-13
-1405859,773023,1,1,1,0,2019-07-24,2019-07-24
-1405859,773027,1,1,1,0,2018-04-27,2018-04-27
-1405859,773029,1,1,1,0,2019-04-27,2019-04-27
-1405859,773054,1,1,1,0,2018-12-02,2018-12-02
-1405859,773055,1,1,1,0,2018-12-02,2018-12-02
-1405859,773135,1,1,1,0,2018-02-21,2018-02-21
-1405858,773026,1,1,1,0,2018-04-27,2018-04-27
-1405858,773133,1,1,1,0,2018-02-21,2018-02-21
-1405858,773135,2,1,1,0,2018-02-21,2018-02-21
-1405858,773137,1,1,1,0,2017-04-17,2017-04-17
-1405857,771627,1,1,1,0,2019-06-02,2019-06-02
-1405857,771938,1,1,1,0,2019-04-26,2019-04-26
-1405857,772994,1,1,1,0,2019-03-28,2019-03-28
-1405857,772995,1,1,1,1,2018-04-27,2018-04-27
-1405857,773030,1,1,1,0,2019-04-27,2019-04-27
-1405857,773033,1,1,1,0,2019-07-24,2019-07-24
-1405857,773038,1,1,1,0,2017-04-17,2017-04-17
-1405857,773043,1,1,1,0,2018-08-25,2018-08-25
-1405856,773034,1,1,1,0,2018-12-02,2018-12-02
-1405856,773041,1,1,1,0,2017-04-17,2017-04-17
-1405856,773042,2,2,1,0,2017-04-17,2017-04-17
-1405856,773049,1,1,1,0,2018-08-25,2018-08-25
-1405856,773050,1,1,1,0,2018-08-25,2018-08-25
-1405856,773133,1,1,1,0,2018-02-21,2018-02-21
-1405856,773413,1,1,1,0,2016-05-20,2016-05-20
-1405855,772962,1,1,1,0,2018-12-02,2018-12-02
-1405855,773037,2,2,1,0,2018-08-25,2018-08-25
-1405855,773047,1,1,1,0,2019-07-24,2019-07-24
-1405855,773049,1,1,1,0,2017-04-17,2017-04-17
-1405855,773415,1,1,1,0,2017-09-24,2017-09-24
-1405855,773417,1,1,1,0,2016-05-20,2016-05-20
-1405855,773418,3,3,3,0,2017-09-24,2017-09-24
-1405854,771762,1,1,1,0,2019-05-25,2019-05-25
-1405854,773060,1,1,1,1,2019-04-27,2019-04-27
-1405854,773413,1,1,1,0,2016-05-20,2016-05-20
-1405854,773415,1,1,1,0,2016-05-20,2016-05-20
-1405854,773416,4,3,3,0,2017-09-24,2017-01-21
-1405854,773417,15,7,2,0,2017-09-24,2017-09-24
-1405854,773418,3,3,1,0,2017-09-24,2017-09-24
-1405854,773433,1,1,1,0,2016-05-20,2016-05-20
-1405853,773115,1,1,1,0,2018-02-21,2018-02-21
-1405853,773414,1,1,1,0,2016-05-20,2016-05-20
-1405853,773415,5,3,1,0,2016-05-21,2016-05-21
-1405853,773416,34,6,1,0,2016-05-21,2016-05-21
-1405853,773417,2,1,1,0,2016-05-21,2016-05-21
-1405853,773418,1,1,1,0,2017-09-24,2017-09-24
-1405853,774350,1,1,1,0,2018-09-29,2018-09-29
-1405852,772892,1,1,1,1,2017-08-16,2017-08-16
-1405852,773091,1,1,1,0,2018-02-21,2018-02-21
-1405852,773415,1,1,1,0,2016-05-21,2016-05-21
-1405852,773416,1,1,1,0,2016-05-21,2016-05-21
-1405851,770768,1,1,1,0,2018-07-07,2018-07-07
-1405851,771755,1,1,1,0,2019-05-16,2019-05-16
-1405851,771763,1,1,1,1,2019-06-17,2019-06-17
-1405851,771765,1,1,1,0,2019-06-17,2019-06-17
-1405851,773059,1,1,1,0,2017-04-17,2017-04-17
-1405851,773061,2,2,1,2,2017-04-17,2017-04-17
-1405851,773160,1,1,1,0,2018-04-29,2018-04-29
-1405851,773413,1,1,1,0,2016-05-20,2016-05-20
-1405851,773417,1,1,1,0,2016-05-20,2016-05-20
-1405851,773427,1,1,1,0,2018-10-28,2018-10-28
-1405850,773413,1,1,1,0,2016-05-20,2016-05-20
-1405850,773430,2,2,1,0,2018-10-28,2018-10-28
-1405849,771699,1,1,1,1,2019-05-24,2019-05-24
-1405849,773120,1,1,1,1,2018-04-29,2018-04-29
-1405849,773121,1,1,1,1,2018-04-29,2018-04-29
-1405849,773131,1,1,1,0,2017-04-17,2017-04-17
-1405849,773202,1,1,1,0,2017-05-03,2017-05-03
-1405849,773366,1,1,1,0,2019-05-25,2019-05-25
-1405849,773420,1,1,1,0,2017-09-24,2017-09-24
-1405848,771887,1,1,1,1,2019-05-25,2019-05-25
-1405848,773122,1,1,1,0,2019-06-02,2019-06-02
-1405848,773137,1,1,1,0,2016-12-31,2016-12-31
-1405848,773420,1,1,1,0,2017-09-24,2017-09-24
-1405848,773426,1,1,1,0,2016-05-20,2016-05-20
-1405847,773129,1,1,1,0,2017-04-17,2017-04-17
-1405847,773414,1,1,1,0,2016-05-20,2016-05-20
-1405846,771487,1,1,1,1,2019-05-04,2019-05-04
-1405846,771753,1,1,1,0,2019-05-19,2019-05-19
-1405846,771754,1,1,1,0,2019-05-19,2019-05-19
-1405846,773137,1,1,1,0,2019-06-23,2019-06-23
-1405846,773409,1,1,1,0,2016-05-21,2016-05-21
-1405846,773413,1,1,1,0,2016-05-20,2016-05-20
-1405846,773414,1,1,1,0,2016-05-20,2016-05-20
-1405846,773419,1,1,1,0,2017-09-24,2017-09-24
-1405846,773420,1,1,1,0,2017-09-24,2017-09-24
-1405846,773423,1,1,1,0,2016-05-20,2016-05-20
-1405846,773426,2,2,1,0,2016-05-20,2016-05-20
-1405845,771635,1,1,1,0,2017-10-01,2017-10-01
-1405845,771637,1,1,1,0,2019-06-02,2019-06-02
-1405845,771698,1,1,1,0,2019-06-16,2019-06-16
-1405845,771755,2,2,1,0,2019-04-10,2019-04-08
-1405845,771756,1,1,1,0,2019-04-10,2019-04-10
-1405845,773153,1,1,1,1,2018-04-29,2018-04-29
-1405845,773404,1,1,1,0,2016-05-20,2016-05-20
-1405845,773414,1,1,1,0,2018-10-28,2018-10-28
-1405845,773419,1,1,1,0,2017-09-24,2017-09-24
-1405845,773425,1,1,1,0,2016-05-20,2016-05-20
-1405845,773426,1,1,1,0,2016-05-20,2016-05-20
-1405844,771749,1,1,1,1,2018-10-28,2018-10-28
-1405844,772211,1,1,1,0,2019-05-28,2019-05-28
-1405844,773056,1,1,1,0,2019-06-23,2019-06-23
-1405844,773139,1,1,1,0,2018-04-29,2018-04-29
-1405844,773417,1,1,1,0,2016-05-20,2016-05-20
-1405844,773426,1,1,1,0,2016-05-20,2016-05-20
-1405843,772201,1,1,1,1,2019-05-25,2019-05-25
-1405843,773083,2,2,1,2,2017-09-04,2017-09-04
-1405843,773084,1,1,1,1,2017-09-04,2017-09-04
-1405843,773428,1,1,1,0,2016-05-20,2016-05-20
-1405843,773433,1,1,1,0,2016-05-20,2016-05-20
-1405842,771582,1,1,1,0,2017-10-15,2017-10-15
-1405842,771698,1,1,1,0,2019-06-28,2019-06-28
-1405842,773083,1,1,1,1,2017-09-04,2017-09-04
-1405842,773188,1,1,1,0,2018-02-21,2018-02-21
-1405842,773361,1,1,1,0,2019-05-25,2019-05-25
-1405842,773411,1,1,1,0,2018-10-28,2018-10-28
-1405842,773415,1,1,1,0,2016-05-20,2016-05-20
-1405842,773419,1,1,1,0,2017-09-24,2017-09-24
-1405842,773426,2,2,1,0,2016-05-20,2016-05-20
-1405842,773427,2,2,1,0,2016-05-20,2016-05-20
-1405841,773413,1,1,1,0,2016-05-20,2016-05-20
-1405841,773426,1,1,1,0,2016-05-20,2016-05-20
-1405840,773409,1,1,1,0,2018-10-28,2018-10-28
-1405840,773411,1,1,1,0,2016-05-20,2016-05-20
-1405840,773418,3,3,2,0,2016-05-20,2016-05-20
-1405840,773421,1,1,1,0,2017-09-24,2017-09-24
-1405840,773422,1,1,1,0,2016-05-20,2016-05-20
-1405840,773423,1,1,1,0,2016-05-20,2016-05-20
-1405839,771638,1,1,1,0,2019-06-02,2019-06-02
-1405839,771701,1,1,1,0,2019-05-16,2019-05-16
-1405839,771759,1,1,1,1,2019-05-16,2019-05-16
-1405839,772340,1,1,1,1,2018-04-08,2018-04-08
-1405839,773356,1,1,1,0,2019-05-25,2019-05-25
-1405839,773361,1,1,1,0,2019-05-25,2019-05-25
-1405839,773415,2,2,2,0,2016-05-20,2016-05-20
-1405839,773417,1,1,1,0,2016-05-20,2016-05-20
-1405839,773421,1,1,1,0,2016-05-20,2016-05-20
-1405838,771351,1,1,1,0,2019-05-12,2019-05-12
-1405838,771639,1,1,1,0,2017-10-01,2017-10-01
-1405838,771783,1,1,1,1,2018-08-03,2018-08-03
-1405838,773426,2,2,1,0,2016-05-20,2016-05-20
-1405838,773427,2,2,1,0,2016-05-20,2016-05-20
-1405837,772472,1,1,1,0,2019-04-27,2019-04-27
-1405837,772474,1,1,1,1,2019-04-27,2019-04-27
-1405837,773076,1,1,1,1,2017-09-04,2017-09-04
-1405837,773421,2,2,1,0,2016-05-20,2016-05-20
-1405837,773427,1,1,1,0,2016-05-20,2016-05-20
-1405836,772472,1,1,1,0,2019-04-27,2019-04-27
-1405836,773151,1,1,1,0,2019-06-26,2019-06-26
-1405835,770772,1,1,1,0,2018-07-07,2018-07-07
-1405835,771327,1,1,1,0,2019-05-12,2019-05-12
-1405835,772473,1,1,1,0,2019-04-27,2019-04-27
-1405835,773090,1,1,1,1,2018-05-14,2018-05-14
-1405835,773360,1,1,1,1,2019-05-14,2019-05-14
-1405835,773817,1,1,1,1,2017-09-21,2017-09-21
-1405834,770753,1,1,1,0,2017-06-11,2017-06-11
-1405834,771652,1,1,1,0,2019-06-02,2019-06-02
-1405834,772472,1,1,1,0,2019-04-27,2019-04-27
-1405834,772474,2,2,1,0,2019-04-27,2019-04-27
-1405834,773418,1,1,1,0,2016-05-20,2016-05-20
-1405834,773425,1,1,1,0,2016-05-20,2016-05-20
-1405833,770765,1,1,1,0,2017-06-11,2017-06-11
-1405833,771324,1,1,1,0,2019-05-12,2019-05-12
-1405833,771349,1,1,1,1,2019-06-05,2019-06-05
-1405833,771548,1,1,1,0,2019-07-25,2019-07-25
-1405833,773028,1,1,1,0,2019-05-18,2019-05-18
-1405833,773419,1,1,1,0,2016-05-20,2016-05-20
-1405832,772475,1,1,1,1,2019-04-27,2019-04-27
-1405832,773143,1,1,1,0,2017-04-28,2017-04-28
-1405832,773272,1,1,1,0,2019-03-27,2019-03-27
-1405832,773402,1,1,1,0,2016-05-20,2016-05-20
-1405832,773405,1,1,1,0,2016-05-21,2016-05-21
-1405832,773424,1,1,1,0,2016-05-20,2016-05-20
-1405831,771862,1,1,1,0,2016-06-15,2016-06-15
-1405831,772321,1,1,1,0,2019-05-07,2019-05-07
-1405831,772469,1,1,1,0,2019-04-27,2019-04-27
-1405831,772473,1,1,1,1,2019-04-27,2019-04-27
-1405831,773016,1,1,1,0,2019-06-04,2019-06-04
-1405830,771643,1,1,1,0,2017-10-01,2017-10-01
-1405830,772470,1,1,1,0,2019-04-27,2019-04-27
-1405830,772472,1,1,1,1,2019-04-27,2019-04-27
-1405830,772473,1,1,1,0,2019-04-27,2019-04-27
-1405829,771641,1,1,1,1,2019-06-02,2019-06-02
-1405829,772471,1,1,1,0,2019-04-27,2019-04-27
-1405829,773404,1,1,1,0,2016-05-20,2016-05-20
-1405828,771313,1,1,1,0,2019-05-12,2019-05-12
-1405828,771343,1,1,1,1,2019-07-23,2019-07-23
-1405828,773024,1,1,1,1,2019-04-28,2019-04-28
-1405828,773025,1,1,1,1,2019-04-28,2019-04-28
-1405828,773402,1,1,1,0,2016-05-21,2016-05-21
-1405827,773023,1,1,1,1,2019-04-29,2019-04-29
-1405827,773025,1,1,1,1,2019-05-01,2019-05-01
-1405827,773027,1,1,1,1,2019-04-28,2019-04-28
-1405827,773205,1,1,1,0,2017-05-03,2017-05-03
-1405827,773403,1,1,1,0,2016-05-20,2016-05-20
-1405826,771650,1,1,1,0,2017-10-01,2017-10-01
-1405826,773024,2,2,1,1,2019-04-29,2019-04-28
-1405826,773025,2,2,1,1,2019-05-01,2019-04-29
-1405826,773400,1,1,1,0,2016-05-20,2016-05-20
-1405826,773402,3,3,1,0,2016-05-21,2016-05-21
-1405826,773403,1,1,1,0,2016-05-21,2016-05-21
-1405825,771697,1,1,1,0,2019-07-20,2019-07-20
-1405825,773023,1,1,1,1,2019-05-21,2019-05-21
-1405825,773026,1,1,1,0,2019-04-28,2019-04-28
-1405824,773023,1,1,1,0,2019-07-13,2019-07-13
-1405824,773400,1,1,1,0,2016-05-20,2016-05-20
-1405823,771639,1,1,1,0,2019-06-02,2019-06-02
-1405823,771640,1,1,1,0,2019-06-02,2019-06-02
-1405823,771798,1,1,1,1,2017-04-18,2017-04-18
-1405823,771833,1,1,1,0,2019-03-12,2019-03-12
-1405823,773399,1,1,1,0,2016-05-20,2016-05-20
-1405822,770757,1,1,1,0,2018-10-10,2018-10-10
-1405821,771649,1,1,1,0,2019-06-02,2019-06-02
-1405821,771651,1,1,1,0,2019-06-02,2019-06-02
-1405820,771644,1,1,1,0,2019-06-02,2019-06-02
-1405820,771649,2,2,1,0,2019-06-02,2019-06-02
-1405820,773015,1,1,1,0,2018-03-31,2018-03-31
-1405820,773022,1,1,1,0,2019-06-07,2019-06-07
-1405820,773164,1,1,1,0,2016-11-19,2016-11-19
-1405820,773205,1,1,1,0,2017-05-03,2017-05-03
-1405819,770747,1,1,1,0,2017-06-11,2017-06-11
-1405819,771648,1,1,1,0,2019-06-02,2019-06-02
-1405819,771649,2,2,1,0,2019-06-01,2019-06-01
-1405818,773155,1,1,1,0,2019-03-28,2019-03-28
-1405818,773399,1,1,1,0,2016-05-21,2016-05-21
-1405815,770774,1,1,1,0,2018-07-07,2018-07-07
-1405815,773012,2,2,1,1,2019-04-28,2019-04-28
-1405815,773165,1,1,1,0,2016-11-19,2016-11-19
-1405814,771696,1,1,1,0,2016-05-18,2016-05-18
-1405814,773166,1,1,1,0,2017-11-12,2017-11-12
-1405814,773396,1,1,1,0,2016-05-21,2016-05-21
-1405813,773163,1,1,1,0,2016-10-08,2016-10-08
-1405813,773169,1,1,1,0,2016-12-17,2016-12-17
-1405813,773172,1,1,1,0,2017-07-22,2017-07-22
-1405813,773395,2,2,2,0,2016-05-21,2016-05-21
-1405813,773397,1,1,1,0,2016-05-21,2016-05-21
-1405813,773408,1,1,1,0,2016-05-21,2016-05-21
-1405812,773159,1,1,1,0,2016-06-25,2016-06-25
-1405812,773398,1,1,1,0,2016-05-21,2016-05-21
-1405811,771721,3,3,1,0,2018-08-06,2018-06-18
-1405811,771722,1,1,1,0,2018-06-20,2018-06-20
-1405811,771724,2,2,1,0,2018-08-02,2018-07-15
-1405811,771855,1,1,1,0,2019-03-12,2019-03-12
-1405811,773163,1,1,1,0,2016-03-11,2016-03-11
-1405811,773168,1,1,1,0,2017-10-14,2017-10-14
-1405811,773397,1,1,1,0,2016-05-21,2016-05-21
-1405811,773406,1,1,1,0,2016-05-21,2016-05-21
-1405810,770778,1,1,1,0,2018-07-08,2018-07-08
-1405810,771723,1,1,1,0,2018-06-21,2018-06-21
-1405810,771724,1,1,1,0,2018-05-10,2018-05-10
-1405810,772269,1,1,1,0,2018-05-20,2018-05-20
-1405810,773391,1,1,1,0,2016-05-21,2016-05-21
-1405809,771721,1,1,1,0,2018-06-30,2018-06-30
-1405809,773171,1,1,1,0,2017-08-21,2017-08-21
-1405809,773389,1,1,1,0,2016-05-21,2016-05-21
-1405808,770776,1,1,1,0,2017-06-11,2017-06-11
-1405808,771720,1,1,1,0,2018-06-18,2018-06-18
-1405808,771721,1,1,1,0,2018-06-16,2018-06-16
-1405808,771736,1,1,1,0,2019-03-14,2019-03-14
-1405808,773390,1,1,1,0,2016-05-21,2016-05-21
-1405808,773399,2,1,1,0,2016-05-21,2016-05-21
-1405807,770775,1,1,1,0,2017-06-11,2017-06-11
-1405807,773299,1,1,1,0,2018-04-08,2018-04-08
-1405807,773387,1,1,1,0,2016-05-21,2016-05-21
-1405807,773391,1,1,1,0,2016-05-21,2016-05-21
-1405807,773392,1,1,1,0,2016-05-21,2016-05-21
-1405807,773395,1,1,1,0,2016-05-21,2016-05-21
-1405806,770773,1,1,1,0,2017-06-11,2017-06-11
-1405806,771191,1,1,1,0,2019-05-10,2019-05-10
-1405806,773391,1,1,1,0,2016-05-21,2016-05-21
-1405806,773402,1,1,1,0,2016-05-21,2016-05-21
-1405805,771768,1,1,1,0,2019-07-04,2019-07-04
-1405805,773391,1,1,1,0,2016-05-21,2016-05-21
-1405804,770750,1,1,1,0,2018-07-08,2018-07-08
-1405804,771108,1,1,1,0,2019-04-28,2019-04-28
-1405804,771655,1,1,1,0,2019-07-24,2019-07-24
-1405804,773390,2,2,1,0,2016-05-21,2016-05-21
-1405804,773391,1,1,1,0,2016-05-21,2016-05-21
-1405803,772280,1,1,1,1,2018-08-30,2018-08-30
-1405803,772281,2,2,1,2,2018-08-30,2018-08-30
-1405803,773120,1,1,1,0,2016-07-04,2016-07-04
-1405802,770774,1,1,1,0,2017-06-11,2017-06-11
-1405802,771658,1,1,1,1,2019-06-02,2019-06-02
-1405802,773387,1,1,1,0,2016-05-21,2016-05-21
-1405802,773391,1,1,1,0,2016-05-21,2016-05-21
-1405800,772076,1,1,1,0,2018-09-13,2018-09-13
-1405800,772863,1,1,1,1,2019-03-29,2019-03-29
-1405800,772865,1,1,1,1,2019-03-29,2019-03-29
-1405800,773385,1,1,1,0,2016-05-21,2016-05-21
-1405800,773388,1,1,1,0,2016-05-21,2016-05-21
-1405800,773393,1,1,1,0,2016-05-21,2016-05-21
-1405799,773386,1,1,1,0,2016-05-21,2016-05-21
-1405798,773804,1,1,1,0,2019-04-28,2019-04-28
-1405797,773387,1,1,1,0,2016-05-21,2016-05-21
-1405796,773031,2,2,2,2,2019-07-17,2019-07-17
-1405796,773390,1,1,1,0,2016-05-21,2016-05-21
-1405795,770771,1,1,1,0,2017-06-11,2017-06-11
-1405795,773388,2,2,1,0,2016-05-21,2016-05-21
-1405795,773390,1,1,1,0,2016-05-21,2016-05-21
-1405795,773391,2,2,2,0,2016-05-21,2016-05-21
-1405794,770771,1,1,1,0,2017-06-11,2017-06-11
-1405794,773389,1,1,1,0,2016-05-21,2016-05-21
-1405793,773088,1,1,1,0,2019-07-16,2019-07-16
-1405791,770970,1,1,1,1,2018-10-21,2018-10-21
-1405791,771637,1,1,1,0,2019-06-19,2019-06-19
-1405790,771469,1,1,1,1,2018-12-12,2018-12-12
-1405790,771833,1,1,1,0,2019-04-06,2019-04-06
-1405790,772254,1,1,1,0,2018-07-28,2018-07-28
-1405789,772732,1,1,1,0,2019-06-07,2019-06-07
-1405789,773032,1,1,1,0,2019-05-12,2019-05-12
-1405788,773018,2,2,1,0,2019-03-28,2019-03-28
-1405787,769972,1,1,1,0,2019-04-29,2019-04-29
-1405787,771022,1,1,1,0,2019-04-27,2019-04-27
-1405786,771755,1,1,1,0,2018-06-08,2018-06-08
-1405786,771778,1,1,1,0,2018-05-07,2018-05-07
-1405786,771781,2,2,1,0,2018-09-20,2018-08-20
-1405786,771782,1,1,1,0,2018-09-22,2018-09-22
-1405786,772472,1,1,1,0,2019-05-02,2019-05-02
-1405785,771779,1,1,1,0,2018-04-15,2018-04-15
-1405785,771780,2,2,1,0,2019-06-15,2018-11-14
-1405785,771781,2,2,1,0,2019-06-15,2019-01-05
-1405785,771782,1,1,1,0,2018-09-22,2018-09-22
-1405785,774484,1,1,1,1,2016-04-13,2016-04-13
-1405784,771663,1,1,1,0,2019-06-02,2019-06-02
-1405784,771777,2,2,1,1,2019-06-04,2018-10-24
-1405784,771778,1,1,1,0,2018-08-23,2018-08-23
-1405784,772258,1,1,1,1,2019-05-21,2019-05-21
-1405784,772570,1,1,1,1,2019-06-08,2019-06-08
-1405783,770771,1,1,1,0,2018-07-08,2018-07-08
-1405783,771664,1,1,1,0,2019-06-02,2019-06-02
-1405783,771774,1,1,1,0,2019-06-11,2019-06-11
-1405783,771775,3,3,1,0,2019-06-24,2019-06-11
-1405783,771776,4,4,1,0,2019-07-09,2019-06-15
-1405783,771777,1,1,1,0,2019-04-13,2019-04-13
-1405783,773752,1,1,1,1,2019-05-15,2019-05-15
-1405782,770770,1,1,1,0,2018-07-08,2018-07-08
-1405782,771774,2,2,1,0,2018-09-15,2018-07-20
-1405782,771775,4,4,1,0,2019-06-10,2019-05-05
-1405782,773003,1,1,1,1,2019-05-11,2019-05-11
-1405782,773013,1,1,1,0,2019-04-08,2019-04-08
-1405781,770774,1,1,1,0,2018-07-08,2018-07-08
-1405781,771772,1,1,1,0,2018-07-28,2018-07-28
-1405781,771775,1,1,1,0,2018-04-28,2018-04-28
-1405781,771777,1,1,1,0,2019-06-09,2019-06-09
-1405781,772260,1,1,1,1,2019-05-22,2019-05-22
-1405781,772273,1,1,1,1,2018-08-18,2018-08-18
-1405780,770786,1,1,1,0,2018-07-08,2018-07-08
-1405779,770769,1,1,1,0,2018-07-07,2018-07-07
-1405779,770772,1,1,1,0,2018-07-08,2018-07-08
-1405779,770779,1,1,1,0,2018-07-08,2018-07-08
-1405779,771779,1,1,1,0,2019-07-22,2019-07-22
-1405778,770769,1,1,1,0,2018-07-08,2018-07-08
-1405778,770771,1,1,1,0,2018-07-08,2018-07-08
-1405778,773134,1,1,1,0,2016-05-11,2016-05-11
-1405777,770380,1,1,1,0,2019-06-06,2019-06-06
-1405776,770768,1,1,1,0,2017-06-11,2017-06-11
-1405776,770780,1,1,1,0,2018-07-08,2018-07-08
-1405775,773631,1,1,1,0,2017-09-28,2017-09-28
-1405774,772567,1,1,1,0,2019-05-04,2019-05-04
-1405773,770774,1,1,1,0,2018-07-08,2018-07-08
-1405773,770777,1,1,1,0,2017-06-11,2017-06-11
-1405773,772567,1,1,1,0,2019-05-04,2019-05-04
-1405771,770779,1,1,1,0,2017-06-11,2017-06-11
-1405771,772306,1,1,1,0,2019-05-22,2019-05-22
-1405770,771887,1,1,1,0,2018-06-07,2018-06-07
-1405769,771861,1,1,1,1,2019-04-07,2019-04-07
-1405769,771893,1,1,1,0,2019-05-29,2019-05-29
-1405769,772083,1,1,1,0,2018-07-29,2018-07-29
-1405767,770783,1,1,1,0,2017-06-11,2017-06-11
-1405767,771893,1,1,1,0,2017-09-07,2017-09-07
-1405767,771894,2,1,1,0,2018-08-19,2018-08-17
-1405766,770807,1,1,1,0,2018-07-08,2018-07-08
-1405766,771666,1,1,1,0,2019-05-04,2019-05-04
-1405766,771834,1,1,1,1,2019-04-22,2019-04-22
-1405766,771838,1,1,1,1,2019-04-17,2019-04-17
-1405766,772864,1,1,1,0,2019-04-07,2019-04-07
-1405766,772868,1,1,1,0,2018-10-25,2018-10-25
-1405766,772871,2,2,1,1,2018-07-31,2018-07-30
-1405766,772975,1,1,1,0,2018-06-03,2018-06-03
-1405765,772873,1,1,1,0,2018-08-17,2018-08-17
-1405764,770743,1,1,1,0,2018-07-08,2018-07-08
-1405764,770784,1,1,1,0,2017-06-11,2017-06-11
-1405764,771757,1,1,1,0,2019-07-20,2019-07-20
-1405763,770808,1,1,1,0,2018-07-08,2018-07-08
-1405763,772872,1,1,1,0,2018-07-31,2018-07-31
-1405763,772874,1,1,1,0,2018-09-16,2018-09-16
-1405762,770736,1,1,1,0,2018-07-08,2018-07-08
-1405762,771763,1,1,1,0,2019-07-23,2019-07-23
-1405762,771833,1,1,1,1,2019-04-28,2019-04-28
-1405762,773083,1,1,1,1,2019-06-21,2019-06-21
-1405761,771832,1,1,1,1,2019-04-28,2019-04-28
-1405761,771834,2,2,1,2,2019-04-28,2019-04-28
-1405761,772866,1,1,1,0,2019-06-09,2019-06-09
-1405760,771833,1,1,1,1,2019-04-28,2019-04-28
-1405760,772082,1,1,1,1,2019-05-20,2019-05-20
-1405759,771489,1,1,1,0,2019-07-10,2019-07-10
-1405759,771668,1,1,1,0,2017-10-01,2017-10-01
-1405759,771833,1,1,1,1,2019-04-28,2019-04-28
-1405759,771834,2,2,1,1,2019-04-28,2019-04-28
-1405759,773074,1,1,1,1,2018-08-27,2018-08-27
-1405758,771833,1,1,1,1,2019-04-28,2019-04-28
-1405756,770559,1,1,1,0,2019-05-10,2019-05-10
-1405756,771834,1,1,1,1,2019-04-28,2019-04-28
-1405756,772041,1,1,1,1,2019-04-27,2019-04-27
-1405756,772138,1,1,1,0,2017-09-11,2017-09-11
-1405755,772871,1,1,1,0,2019-05-19,2019-05-19
-1405755,773043,1,1,1,1,2019-03-28,2019-03-28
-1405754,773076,2,2,1,1,2018-08-27,2018-08-26
-1405752,773020,1,1,1,0,2019-04-29,2019-04-29
-1405752,773120,1,1,1,0,2019-07-11,2019-07-11
-1405751,770569,1,1,1,0,2018-06-14,2018-06-14
-1405751,771671,1,1,1,0,2019-06-02,2019-06-02
-1405751,771672,1,1,1,0,2019-06-02,2019-06-02
-1405751,773018,1,1,1,0,2019-06-03,2019-06-03
-1405750,770807,1,1,1,0,2018-07-08,2018-07-08
-1405750,773019,1,1,1,0,2018-05-24,2018-05-24
-1405750,773020,1,1,1,0,2018-04-28,2018-04-28
-1405749,773017,1,1,1,0,2019-04-29,2019-04-29
-1405749,773019,1,1,1,0,2019-06-06,2019-06-06
-1405749,773020,1,1,1,0,2019-04-29,2019-04-29
-1405749,773021,1,1,1,0,2018-04-29,2018-04-29
-1405749,773025,1,1,1,0,2018-04-29,2018-04-29
-1405748,773017,2,2,1,1,2018-04-29,2018-04-28
-1405748,773018,1,1,1,0,2018-04-28,2018-04-28
-1405748,773020,2,2,1,0,2018-04-29,2018-04-28
-1405747,771943,1,1,1,0,2016-05-21,2016-05-21
-1405747,773016,1,1,1,0,2018-04-29,2018-04-29
-1405747,773080,1,1,1,1,2018-11-10,2018-11-10
-1405746,771173,1,1,1,0,2019-05-04,2019-05-04
-1405746,771943,1,1,1,1,2016-05-12,2016-05-12
-1405746,773018,1,1,1,1,2018-04-28,2018-04-28
-1405746,773019,1,1,1,0,2018-05-27,2018-05-27
-1405744,771777,1,1,1,0,2019-06-01,2019-06-01
-1405743,770750,1,1,1,0,2018-07-08,2018-07-08
-1405743,770790,1,1,1,0,2017-06-11,2017-06-11
-1405743,771777,1,1,1,0,2019-06-01,2019-06-01
-1405742,770808,1,1,1,0,2018-07-08,2018-07-08
-1405742,772345,1,1,1,1,2019-05-24,2019-05-24
-1405741,770790,1,1,1,0,2017-06-11,2017-06-11
-1405741,770808,1,1,1,0,2018-07-08,2018-07-08
-1405741,771618,1,1,1,0,2018-05-06,2018-05-06
-1405741,771678,1,1,1,0,2017-10-01,2017-10-01
-1405741,772124,1,1,1,0,2018-08-26,2018-08-26
-1405740,771676,1,1,1,0,2019-06-02,2019-06-02
-1405740,772957,1,1,1,1,2019-05-07,2019-05-07
-1405740,773232,1,1,1,0,2017-05-03,2017-05-03
-1405739,770750,1,1,1,0,2018-07-08,2018-07-08
-1405739,770796,1,1,1,0,2017-06-11,2017-06-11
-1405739,771813,1,1,1,0,2019-06-19,2019-06-19
-1405738,770746,1,1,1,0,2018-07-08,2018-07-08
-1405738,771677,1,1,1,0,2019-06-02,2019-06-02
-1405738,771899,1,1,1,0,2017-07-04,2017-07-04
-1405737,770794,1,1,1,0,2017-06-11,2017-06-11
-1405737,770795,1,1,1,0,2017-06-11,2017-06-11
-1405736,770755,1,1,1,0,2018-07-08,2018-07-08
-1405735,770752,1,1,1,0,2018-07-08,2018-07-08
-1405735,770757,1,1,1,0,2018-07-08,2018-07-08
-1405735,771677,1,1,1,0,2019-06-02,2019-06-02
-1405733,770752,1,1,1,0,2018-07-08,2018-07-08
-1405733,770793,1,1,1,0,2017-06-11,2017-06-11
-1405732,770814,1,1,1,0,2017-06-11,2017-06-11
-1405732,772395,1,1,1,0,2019-04-28,2019-04-28
-1405732,772685,1,1,1,0,2019-06-07,2019-06-07
-1405731,773832,1,1,1,0,2018-09-30,2018-09-30
-1405729,770791,1,1,1,0,2017-06-11,2017-06-11
-1405729,771805,1,1,1,0,2018-05-01,2018-05-01
-1405729,771809,1,1,1,0,2018-05-15,2018-05-15
-1405729,772599,1,1,1,0,2019-04-27,2019-04-27
-1405729,772600,1,1,1,0,2019-04-27,2019-04-27
-1405729,773249,1,1,1,0,2017-05-03,2017-05-03
-1405728,772598,1,1,1,1,2019-04-27,2019-04-27
-1405726,770816,1,1,1,0,2017-06-11,2017-06-11
-1405726,771102,1,1,1,0,2019-05-16,2019-05-16
-1405726,772778,1,1,1,0,2019-05-14,2019-05-14
-1405726,773256,1,1,1,0,2017-05-03,2017-05-03
-1405724,770814,1,1,1,0,2017-06-11,2017-06-11
-1405724,771787,1,1,1,0,2019-06-01,2019-06-01
-1405724,772141,1,1,1,1,2019-05-27,2019-05-27
-1405724,772444,1,1,1,0,2019-04-27,2019-04-27
-1405723,771500,1,1,1,0,2017-09-15,2017-09-15
-1405723,772356,1,1,1,0,2019-04-05,2019-04-05
-1405723,774098,1,1,1,0,2019-05-09,2019-05-09
-1405722,772143,1,1,1,1,2019-05-27,2019-05-27
-1405721,770765,1,1,1,0,2018-07-07,2018-07-07
-1405721,770815,2,2,1,0,2017-06-11,2017-06-11
-1405721,772441,2,1,1,1,2019-04-27,2019-04-27
-1405720,771880,1,1,1,1,2018-04-23,2018-04-23
-1405719,770811,1,1,1,0,2017-06-11,2017-06-11
-1405719,771682,1,1,1,0,2019-06-02,2019-06-02
-1405718,771572,1,1,1,0,2019-04-05,2019-04-05
-1405717,771683,1,1,1,0,2019-06-02,2019-06-02
-1405717,771684,2,2,1,0,2019-06-02,2019-06-02
-1405715,772408,1,1,1,0,2019-04-27,2019-04-27
-1405714,771970,1,1,1,1,2018-10-16,2018-10-16
-1405714,772436,4,3,2,1,2019-04-27,2019-04-27
-1405713,770803,1,1,1,0,2017-06-11,2017-06-11
-1405712,771688,1,1,1,0,2019-05-04,2019-05-04
-1405712,771690,1,1,1,0,2019-06-02,2019-06-02
-1405712,772976,1,1,1,0,2019-04-27,2019-04-27
-1405711,770799,1,1,1,0,2018-07-08,2018-07-08
-1405711,770802,1,1,1,0,2017-06-11,2017-06-11
-1405711,771328,1,1,1,0,2017-07-02,2017-07-02
-1405709,772057,1,1,1,0,2019-06-01,2019-06-01
-1405709,773205,1,1,1,0,2019-07-12,2019-07-12
-1405709,774144,1,1,1,0,2019-04-20,2019-04-20
-1405708,772085,1,1,1,0,2019-04-30,2019-04-30
-1405707,771697,1,1,1,0,2019-06-02,2019-06-02
-1405707,772596,2,2,1,0,2019-05-06,2019-05-06
-1405707,772825,1,1,1,0,2019-04-17,2019-04-17
-1405707,773203,1,1,1,0,2019-07-08,2019-07-08
-1405707,773206,1,1,1,0,2019-07-12,2019-07-12
-1405706,771696,1,1,1,0,2019-06-02,2019-06-02
-1405706,773201,1,1,1,0,2019-06-10,2019-06-10
-1405706,773203,1,1,1,0,2019-07-08,2019-07-08
-1405705,773188,1,1,1,0,2019-06-23,2019-06-23
-1405704,772068,1,1,1,0,2019-04-29,2019-04-29
-1405704,772075,1,1,1,0,2019-04-28,2019-04-28
-1405704,772076,1,1,1,0,2019-04-28,2019-04-28
-1405704,772306,1,1,1,0,2017-11-05,2017-11-05
-1405704,773191,1,1,1,0,2019-06-04,2019-06-04
-1405703,772055,1,1,1,0,2018-09-18,2018-09-18
-1405703,772071,2,2,1,0,2019-04-16,2019-01-13
-1405703,772074,1,1,1,0,2019-05-27,2019-05-27
-1405703,772075,1,1,1,0,2019-04-30,2019-04-30
-1405703,772438,1,1,1,0,2019-04-27,2019-04-27
-1405703,773186,1,1,1,0,2019-06-02,2019-06-02
-1405703,773188,1,1,1,0,2019-06-27,2019-06-27
-1405703,773190,1,1,1,1,2019-06-04,2019-06-04
-1405703,773193,2,2,1,0,2019-06-15,2019-06-09
-1405702,772056,1,1,1,0,2019-04-27,2019-04-27
-1405702,772071,1,1,1,0,2019-05-11,2019-05-11
-1405702,772074,1,1,1,0,2018-10-13,2018-10-13
-1405702,772078,1,1,1,0,2019-04-30,2019-04-30
-1405702,772461,1,1,1,0,2019-04-27,2019-04-27
-1405702,773190,1,1,1,0,2019-06-22,2019-06-22
-1405702,773285,1,1,1,0,2017-05-03,2017-05-03
-1405701,770197,1,1,1,0,2019-04-19,2019-04-19
-1405701,772050,1,1,1,0,2018-09-18,2018-09-18
-1405701,772074,1,1,1,0,2018-05-10,2018-05-10
-1405701,773188,2,2,2,0,2019-06-14,2019-06-09
-1405701,773190,2,2,2,0,2019-06-19,2019-06-11
-1405700,770794,1,1,1,0,2017-06-11,2017-06-11
-1405700,771560,1,1,1,0,2018-07-03,2018-07-03
-1405700,771700,1,1,1,0,2019-06-02,2019-06-02
-1405700,772599,1,1,1,0,2019-06-16,2019-06-16
-1405700,773188,3,3,1,0,2019-07-14,2019-06-27
-1405700,773288,1,1,1,0,2017-05-03,2017-05-03
-1405699,772075,1,1,1,0,2019-05-22,2019-05-22
-1405699,772448,1,1,1,0,2019-04-27,2019-04-27
-1405699,772449,1,1,1,1,2019-04-27,2019-04-27
-1405699,772451,1,1,1,0,2019-04-27,2019-04-27
-1405699,773189,1,1,1,0,2019-06-16,2019-06-16
-1405699,773190,1,1,1,0,2019-06-16,2019-06-16
-1405698,771700,1,1,1,0,2019-06-02,2019-06-02
-1405698,772074,1,1,1,0,2019-06-09,2019-06-09
-1405698,772853,1,1,1,1,2019-04-13,2019-04-13
-1405698,773184,1,1,1,0,2019-06-07,2019-06-07
-1405698,773186,1,1,1,0,2019-06-22,2019-06-22
-1405698,773188,1,1,1,0,2019-06-16,2019-06-16
-1405697,772071,2,2,1,0,2019-05-04,2019-05-04
-1405697,772072,1,1,1,0,2019-06-09,2019-06-09
-1405696,772072,1,1,1,0,2019-05-22,2019-05-22
-1405696,772815,1,1,1,0,2018-06-07,2018-06-07
-1405696,773367,1,1,1,0,2019-02-25,2019-02-25
-1405695,770584,1,1,1,1,2019-05-24,2019-05-24
-1405695,770802,1,1,1,0,2018-07-08,2018-07-08
-1405695,770805,1,1,1,0,2018-07-08,2018-07-08
-1405695,771208,1,1,1,0,2018-08-02,2018-08-02
-1405695,772071,1,1,1,0,2019-05-04,2019-05-04
-1405695,772072,1,1,1,0,2019-05-04,2019-05-04
-1405695,772453,1,1,1,0,2019-04-27,2019-04-27
-1405695,772815,1,1,1,0,2018-06-07,2018-06-07
-1405694,770804,2,2,1,0,2018-07-08,2018-07-08
-1405694,770808,1,1,1,0,2018-07-08,2018-07-08
-1405694,772074,1,1,1,0,2019-06-09,2019-06-09
-1405694,774305,1,1,1,0,2019-06-17,2019-06-17
-1405694,774549,1,1,1,1,2019-02-07,2019-02-07
-1405693,770798,1,1,1,0,2018-07-08,2018-07-08
-1405693,772016,1,1,1,0,2019-04-18,2019-04-18
-1405692,770803,1,1,1,0,2017-06-11,2017-06-11
-1405692,771699,1,1,1,0,2019-06-02,2019-06-02
-1405692,771700,1,1,1,0,2019-06-02,2019-06-02
-1405692,772456,1,1,1,0,2019-04-27,2019-04-27
-1405691,770097,1,1,1,0,2019-07-16,2019-07-16
-1405691,771327,1,1,1,0,2017-02-19,2017-02-19
-1405690,772068,1,1,1,0,2019-04-27,2019-04-27
-1405689,772466,1,1,1,0,2019-04-27,2019-04-27
-1405689,774102,1,1,1,0,2017-10-27,2017-10-27
-1405688,772252,1,1,1,0,2018-07-28,2018-07-28
-1405687,772077,1,1,1,0,2019-04-27,2019-04-27
-1405686,772684,1,1,1,0,2019-05-08,2019-05-08
-1405685,771336,1,1,1,0,2017-02-19,2017-02-19
-1405684,772124,1,1,1,0,2019-06-19,2019-06-19
-1405684,772928,1,1,1,0,2019-04-26,2019-04-26
-1405683,772685,1,1,1,0,2019-05-08,2019-05-08
-1405683,772686,2,1,1,0,2019-05-08,2019-05-08
-1405683,772927,1,1,1,0,2019-04-26,2019-04-26
-1405682,771703,1,1,1,0,2019-06-02,2019-06-02
-1405682,772823,1,1,1,0,2018-06-07,2018-06-07
-1405682,772827,1,1,1,0,2018-07-14,2018-07-14
-1405682,772924,1,1,1,1,2019-04-23,2019-04-23
-1405682,772928,1,1,1,0,2019-04-23,2019-04-23
-1405681,771702,1,1,1,0,2019-06-02,2019-06-02
-1405681,772122,1,1,1,0,2019-06-18,2019-06-18
-1405681,772925,1,1,1,0,2019-04-23,2019-04-23
-1405681,772932,1,1,1,1,2019-04-23,2019-04-23
-1405681,772935,1,1,1,1,2019-04-23,2019-04-23
-1405680,772834,1,1,1,0,2019-06-15,2019-06-15
-1405679,774493,1,1,1,1,2016-06-24,2016-06-24
-1405675,771696,1,1,1,0,2019-06-02,2019-06-02
-1405674,771704,1,1,1,1,2019-06-02,2019-06-02
-1405673,771693,1,1,1,0,2019-05-04,2019-05-04
-1405673,771702,1,1,1,0,2019-06-02,2019-06-02
-1405672,771704,1,1,1,0,2019-06-02,2019-06-02
-1405670,773265,1,1,1,0,2018-07-01,2018-07-01
-1405669,771702,1,1,1,0,2019-06-02,2019-06-02
-1405669,772058,1,1,1,0,2018-10-14,2018-10-14
-1405668,772482,1,1,1,0,2018-08-18,2018-08-18
-1405668,772904,1,1,1,1,2019-06-13,2019-06-13
-1405667,770961,1,1,1,1,2017-05-10,2017-05-10
-1405667,771159,1,1,1,0,2019-02-15,2019-02-15
-1405667,772463,1,1,1,1,2018-08-18,2018-08-18
-1405666,772084,1,1,1,0,2019-04-25,2019-04-25
-1405666,772556,1,1,1,0,2019-05-06,2019-05-06
-1405665,772051,1,1,1,0,2018-10-14,2018-10-14
-1405665,772477,1,1,1,0,2018-04-28,2018-04-28
-1405665,772517,1,1,1,0,2019-04-27,2019-04-27
-1405664,770618,1,1,1,0,2018-10-14,2018-10-14
-1405662,772456,1,1,1,1,2018-08-18,2018-08-18
-1405662,772468,1,1,1,0,2017-09-08,2017-09-08
-1405662,772485,1,1,1,1,2018-04-21,2018-04-21
-1405662,772981,1,1,1,0,2019-07-02,2019-07-02
-1405661,772464,1,1,1,0,2017-09-08,2017-09-08
-1405661,772501,1,1,1,0,2019-06-05,2019-06-05
-1405660,772500,1,1,1,0,2019-06-05,2019-06-05
-1405659,772100,1,1,1,0,2019-04-24,2019-04-24
-1405659,772101,2,2,1,0,2019-04-24,2019-04-24
-1405659,772499,1,1,1,0,2019-06-05,2019-06-05
-1405658,771431,1,1,1,0,2019-05-23,2019-05-23
-1405657,771703,1,1,1,0,2019-06-02,2019-06-02
-1405657,772462,1,1,1,0,2017-09-08,2017-09-08
-1405657,772492,1,1,1,1,2018-03-10,2018-03-10
-1405657,772649,1,1,1,0,2019-06-05,2019-06-05
-1405656,771702,1,1,1,0,2019-06-02,2019-06-02
-1405656,771703,1,1,1,0,2019-06-02,2019-06-02
-1405656,771889,1,1,1,0,2018-06-24,2018-06-24
-1405656,772100,1,1,1,0,2018-10-13,2018-10-13
-1405656,772486,1,1,1,0,2018-08-18,2018-08-18
-1405656,772898,1,1,1,0,2019-06-08,2019-06-08
-1405655,772098,1,1,1,1,2018-10-13,2018-10-13
-1405653,772467,1,1,1,0,2019-03-20,2019-03-20
-1405653,772501,1,1,1,0,2019-06-05,2019-06-05
-1405652,771727,1,1,1,0,2017-10-01,2017-10-01
-1405652,772831,1,1,1,0,2018-07-14,2018-07-14
-1405651,772408,1,1,1,0,2018-08-25,2018-08-25
-1405651,772470,1,1,1,0,2017-09-08,2017-09-08
-1405651,773151,1,1,1,0,2019-06-17,2019-06-17
-1405650,771707,1,1,1,0,2016-05-17,2016-05-17
-1405648,772473,1,1,1,0,2017-09-08,2017-09-08
-1405648,774253,1,1,1,0,2018-02-21,2018-02-21
-1405647,772493,1,1,1,1,2018-03-10,2018-03-10
-1405646,771937,1,1,1,1,2018-12-21,2018-12-21
-1405646,772467,1,1,1,0,2017-09-08,2017-09-08
-1405645,772404,1,1,1,0,2018-08-18,2018-08-18
-1405645,772820,1,1,1,0,2019-06-07,2019-06-07
-1405643,772500,1,1,1,0,2019-04-27,2019-04-27
-1405641,772498,1,1,1,0,2019-04-27,2019-04-27
-1405641,772963,2,2,1,0,2019-06-07,2019-05-18
-1405640,772470,1,1,1,0,2017-09-08,2017-09-08
-1405640,772964,2,2,1,0,2019-06-07,2019-01-18
-1405639,772966,2,2,1,0,2019-07-12,2019-02-05
-1405638,772829,1,1,1,0,2018-07-14,2018-07-14
-1405638,772965,2,2,1,0,2019-04-28,2019-01-04
-1405637,772963,1,1,1,1,2019-04-28,2019-04-28
-1405637,772968,2,2,1,0,2019-06-26,2019-02-24
-1405636,772966,1,1,1,0,2019-05-24,2019-05-24
-1405634,772965,1,1,1,1,2018-09-01,2018-09-01
-1405634,772971,1,1,1,0,2019-07-12,2019-07-12
-1405633,772262,1,1,1,0,2019-06-10,2019-06-10
-1405633,772963,1,1,1,0,2019-04-28,2019-04-28
-1405633,772967,1,1,1,0,2018-09-05,2018-09-05
-1405632,772964,1,1,1,0,2018-09-01,2018-09-01
-1405631,772500,1,1,1,0,2019-04-27,2019-04-27
-1405631,772970,1,1,1,0,2018-09-05,2018-09-05
-1405630,772429,1,1,1,0,2018-08-25,2018-08-25
-1405630,772699,1,1,1,0,2018-12-02,2018-12-02
-1405630,772916,1,1,1,0,2019-04-28,2019-04-28
-1405630,772917,1,1,1,0,2019-04-28,2019-04-28
-1405630,772919,1,1,1,1,2019-04-28,2019-04-28
-1405630,772920,1,1,1,1,2019-04-28,2019-04-28
-1405630,772932,1,1,1,0,2019-04-28,2019-04-28
-1405630,772936,2,2,1,2,2019-04-28,2019-04-28
-1405630,772939,1,1,1,0,2019-05-04,2019-05-04
-1405630,772943,1,1,1,1,2019-04-28,2019-04-28
-1405630,772951,1,1,1,1,2019-04-28,2019-04-28
-1405630,772956,1,1,1,0,2019-04-28,2019-04-28
-1405630,772963,2,2,2,1,2019-06-30,2019-02-16
-1405629,772959,1,1,1,0,2019-07-04,2019-07-04
-1405629,772964,1,1,1,1,2018-10-05,2018-10-05
-1405628,771733,1,1,1,0,2017-10-01,2017-10-01
-1405627,772961,1,1,1,0,2019-04-06,2019-04-06
-1405627,774155,1,1,1,0,2018-06-13,2018-06-13
-1405626,772389,1,1,1,1,2019-04-19,2019-04-19
-1405625,772417,1,1,1,0,2019-04-24,2019-04-24
-1405624,772916,1,1,1,0,2019-04-28,2019-04-28
-1405623,771668,1,1,1,0,2019-07-08,2019-07-08
-1405623,773190,2,2,1,0,2017-12-02,2017-12-02
-1405622,770296,1,1,1,1,2018-11-01,2018-11-01
-1405622,772497,1,1,1,1,2019-04-27,2019-04-27
-1405622,772503,1,1,1,0,2019-04-27,2019-04-27
-1405621,772485,1,1,1,1,2018-03-10,2018-03-10
-1405620,771908,1,1,1,0,2017-04-22,2017-04-22
-1405619,771926,1,1,1,1,2017-04-15,2017-04-15
-1405619,772086,1,1,1,0,2018-10-13,2018-10-13
-1405619,772919,1,1,1,1,2019-04-28,2019-04-28
-1405618,772466,1,1,1,0,2018-05-13,2018-05-13
-1405618,772931,1,1,1,0,2019-07-04,2019-07-04
-1405617,772571,1,1,1,0,2019-05-06,2019-05-06
-1405617,774235,1,1,1,0,2018-06-13,2018-06-13
-1405612,772499,1,1,1,1,2019-04-02,2019-04-02
-1405611,772874,1,1,1,1,2018-04-28,2018-04-28
-1405610,772415,1,1,1,0,2018-09-03,2018-09-03
-1405610,772424,1,1,1,0,2019-04-19,2019-04-19
-1405610,772486,1,1,1,1,2019-05-03,2019-05-03
-1405610,772497,1,1,1,0,2019-04-27,2019-04-27
-1405609,772261,1,1,1,1,2018-10-20,2018-10-20
-1405609,772336,1,1,1,0,2019-04-01,2019-04-01
-1405609,772416,1,1,1,0,2019-04-21,2019-04-21
-1405609,772417,1,1,1,1,2018-04-28,2018-04-28
-1405609,772872,1,1,1,1,2018-04-28,2018-04-28
-1405609,772875,1,1,1,1,2018-04-28,2018-04-28
-1405609,773197,1,1,1,0,2019-06-08,2019-06-08
-1405608,772419,1,1,1,0,2019-04-24,2019-04-24
-1405607,772443,1,1,1,0,2018-08-18,2018-08-18
-1405607,772498,2,2,1,0,2019-04-27,2019-04-27
-1405606,772414,2,2,2,0,2019-04-24,2018-10-25
-1405606,772483,1,1,1,0,2019-04-27,2019-04-27
-1405606,772873,2,2,1,2,2018-04-28,2018-04-28
-1405606,772874,1,1,1,1,2018-04-28,2018-04-28
-1405605,772038,1,1,1,0,2019-04-15,2019-04-15
-1405605,772124,1,1,1,1,2019-04-28,2019-04-28
-1405605,772498,1,1,1,0,2019-04-27,2019-04-27
-1405605,772502,1,1,1,0,2019-04-27,2019-04-27
-1405605,772504,1,1,1,0,2019-04-27,2019-04-27
-1405605,772876,1,1,1,1,2018-04-28,2018-04-28
-1405604,772038,1,1,1,0,2019-04-15,2019-04-15
-1405604,772505,1,1,1,0,2019-04-27,2019-04-27
-1405604,772680,1,1,1,0,2019-06-05,2019-06-05
-1405604,773195,1,1,1,0,2019-06-08,2019-06-08
-1405603,772409,1,1,1,0,2018-09-03,2018-09-03
-1405601,772497,1,1,1,0,2019-04-27,2019-04-27
-1405601,772501,1,1,1,0,2019-04-27,2019-04-27
-1405600,772445,1,1,1,0,2018-11-03,2018-11-03
-1405599,773136,1,1,1,0,2019-07-12,2019-07-12
-1405598,771684,1,1,1,0,2019-05-18,2019-05-18
-1405598,771910,1,1,1,0,2017-04-22,2017-04-22
-1405598,774062,1,1,1,0,2018-08-19,2018-08-19
-1405597,772445,1,1,1,1,2019-04-27,2019-04-27
-1405597,773544,1,1,1,0,2018-07-16,2018-07-16
-1405596,772499,1,1,1,0,2019-04-27,2019-04-27
-1405595,772429,1,1,1,0,2018-08-25,2018-08-25
-1405594,772513,1,1,1,0,2019-06-05,2019-06-05
-1405593,772502,1,1,1,0,2019-04-27,2019-04-27
-1405593,772802,1,1,1,0,2019-05-23,2019-05-23
-1405593,773130,1,1,1,0,2019-06-27,2019-06-27
-1405592,771595,1,1,1,0,2017-07-29,2017-07-29
-1405592,771789,1,1,1,0,2018-06-12,2018-06-12
-1405592,771911,1,1,1,0,2017-04-22,2017-04-22
-1405592,772437,1,1,1,0,2018-08-18,2018-08-18
-1405592,772445,1,1,1,0,2018-03-10,2018-03-10
-1405592,772449,1,1,1,0,2018-03-10,2018-03-10
-1405592,773650,1,1,1,0,2017-04-18,2017-04-18
-1405591,772752,1,1,1,0,2019-02-19,2019-02-19
-1405590,772415,1,1,1,0,2018-08-18,2018-08-18
-1405589,772452,1,1,1,0,2018-05-06,2018-05-06
-1405588,772369,1,1,1,0,2019-03-31,2019-03-31
-1405588,772451,1,1,1,0,2018-03-10,2018-03-10
-1405587,772450,1,1,1,0,2018-05-06,2018-05-06
-1405587,772490,1,1,1,1,2018-05-12,2018-05-12
-1405587,772501,1,1,1,0,2019-04-27,2019-04-27
-1405587,773096,1,1,1,0,2019-07-12,2019-07-12
-1405586,771593,1,1,1,1,2017-07-29,2017-07-29
-1405586,772449,2,2,2,0,2018-05-06,2018-04-07
-1405586,772501,1,1,1,0,2019-04-27,2019-04-27
-1405585,771800,1,1,1,0,2017-10-01,2017-10-01
-1405585,772449,1,1,1,0,2018-03-10,2018-03-10
-1405585,772494,1,1,1,0,2018-10-30,2018-10-30
-1405584,772082,1,1,1,0,2018-10-13,2018-10-13
-1405584,772087,1,1,1,0,2018-10-13,2018-10-13
-1405584,772451,1,1,1,0,2018-01-27,2018-01-27
-1405583,771915,1,1,1,0,2017-04-22,2017-04-22
-1405582,772455,1,1,1,0,2018-05-28,2018-05-28
-1405582,772493,1,1,1,0,2019-06-05,2019-06-05
-1405582,772815,1,1,1,0,2019-05-23,2019-05-23
-1405581,770992,1,1,1,1,2019-07-07,2019-07-07
-1405581,771916,2,2,1,0,2017-04-22,2017-04-22
-1405580,772401,1,1,1,0,2019-07-13,2019-07-13
-1405580,772403,1,1,1,1,2019-07-13,2019-07-13
-1405580,772404,1,1,1,0,2019-07-13,2019-07-13
-1405580,772443,1,1,1,1,2018-01-27,2018-01-27
-1405580,772445,1,1,1,0,2017-10-28,2017-10-28
-1405580,772488,1,1,1,0,2016-05-23,2016-05-23
-1405579,772405,1,1,1,0,2018-09-03,2018-09-03
-1405579,773022,1,1,1,0,2018-08-26,2018-08-26
-1405579,773026,1,1,1,0,2019-02-03,2019-02-03
-1405578,772452,1,1,1,0,2019-04-28,2019-04-28
-1405578,773151,1,1,1,0,2018-04-27,2018-04-27
-1405578,773152,1,1,1,0,2018-04-27,2018-04-27
-1405577,772396,1,1,1,0,2018-09-03,2018-09-03
-1405577,772446,1,1,1,0,2018-03-10,2018-03-10
-1405577,772453,1,1,1,0,2019-04-28,2019-04-28
-1405577,772457,1,1,1,0,2018-05-28,2018-05-28
-1405577,772471,1,1,1,0,2018-08-03,2018-08-03
-1405577,772472,1,1,1,0,2019-04-27,2019-04-27
-1405577,772482,1,1,1,0,2019-04-27,2019-04-27
-1405577,772487,1,1,1,1,2019-05-25,2019-05-25
-1405577,773023,1,1,1,0,2019-02-03,2019-02-03
-1405576,772404,1,1,1,0,2019-04-20,2019-04-20
-1405576,772427,2,2,1,0,2018-08-25,2018-08-25
-1405576,772448,1,1,1,0,2018-01-27,2018-01-27
-1405576,772450,1,1,1,0,2019-06-02,2019-06-02
-1405576,772453,1,1,1,1,2019-04-27,2019-04-27
-1405576,772454,1,1,1,0,2019-04-19,2019-04-19
-1405576,772477,1,1,1,0,2018-07-05,2018-07-05
-1405576,772536,1,1,1,0,2019-05-08,2019-05-08
-1405576,772642,1,1,1,0,2019-05-06,2019-05-06
-1405576,773138,1,1,1,0,2018-04-27,2018-04-27
-1405575,769875,1,1,1,1,2019-03-20,2019-03-20
-1405575,772904,1,1,1,0,2019-06-16,2019-06-16
-1405575,772905,1,1,1,0,2019-06-16,2019-06-16
-1405575,773130,1,1,1,0,2018-04-27,2018-04-27
-1405575,773137,1,1,1,0,2018-04-27,2018-04-27
-1405575,773147,1,1,1,0,2018-04-27,2018-04-27
-1405574,772477,1,1,1,0,2018-08-03,2018-08-03
-1405574,773138,1,1,1,0,2018-04-27,2018-04-27
-1405574,773143,1,1,1,0,2018-04-27,2018-04-27
-1405574,773150,1,1,1,0,2018-04-27,2018-04-27
-1405574,773162,1,1,1,0,2018-04-27,2018-04-27
-1405574,774464,1,1,1,0,2018-08-12,2018-08-12
-1405573,772433,1,1,1,0,2019-07-13,2019-07-13
-1405573,772497,1,1,1,1,2019-04-02,2019-04-02
-1405573,772529,1,1,1,0,2019-05-08,2019-05-08
-1405573,772541,1,1,1,0,2019-05-08,2019-05-08
-1405572,772385,1,1,1,0,2018-04-07,2018-04-07
-1405572,772909,1,1,1,0,2019-06-29,2019-06-29
-1405572,773106,1,1,1,0,2018-04-27,2018-04-27
-1405572,773312,1,1,1,0,2018-07-11,2018-07-11
-1405571,771729,1,1,1,0,2018-05-04,2018-05-04
-1405571,772389,1,1,1,0,2018-09-07,2018-09-07
-1405571,772436,1,1,1,0,2019-05-04,2019-05-04
-1405571,772538,1,1,1,0,2019-05-08,2019-05-08
-1405571,772907,1,1,1,0,2019-06-29,2019-06-29
-1405571,773116,1,1,1,0,2018-10-19,2018-10-19
-1405571,773142,1,1,1,0,2018-04-27,2018-04-27
-1405570,772571,1,1,1,1,2018-07-10,2018-07-10
-1405570,773119,1,1,1,0,2018-04-27,2018-04-27
-1405570,773134,1,1,1,0,2018-04-27,2018-04-27
-1405570,773153,1,1,1,0,2018-04-27,2018-04-27
-1405569,770967,1,1,1,0,2018-06-25,2018-06-25
-1405569,771833,1,1,1,0,2019-06-01,2019-06-01
-1405569,771834,1,1,1,0,2019-06-01,2019-06-01
-1405569,773137,1,1,1,0,2018-04-27,2018-04-27
-1405569,773142,1,1,1,0,2018-04-27,2018-04-27
-1405569,773145,1,1,1,0,2018-04-27,2018-04-27
-1405569,773155,1,1,1,0,2018-04-27,2018-04-27
-1405568,771730,1,1,1,0,2018-05-04,2018-05-04
-1405568,772472,1,1,1,0,2018-05-06,2018-05-06
-1405568,772474,1,1,1,0,2018-08-03,2018-08-03
-1405568,772529,2,2,1,0,2019-05-08,2019-05-08
-1405568,772530,1,1,1,0,2019-05-08,2019-05-08
-1405568,772532,1,1,1,0,2019-05-08,2019-05-08
-1405568,772533,1,1,1,0,2019-05-08,2019-05-08
-1405568,773119,1,1,1,0,2018-04-27,2018-04-27
-1405568,773125,1,1,1,0,2018-04-27,2018-04-27
-1405568,773134,1,1,1,0,2018-04-27,2018-04-27
-1405568,773150,1,1,1,0,2018-04-27,2018-04-27
-1405568,773155,1,1,1,0,2018-04-27,2018-04-27
-1405567,771731,1,1,1,0,2016-05-20,2016-05-20
-1405567,771933,2,2,1,0,2017-04-15,2017-04-15
-1405567,772528,1,1,1,0,2019-05-08,2019-05-08
-1405567,772539,1,1,1,0,2019-05-08,2019-05-08
-1405567,773104,1,1,1,0,2018-04-27,2018-04-27
-1405567,773118,1,1,1,0,2018-04-27,2018-04-27
-1405567,773140,1,1,1,0,2018-04-27,2018-04-27
-1405567,773143,1,1,1,0,2018-04-27,2018-04-27
-1405567,773150,1,1,1,0,2018-04-27,2018-04-27
-1405567,773154,1,1,1,0,2018-04-27,2018-04-27
-1405566,771736,1,1,1,0,2016-05-20,2016-05-20
-1405566,772397,1,1,1,0,2018-09-03,2018-09-03
-1405566,772441,1,1,1,0,2018-03-10,2018-03-10
-1405566,772461,1,1,1,1,2019-04-27,2019-04-27
-1405566,772529,1,1,1,0,2019-05-08,2019-05-08
-1405566,772534,1,1,1,0,2019-05-08,2019-05-08
-1405566,772536,1,1,1,0,2019-05-08,2019-05-08
-1405566,773149,2,2,1,0,2018-04-27,2018-04-27
-1405565,772404,1,1,1,0,2018-04-28,2018-04-28
-1405565,772414,1,1,1,0,2018-11-17,2018-11-17
-1405565,772490,1,1,1,0,2016-07-16,2016-07-16
-1405565,773116,1,1,1,0,2018-04-27,2018-04-27
-1405564,772393,1,1,1,0,2019-04-28,2019-04-28
-1405564,772490,1,1,1,0,2016-07-16,2016-07-16
-1405563,771737,1,1,1,0,2016-05-20,2016-05-20
-1405563,771739,1,1,1,1,2016-05-20,2016-05-20
-1405563,771938,1,1,1,0,2017-04-15,2017-04-15
-1405563,772490,2,2,1,0,2016-07-16,2016-07-16
-1405563,772512,1,1,1,1,2019-07-11,2019-07-11
-1405563,773124,1,1,1,0,2018-04-27,2018-04-27
-1405562,772377,1,1,1,1,2019-06-08,2019-06-08
-1405562,772452,1,1,1,1,2018-04-30,2018-04-30
-1405562,772458,1,1,1,1,2018-04-30,2018-04-30
-1405562,772461,1,1,1,1,2019-04-27,2019-04-27
-1405562,772488,1,1,1,0,2018-10-07,2018-10-07
-1405562,772494,1,1,1,1,2019-04-06,2019-04-06
-1405562,772509,1,1,1,1,2019-07-11,2019-07-11
-1405562,772673,1,1,1,1,2019-05-06,2019-05-06
-1405562,773109,1,1,1,0,2018-04-27,2018-04-27
-1405562,773117,1,1,1,0,2018-04-27,2018-04-27
-1405562,773125,1,1,1,0,2018-04-27,2018-04-27
-1405561,772452,1,1,1,0,2018-04-28,2018-04-28
-1405561,772458,1,1,1,0,2019-04-27,2019-04-27
-1405561,772484,1,1,1,0,2018-08-24,2018-08-24
-1405561,772498,1,1,1,0,2018-04-21,2018-04-21
-1405561,772505,1,1,1,0,2019-07-11,2019-07-11
-1405561,772508,1,1,1,0,2018-10-02,2018-10-02
-1405561,772942,1,1,1,0,2017-10-25,2017-10-25
-1405561,773116,1,1,1,0,2018-04-27,2018-04-27
-1405560,772472,1,1,1,0,2016-07-16,2016-07-16
-1405560,772484,1,1,1,0,2019-07-12,2019-07-12
-1405560,772486,1,1,1,1,2019-05-25,2019-05-25
-1405560,773107,1,1,1,0,2018-04-27,2018-04-27
-1405560,773110,1,1,1,0,2018-04-27,2018-04-27
-1405560,773427,1,1,1,0,2018-10-01,2018-10-01
-1405559,771833,2,2,1,0,2017-10-01,2017-10-01
-1405559,771857,2,2,1,0,2019-04-28,2019-04-28
-1405559,772427,1,1,1,0,2017-11-12,2017-11-12
-1405559,772433,1,1,1,0,2018-04-30,2018-04-30
-1405559,772440,1,1,1,1,2017-02-25,2017-02-25
-1405559,772470,2,2,1,0,2016-07-16,2016-07-16
-1405559,772480,1,1,1,0,2016-04-23,2016-04-23
-1405559,772497,1,1,1,1,2018-08-15,2018-08-15
-1405559,773112,1,1,1,0,2018-04-27,2018-04-27
-1405559,774342,1,1,1,0,2019-02-01,2019-02-01
-1405558,771943,1,1,1,0,2017-04-15,2017-04-15
-1405558,772471,1,1,1,0,2018-08-12,2018-08-12
-1405558,772477,1,1,1,1,2018-03-31,2018-03-31
-1405558,772501,1,1,1,1,2019-07-11,2019-07-11
-1405558,772528,1,1,1,0,2019-04-06,2019-04-06
-1405557,771821,1,1,1,0,2019-06-30,2019-06-30
-1405557,772389,1,1,1,1,2019-07-13,2019-07-13
-1405557,772467,1,1,1,1,2018-08-06,2018-08-06
-1405557,772474,1,1,1,1,2018-04-15,2018-04-15
-1405557,772501,1,1,1,0,2018-10-07,2018-10-07
-1405557,773109,1,1,1,0,2018-04-27,2018-04-27
-1405557,773131,1,1,1,0,2018-08-17,2018-08-17
-1405557,773150,1,1,1,0,2018-08-17,2018-08-17
-1405556,771710,6,6,1,0,2017-04-15,2017-04-15
-1405556,772499,1,1,1,1,2019-07-11,2019-07-11
-1405556,772500,1,1,1,1,2019-07-11,2019-07-11
-1405556,772501,2,2,1,2,2019-07-11,2019-07-11
-1405556,773131,1,1,1,0,2018-08-17,2018-08-17
-1405556,773134,1,1,1,0,2018-08-17,2018-08-17
-1405556,773148,1,1,1,0,2018-08-17,2018-08-17
-1405555,772476,1,1,1,1,2019-06-18,2019-06-18
-1405555,772503,1,1,1,1,2016-05-25,2016-05-25
-1405555,773137,1,1,1,0,2018-08-17,2018-08-17
-1405555,773140,1,1,1,0,2018-08-17,2018-08-17
-1405554,771715,1,1,1,0,2017-04-08,2017-04-08
-1405554,772485,1,1,1,0,2018-10-20,2018-10-20
-1405554,772501,1,1,1,1,2016-05-25,2016-05-25
-1405554,773138,1,1,1,0,2018-08-17,2018-08-17
-1405554,773141,1,1,1,0,2018-08-17,2018-08-17
-1405554,773147,1,1,1,0,2018-08-17,2018-08-17
-1405553,770142,1,1,1,1,2018-04-17,2018-04-17
-1405553,771709,1,1,1,0,2017-04-08,2017-04-08
-1405553,772350,2,2,1,0,2018-04-28,2018-04-28
-1405553,772351,1,1,1,0,2018-04-28,2018-04-28
-1405553,772481,1,1,1,1,2019-03-30,2019-03-30
-1405553,773141,1,1,1,0,2018-08-17,2018-08-17
-1405553,773142,2,2,1,0,2018-08-17,2018-08-17
-1405552,771704,1,1,1,0,2018-07-28,2018-07-28
-1405552,771718,1,1,1,0,2017-04-08,2017-04-08
-1405552,771726,3,3,2,0,2017-04-15,2017-04-15
-1405552,772477,1,1,1,1,2019-04-27,2019-04-27
-1405552,773142,3,2,1,0,2018-08-17,2018-08-17
-1405551,771708,1,1,1,1,2016-05-20,2016-05-20
-1405551,771727,1,1,1,0,2017-04-15,2017-04-15
-1405551,771837,1,1,1,0,2019-06-30,2019-06-30
-1405551,772483,1,1,1,0,2016-07-16,2016-07-16
-1405551,773129,1,1,1,0,2018-08-17,2018-08-17
-1405551,773135,1,1,1,0,2018-08-17,2018-08-17
-1405551,773143,1,1,1,0,2018-10-19,2018-10-19
-1405550,771706,1,1,1,0,2016-05-20,2016-05-20
-1405550,771727,1,1,1,0,2017-04-15,2017-04-15
-1405550,772463,1,1,1,0,2018-08-25,2018-08-25
-1405550,772484,1,1,1,0,2018-08-24,2018-08-24
-1405550,772485,1,1,1,0,2018-08-24,2018-08-24
-1405550,773131,1,1,1,0,2018-08-17,2018-08-17
-1405549,771706,1,1,1,0,2017-09-16,2017-09-16
-1405549,772399,1,1,1,0,2018-11-17,2018-11-17
-1405549,772462,1,1,1,1,2018-08-06,2018-08-06
-1405549,772475,1,1,1,1,2016-05-25,2016-05-25
-1405548,771702,1,1,1,0,2017-09-16,2017-09-16
-1405548,771707,2,2,1,0,2017-04-15,2017-04-15
-1405548,772375,1,1,1,0,2019-03-31,2019-03-31
-1405548,772401,1,1,1,1,2017-11-04,2017-11-04
-1405548,772438,1,1,1,0,2018-08-25,2018-08-25
-1405548,772485,1,1,1,0,2016-07-16,2016-07-16
-1405548,773128,1,1,1,0,2018-08-17,2018-08-17
-1405547,771704,1,1,1,1,2018-06-15,2018-06-15
-1405547,771706,1,1,1,0,2017-09-16,2017-09-16
-1405547,771708,1,1,1,1,2017-09-16,2017-09-16
-1405547,771767,1,1,1,0,2018-06-15,2018-06-15
-1405547,772475,1,1,1,1,2016-05-25,2016-05-25
-1405547,772477,1,1,1,1,2018-04-15,2018-04-15
-1405547,772478,1,1,1,1,2016-05-25,2016-05-25
-1405547,772487,1,1,1,1,2018-01-27,2018-01-27
-1405547,772488,1,1,1,1,2019-04-06,2019-04-06
-1405547,773016,1,1,1,0,2019-06-19,2019-06-19
-1405546,771705,2,2,1,0,2017-09-16,2017-09-16
-1405546,771731,1,1,1,0,2016-05-20,2016-05-20
-1405546,771766,1,1,1,0,2018-06-15,2018-06-15
-1405546,772471,1,1,1,1,2018-05-28,2018-05-28
-1405546,772472,2,2,2,2,2019-05-04,2018-12-19
-1405546,772476,1,1,1,1,2019-06-15,2019-06-15
-1405546,773102,2,2,1,0,2018-04-27,2018-04-27
-1405545,771766,1,1,1,0,2018-06-15,2018-06-15
-1405545,771767,1,1,1,0,2018-06-15,2018-06-15
-1405545,772381,1,1,1,0,2019-05-22,2019-05-22
-1405545,772396,1,1,1,0,2019-04-14,2019-04-14
-1405545,772477,38,19,3,1,2019-04-28,2018-10-06
-1405545,772478,2,1,2,2,2016-05-25,2016-05-25
-1405545,772485,1,1,1,0,2016-07-16,2016-07-16
-1405545,773103,1,1,1,0,2018-10-19,2018-10-19
-1405545,773125,1,1,1,0,2018-08-17,2018-08-17
-1405545,773127,1,1,1,0,2018-08-17,2018-08-17
-1405544,771730,1,1,1,0,2016-05-20,2016-05-20
-1405544,771732,1,1,1,0,2016-05-20,2016-05-20
-1405544,771766,1,1,1,0,2018-06-15,2018-06-15
-1405544,771953,1,1,1,0,2017-04-15,2017-04-15
-1405544,772037,1,1,1,0,2018-04-29,2018-04-29
-1405544,772478,1,1,1,1,2016-05-25,2016-05-25
-1405544,772486,1,1,1,0,2018-08-24,2018-08-24
-1405544,772588,1,1,1,1,2018-07-05,2018-07-05
-1405544,773103,1,1,1,0,2018-10-19,2018-10-19
-1405544,774378,1,1,1,1,2019-05-15,2019-05-15
-1405543,771715,1,1,1,0,2017-09-16,2017-09-16
-1405543,771729,3,3,1,0,2016-05-20,2016-05-20
-1405543,771730,1,1,1,1,2016-05-20,2016-05-20
-1405543,771733,1,1,1,0,2016-05-20,2016-05-20
-1405543,771764,1,1,1,0,2018-06-15,2018-06-15
-1405543,772393,1,1,1,1,2019-07-13,2019-07-13
-1405543,772478,1,1,1,0,2019-04-28,2019-04-28
-1405543,772482,2,2,2,0,2018-08-03,2017-07-25
-1405543,772485,1,1,1,0,2018-08-24,2018-08-24
-1405543,772494,1,1,1,1,2018-05-27,2018-05-27
-1405542,771706,1,1,1,0,2016-05-20,2016-05-20
-1405542,771729,1,1,1,0,2016-05-20,2016-05-20
-1405542,771766,1,1,1,0,2018-06-15,2018-06-15
-1405542,772477,1,1,1,1,2019-06-18,2019-06-18
-1405542,772479,2,2,2,2,2016-05-25,2016-05-25
-1405542,772481,1,1,1,1,2018-05-27,2018-05-27
-1405542,772482,1,1,1,0,2018-08-24,2018-08-24
-1405542,772483,1,1,1,0,2018-08-24,2018-08-24
-1405542,772484,1,1,1,1,2019-04-28,2019-04-28
-1405542,772491,1,1,1,1,2019-06-29,2019-06-29
-1405542,773137,1,1,1,0,2019-04-27,2019-04-27
-1405541,771709,2,2,1,0,2018-07-28,2018-07-28
-1405541,771710,5,5,1,0,2018-07-28,2018-07-28
-1405541,771711,4,4,1,0,2018-07-28,2018-07-28
-1405541,771727,1,1,1,0,2016-05-20,2016-05-20
-1405541,771728,1,1,1,0,2016-05-20,2016-05-20
-1405541,771732,1,1,1,0,2016-05-20,2016-05-20
-1405541,771734,1,1,1,0,2016-05-20,2016-05-20
-1405541,771766,1,1,1,0,2018-06-15,2018-06-15
-1405541,772142,2,2,1,0,2017-04-15,2017-04-15
-1405541,772484,1,1,1,0,2018-08-24,2018-08-24
-1405541,772487,1,1,1,0,2016-07-16,2016-07-16
-1405541,773117,1,1,1,0,2018-08-17,2018-08-17
-1405541,773122,2,2,1,0,2018-08-17,2018-08-17
-1405541,773123,2,2,1,0,2018-08-17,2018-08-17
-1405541,773126,1,1,1,0,2018-08-17,2018-08-17
-1405540,771709,1,1,1,0,2018-07-28,2018-07-28
-1405540,771710,1,1,1,0,2016-05-20,2016-05-20
-1405540,771731,1,1,1,0,2016-05-20,2016-05-20
-1405540,771732,1,1,1,0,2016-05-20,2016-05-20
-1405540,771736,2,2,2,0,2016-05-20,2016-05-20
-1405540,771737,1,1,1,0,2016-05-20,2016-05-20
-1405540,772047,2,2,1,0,2018-04-29,2018-04-29
-1405540,772382,1,1,1,0,2019-03-30,2019-03-30
-1405540,772497,1,1,1,1,2016-05-23,2016-05-23
-1405540,773120,3,3,1,0,2018-08-17,2018-08-17
-1405540,773122,2,2,1,0,2018-08-17,2018-08-17
-1405540,773124,1,1,1,0,2018-08-17,2018-08-17
-1405540,773127,1,1,1,0,2018-08-17,2018-08-17
-1405539,772472,1,1,1,0,2016-07-16,2016-07-16
-1405539,773116,1,1,1,0,2018-08-17,2018-08-17
-1405538,771729,1,1,1,0,2016-05-20,2016-05-20
-1405538,772046,1,1,1,0,2018-04-29,2018-04-29
-1405538,772056,1,1,1,0,2017-05-21,2017-05-21
-1405538,773117,2,2,1,0,2018-08-17,2018-08-17
-1405538,773118,1,1,1,0,2018-08-17,2018-08-17
-1405537,771721,1,1,1,0,2016-05-20,2016-05-20
-1405537,771730,1,1,1,0,2016-05-20,2016-05-20
-1405537,771731,1,1,1,0,2016-05-20,2016-05-20
-1405537,772479,1,1,1,0,2018-08-05,2018-08-05
-1405537,772482,2,2,1,0,2016-07-16,2016-07-16
-1405537,773114,1,1,1,0,2018-08-17,2018-08-17
-1405537,773127,1,1,1,0,2018-08-17,2018-08-17
-1405536,771739,1,1,1,0,2018-06-15,2018-06-15
-1405536,771957,1,1,1,0,2017-04-15,2017-04-15
-1405536,773119,1,1,1,0,2018-08-17,2018-08-17
-1405536,773120,1,1,1,0,2018-08-17,2018-08-17
-1405535,772046,1,1,1,0,2017-04-15,2017-04-15
-1405535,772051,1,1,1,0,2017-04-15,2017-04-15
-1405535,772467,1,1,1,0,2019-04-28,2019-04-28
-1405535,772494,1,1,1,1,2019-05-07,2019-05-07
-1405535,772495,1,1,1,1,2019-04-26,2019-04-26
-1405535,772497,1,1,1,1,2018-05-28,2018-05-28
-1405534,771708,1,1,1,0,2016-05-20,2016-05-20
-1405534,771734,1,1,1,0,2016-05-20,2016-05-20
-1405534,771735,1,1,1,0,2016-05-20,2016-05-20
-1405534,772055,1,1,1,0,2017-04-15,2017-04-15
-1405534,772073,1,1,1,0,2019-04-28,2019-04-28
-1405534,772354,1,1,1,1,2018-03-31,2018-03-31
-1405534,772372,1,1,1,1,2019-05-25,2019-05-25
-1405534,772396,1,1,1,0,2018-09-11,2018-09-11
-1405534,772473,1,1,1,0,2018-08-09,2018-08-09
-1405534,772496,1,1,1,1,2016-05-23,2016-05-23
-1405534,772497,1,1,1,1,2016-05-23,2016-05-23
-1405534,772499,1,1,1,1,2016-05-23,2016-05-23
-1405533,772348,1,1,1,0,2019-04-28,2019-04-28
-1405533,772349,1,1,1,0,2019-04-28,2019-04-28
-1405533,772489,2,1,2,0,2018-08-24,2018-06-26
-1405533,772498,1,1,1,0,2018-08-01,2018-08-01
-1405533,772499,1,1,1,0,2016-05-23,2016-05-23
-1405533,772501,2,2,1,0,2018-08-03,2018-08-03
-1405532,772049,1,1,1,0,2017-04-15,2017-04-15
-1405532,772364,1,1,1,1,2018-03-10,2018-03-10
-1405532,772483,1,1,1,1,2018-05-27,2018-05-27
-1405532,772503,1,1,1,0,2018-01-27,2018-01-27
-1405531,772000,1,1,1,0,2019-04-13,2019-04-13
-1405531,772503,1,1,1,0,2019-04-14,2019-04-14
-1405531,772504,1,1,1,1,2019-05-07,2019-05-07
-1405531,773094,1,1,1,0,2018-10-19,2018-10-19
-1405530,772052,1,1,1,0,2017-04-15,2017-04-15
-1405530,772058,1,1,1,0,2017-04-15,2017-04-15
-1405530,772469,1,1,1,0,2018-08-24,2018-08-24
-1405530,772479,1,1,1,0,2018-08-24,2018-08-24
-1405529,771229,1,1,1,0,2017-12-19,2017-12-19
-1405529,771230,1,1,1,0,2017-12-19,2017-12-19
-1405529,771708,2,2,1,0,2016-05-20,2016-05-20
-1405529,771716,1,1,1,0,2016-05-20,2016-05-20
-1405529,772397,1,1,1,0,2018-09-28,2018-09-28
-1405529,772467,1,1,1,0,2018-08-24,2018-08-24
-1405529,772468,1,1,1,1,2016-05-25,2016-05-25
-1405528,770458,1,1,1,0,2019-06-23,2019-06-23
-1405528,771230,1,1,1,0,2017-12-19,2017-12-19
-1405528,771709,1,1,1,0,2016-05-20,2016-05-20
-1405528,771710,1,1,1,0,2016-05-20,2016-05-20
-1405528,771959,1,1,1,0,2017-04-15,2017-04-15
-1405528,772471,1,1,1,0,2018-08-24,2018-08-24
-1405528,772473,2,2,1,0,2018-08-24,2018-08-24
-1405528,772474,1,1,1,0,2018-08-24,2018-08-24
-1405528,772475,1,1,1,0,2018-08-24,2018-08-24
-1405528,772478,1,1,1,0,2018-08-24,2018-08-24
-1405528,772495,1,1,1,1,2016-05-23,2016-05-23
-1405527,770869,1,1,1,0,2017-10-26,2017-10-26
-1405527,771227,1,1,1,0,2017-12-19,2017-12-19
-1405527,771228,1,1,1,0,2017-12-19,2017-12-19
-1405527,771229,1,1,1,0,2017-12-19,2017-12-19
-1405527,771230,1,1,1,0,2017-12-19,2017-12-19
-1405527,771231,1,1,1,0,2017-12-19,2017-12-19
-1405527,772422,2,2,1,0,2016-07-16,2016-07-16
-1405527,772473,1,1,1,0,2018-08-24,2018-08-24
-1405526,771229,3,3,1,0,2017-12-19,2017-12-19
-1405526,771706,2,2,2,0,2016-05-20,2016-05-20
-1405526,771707,1,1,1,0,2016-05-20,2016-05-20
-1405526,771715,1,1,1,0,2016-05-20,2016-05-20
-1405526,772455,1,1,1,0,2016-05-25,2016-05-25
-1405525,771229,1,1,1,0,2017-12-19,2017-12-19
-1405525,771232,1,1,1,0,2017-12-19,2017-12-19
-1405525,771713,1,1,1,0,2016-05-20,2016-05-20
-1405525,772462,2,2,1,0,2018-08-24,2018-08-24
-1405524,771231,1,1,1,0,2017-12-19,2017-12-19
-1405524,771232,1,1,1,0,2017-12-19,2017-12-19
-1405524,771235,1,1,1,0,2017-12-19,2017-12-19
-1405524,771707,1,1,1,0,2016-05-20,2016-05-20
-1405524,771714,1,1,1,0,2016-05-20,2016-05-20
-1405524,771715,1,1,1,0,2016-05-20,2016-05-20
-1405524,771974,1,1,1,0,2016-06-27,2016-06-27
-1405524,771986,1,1,1,0,2019-04-13,2019-04-13
-1405524,772101,1,1,1,0,2019-07-02,2019-07-02
-1405524,772459,1,1,1,0,2018-04-30,2018-04-30
-1405523,771716,1,1,1,0,2016-05-20,2016-05-20
-1405523,771717,2,1,1,0,2016-05-20,2016-05-20
-1405523,772450,1,1,1,0,2018-08-24,2018-08-24
-1405523,772451,1,1,1,1,2018-03-31,2018-03-31
-1405522,771781,1,1,1,0,2016-05-20,2016-05-20
-1405522,772452,1,1,1,1,2018-08-24,2018-08-24
-1405522,772453,1,1,1,0,2018-08-24,2018-08-24
-1405521,771766,1,1,1,0,2017-04-15,2017-04-15
-1405521,772103,1,1,1,0,2018-09-08,2018-09-08
-1405520,771715,1,1,1,0,2016-05-20,2016-05-20
-1405520,771964,1,1,1,0,2017-10-01,2017-10-01
-1405520,772439,1,1,1,0,2016-07-16,2016-07-16
-1405520,772449,1,1,1,0,2018-08-25,2018-08-25
-1405520,772463,1,1,1,0,2018-08-24,2018-08-24
-1405520,772785,1,1,1,0,2018-04-26,2018-04-26
-1405519,771930,1,1,1,0,2019-05-29,2019-05-29
-1405519,771973,1,1,1,0,2016-06-27,2016-06-27
-1405519,772097,1,1,1,1,2019-04-28,2019-04-28
-1405519,772100,2,2,2,0,2018-09-08,2018-09-08
-1405519,772101,1,1,1,0,2018-09-08,2018-09-08
-1405519,772102,1,1,1,0,2018-09-08,2018-09-08
-1405519,772460,1,1,1,0,2018-08-24,2018-08-24
-1405519,772784,1,1,1,0,2018-04-26,2018-04-26
-1405518,769963,1,1,1,1,2019-05-07,2019-05-07
-1405518,771780,1,1,1,1,2018-06-15,2018-06-15
-1405518,771781,1,1,1,0,2018-09-17,2018-09-17
-1405518,772104,1,1,1,0,2017-09-22,2017-09-22
-1405518,772448,1,1,1,0,2018-08-24,2018-08-24
-1405518,772450,1,1,1,1,2018-10-01,2018-10-01
-1405518,772451,1,1,1,1,2018-10-01,2018-10-01
-1405517,771713,1,1,1,0,2016-05-20,2016-05-20
-1405517,772099,1,1,1,0,2017-09-22,2017-09-22
-1405517,772450,1,1,1,1,2018-08-25,2018-08-25
-1405516,771972,1,1,1,0,2018-04-29,2018-04-29
-1405516,771992,1,1,1,0,2017-04-15,2017-04-15
-1405516,772101,1,1,1,0,2019-04-28,2019-04-28
-1405515,772105,1,1,1,0,2018-05-10,2018-05-10
-1405515,772111,2,2,1,0,2018-10-01,2018-10-01
-1405515,772112,5,4,1,0,2018-10-01,2018-10-01
-1405515,772350,1,1,1,0,2019-05-01,2019-05-01
-1405514,771713,1,1,1,0,2016-05-20,2016-05-20
-1405514,772090,1,1,1,0,2018-09-08,2018-09-08
-1405514,772112,3,3,1,0,2018-10-01,2018-10-01
-1405513,771775,1,1,1,0,2018-07-28,2018-07-28
-1405513,772092,1,1,1,0,2018-09-08,2018-09-08
-1405513,772437,1,1,1,1,2018-03-10,2018-03-10
-1405513,772444,1,1,1,0,2018-01-27,2018-01-27
-1405512,772084,1,1,1,0,2017-04-15,2017-04-15
-1405512,772100,1,1,1,0,2019-05-12,2019-05-12
-1405512,772101,1,1,1,1,2019-05-12,2019-05-12
-1405511,771979,1,1,1,0,2016-06-27,2016-06-27
-1405511,771981,1,1,1,0,2017-04-15,2017-04-15
-1405511,772100,1,1,1,1,2019-05-12,2019-05-12
-1405511,772431,1,1,1,0,2018-05-20,2018-05-20
-1405511,772442,1,1,1,0,2017-10-28,2017-10-28
-1405510,771826,1,1,1,0,2017-09-22,2017-09-22
-1405510,772085,1,1,1,0,2018-07-14,2018-07-14
-1405510,772087,1,1,1,0,2017-04-20,2017-04-20
-1405510,772088,1,1,1,0,2019-05-24,2019-05-24
-1405510,772089,2,2,2,1,2019-05-24,2018-09-19
-1405510,772143,2,2,1,0,2017-04-15,2017-04-15
-1405509,771979,1,1,1,0,2016-06-27,2016-06-27
-1405509,772088,1,1,1,0,2017-04-20,2017-04-20
-1405509,772452,1,1,1,0,2018-08-24,2018-08-24
-1405509,773344,1,1,1,1,2019-05-22,2019-05-22
-1405508,772098,1,1,1,0,2018-09-20,2018-09-20
-1405508,772420,1,1,1,0,2019-07-13,2019-07-13
-1405508,772443,1,1,1,0,2018-10-13,2018-10-13
-1405508,772450,2,2,1,0,2018-08-24,2018-08-24
-1405508,772452,2,2,1,0,2018-08-24,2018-08-24
-1405507,771370,1,1,1,0,2019-04-28,2019-04-28
-1405507,771983,1,1,1,0,2017-09-08,2017-09-08
-1405507,772930,1,1,1,0,2019-06-22,2019-06-22
-1405506,771371,1,1,1,0,2019-04-28,2019-04-28
-1405506,771386,1,1,1,0,2018-04-23,2018-04-23
-1405506,772235,1,1,1,0,2017-04-18,2017-04-18
-1405506,772396,1,1,1,0,2018-09-02,2018-09-02
-1405506,772475,1,1,1,0,2018-05-12,2018-05-12
-1405505,772079,1,1,1,0,2018-12-16,2018-12-16
-1405505,772081,1,1,1,0,2017-04-20,2017-04-20
-1405505,772084,1,1,1,0,2019-05-24,2019-05-24
-1405505,772085,1,1,1,0,2019-04-28,2019-04-28
-1405505,772113,1,1,1,0,2018-09-20,2018-09-20
-1405504,771368,1,1,1,0,2019-04-28,2019-04-28
-1405504,772080,1,1,1,0,2019-04-28,2019-04-28
-1405504,772115,1,1,1,0,2017-09-28,2017-09-28
-1405504,772878,1,1,1,1,2017-04-15,2017-04-15
-1405503,771558,1,1,1,1,2019-03-27,2019-03-27
-1405503,771851,1,1,1,0,2017-05-16,2017-05-16
-1405503,772078,1,1,1,0,2016-06-29,2016-06-29
-1405503,772079,1,1,1,0,2017-04-20,2017-04-20
-1405503,772080,2,2,2,0,2019-04-28,2018-04-21
-1405503,772399,1,1,1,0,2016-07-16,2016-07-16
-1405503,772455,1,1,1,1,2018-05-13,2018-05-13
-1405503,772932,1,1,1,0,2019-06-22,2019-06-22
-1405502,771373,1,1,1,0,2019-04-28,2019-04-28
-1405502,771891,1,1,1,0,2018-04-29,2018-04-29
-1405502,772078,2,2,1,0,2016-06-29,2016-06-29
-1405502,772079,1,1,1,0,2017-04-20,2017-04-20
-1405502,772080,1,1,1,0,2019-04-28,2019-04-28
-1405502,772469,1,1,1,0,2018-05-12,2018-05-12
-1405501,771376,1,1,1,1,2019-04-28,2019-04-28
-1405501,772077,1,1,1,0,2017-09-28,2017-09-28
-1405501,772449,1,1,1,0,2019-05-26,2019-05-26
-1405500,772076,1,1,1,0,2018-11-04,2018-11-04
-1405500,772077,1,1,1,0,2017-04-20,2017-04-20
-1405499,771561,1,1,1,0,2019-05-10,2019-05-10
-1405499,771984,1,1,1,0,2019-04-28,2019-04-28
-1405499,771985,1,1,1,0,2019-04-28,2019-04-28
-1405499,771988,2,2,2,0,2019-04-28,2019-01-02
-1405499,772074,1,1,1,0,2018-11-04,2018-11-04
-1405499,772420,1,1,1,1,2016-07-15,2016-07-15
-1405499,772445,1,1,1,1,2019-03-09,2019-03-09
-1405498,771983,1,1,1,0,2018-09-08,2018-09-08
-1405498,771985,1,1,1,0,2017-09-22,2017-09-22
-1405498,771987,1,1,1,0,2019-04-28,2019-04-28
-1405498,771992,1,1,1,0,2019-04-28,2019-04-28
-1405498,772428,1,1,1,0,2018-05-12,2018-05-12
-1405497,771980,1,1,1,0,2019-04-28,2019-04-28
-1405497,771984,1,1,1,0,2018-09-08,2018-09-08
-1405497,771985,1,1,1,0,2017-09-22,2017-09-22
-1405497,771987,1,1,1,0,2018-09-08,2018-09-08
-1405497,771988,1,1,1,0,2018-09-08,2018-09-08
-1405497,771992,1,1,1,0,2019-04-28,2019-04-28
-1405497,771993,1,1,1,0,2019-04-28,2019-04-28
-1405497,771994,2,2,2,0,2019-04-28,2019-01-02
-1405497,772055,1,1,1,0,2017-04-15,2017-04-15
-1405497,772060,1,1,1,0,2017-04-15,2017-04-15
-1405497,772073,1,1,1,0,2019-04-28,2019-04-28
-1405497,772435,1,1,1,0,2018-10-11,2018-10-11
-1405496,771988,1,1,1,0,2017-09-22,2017-09-22
-1405496,771994,1,1,1,0,2019-04-28,2019-04-28
-1405496,771995,1,1,1,1,2019-04-28,2019-04-28
-1405496,771996,2,2,2,0,2019-04-28,2018-07-10
-1405496,771997,1,1,1,0,2018-09-08,2018-09-08
-1405496,772063,1,1,1,0,2019-04-28,2019-04-28
-1405496,772072,1,1,1,0,2019-02-14,2019-02-14
-1405496,772073,1,1,1,0,2017-09-28,2017-09-28
-1405496,772426,1,1,1,0,2018-10-07,2018-10-07
-1405495,771994,1,1,1,0,2017-04-20,2017-04-20
-1405495,771996,1,1,1,0,2017-09-22,2017-09-22
-1405495,772053,1,1,1,0,2018-09-08,2018-09-08
-1405495,772056,1,1,1,0,2019-04-28,2019-04-28
-1405495,772061,1,1,1,0,2017-04-15,2017-04-15
-1405495,772069,1,1,1,0,2018-07-08,2018-07-08
-1405495,772071,1,1,1,0,2019-04-28,2019-04-28
-1405495,772072,1,1,1,0,2019-05-30,2019-05-30
-1405495,772821,1,1,1,0,2017-10-15,2017-10-15
-1405494,771422,1,1,1,0,2017-08-27,2017-08-27
-1405494,771910,1,1,1,0,2017-09-22,2017-09-22
-1405494,771995,1,1,1,0,2019-04-28,2019-04-28
-1405494,771996,1,1,1,0,2018-09-08,2018-09-08
-1405494,771997,1,1,1,0,2018-09-08,2018-09-08
-1405494,772000,2,2,2,0,2018-09-08,2018-09-08
-1405494,772004,1,1,1,0,2019-04-28,2019-04-28
-1405494,772026,1,1,1,0,2018-09-08,2018-09-08
-1405494,772039,1,1,1,0,2018-09-08,2018-09-08
-1405494,772040,1,1,1,0,2018-05-24,2018-05-24
-1405494,772043,1,1,1,0,2019-04-28,2019-04-28
-1405494,772052,2,2,2,0,2018-09-08,2018-09-08
-1405494,772054,1,1,1,0,2018-09-08,2018-09-08
-1405494,772061,2,2,2,1,2019-04-28,2018-11-02
-1405494,772064,1,1,1,0,2016-05-31,2016-05-31
-1405494,772069,1,1,1,0,2018-11-04,2018-11-04
-1405494,772421,1,1,1,0,2016-05-25,2016-05-25
-1405493,771912,1,1,1,0,2017-09-22,2017-09-22
-1405493,771988,1,1,1,0,2017-04-15,2017-04-15
-1405493,772004,1,1,1,0,2019-04-28,2019-04-28
-1405493,772005,1,1,1,0,2018-09-08,2018-09-08
-1405493,772008,1,1,1,0,2017-04-15,2017-04-15
-1405493,772011,1,1,1,0,2017-04-15,2017-04-15
-1405493,772015,1,1,1,0,2019-04-28,2019-04-28
-1405493,772026,1,1,1,0,2019-04-28,2019-04-28
-1405493,772028,1,1,1,0,2017-04-15,2017-04-15
-1405493,772041,1,1,1,0,2018-09-08,2018-09-08
-1405493,772051,1,1,1,0,2018-09-08,2018-09-08
-1405493,772054,1,1,1,0,2018-03-18,2018-03-18
-1405493,772056,1,1,1,0,2017-09-22,2017-09-22
-1405493,772058,1,1,1,0,2018-09-08,2018-09-08
-1405493,772064,1,1,1,0,2017-04-15,2017-04-15
-1405493,772065,1,1,1,0,2016-05-31,2016-05-31
-1405493,772066,2,2,2,0,2018-09-08,2018-08-08
-1405493,772067,1,1,1,0,2017-04-15,2017-04-15
-1405493,772069,2,2,2,0,2019-04-28,2019-01-08
-1405493,772420,2,2,2,0,2018-05-12,2017-05-18
-1405493,772430,1,1,1,0,2018-05-20,2018-05-20
-1405492,771911,1,1,1,0,2017-09-22,2017-09-22
-1405492,772002,1,1,1,0,2017-04-20,2017-04-20
-1405492,772003,2,1,2,0,2018-09-08,2018-09-08
-1405492,772004,1,1,1,0,2017-04-20,2017-04-20
-1405492,772005,1,1,1,0,2018-09-08,2018-09-08
-1405492,772006,1,1,1,0,2018-09-08,2018-09-08
-1405492,772014,1,1,1,0,2018-09-08,2018-09-08
-1405492,772015,2,2,2,0,2018-03-18,2018-03-18
-1405492,772016,1,1,1,0,2019-04-28,2019-04-28
-1405492,772017,1,1,1,0,2018-09-08,2018-09-08
-1405492,772019,1,1,1,0,2019-04-28,2019-04-28
-1405492,772020,2,2,2,0,2018-09-08,2018-09-08
-1405492,772021,1,1,1,0,2018-09-08,2018-09-08
-1405492,772022,1,1,1,0,2017-04-20,2017-04-20
-1405492,772025,1,1,1,0,2017-09-22,2017-09-22
-1405492,772027,2,2,2,0,2019-04-28,2019-01-02
-1405492,772029,1,1,1,0,2018-09-08,2018-09-08
-1405492,772033,2,2,2,0,2018-09-08,2018-09-08
-1405492,772035,1,1,1,0,2019-04-28,2019-04-28
-1405492,772036,2,2,2,0,2019-04-28,2018-12-02
-1405492,772039,1,1,1,0,2018-04-29,2018-04-29
-1405492,772041,1,1,1,0,2018-09-08,2018-09-08
-1405492,772045,2,2,2,0,2019-04-28,2018-07-10
-1405492,772046,1,1,1,0,2019-04-28,2019-04-28
-1405492,772049,1,1,1,0,2019-04-28,2019-04-28
-1405492,772051,1,1,1,0,2019-04-28,2019-04-28
-1405492,772052,1,1,1,0,2018-09-08,2018-09-08
-1405492,772053,1,1,1,0,2019-04-28,2019-04-28
-1405492,772056,1,1,1,1,2019-04-28,2019-04-28
-1405492,772057,1,1,1,0,2018-09-08,2018-09-08
-1405492,772059,1,1,1,0,2018-09-08,2018-09-08
-1405492,772061,2,2,2,0,2019-04-24,2018-12-31
-1405492,772065,1,1,1,0,2016-04-14,2016-04-14
-1405492,772067,2,2,2,0,2019-07-23,2019-06-10
-1405492,772068,2,1,2,0,2019-04-28,2018-04-24
-1405492,772069,1,1,1,0,2019-04-28,2019-04-28
-1405492,772070,1,1,1,0,2019-04-28,2019-04-28
-1405491,771986,1,1,1,0,2017-09-22,2017-09-22
-1405491,772006,1,1,1,0,2018-09-08,2018-09-08
-1405491,772007,1,1,1,0,2018-09-08,2018-09-08
-1405491,772015,1,1,1,0,2018-09-08,2018-09-08
-1405491,772021,2,1,2,0,2018-09-08,2017-12-29
-1405491,772022,1,1,1,0,2017-09-22,2017-09-22
-1405491,772024,1,1,1,0,2018-09-08,2018-09-08
-1405491,772027,2,2,2,0,2017-09-22,2017-01-23
-1405491,772028,1,1,1,0,2018-09-08,2018-09-08
-1405491,772030,1,1,1,0,2019-04-28,2019-04-28
-1405491,772033,2,2,2,0,2018-09-08,2018-06-27
-1405491,772037,1,1,1,0,2017-04-20,2017-04-20
-1405491,772041,1,1,1,0,2019-04-28,2019-04-28
-1405491,772044,2,2,2,0,2019-04-28,2019-01-02
-1405491,772046,2,2,1,0,2017-09-22,2017-09-22
-1405491,772047,2,2,2,0,2019-04-28,2019-01-02
-1405491,772051,1,1,1,0,2019-04-28,2019-04-28
-1405491,772052,1,1,1,0,2018-09-08,2018-09-08
-1405491,772053,3,3,3,0,2019-04-28,2018-09-08
-1405491,772054,1,1,1,0,2018-09-08,2018-09-08
-1405491,772055,1,1,1,0,2018-09-08,2018-09-08
-1405491,772057,1,1,1,0,2017-09-22,2017-09-22
-1405491,772059,1,1,1,0,2017-09-22,2017-09-22
-1405491,772060,2,2,2,0,2019-04-28,2019-01-02
-1405491,772061,2,2,2,0,2018-09-08,2018-07-02
-1405491,772062,1,1,1,0,2019-04-28,2019-04-28
-1405491,772066,1,1,1,0,2017-04-20,2017-04-20
-1405491,772067,1,1,1,0,2019-04-28,2019-04-28
-1405491,772068,1,1,1,0,2018-09-08,2018-09-08
-1405491,772069,1,1,1,0,2019-07-23,2019-07-23
-1405490,771421,1,1,1,0,2016-04-03,2016-04-03
-1405490,772007,1,1,1,0,2019-04-28,2019-04-28
-1405490,772009,1,1,1,0,2018-09-08,2018-09-08
-1405490,772010,1,1,1,0,2018-09-08,2018-09-08
-1405490,772017,1,1,1,0,2018-09-08,2018-09-08
-1405490,772018,1,1,1,0,2019-04-28,2019-04-28
-1405490,772027,1,1,1,0,2018-09-08,2018-09-08
-1405490,772036,1,1,1,0,2017-04-20,2017-04-20
-1405490,772042,1,1,1,0,2019-04-28,2019-04-28
-1405490,772046,4,3,2,0,2018-09-08,2017-12-29
-1405490,772048,2,2,2,0,2018-09-08,2017-12-29
-1405490,772049,1,1,1,0,2019-04-28,2019-04-28
-1405490,772052,1,1,1,0,2018-09-08,2018-09-08
-1405490,772053,1,1,1,0,2017-04-15,2017-04-15
-1405490,772055,1,1,1,0,2018-09-08,2018-09-08
-1405490,772064,7,6,5,0,2019-04-28,2017-04-20
-1405490,772065,3,3,3,0,2018-09-08,2018-09-08
-1405490,772066,2,2,1,0,2017-04-20,2017-04-20
-1405490,772416,1,1,1,0,2018-08-12,2018-08-12
-1405489,772006,1,1,1,0,2019-04-28,2019-04-28
-1405489,772023,1,1,1,0,2018-09-08,2018-09-08
-1405489,772034,1,1,1,0,2018-05-10,2018-05-10
-1405489,772052,1,1,1,0,2019-04-28,2019-04-28
-1405489,772065,3,2,2,0,2019-04-28,2018-09-08
-1405489,772066,1,1,1,0,2018-09-08,2018-09-08
-1405489,772067,1,1,1,0,2018-04-29,2018-04-29
-1405489,772426,2,2,1,0,2018-05-20,2018-05-20
-1405488,772049,1,1,1,0,2018-09-08,2018-09-08
-1405488,772063,1,1,1,0,2018-05-10,2018-05-10
-1405488,772066,2,2,2,0,2019-04-28,2019-04-28
-1405488,772067,1,1,1,0,2019-04-28,2019-04-28
-1405488,772068,1,1,1,0,2019-05-30,2019-05-30
-1405488,772383,1,1,1,0,2016-07-16,2016-07-16
-1405488,772384,1,1,1,0,2016-07-16,2016-07-16
-1405488,772417,1,1,1,1,2018-05-12,2018-05-12
-1405488,772423,1,1,1,0,2018-05-20,2018-05-20
-1405488,773959,1,1,1,1,2019-05-14,2019-05-14
-1405487,771795,1,1,1,0,2017-04-15,2017-04-15
-1405487,772054,1,1,1,0,2019-04-28,2019-04-28
-1405487,772066,1,1,1,0,2019-04-28,2019-04-28
-1405487,772067,4,4,3,0,2019-04-28,2019-04-28
-1405487,772379,1,1,1,0,2016-07-02,2016-07-02
-1405487,772413,1,1,1,0,2016-07-16,2016-07-16
-1405487,772430,1,1,1,0,2016-07-02,2016-07-02
-1405486,771793,1,1,1,0,2018-06-15,2018-06-15
-1405486,771794,1,1,1,0,2017-04-15,2017-04-15
-1405486,771798,1,1,1,0,2016-05-20,2016-05-20
-1405486,772038,1,1,1,0,2019-04-28,2019-04-28
-1405486,772043,2,1,2,0,2019-04-28,2019-04-28
-1405486,772045,1,1,1,0,2019-04-28,2019-04-28
-1405486,772051,1,1,1,0,2018-04-29,2018-04-29
-1405486,772052,1,1,1,0,2019-04-28,2019-04-28
-1405486,772055,1,1,1,0,2018-09-08,2018-09-08
-1405486,772066,1,1,1,0,2019-04-28,2019-04-28
-1405486,772067,1,1,1,0,2016-03-19,2016-03-19
-1405486,772070,1,1,1,0,2019-04-28,2019-04-28
-1405486,772408,1,1,1,0,2018-08-25,2018-08-25
-1405485,771791,1,1,1,0,2018-06-15,2018-06-15
-1405485,771794,1,1,1,0,2017-04-15,2017-04-15
-1405485,771795,3,1,3,0,2017-04-15,2017-04-15
-1405485,771796,2,2,2,0,2017-04-15,2016-11-01
-1405485,771988,1,1,1,0,2018-09-08,2018-09-08
-1405485,771992,1,1,1,0,2018-09-08,2018-09-08
-1405485,772034,1,1,1,0,2017-04-15,2017-04-15
-1405485,772040,2,2,1,0,2017-04-15,2017-04-15
-1405485,772044,1,1,1,0,2019-04-28,2019-04-28
-1405485,772045,1,1,1,0,2019-04-28,2019-04-28
-1405485,772046,4,4,1,0,2017-04-15,2017-04-15
-1405485,772050,4,3,2,0,2019-04-28,2017-04-15
-1405485,772051,2,2,2,0,2019-06-19,2019-05-24
-1405485,772052,1,1,1,0,2019-05-12,2019-05-12
-1405485,772055,2,2,1,0,2017-04-15,2017-04-15
-1405485,772064,3,3,2,0,2019-04-28,2019-04-28
-1405485,772067,1,1,1,0,2017-04-15,2017-04-15
-1405485,772381,1,1,1,0,2016-07-02,2016-07-02
-1405484,771423,1,1,1,0,2016-04-03,2016-04-03
-1405484,771794,3,3,3,0,2017-04-15,2017-04-15
-1405484,771795,2,2,2,0,2017-04-15,2017-04-15
-1405484,771796,2,2,2,0,2017-04-15,2017-04-15
-1405484,771797,2,2,2,0,2017-04-15,2016-11-01
-1405484,771801,1,1,1,0,2016-05-20,2016-05-20
-1405484,771973,1,1,1,1,2018-04-20,2018-04-20
-1405484,771988,1,1,1,0,2017-09-22,2017-09-22
-1405484,771989,1,1,1,0,2017-09-22,2017-09-22
-1405484,771990,1,1,1,0,2019-04-30,2019-04-30
-1405484,771991,1,1,1,0,2019-04-28,2019-04-28
-1405484,772003,1,1,1,0,2019-04-28,2019-04-28
-1405484,772027,1,1,1,0,2019-04-28,2019-04-28
-1405484,772035,1,1,1,0,2019-04-28,2019-04-28
-1405484,772036,1,1,1,0,2019-04-28,2019-04-28
-1405484,772039,1,1,1,0,2019-04-28,2019-04-28
-1405484,772047,1,1,1,0,2019-04-28,2019-04-28
-1405484,772049,1,1,1,0,2019-04-28,2019-04-28
-1405484,772050,1,1,1,0,2019-04-28,2019-04-28
-1405484,772051,1,1,1,0,2019-04-28,2019-04-28
-1405484,772052,1,1,1,0,2019-05-12,2019-05-12
-1405484,772054,1,1,1,0,2019-04-28,2019-04-28
-1405484,772056,1,1,1,0,2019-04-28,2019-04-28
-1405484,772060,1,1,1,0,2017-04-20,2017-04-20
-1405484,772064,1,1,1,0,2019-04-28,2019-04-28
-1405484,772065,1,1,1,0,2017-04-20,2017-04-20
-1405484,772381,1,1,1,0,2016-07-02,2016-07-02
-1405484,772383,1,1,1,0,2016-07-02,2016-07-02
-1405484,772414,1,1,1,1,2018-05-12,2018-05-12
-1405483,771796,1,1,1,0,2017-04-15,2017-04-15
-1405483,771931,1,1,1,0,2017-09-22,2017-09-22
-1405483,771991,3,2,3,0,2019-04-28,2019-04-28
-1405483,771992,2,2,2,0,2019-04-28,2019-04-28
-1405483,771996,1,1,1,0,2019-04-28,2019-04-28
-1405483,772003,1,1,1,0,2019-04-28,2019-04-28
-1405483,772004,1,1,1,0,2019-04-28,2019-04-28
-1405483,772012,1,1,1,0,2018-09-08,2018-09-08
-1405483,772015,1,1,1,0,2018-09-08,2018-09-08
-1405483,772016,1,1,1,1,2019-04-28,2019-04-28
-1405483,772017,1,1,1,0,2018-09-08,2018-09-08
-1405483,772018,4,4,3,0,2019-04-28,2018-09-23
-1405483,772019,1,1,1,0,2018-09-08,2018-09-08
-1405483,772022,1,1,1,0,2019-04-28,2019-04-28
-1405483,772023,1,1,1,0,2019-04-28,2019-04-28
-1405483,772034,1,1,1,0,2019-04-28,2019-04-28
-1405483,772035,1,1,1,0,2019-04-28,2019-04-28
-1405483,772038,1,1,1,0,2018-09-08,2018-09-08
-1405483,772039,1,1,1,0,2019-04-28,2019-04-28
-1405483,772041,1,1,1,0,2019-04-28,2019-04-28
-1405483,772053,1,1,1,0,2019-04-28,2019-04-28
-1405483,772055,1,1,1,0,2019-04-28,2019-04-28
-1405483,772063,2,2,2,0,2019-04-28,2018-10-28
-1405483,772066,1,1,1,0,2017-04-20,2017-04-20
-1405483,772378,1,1,1,0,2019-04-27,2019-04-27
-1405483,773025,1,1,1,0,2019-06-27,2019-06-27
-1405482,771794,1,1,1,0,2016-05-20,2016-05-20
-1405482,771928,1,1,1,0,2018-03-11,2018-03-11
-1405482,771997,1,1,1,1,2019-04-28,2019-04-28
-1405482,772004,1,1,1,0,2019-04-28,2019-04-28
-1405482,772005,1,1,1,0,2019-04-28,2019-04-28
-1405482,772008,1,1,1,0,2018-09-08,2018-09-08
-1405482,772013,1,1,1,0,2019-04-28,2019-04-28
-1405482,772021,1,1,1,0,2019-04-28,2019-04-28
-1405482,772024,1,1,1,0,2019-04-28,2019-04-28
-1405482,772025,3,3,3,0,2019-04-28,2019-04-28
-1405482,772027,1,1,1,0,2019-04-28,2019-04-28
-1405482,772028,1,1,1,0,2017-04-20,2017-04-20
-1405482,772029,2,2,2,0,2019-04-28,2019-01-02
-1405482,772032,2,2,2,0,2019-04-28,2018-10-28
-1405482,772034,1,1,1,0,2019-04-28,2019-04-28
-1405482,772043,1,1,1,0,2019-04-28,2019-04-28
-1405482,772067,1,1,1,0,2018-05-07,2018-05-07
-1405482,772383,1,1,1,0,2016-07-02,2016-07-02
-1405482,772388,1,1,1,0,2016-07-16,2016-07-16
-1405482,772389,1,1,1,0,2019-04-27,2019-04-27
-1405482,772420,1,1,1,0,2016-05-25,2016-05-25
-1405482,772899,1,1,1,0,2019-04-28,2019-04-28
-1405481,771802,1,1,1,0,2017-04-15,2017-04-15
-1405481,771921,1,1,1,0,2018-04-29,2018-04-29
-1405481,771927,1,1,1,0,2017-09-22,2017-09-22
-1405481,771930,1,1,1,0,2018-03-11,2018-03-11
-1405481,771995,1,1,1,0,2017-04-20,2017-04-20
-1405481,771996,1,1,1,0,2017-04-20,2017-04-20
-1405481,772008,2,1,2,0,2019-04-28,2019-04-26
-1405481,772009,1,1,1,0,2019-04-28,2019-04-28
-1405481,772010,2,2,1,0,2018-09-08,2018-09-08
-1405481,772011,3,3,1,0,2018-09-08,2018-09-08
-1405481,772012,2,2,2,0,2019-04-28,2019-04-28
-1405481,772013,3,3,2,0,2019-04-28,2019-04-28
-1405481,772014,1,1,1,0,2019-04-28,2019-04-28
-1405481,772023,1,1,1,0,2019-04-28,2019-04-28
-1405481,772025,2,2,2,0,2019-04-28,2019-01-02
-1405481,772026,2,2,1,0,2019-04-28,2019-04-28
-1405481,772027,1,1,1,0,2019-04-28,2019-04-28
-1405481,772063,1,1,1,0,2018-04-29,2018-04-29
-1405481,772064,1,1,1,0,2019-04-28,2019-04-28
-1405481,772065,1,1,1,0,2017-04-20,2017-04-20
-1405481,772066,1,1,1,0,2019-04-28,2019-04-28
-1405481,772383,1,1,1,0,2016-07-02,2016-07-02
-1405481,772416,1,1,1,0,2018-09-28,2018-09-28
-1405480,771804,1,1,1,0,2017-04-15,2017-04-15
-1405480,771930,2,2,2,0,2019-05-11,2018-10-10
-1405480,771931,2,2,1,0,2018-03-11,2018-03-11
-1405480,771996,2,2,2,0,2019-04-28,2019-04-28
-1405480,771997,1,1,1,0,2018-09-08,2018-09-08
-1405480,771998,1,1,1,0,2018-09-08,2018-09-08
-1405480,772000,1,1,1,1,2019-04-28,2019-04-28
-1405480,772001,2,2,2,0,2018-09-08,2017-12-29
-1405480,772005,2,2,1,0,2018-09-08,2018-09-08
-1405480,772006,2,2,2,0,2018-09-08,2018-07-04
-1405480,772007,2,2,1,0,2018-09-08,2018-09-08
-1405480,772008,2,2,2,0,2019-04-28,2019-01-02
-1405480,772009,1,1,1,0,2019-04-28,2019-04-28
-1405480,772010,3,3,3,0,2018-09-08,2018-09-08
-1405480,772011,2,2,2,0,2018-09-08,2018-07-04
-1405480,772013,2,2,2,0,2019-04-28,2019-01-02
-1405480,772016,3,3,3,0,2019-04-28,2018-09-08
-1405480,772018,1,1,1,0,2019-04-28,2019-04-28
-1405480,772064,2,1,1,0,2019-04-28,2019-04-28
-1405480,772065,1,1,1,0,2019-04-30,2019-04-30
-1405480,772391,1,1,1,0,2019-04-28,2019-04-28
-1405480,772412,1,1,1,1,2016-06-14,2016-06-14
-1405480,772418,1,1,1,0,2018-05-12,2018-05-12
-1405480,772421,1,1,1,0,2018-11-10,2018-11-10
-1405479,771426,1,1,1,0,2016-04-03,2016-04-03
-1405479,771574,1,1,1,1,2018-05-11,2018-05-11
-1405479,771799,1,1,1,0,2016-05-20,2016-05-20
-1405479,771802,1,1,1,0,2017-04-15,2017-04-15
-1405479,771804,2,2,2,0,2017-04-15,2017-04-15
-1405479,771808,1,1,1,0,2017-04-15,2017-04-15
-1405479,771992,1,1,1,1,2019-04-28,2019-04-28
-1405479,771996,1,1,1,0,2019-04-28,2019-04-28
-1405479,771997,2,2,2,1,2019-04-28,2019-04-28
-1405479,771998,1,1,1,0,2019-04-28,2019-04-28
-1405479,772000,1,1,1,0,2018-09-08,2018-09-08
-1405479,772002,1,1,1,0,2017-04-20,2017-04-20
-1405479,772003,1,1,1,0,2017-04-20,2017-04-20
-1405479,772007,2,2,1,0,2018-09-08,2018-09-08
-1405479,772008,1,1,1,0,2019-04-28,2019-04-28
-1405479,772012,1,1,1,0,2018-09-08,2018-09-08
-1405479,772014,1,1,1,0,2017-04-20,2017-04-20
-1405479,772065,1,1,1,0,2017-08-17,2017-08-17
-1405479,772415,1,1,1,0,2016-05-25,2016-05-25
-1405479,772436,1,1,1,0,2018-09-03,2018-09-03
-1405478,771802,1,1,1,0,2017-04-15,2017-04-15
-1405478,771804,3,3,2,0,2017-04-15,2017-04-15
-1405478,771999,1,1,1,0,2018-09-08,2018-09-08
-1405478,772001,2,2,2,0,2018-09-08,2018-09-08
-1405478,772010,1,1,1,0,2018-10-08,2018-10-08
-1405478,772389,1,1,1,0,2018-09-28,2018-09-28
-1405478,772422,1,1,1,0,2018-04-07,2018-04-07
-1405477,771803,2,2,1,0,2017-04-15,2017-04-11
-1405477,771806,1,1,1,0,2018-06-15,2018-06-15
-1405477,771929,1,1,1,0,2019-05-11,2019-05-11
-1405477,772239,1,1,1,0,2017-09-23,2017-09-23
-1405477,772384,1,1,1,1,2019-03-31,2019-03-31
-1405477,772389,1,1,1,1,2019-03-31,2019-03-31
-1405476,771802,1,1,1,0,2016-05-20,2016-05-20
-1405476,772386,1,1,1,0,2016-05-23,2016-05-23
-1405476,772409,1,1,1,0,2018-04-07,2018-04-07
-1405476,772424,1,1,1,0,2018-05-12,2018-05-12
-1405475,771803,2,2,1,0,2016-05-20,2016-05-20
-1405475,771806,1,1,1,0,2017-04-15,2017-04-15
-1405475,772422,1,1,1,1,2018-08-12,2018-08-12
-1405474,772065,1,1,1,0,2019-04-28,2019-04-28
-1405474,772384,1,1,1,1,2016-05-23,2016-05-23
-1405474,772398,1,1,1,0,2016-07-02,2016-07-02
-1405473,771810,1,1,1,0,2017-04-15,2017-04-15
-1405473,771811,2,2,2,0,2017-04-15,2017-04-15
-1405473,772064,2,1,1,0,2019-04-28,2019-04-28
-1405473,772065,2,1,2,0,2019-05-05,2019-05-01
-1405473,772066,1,1,1,0,2019-05-04,2019-05-04
-1405473,772384,1,1,1,0,2016-07-02,2016-07-02
-1405473,772425,1,1,1,1,2019-06-20,2019-06-20
-1405472,771810,1,1,1,0,2017-04-08,2017-04-08
-1405472,771812,1,1,1,0,2017-04-15,2017-04-15
-1405472,772064,1,1,1,0,2019-04-28,2019-04-28
-1405472,772170,3,3,1,0,2019-04-29,2019-04-29
-1405472,772188,1,1,1,0,2019-04-29,2019-04-29
-1405472,772386,1,1,1,1,2016-05-23,2016-05-23
-1405472,772393,1,1,1,0,2016-07-02,2016-07-02
-1405471,771203,1,1,1,0,2019-05-07,2019-05-07
-1405471,771812,1,1,1,0,2017-04-08,2017-04-08
-1405471,772064,1,1,1,0,2019-05-31,2019-05-31
-1405471,772170,1,1,1,0,2019-04-29,2019-04-29
-1405471,772171,1,1,1,0,2019-04-29,2019-04-29
-1405471,772175,1,1,1,0,2019-04-29,2019-04-29
-1405471,772390,1,1,1,1,2016-05-23,2016-05-23
-1405471,772416,1,1,1,0,2016-04-30,2016-04-30
-1405470,772180,1,1,1,0,2019-04-29,2019-04-29
-1405470,772186,1,1,1,0,2019-04-29,2019-04-29
-1405470,772384,1,1,1,0,2016-07-02,2016-07-02
-1405470,772416,1,1,1,0,2018-04-07,2018-04-07
-1405469,771815,1,1,1,0,2016-05-20,2016-05-20
-1405469,772382,1,1,1,0,2017-06-17,2017-06-17
-1405469,772387,1,1,1,0,2016-07-02,2016-07-02
-1405469,772388,1,1,1,0,2016-07-02,2016-07-02
-1405469,772415,1,1,1,0,2018-09-11,2018-09-11
-1405469,772417,1,1,1,1,2016-06-14,2016-06-14
-1405468,772411,1,1,1,0,2018-03-31,2018-03-31
-1405467,772412,1,1,1,0,2018-04-07,2018-04-07
-1405467,772420,1,1,1,0,2018-04-07,2018-04-07
-1405466,771811,1,1,1,0,2017-04-08,2017-04-08
-1405466,771815,1,1,1,0,2017-04-08,2017-04-08
-1405466,772063,1,1,1,0,2019-04-28,2019-04-28
-1405466,772384,1,1,1,1,2017-06-17,2017-06-17
-1405466,772407,1,1,1,0,2018-09-11,2018-09-11
-1405465,771811,1,1,1,0,2017-04-08,2017-04-08
-1405465,771815,1,1,1,0,2017-04-08,2017-04-08
-1405465,772407,1,1,1,0,2016-07-16,2016-07-16
-1405465,772409,1,1,1,0,2018-05-13,2018-05-13
-1405465,774408,1,1,1,1,2017-04-15,2017-04-15
-1405465,774434,1,1,1,1,2016-08-04,2016-08-04
-1405464,771821,1,1,1,0,2017-04-15,2017-04-15
-1405464,772064,2,2,2,0,2018-09-06,2018-05-12
-1405464,772397,1,1,1,0,2018-11-03,2018-11-03
-1405464,772405,1,1,1,1,2018-03-31,2018-03-31
-1405464,772423,1,1,1,0,2019-04-28,2019-04-28
-1405464,772425,1,1,1,1,2016-06-14,2016-06-14
-1405464,774487,1,1,1,1,2017-04-15,2017-04-15
-1405463,771815,1,1,1,0,2017-04-15,2017-04-15
-1405463,771829,1,1,1,0,2017-04-15,2017-04-15
-1405463,772387,1,1,1,0,2019-04-27,2019-04-27
-1405463,772402,1,1,1,0,2019-05-15,2019-05-15
-1405463,772425,1,1,1,0,2016-05-25,2016-05-25
-1405463,772426,1,1,1,0,2016-07-02,2016-07-02
-1405463,772516,1,1,1,0,2018-11-11,2018-11-11
-1405462,771824,1,1,1,0,2016-05-20,2016-05-20
-1405462,772406,1,1,1,0,2019-05-19,2019-05-19
-1405462,772425,1,1,1,0,2019-06-07,2019-06-07
-1405461,771826,1,1,1,0,2017-04-15,2017-04-15
-1405461,772063,1,1,1,0,2019-05-20,2019-05-20
-1405461,772065,2,2,2,0,2019-05-20,2019-05-09
-1405461,772510,1,1,1,1,2019-05-08,2019-05-08
-1405460,769940,1,1,1,0,2019-05-04,2019-05-04
-1405460,771420,1,1,1,0,2016-04-03,2016-04-03
-1405460,772065,1,1,1,0,2019-04-28,2019-04-28
-1405460,772074,1,1,1,0,2018-07-08,2018-07-08
-1405460,772406,1,1,1,0,2018-09-11,2018-09-11
-1405460,772424,1,1,1,0,2018-05-12,2018-05-12
-1405460,772510,1,1,1,1,2019-07-18,2019-07-18
-1405459,772069,2,2,1,0,2018-09-06,2018-09-06
-1405459,772073,1,1,1,0,2018-07-08,2018-07-08
-1405459,772074,1,1,1,0,2019-04-28,2019-04-28
-1405459,772424,2,2,2,1,2016-07-02,2016-06-23
-1405459,772426,1,1,1,0,2016-05-25,2016-05-25
-1405458,771830,1,1,1,0,2016-05-20,2016-05-20
-1405458,772069,1,1,1,0,2018-09-06,2018-09-06
-1405458,772070,1,1,1,0,2018-07-08,2018-07-08
-1405458,772279,1,1,1,0,2018-07-30,2018-07-30
-1405458,772395,1,1,1,0,2016-07-02,2016-07-02
-1405458,772396,1,1,1,0,2016-07-02,2016-07-02
-1405458,772424,2,2,2,0,2018-04-14,2017-05-23
-1405458,772425,1,1,1,0,2018-05-13,2018-05-13
-1405458,772428,1,1,1,0,2018-04-07,2018-04-07
-1405458,772510,1,1,1,0,2019-05-08,2019-05-08
-1405458,772511,1,1,1,0,2019-05-08,2019-05-08
-1405457,772062,1,1,1,0,2017-09-22,2017-09-22
-1405457,772078,1,1,1,0,2018-10-13,2018-10-13
-1405457,772083,1,1,1,0,2018-07-08,2018-07-08
-1405457,772510,2,2,1,0,2019-05-08,2019-05-08
-1405456,772065,1,1,1,0,2019-04-28,2019-04-28
-1405456,772068,1,1,1,0,2017-09-22,2017-09-22
-1405456,772093,1,1,1,0,2019-05-20,2019-05-20
-1405456,772403,1,1,1,1,2018-08-03,2018-08-03
-1405455,771967,1,1,1,0,2016-06-30,2016-06-30
-1405455,772068,1,1,1,0,2019-04-28,2019-04-28
-1405455,772520,1,1,1,0,2017-10-17,2017-10-17
-1405454,772067,1,1,1,0,2019-04-28,2019-04-28
-1405454,772068,1,1,1,0,2019-04-28,2019-04-28
-1405454,772069,1,1,1,0,2019-04-28,2019-04-28
-1405453,771981,1,1,1,1,2019-05-12,2019-05-12
-1405453,772514,1,1,1,0,2017-12-18,2017-12-18
-1405453,772528,1,1,1,0,2017-11-09,2017-11-09
-1405452,771968,1,1,1,0,2016-06-30,2016-06-30
-1405452,772412,1,1,1,0,2019-04-27,2019-04-27
-1405452,772512,1,1,1,0,2019-04-06,2019-04-06
-1405451,772020,1,1,1,0,2018-03-18,2018-03-18
-1405451,772245,1,1,1,0,2019-05-02,2019-05-02
-1405451,772422,1,1,1,0,2019-04-27,2019-04-27
-1405451,772511,1,1,1,0,2019-04-06,2019-04-06
-1405450,772426,1,1,1,0,2019-06-23,2019-06-23
-1405450,772948,1,1,1,0,2019-04-16,2019-04-16
-1405449,771846,1,1,1,0,2017-04-15,2017-04-15
-1405449,772020,1,1,1,0,2018-03-11,2018-03-11
-1405449,772068,1,1,1,0,2017-04-20,2017-04-20
-1405449,772422,1,1,1,0,2016-07-02,2016-07-02
-1405449,772425,1,1,1,0,2019-06-23,2019-06-23
-1405449,772442,1,1,1,0,2019-04-14,2019-04-14
-1405448,772019,2,2,2,0,2018-03-18,2018-03-14
-1405448,772021,1,1,1,0,2018-03-18,2018-03-18
-1405448,772046,1,1,1,0,2019-04-28,2019-04-28
-1405448,772048,1,1,1,0,2019-04-28,2019-04-28
-1405448,772072,1,1,1,0,2018-04-29,2018-04-29
-1405448,772487,1,1,1,1,2018-08-06,2018-08-06
-1405448,772528,1,1,1,0,2018-11-11,2018-11-11
-1405447,772017,1,1,1,0,2018-09-06,2018-09-06
-1405447,772075,1,1,1,0,2018-07-08,2018-07-08
-1405447,772089,1,1,1,0,2019-04-28,2019-04-28
-1405447,772426,1,1,1,0,2018-04-07,2018-04-07
-1405446,772018,1,1,1,0,2017-09-22,2017-09-22
-1405446,772026,1,1,1,1,2018-03-18,2018-03-18
-1405446,772093,1,1,1,0,2018-01-15,2018-01-15
-1405446,772416,1,1,1,1,2018-08-12,2018-08-12
-1405445,771389,1,1,1,0,2016-04-03,2016-04-03
-1405445,772409,1,1,1,0,2019-06-23,2019-06-23
-1405445,772419,1,1,1,0,2016-07-02,2016-07-02
-1405445,772421,1,1,1,0,2019-04-27,2019-04-27
-1405445,772423,1,1,1,0,2019-06-23,2019-06-23
-1405444,771185,1,1,1,1,2019-04-24,2019-04-24
-1405444,771856,1,1,1,0,2017-04-15,2017-04-15
-1405444,772013,1,1,1,0,2019-05-12,2019-05-12
-1405444,772024,1,1,1,0,2018-04-29,2018-04-29
-1405444,772027,1,1,1,0,2019-04-26,2019-04-26
-1405444,772074,1,1,1,0,2018-09-08,2018-09-08
-1405444,772421,2,1,2,0,2019-06-23,2017-12-08
-1405444,772422,2,2,2,0,2016-05-25,2016-05-25
-1405444,772424,1,1,1,0,2016-07-02,2016-07-02
-1405443,771858,1,1,1,0,2017-04-15,2017-04-15
-1405443,772034,1,1,1,0,2017-08-24,2017-08-24
-1405443,772040,1,1,1,0,2018-03-18,2018-03-18
-1405443,772417,2,2,2,0,2019-04-27,2017-11-28
-1405443,772422,1,1,1,0,2016-05-25,2016-05-25
-1405443,772531,1,1,1,0,2019-07-18,2019-07-18
-1405442,771857,1,1,1,0,2017-04-15,2017-04-15
-1405442,771999,1,1,1,0,2017-05-16,2017-05-16
-1405442,772073,1,1,1,0,2018-09-08,2018-09-08
-1405442,772113,1,1,1,0,2019-04-28,2019-04-28
-1405442,772417,1,1,1,1,2019-04-28,2019-04-28
-1405442,772419,1,1,1,0,2016-07-02,2016-07-02
-1405442,772485,1,1,1,0,2019-04-27,2019-04-27
-1405441,772074,1,1,1,0,2018-09-08,2018-09-08
-1405441,772420,1,1,1,0,2019-04-28,2019-04-28
-1405441,772486,1,1,1,0,2017-02-04,2017-02-04
-1405440,770287,1,1,1,1,2019-06-23,2019-06-23
-1405440,771860,1,1,1,0,2017-04-15,2017-04-15
-1405440,771861,1,1,1,0,2018-06-15,2018-06-15
-1405440,772078,1,1,1,0,2019-04-29,2019-04-29
-1405440,772098,1,1,1,0,2019-04-28,2019-04-28
-1405440,772103,1,1,1,0,2019-05-20,2019-05-20
-1405440,772115,1,1,1,0,2019-04-28,2019-04-28
-1405440,772116,1,1,1,0,2019-04-28,2019-04-28
-1405440,772117,1,1,1,0,2019-04-28,2019-04-28
-1405440,772118,1,1,1,0,2019-04-28,2019-04-28
-1405440,772411,1,1,1,0,2016-07-16,2016-07-16
-1405440,772420,2,2,2,1,2019-04-28,2018-11-03
-1405439,772046,2,2,1,0,2018-04-29,2018-04-29
-1405439,772074,1,1,1,0,2018-04-29,2018-04-29
-1405439,772077,1,1,1,0,2019-04-28,2019-04-28
-1405439,772115,1,1,1,0,2019-04-28,2019-04-28
-1405439,772116,2,2,2,0,2019-04-28,2019-04-28
-1405439,772119,1,1,1,0,2019-04-28,2019-04-28
-1405439,772126,1,1,1,1,2019-07-24,2019-07-24
-1405439,772423,1,1,1,0,2018-08-12,2018-08-12
-1405438,771862,1,1,1,0,2017-04-15,2017-04-15
-1405438,772077,2,1,2,0,2019-04-28,2019-04-20
-1405438,772095,1,1,1,0,2019-04-28,2019-04-28
-1405438,772114,1,1,1,0,2019-04-28,2019-04-28
-1405438,772116,2,2,2,0,2019-04-28,2019-04-28
-1405437,772020,1,1,1,0,2017-09-19,2017-09-19
-1405437,772102,1,1,1,0,2019-04-28,2019-04-28
-1405436,772061,1,1,1,0,2018-04-29,2018-04-29
-1405436,772062,1,1,1,0,2019-04-28,2019-04-28
-1405436,772113,1,1,1,0,2018-07-08,2018-07-08
-1405436,772319,1,1,1,0,2019-06-26,2019-06-26
-1405436,772422,2,2,2,1,2019-04-28,2019-04-13
-1405435,772062,1,1,1,0,2017-08-17,2017-08-17
-1405435,772421,1,1,1,0,2019-03-30,2019-03-30
-1405435,772486,1,1,1,0,2019-04-07,2019-04-07
-1405434,772069,2,2,2,0,2018-09-08,2018-02-26
-1405434,772071,1,1,1,0,2018-03-18,2018-03-18
-1405434,772102,1,1,1,0,2019-04-28,2019-04-28
-1405434,772111,1,1,1,0,2019-04-28,2019-04-28
-1405434,772319,1,1,1,0,2019-06-26,2019-06-26
-1405434,772419,1,1,1,1,2018-08-12,2018-08-12
-1405433,772075,1,1,1,0,2019-04-28,2019-04-28
-1405432,772067,1,1,1,0,2019-05-12,2019-05-12
-1405432,772077,1,1,1,0,2019-04-28,2019-04-28
-1405432,772089,1,1,1,0,2019-04-28,2019-04-28
-1405432,772090,1,1,1,0,2019-04-26,2019-04-26
-1405432,772418,1,1,1,0,2019-04-28,2019-04-28
-1405432,772435,1,1,1,0,2019-04-14,2019-04-14
-1405432,772639,1,1,1,0,2019-05-15,2019-05-15
-1405431,771877,1,1,1,0,2017-04-15,2017-04-15
-1405431,771888,1,1,1,1,2018-10-23,2018-10-23
-1405431,772081,1,1,1,0,2018-10-17,2018-10-17
-1405431,772334,1,1,1,0,2017-09-23,2017-09-23
-1405431,772416,1,1,1,0,2016-07-16,2016-07-16
-1405431,772491,1,1,1,1,2018-03-31,2018-03-31
-1405431,772554,1,1,1,0,2019-05-18,2019-05-18
-1405430,771877,1,1,1,0,2017-04-15,2017-04-15
-1405430,771881,1,1,1,0,2017-04-15,2017-04-15
-1405430,772068,1,1,1,0,2019-04-28,2019-04-28
-1405430,772074,1,1,1,0,2018-07-25,2018-07-25
-1405430,772421,1,1,1,0,2019-04-27,2019-04-27
-1405430,772422,1,1,1,0,2019-06-23,2019-06-23
-1405429,771421,1,1,1,0,2016-04-03,2016-04-03
-1405429,771880,1,1,1,0,2017-04-15,2017-04-15
-1405429,772071,1,1,1,0,2017-08-17,2017-08-17
-1405429,772417,1,1,1,0,2016-07-16,2016-07-16
-1405428,771880,1,1,1,0,2018-06-15,2018-06-15
-1405428,771883,1,1,1,0,2017-04-15,2017-04-15
-1405428,772071,1,1,1,0,2019-04-28,2019-04-28
-1405428,772130,1,1,1,0,2019-06-30,2019-06-30
-1405428,772132,1,1,1,0,2019-06-30,2019-06-30
-1405428,773955,1,1,1,0,2018-12-31,2018-12-31
-1405427,771421,1,1,1,0,2016-04-03,2016-04-03
-1405427,771436,2,2,1,0,2016-04-03,2016-04-03
-1405427,771883,1,1,1,0,2017-04-15,2017-04-15
-1405427,772417,1,1,1,0,2016-07-16,2016-07-16
-1405426,771004,1,1,1,1,2018-07-10,2018-07-10
-1405426,771420,1,1,1,0,2016-04-03,2016-04-03
-1405426,771885,1,1,1,0,2017-04-15,2017-04-15
-1405426,771886,1,1,1,0,2017-04-15,2017-04-15
-1405426,771887,1,1,1,0,2017-04-15,2017-04-15
-1405426,772465,1,1,1,1,2019-05-07,2019-05-07
-1405425,772535,1,1,1,0,2018-10-07,2018-10-07
-1405424,771890,1,1,1,0,2017-04-15,2017-04-15
-1405424,772274,1,1,1,0,2018-08-08,2018-08-08
-1405423,771892,1,1,1,0,2017-04-15,2017-04-15
-1405423,772266,1,1,1,0,2019-07-11,2019-07-11
-1405422,771894,1,1,1,0,2017-04-15,2017-04-15
-1405422,771895,1,1,1,0,2017-04-15,2017-04-15
-1405422,771897,1,1,1,0,2017-04-15,2017-04-15
-1405422,772133,1,1,1,0,2019-05-20,2019-05-20
-1405422,772273,1,1,1,0,2018-08-08,2018-08-08
-1405422,772310,1,1,1,0,2018-10-01,2018-10-01
-1405421,771899,1,1,1,0,2017-04-15,2017-04-15
-1405421,772131,1,1,1,0,2019-05-20,2019-05-20
-1405421,772423,1,1,1,1,2019-04-27,2019-04-27
-1405420,771893,1,1,1,0,2017-04-15,2017-04-15
-1405420,771901,1,1,1,0,2017-04-15,2017-04-15
-1405420,772271,1,1,1,0,2018-08-08,2018-08-08
-1405420,772300,1,1,1,0,2019-06-28,2019-06-28
-1405420,774197,1,1,1,1,2018-06-24,2018-06-24
-1405419,771413,1,1,1,0,2018-12-30,2018-12-30
-1405419,771894,1,1,1,0,2017-04-15,2017-04-15
-1405419,772129,3,2,1,0,2019-05-20,2019-05-20
-1405419,772429,1,1,1,0,2019-04-27,2019-04-27
-1405418,772129,1,1,1,0,2018-07-26,2018-07-26
-1405417,771910,1,1,1,0,2017-04-15,2017-04-15
-1405417,771912,1,1,1,0,2017-04-15,2017-04-15
-1405417,772279,1,1,1,0,2019-07-11,2019-07-11
-1405416,771915,1,1,1,0,2017-04-15,2017-04-15
-1405416,771920,1,1,1,0,2017-04-15,2017-04-15
-1405416,772494,1,1,1,0,2019-05-25,2019-05-25
-1405416,772521,1,1,1,1,2019-05-25,2019-05-25
-1405416,774348,1,1,1,0,2017-08-06,2017-08-06
-1405415,771411,1,1,1,0,2016-04-03,2016-04-03
-1405415,771555,1,1,1,0,2016-08-16,2016-08-16
-1405415,771557,1,1,1,0,2016-08-16,2016-08-16
-1405415,771912,1,1,1,0,2017-04-15,2017-04-15
-1405415,771915,2,2,2,0,2017-04-15,2017-04-15
-1405415,771920,1,1,1,0,2017-04-15,2017-04-15
-1405415,772541,1,1,1,0,2019-07-18,2019-07-18
-1405414,771916,1,1,1,0,2018-06-15,2018-06-15
-1405414,771919,2,2,2,0,2017-04-15,2017-04-15
-1405414,771921,2,2,1,0,2017-04-15,2017-04-15
-1405414,772288,1,1,1,0,2018-04-11,2018-04-11
-1405414,772313,1,1,1,0,2018-04-26,2018-04-26
-1405413,771558,1,1,1,0,2016-08-16,2016-08-16
-1405413,771918,1,1,1,0,2017-04-15,2017-04-15
-1405413,771921,2,2,1,0,2017-04-15,2017-04-15
-1405413,771922,1,1,1,0,2017-04-15,2017-04-15
-1405413,771931,1,1,1,0,2017-04-15,2017-04-15
-1405413,772285,1,1,1,0,2017-09-23,2017-09-23
-1405413,772287,1,1,1,1,2017-09-23,2017-09-23
-1405412,771301,2,2,1,1,2019-05-08,2019-05-08
-1405412,771411,1,1,1,0,2018-09-17,2018-09-17
-1405412,771919,1,1,1,0,2017-04-15,2017-04-15
-1405412,771920,2,2,2,0,2017-04-15,2017-04-15
-1405412,771921,3,3,1,0,2017-04-15,2017-04-15
-1405412,771927,1,1,1,0,2017-04-15,2017-04-15
-1405412,771938,1,1,1,0,2019-06-07,2019-06-07
-1405411,771298,1,1,1,1,2019-05-27,2019-05-27
-1405411,771410,1,1,1,0,2016-04-03,2016-04-03
-1405411,771921,2,2,2,0,2018-06-15,2017-11-14
-1405411,771925,1,1,1,0,2017-04-15,2017-04-15
-1405411,771957,1,1,1,0,2018-06-15,2018-06-15
-1405411,772945,1,1,1,0,2018-05-12,2018-05-12
-1405410,771919,1,1,1,0,2017-04-15,2017-04-15
-1405410,771922,1,1,1,0,2017-04-15,2017-04-15
-1405410,771923,1,1,1,0,2017-04-15,2017-04-15
-1405410,771938,1,1,1,0,2017-04-15,2017-04-15
-1405409,771930,1,1,1,0,2017-04-15,2017-04-15
-1405409,771932,1,1,1,0,2017-04-15,2017-04-15
-1405408,771706,1,1,1,1,2018-09-10,2018-09-10
-1405408,771940,1,1,1,0,2017-04-15,2017-04-15
-1405408,772300,1,1,1,0,2018-08-17,2018-08-17
-1405408,772332,1,1,1,0,2019-06-28,2019-06-28
-1405408,772992,1,1,1,0,2019-04-16,2019-04-16
-1405407,771919,1,1,1,0,2017-04-15,2017-04-15
-1405407,772439,1,1,1,0,2018-03-10,2018-03-10
-1405406,772298,1,1,1,0,2018-08-17,2018-08-17
-1405405,772285,1,1,1,0,2019-06-25,2019-06-25
-1405405,772292,1,1,1,0,2018-04-26,2018-04-26
-1405403,772333,1,1,1,0,2019-06-28,2019-06-28
-1405403,772992,1,1,1,0,2019-04-30,2019-04-30
-1405402,771592,1,1,1,0,2017-08-16,2017-08-16
-1405402,772984,1,1,1,0,2019-04-16,2019-04-16
-1405400,771416,1,1,1,0,2016-04-03,2016-04-03
-1405399,772319,1,1,1,0,2019-07-23,2019-07-23
-1405398,771416,1,1,1,0,2016-04-03,2016-04-03
-1405397,772975,1,1,1,0,2019-06-27,2019-06-27
-1405395,772439,1,1,1,1,2018-03-10,2018-03-10
-1405395,774405,1,1,1,0,2016-05-20,2016-05-20
-1405394,772449,1,1,1,0,2019-04-27,2019-04-27
-1405391,772434,1,1,1,0,2018-09-03,2018-09-03
-1405390,772372,1,1,1,0,2016-05-21,2016-05-21
-1405384,773271,1,1,1,0,2017-08-28,2017-08-28
-1405383,771397,1,1,1,0,2018-12-30,2018-12-30
-1405383,772663,1,1,1,1,2016-07-07,2016-07-07
-1405382,772556,1,1,1,0,2019-06-15,2019-06-15
-1405381,772054,1,1,1,1,2018-11-10,2018-11-10
-1405381,772260,1,1,1,0,2019-06-30,2019-06-30
-1405381,772379,1,1,1,0,2017-09-23,2017-09-23
-1405381,772528,1,1,1,0,2019-01-04,2019-01-04
-1405379,772336,1,1,1,0,2018-06-07,2018-06-07
-1405376,772957,1,1,1,0,2019-07-12,2019-07-12
-1405374,772976,1,1,1,0,2016-08-19,2016-08-19
-1405372,772365,1,1,1,0,2018-06-07,2018-06-07
-1405368,771719,1,1,1,0,2018-11-04,2018-11-04
-1405368,771722,1,1,1,0,2018-11-04,2018-11-04
-1405368,772282,1,1,1,0,2018-10-06,2018-10-06
-1405365,771733,1,1,1,0,2018-11-04,2018-11-04
-1405363,771743,2,2,1,0,2018-11-04,2018-11-04
-1405363,772448,1,1,1,0,2017-07-30,2017-07-30
-1405362,772953,1,1,1,0,2019-04-15,2019-04-15
-1405362,774237,1,1,1,1,2019-04-23,2019-04-23
-1405361,770722,1,1,1,1,2019-07-02,2019-07-02
-1405361,772431,1,1,1,1,2018-03-31,2018-03-31
-1405360,771744,1,1,1,0,2018-11-04,2018-11-04
-1405360,772187,1,1,1,1,2018-02-21,2018-02-21
-1405357,771749,1,1,1,0,2018-11-04,2018-11-04
-1405357,771751,1,1,1,0,2018-11-04,2018-11-04
-1405357,772462,1,1,1,1,2019-04-12,2019-04-12
-1405357,772476,1,1,1,1,2019-03-30,2019-03-30
-1405356,771747,1,1,1,0,2018-11-04,2018-11-04
-1405356,772948,1,1,1,0,2019-04-15,2019-04-15
-1405355,771748,2,2,1,0,2018-11-04,2018-11-04
-1405352,772382,3,2,1,1,2017-09-23,2017-09-23
-1405351,772383,1,1,1,0,2017-09-23,2017-09-23
-1405351,772462,1,1,1,0,2019-04-12,2019-04-12
-1405350,771749,1,1,1,0,2018-11-04,2018-11-04
-1405350,771755,1,1,1,0,2019-04-29,2019-04-29
-1405350,772388,1,1,1,0,2019-07-08,2019-07-08
-1405348,772372,1,1,1,0,2018-10-01,2018-10-01
-1405346,771710,1,1,1,0,2016-12-11,2016-12-11
-1405344,772437,5,5,1,0,2019-04-28,2019-04-28
-1405344,772438,1,1,1,0,2019-04-28,2019-04-28
-1405343,771686,1,1,1,0,2016-12-11,2016-12-11
-1405343,771746,1,1,1,0,2018-06-07,2018-06-07
-1405343,772380,1,1,1,0,2018-07-22,2018-07-22
-1405341,771748,1,1,1,0,2018-11-04,2018-11-04
-1405341,771749,1,1,1,0,2018-11-04,2018-11-04
-1405340,771723,1,1,1,0,2016-12-11,2016-12-11
-1405340,771749,2,2,2,0,2019-04-29,2019-01-31
-1405339,771747,1,1,1,0,2018-11-04,2018-11-04
-1405339,771748,1,1,1,0,2018-11-04,2018-11-04
-1405338,771746,1,1,1,0,2018-11-04,2018-11-04
-1405338,771749,1,1,1,0,2018-11-04,2018-11-04
-1405338,772376,1,1,1,0,2017-09-23,2017-09-23
-1405338,772455,1,1,1,0,2019-03-16,2019-03-16
-1405337,772374,1,1,1,0,2017-09-23,2017-09-23
-1405337,772567,1,1,1,0,2019-04-14,2019-04-14
-1405337,772736,1,1,1,0,2019-04-03,2019-04-03
-1405336,772376,1,1,1,0,2017-09-23,2017-09-23
-1405335,771500,1,1,1,0,2018-04-28,2018-04-28
-1405334,771723,1,1,1,0,2016-12-11,2016-12-11
-1405333,771728,1,1,1,0,2016-12-11,2016-12-11
-1405333,772433,1,1,1,0,2018-09-24,2018-09-24
-1405332,771723,4,4,1,0,2018-12-27,2018-12-27
-1405332,771744,1,1,1,0,2019-04-29,2019-04-29
-1405331,771623,1,1,1,1,2018-10-12,2018-10-12
-1405331,771723,3,3,1,0,2018-12-27,2018-12-27
-1405330,771722,1,1,1,0,2018-12-27,2018-12-27
-1405330,771724,1,1,1,0,2018-12-27,2018-12-27
-1405330,772364,1,1,1,0,2019-06-30,2019-06-30
-1405329,771723,1,1,1,0,2018-12-27,2018-12-27
-1405329,771724,1,1,1,0,2018-12-27,2018-12-27
-1405329,771728,1,1,1,0,2018-12-27,2018-12-27
-1405328,771723,1,1,1,0,2018-12-27,2018-12-27
-1405328,771726,1,1,1,0,2018-12-27,2018-12-27
-1405327,771722,1,1,1,0,2018-12-27,2018-12-27
-1405327,771723,2,2,1,0,2018-12-27,2018-12-27
-1405327,771724,2,1,1,0,2018-12-27,2018-12-27
-1405327,771725,4,3,1,0,2018-12-27,2018-12-27
-1405326,771723,1,1,1,0,2018-12-27,2018-12-27
-1405326,771729,1,1,1,0,2018-12-27,2018-12-27
-1405326,772541,1,1,1,1,2019-05-25,2019-05-25
-1405326,772554,1,1,1,0,2019-07-14,2019-07-14
-1405325,771729,4,3,1,0,2018-12-27,2018-12-27
-1405325,771730,3,3,1,0,2018-12-27,2018-12-27
-1405325,772915,1,1,1,0,2018-10-09,2018-10-09
-1405324,771729,1,1,1,0,2018-12-27,2018-12-27
-1405324,772497,1,1,1,1,2018-05-20,2018-05-20
-1405324,772531,1,1,1,1,2019-02-05,2019-02-05
-1405323,771578,1,1,1,0,2019-05-12,2019-05-12
-1405323,772551,1,1,1,0,2019-05-05,2019-05-05
-1405321,772455,1,1,1,0,2018-09-24,2018-09-24
-1405319,773512,1,1,1,1,2017-04-15,2017-04-15
-1405315,772454,1,1,1,0,2018-09-10,2018-09-10
-1405314,772433,1,1,1,0,2019-04-27,2019-04-27
-1405314,772449,1,1,1,0,2018-09-10,2018-09-10
-1405313,772455,1,1,1,0,2018-09-24,2018-09-24
-1405312,772457,1,1,1,0,2018-09-24,2018-09-24
-1405312,772511,1,1,1,0,2019-05-03,2019-05-03
-1405311,772425,1,1,1,0,2018-06-16,2018-06-16
-1405310,772481,1,1,1,1,2018-03-10,2018-03-10
-1405309,772515,1,1,1,0,2019-05-04,2019-05-04
-1405307,772423,1,1,1,0,2017-09-23,2017-09-23
-1405307,772488,1,1,1,0,2019-04-07,2019-04-07
-1405305,772391,1,1,1,0,2017-09-23,2017-09-23
-1405305,772425,1,1,1,0,2017-09-23,2017-09-23
-1405305,772429,1,1,1,0,2017-09-23,2017-09-23
-1405305,772431,1,1,1,0,2018-08-06,2018-08-06
-1405305,772466,1,1,1,0,2018-09-10,2018-09-10
-1405305,772507,1,1,1,1,2018-08-10,2018-08-10
-1405304,772393,1,1,1,0,2017-09-23,2017-09-23
-1405304,772503,1,1,1,0,2018-09-30,2018-09-30
-1405304,772517,1,1,1,1,2018-03-10,2018-03-10
-1405301,772484,1,1,1,1,2018-03-10,2018-03-10
-1405299,772483,1,1,1,1,2019-04-14,2019-04-14
-1405299,772493,1,1,1,1,2018-08-10,2018-08-10
-1405299,772494,1,1,1,0,2019-04-18,2019-04-18
-1405299,772511,1,1,1,1,2019-06-23,2019-06-23
-1405298,772439,1,1,1,0,2019-04-21,2019-04-21
-1405297,772473,1,1,1,0,2018-09-24,2018-09-24
-1405297,772487,1,1,1,0,2018-05-12,2018-05-12
-1405297,772538,1,1,1,1,2019-05-25,2019-05-25
-1405294,772485,1,1,1,0,2018-05-28,2018-05-28
-1405294,772502,1,1,1,1,2018-08-10,2018-08-10
-1405293,772486,1,1,1,0,2018-09-03,2018-09-03
-1405292,772507,1,1,1,1,2019-05-25,2019-05-25
-1405292,772531,1,1,1,0,2018-07-05,2018-07-05
-1405292,772538,1,1,1,1,2019-05-25,2019-05-25
-1405291,772456,1,1,1,0,2019-05-03,2019-05-03
-1405290,770463,1,1,1,0,2019-05-04,2019-05-04
-1405289,772540,1,1,1,1,2019-04-20,2019-04-20
-1405288,772538,1,1,1,0,2018-09-22,2018-09-22
-1405287,772456,1,1,1,0,2017-09-23,2017-09-23
-1405287,772506,1,1,1,1,2019-05-25,2019-05-25
-1405286,772455,1,1,1,0,2017-09-23,2017-09-23
-1405286,772521,1,1,1,1,2019-03-30,2019-03-30
-1405285,772407,1,1,1,0,2017-09-23,2017-09-23
-1405284,772422,1,1,1,0,2017-09-23,2017-09-23
-1405284,772480,1,1,1,1,2018-01-28,2018-01-28
-1405284,772517,1,1,1,1,2019-04-14,2019-04-14
-1405284,773894,1,1,1,0,2017-04-15,2017-04-15
-1405283,771428,1,1,1,0,2019-04-28,2019-04-28
-1405283,772425,1,1,1,0,2017-09-23,2017-09-23
-1405283,772520,1,1,1,1,2018-03-10,2018-03-10
-1405281,770255,1,1,1,0,2019-02-24,2019-02-24
-1405281,772481,1,1,1,0,2018-08-10,2018-08-10
-1405281,772506,1,1,1,1,2019-05-25,2019-05-25
-1405280,772470,1,1,1,0,2019-04-24,2019-04-24
-1405279,772432,1,1,1,0,2017-09-23,2017-09-23
-1405279,772483,2,2,2,0,2019-04-19,2018-12-14
-1405277,772302,1,1,1,0,2019-03-11,2019-03-11
-1405276,772475,1,1,1,0,2017-09-23,2017-09-23
-1405276,772478,1,1,1,0,2019-05-08,2019-05-08
-1405275,772475,1,1,1,0,2017-09-23,2017-09-23
-1405274,772474,1,1,1,0,2018-08-10,2018-08-10
-1405274,774163,1,1,1,1,2019-03-10,2019-03-10
-1405274,774258,1,1,1,0,2018-07-28,2018-07-28
-1405273,770894,1,1,1,0,2018-07-13,2018-07-13
-1405272,772572,1,1,1,0,2018-04-29,2018-04-29
-1405272,773958,1,1,1,1,2019-05-04,2019-05-04
-1405272,774162,1,1,1,0,2018-06-11,2018-06-11
-1405271,772571,1,1,1,1,2018-04-30,2018-04-30
-1405269,771379,1,1,1,0,2018-06-16,2018-06-16
-1405269,771711,1,1,1,0,2019-06-29,2019-06-29
-1405269,772572,1,1,1,1,2018-09-22,2018-09-22
-1405266,770783,1,1,1,0,2019-05-03,2019-05-03
-1405266,771715,1,1,1,0,2017-06-01,2017-06-01
-1405266,772454,1,1,1,0,2017-09-23,2017-09-23
-1405264,771713,1,1,1,0,2017-06-01,2017-06-01
-1405264,772541,1,1,1,0,2019-04-18,2019-04-18
-1405262,772389,1,1,1,1,2019-06-29,2019-06-29
-1405261,771785,1,1,1,1,2019-04-29,2019-04-29
-1405260,772545,1,1,1,0,2019-05-03,2019-05-03
-1405259,772514,1,1,1,0,2017-09-23,2017-09-23
-1405258,771756,1,1,1,0,2019-04-29,2019-04-29
-1405258,771786,1,1,1,1,2019-04-29,2019-04-29
-1405258,772543,1,1,1,0,2019-05-03,2019-05-03
-1405257,772608,1,1,1,0,2016-08-22,2016-08-22
-1405247,772578,1,1,1,0,2016-08-22,2016-08-22
-1405245,772455,1,1,1,0,2019-07-12,2019-07-12
-1405245,774161,1,1,1,0,2018-06-01,2018-06-01
-1405244,771461,1,1,1,0,2019-05-19,2019-05-19
-1405242,772450,1,1,1,0,2019-07-12,2019-07-12
-1405240,771567,1,1,1,0,2018-08-14,2018-08-14
-1405239,772858,1,1,1,0,2018-08-15,2018-08-15
-1405238,771566,1,1,1,0,2018-08-14,2018-08-14
-1405238,771571,1,1,1,0,2017-12-20,2017-12-20
-1405236,771563,1,1,1,0,2017-12-20,2017-12-20
-1405236,771564,1,1,1,0,2017-12-20,2017-12-20
-1405235,771564,2,2,1,0,2017-12-20,2017-12-20
-1405234,772548,1,1,1,0,2017-09-23,2017-09-23
-1405233,772449,2,2,1,0,2018-09-18,2018-09-18
-1405233,772451,1,1,1,0,2018-09-18,2018-09-18
-1405232,772416,1,1,1,0,2018-07-07,2018-07-07
-1405231,772454,1,1,1,0,2018-12-03,2018-12-03
-1405230,772454,1,1,1,0,2016-04-14,2016-04-14
-1405229,772102,1,1,1,0,2017-07-12,2017-07-12
-1405228,772685,1,1,1,0,2018-10-14,2018-10-14
-1405227,772366,1,1,1,0,2017-09-03,2017-09-03
-1405227,772419,1,1,1,0,2018-09-16,2018-09-16
-1405225,772456,1,1,1,0,2016-05-18,2016-05-18
-1405224,772540,1,1,1,0,2018-07-29,2018-07-29
-1405223,770707,1,1,1,1,2016-04-13,2016-04-13
-1405223,772538,1,1,1,0,2016-05-20,2016-05-20
-1405222,772436,11,10,1,0,2018-09-07,2018-09-07
-1405220,771702,1,1,1,1,2016-08-04,2016-08-04
-1405220,771757,1,1,1,0,2019-07-09,2019-07-09
-1405219,771752,1,1,1,0,2018-08-24,2018-08-24
-1405217,772584,1,1,1,0,2019-04-09,2019-04-09
-1405216,772456,1,1,1,0,2017-12-01,2017-12-01
-1405213,772541,2,2,1,0,2019-07-15,2019-07-15
-1405213,772543,1,1,1,0,2019-07-15,2019-07-15
-1405211,770876,1,1,1,0,2018-04-21,2018-04-21
-1405210,772540,1,1,1,0,2019-06-30,2019-06-30
-1405210,772679,1,1,1,1,2018-09-08,2018-09-08
-1405209,772512,1,1,1,0,2017-09-23,2017-09-23
-1405209,772547,1,1,1,0,2018-11-04,2018-11-04
-1405209,773279,1,1,1,0,2019-07-15,2019-07-15
-1405208,772520,1,1,1,0,2017-09-23,2017-09-23
-1405208,772542,1,1,1,0,2016-05-20,2016-05-20
-1405208,773296,1,1,1,1,2018-11-12,2018-11-12
-1405207,772544,1,1,1,0,2019-05-29,2019-05-29
-1405206,772441,1,1,1,0,2018-09-16,2018-09-16
-1405206,772516,1,1,1,0,2017-09-23,2017-09-23
-1405206,772518,1,1,1,0,2017-09-23,2017-09-23
-1405206,772533,1,1,1,0,2017-09-23,2017-09-23
-1405206,772538,1,1,1,0,2018-07-07,2018-07-07
-1405205,771108,1,1,1,0,2019-05-07,2019-05-07
-1405205,772516,1,1,1,0,2017-09-23,2017-09-23
-1405205,772542,1,1,1,0,2019-07-18,2019-07-18
-1405205,773447,1,1,1,0,2018-06-04,2018-06-04
-1405204,770144,1,1,1,1,2019-05-16,2019-05-16
-1405204,772510,1,1,1,0,2016-05-21,2016-05-21
-1405204,772511,1,1,1,0,2017-09-23,2017-09-23
-1405203,772537,1,1,1,0,2018-07-07,2018-07-07
-1405203,772583,1,1,1,0,2019-06-21,2019-06-21
-1405202,772534,1,1,1,0,2018-08-22,2018-08-22
-1405202,772538,1,1,1,0,2016-05-20,2016-05-20
-1405202,772541,1,1,1,0,2016-05-20,2016-05-20
-1405202,772542,1,1,1,0,2019-07-15,2019-07-15
-1405201,772435,1,1,1,0,2019-07-12,2019-07-12
-1405201,772533,1,1,1,0,2019-07-26,2019-07-26
-1405201,772752,1,1,1,0,2019-06-24,2019-06-24
-1405200,772434,1,1,1,0,2019-07-12,2019-07-12
-1405200,772435,2,2,1,0,2019-07-12,2019-07-12
-1405200,772526,1,1,1,0,2019-05-28,2019-05-28
-1405200,772538,1,1,1,0,2018-07-07,2018-07-07
-1405200,772539,1,1,1,0,2018-07-07,2018-07-07
-1405200,773525,1,1,1,0,2019-07-08,2019-07-08
-1405199,772434,1,1,1,0,2019-07-12,2019-07-12
-1405198,771747,1,1,1,0,2019-05-18,2019-05-18
-1405197,772526,1,1,1,0,2017-09-23,2017-09-23
-1405196,770151,1,1,1,0,2019-07-08,2019-07-08
-1405196,772016,1,1,1,0,2019-07-16,2019-07-16
-1405196,772017,1,1,1,0,2019-07-16,2019-07-16
-1405196,772018,1,1,1,0,2019-07-16,2019-07-16
-1405196,772019,1,1,1,0,2019-05-21,2019-05-21
-1405195,771747,1,1,1,0,2019-05-18,2019-05-18
-1405195,772017,2,2,1,0,2019-07-16,2019-06-18
-1405194,772768,1,1,1,0,2016-07-20,2016-07-20
-1405193,772528,1,1,1,0,2018-05-09,2018-05-09
-1405192,770524,1,1,1,0,2019-06-21,2019-06-21
-1405192,772405,1,1,1,1,2016-04-13,2016-04-13
-1405187,770034,1,1,1,0,2019-07-24,2019-07-24
-1405185,772489,1,1,1,0,2018-02-14,2018-02-14
-1405184,771938,1,1,1,0,2017-09-24,2017-09-24
-1405183,771935,1,1,1,0,2017-09-24,2017-09-24
-1405183,772304,1,1,1,1,2019-07-03,2019-07-03
-1405182,771937,1,1,1,1,2017-09-24,2017-09-24
-1405182,771938,1,1,1,0,2017-09-24,2017-09-24
-1405182,772540,1,1,1,0,2016-05-20,2016-05-20
-1405180,771935,2,2,2,0,2017-09-24,2017-09-24
-1405180,771936,1,1,1,0,2017-09-24,2017-09-24
-1405180,771939,1,1,1,0,2017-09-24,2017-09-24
-1405180,772406,1,1,1,0,2018-07-27,2018-07-27
-1405180,772533,1,1,1,0,2018-03-31,2018-03-31
-1405180,772534,2,2,2,0,2018-04-30,2018-04-15
-1405179,772533,1,1,1,0,2018-04-30,2018-04-30
-1405178,772540,2,2,2,0,2016-05-20,2016-05-20
-1405178,772586,2,2,1,0,2016-05-20,2016-05-20
-1405177,771739,1,1,1,0,2019-05-18,2019-05-18
-1405177,772534,1,1,1,0,2016-05-20,2016-05-20
-1405176,771928,1,1,1,0,2017-09-24,2017-09-24
-1405176,772491,1,1,1,0,2018-09-22,2018-09-22
-1405175,771927,1,1,1,0,2017-09-24,2017-09-24
-1405175,771954,1,1,1,0,2017-09-24,2017-09-24
-1405174,771955,1,1,1,0,2017-09-24,2017-09-24
-1405173,770586,1,1,1,0,2019-05-25,2019-05-25
-1405173,771925,1,1,1,0,2017-09-24,2017-09-24
-1405172,771741,1,1,1,0,2018-08-24,2018-08-24
-1405172,771957,1,1,1,0,2017-09-24,2017-09-24
-1405172,772540,1,1,1,0,2017-08-13,2017-08-13
-1405171,771954,1,1,1,0,2017-09-24,2017-09-24
-1405171,772522,1,1,1,0,2017-09-23,2017-09-23
-1405171,772527,1,1,1,0,2017-09-23,2017-09-23
-1405170,772538,1,1,1,0,2016-05-20,2016-05-20
-1405170,772625,12,10,1,0,2018-09-07,2018-09-07
-1405170,773975,1,1,1,0,2019-06-15,2019-06-15
-1405169,771919,1,1,1,0,2017-09-24,2017-09-24
-1405169,771956,1,1,1,0,2017-09-24,2017-09-24
-1405169,771957,1,1,1,1,2017-09-24,2017-09-24
-1405168,771955,2,2,2,0,2017-09-24,2017-09-24
-1405168,772541,1,1,1,0,2018-03-31,2018-03-31
-1405167,771950,1,1,1,0,2017-09-24,2017-09-24
-1405167,771951,1,1,1,0,2017-09-24,2017-09-24
-1405167,771955,1,1,1,1,2017-09-24,2017-09-24
-1405167,771956,1,1,1,0,2017-09-24,2017-09-24
-1405166,771951,1,1,1,0,2017-09-24,2017-09-24
-1405164,771951,1,1,1,0,2017-09-24,2017-09-24
-1405164,771957,1,1,1,0,2017-09-24,2017-09-24
-1405163,771955,1,1,1,1,2017-09-24,2017-09-24
-1405163,772487,1,1,1,0,2017-09-23,2017-09-23
-1405163,772540,1,1,1,0,2018-03-31,2018-03-31
-1405163,772733,1,1,1,0,2019-04-26,2019-04-26
-1405162,772483,1,1,1,0,2018-07-07,2018-07-07
-1405162,772484,1,1,1,0,2018-07-07,2018-07-07
-1405161,772483,1,1,1,0,2018-03-31,2018-03-31
-1405161,772485,1,1,1,0,2016-05-20,2016-05-20
-1405161,772486,2,2,2,0,2018-08-04,2017-12-30
-1405160,771957,1,1,1,1,2017-09-24,2017-09-24
-1405160,772427,1,1,1,0,2019-05-13,2019-05-13
-1405160,772483,2,2,2,0,2019-05-22,2018-10-29
-1405160,772484,4,4,1,0,2018-04-08,2018-04-08
-1405160,772486,1,1,1,0,2018-04-01,2018-04-01
-1405160,772539,1,1,1,0,2018-08-22,2018-08-22
-1405159,771946,1,1,1,1,2017-09-24,2017-09-24
-1405159,772047,1,1,1,0,2019-05-04,2019-05-04
-1405159,772483,2,2,2,0,2018-09-08,2018-09-07
-1405159,772485,2,2,2,0,2016-10-02,2016-07-26
-1405159,772486,2,2,2,0,2018-04-29,2017-05-09
-1405159,772487,2,2,2,0,2019-07-06,2017-12-12
-1405159,772488,1,1,1,0,2017-04-16,2017-04-16
-1405159,772908,1,1,1,0,2019-02-26,2019-02-26
-1405158,771582,1,1,1,0,2019-06-04,2019-06-04
-1405158,772481,1,1,1,0,2016-04-23,2016-04-23
-1405158,772482,1,1,1,0,2016-05-30,2016-05-30
-1405158,772483,2,1,2,0,2019-05-28,2018-12-16
-1405158,772484,1,1,1,0,2016-05-20,2016-05-20
-1405158,772485,1,1,1,0,2016-05-20,2016-05-20
-1405158,772486,4,3,2,0,2018-09-22,2018-04-28
-1405158,772487,1,1,1,0,2018-04-29,2018-04-29
-1405158,772489,1,1,1,0,2016-05-21,2016-05-21
-1405158,772620,5,5,1,0,2018-09-07,2018-09-07
-1405157,771948,1,1,1,1,2017-09-24,2017-09-24
-1405157,771951,1,1,1,1,2017-09-24,2017-09-24
-1405157,772483,1,1,1,0,2018-09-08,2018-09-08
-1405157,772486,3,3,3,0,2018-09-02,2018-03-25
-1405157,772537,1,1,1,0,2016-05-20,2016-05-20
-1405157,773131,1,1,1,0,2019-06-15,2019-06-15
-1405156,771928,1,1,1,1,2017-09-24,2017-09-24
-1405156,771951,1,1,1,0,2017-09-24,2017-09-24
-1405156,772484,1,1,1,0,2016-05-20,2016-05-20
-1405156,772486,1,1,1,0,2018-08-18,2018-08-18
-1405156,772489,1,1,1,0,2018-04-29,2018-04-29
-1405155,771924,2,2,2,2,2017-09-24,2017-09-24
-1405155,771934,1,1,1,0,2017-09-24,2017-09-24
-1405155,771935,1,1,1,0,2017-09-24,2017-09-24
-1405155,771950,1,1,1,1,2017-09-24,2017-09-24
-1405155,771955,2,2,2,0,2019-07-09,2019-07-09
-1405155,771959,1,1,1,0,2019-07-09,2019-07-09
-1405155,772484,1,1,1,0,2018-09-02,2018-09-02
-1405155,772485,1,1,1,1,2018-09-02,2018-09-02
-1405155,772488,1,1,1,0,2018-09-02,2018-09-02
-1405154,771939,1,1,1,1,2017-09-24,2017-09-24
-1405154,771953,1,1,1,0,2017-09-24,2017-09-24
-1405154,771954,1,1,1,0,2019-07-09,2019-07-09
-1405154,771955,1,1,1,0,2019-07-09,2019-07-09
-1405154,771956,1,1,1,0,2019-07-09,2019-07-09
-1405154,772485,1,1,1,0,2016-05-20,2016-05-20
-1405154,772486,1,1,1,0,2016-05-20,2016-05-20
-1405154,772487,2,2,1,0,2017-09-23,2017-09-23
-1405154,772515,1,1,1,0,2017-09-23,2017-09-23
-1405153,771923,1,1,1,1,2017-09-24,2017-09-24
-1405153,771936,1,1,1,1,2017-09-24,2017-09-24
-1405153,771939,1,1,1,0,2017-09-24,2017-09-24
-1405153,771944,1,1,1,0,2017-09-24,2017-09-24
-1405153,771954,1,1,1,0,2019-07-09,2019-07-09
-1405153,772484,2,2,2,0,2018-09-22,2018-09-12
-1405153,772486,2,2,2,0,2018-09-08,2018-07-04
-1405153,772487,1,1,1,0,2018-04-29,2018-04-29
-1405153,772516,1,1,1,0,2017-09-23,2017-09-23
-1405152,771937,1,1,1,0,2017-09-24,2017-09-24
-1405152,771939,1,1,1,0,2017-09-24,2017-09-24
-1405152,771940,1,1,1,1,2017-09-24,2017-09-24
-1405152,771941,1,1,1,1,2017-09-24,2017-09-24
-1405152,771956,1,1,1,0,2019-07-09,2019-07-09
-1405152,772484,1,1,1,0,2018-09-02,2018-09-02
-1405152,772485,1,1,1,0,2018-09-02,2018-09-02
-1405152,772486,1,1,1,0,2018-09-02,2018-09-02
-1405152,772537,1,1,1,0,2016-05-20,2016-05-20
-1405151,771922,1,1,1,1,2017-09-24,2017-09-24
-1405151,771930,1,1,1,0,2017-09-24,2017-09-24
-1405151,771933,1,1,1,1,2017-09-24,2017-09-24
-1405151,771937,1,1,1,1,2017-09-24,2017-09-24
-1405151,771939,1,1,1,0,2017-09-24,2017-09-24
-1405151,771940,2,2,2,1,2017-09-24,2017-09-24
-1405151,771941,2,1,2,2,2017-09-24,2017-09-24
-1405151,772409,1,1,1,0,2018-09-28,2018-09-28
-1405151,772484,1,1,1,0,2018-09-22,2018-09-22
-1405150,770550,1,1,1,0,2019-05-15,2019-05-15
-1405150,771940,1,1,1,1,2017-09-24,2017-09-24
-1405150,771949,1,1,1,0,2017-09-24,2017-09-24
-1405150,771954,1,1,1,0,2017-09-24,2017-09-24
-1405150,771956,1,1,1,0,2017-09-24,2017-09-24
-1405150,772414,1,1,1,0,2017-12-01,2017-12-01
-1405150,772483,30,22,2,7,2019-07-13,2018-09-08
-1405150,772486,1,1,1,0,2016-05-20,2016-05-20
-1405150,772492,1,1,1,0,2017-09-23,2017-09-23
-1405149,771911,1,1,1,1,2017-09-24,2017-09-24
-1405149,771921,1,1,1,1,2017-09-24,2017-09-24
-1405149,771931,1,1,1,1,2017-09-24,2017-09-24
-1405149,771934,1,1,1,1,2017-09-24,2017-09-24
-1405149,771936,1,1,1,1,2017-09-24,2017-09-24
-1405149,771938,1,1,1,1,2017-09-24,2017-09-24
-1405149,771942,2,2,2,2,2017-09-24,2017-09-24
-1405149,772489,1,1,1,0,2018-08-02,2018-08-02
-1405148,769865,1,1,1,0,2019-04-24,2019-04-24
-1405148,771914,1,1,1,1,2017-09-24,2017-09-24
-1405148,771917,1,1,1,1,2017-09-24,2017-09-24
-1405148,771921,1,1,1,0,2017-09-24,2017-09-24
-1405148,771927,1,1,1,0,2017-09-24,2017-09-24
-1405148,771928,2,2,1,0,2017-09-24,2017-09-24
-1405148,771933,1,1,1,0,2017-09-24,2017-09-24
-1405148,772485,1,1,1,1,2018-08-02,2018-08-02
-1405148,772486,1,1,1,0,2019-07-06,2019-07-06
-1405147,771913,1,1,1,1,2017-09-24,2017-09-24
-1405147,771914,1,1,1,0,2017-09-24,2017-09-24
-1405147,771916,1,1,1,1,2017-09-24,2017-09-24
-1405147,771929,1,1,1,0,2017-09-24,2017-09-24
-1405147,772481,1,1,1,0,2018-09-22,2018-09-22
-1405147,772483,1,1,1,0,2018-08-26,2018-08-26
-1405147,772491,2,2,2,0,2017-09-23,2017-09-15
-1405147,772494,1,1,1,0,2017-09-23,2017-09-23
-1405147,772521,1,1,1,0,2017-09-23,2017-09-23
-1405146,771914,1,1,1,0,2017-09-24,2017-09-24
-1405146,771921,1,1,1,0,2017-09-24,2017-09-24
-1405146,771952,1,1,1,1,2017-09-24,2017-09-24
-1405146,772485,1,1,1,0,2018-04-29,2018-04-29
-1405146,772486,1,1,1,0,2016-05-20,2016-05-20
-1405146,772492,1,1,1,0,2017-09-23,2017-09-23
-1405146,772493,2,2,2,0,2017-09-23,2017-09-23
-1405146,772494,1,1,1,0,2017-09-23,2017-09-23
-1405146,772523,1,1,1,0,2017-09-23,2017-09-23
-1405146,772542,1,1,1,0,2019-03-30,2019-03-30
-1405145,771947,1,1,1,1,2017-09-24,2017-09-24
-1405145,771956,1,1,1,0,2017-09-24,2017-09-24
-1405145,772485,1,1,1,0,2018-04-29,2018-04-29
-1405145,772492,1,1,1,0,2017-09-23,2017-09-23
-1405145,772493,1,1,1,0,2017-09-23,2017-09-23
-1405145,772517,1,1,1,0,2017-09-23,2017-09-23
-1405145,772524,1,1,1,0,2017-09-23,2017-09-23
-1405144,771915,1,1,1,0,2017-09-24,2017-09-24
-1405144,771920,1,1,1,0,2017-09-24,2017-09-24
-1405144,771960,1,1,1,1,2017-09-24,2017-09-24
-1405144,772486,1,1,1,0,2016-05-30,2016-05-30
-1405143,772525,1,1,1,0,2017-09-23,2017-09-23
-1405143,772541,1,1,1,0,2019-07-08,2019-07-08
-1405142,771917,2,2,2,0,2017-09-24,2017-09-24
-1405142,771919,1,1,1,0,2017-09-24,2017-09-24
-1405142,771920,1,1,1,0,2017-09-24,2017-09-24
-1405142,771951,1,1,1,1,2017-09-24,2017-09-24
-1405142,771955,2,1,1,2,2017-09-24,2017-09-24
-1405142,771956,1,1,1,0,2017-09-24,2017-09-24
-1405142,772416,1,1,1,0,2019-05-26,2019-05-26
-1405142,772481,2,2,1,0,2018-04-29,2018-04-29
-1405142,772483,1,1,1,0,2018-08-26,2018-08-26
-1405142,772484,1,1,1,0,2019-05-28,2019-05-28
-1405142,772486,2,2,2,0,2018-03-11,2017-04-15
-1405141,771919,1,1,1,0,2017-09-24,2017-09-24
-1405141,771923,1,1,1,0,2017-09-24,2017-09-24
-1405141,771946,1,1,1,1,2017-09-24,2017-09-24
-1405141,771947,1,1,1,0,2017-09-24,2017-09-24
-1405141,771955,1,1,1,0,2017-09-24,2017-09-24
-1405141,772402,1,1,1,0,2018-05-20,2018-05-20
-1405141,772483,1,1,1,0,2018-09-22,2018-09-22
-1405141,772484,1,1,1,0,2019-06-28,2019-06-28
-1405141,772485,2,2,2,0,2018-09-02,2017-09-22
-1405141,772486,1,1,1,0,2018-09-02,2018-09-02
-1405141,772543,1,1,1,0,2016-05-20,2016-05-20
-1405140,771127,1,1,1,0,2019-05-07,2019-05-07
-1405140,771916,1,1,1,0,2017-09-24,2017-09-24
-1405140,771920,1,1,1,0,2017-09-24,2017-09-24
-1405140,771921,1,1,1,1,2017-09-24,2017-09-24
-1405140,771922,1,1,1,0,2017-09-24,2017-09-24
-1405140,772485,1,1,1,0,2016-05-20,2016-05-20
-1405140,774011,1,1,1,0,2019-04-09,2019-04-09
-1405139,771920,1,1,1,0,2017-09-24,2017-09-24
-1405139,771950,1,1,1,1,2017-09-24,2017-09-24
-1405139,772073,1,1,1,1,2019-05-10,2019-05-10
-1405139,772482,1,1,1,0,2018-08-18,2018-08-18
-1405139,772483,1,1,1,0,2018-08-18,2018-08-18
-1405139,772484,1,1,1,0,2018-09-02,2018-09-02
-1405139,772485,1,1,1,0,2016-05-21,2016-05-21
-1405139,772486,1,1,1,0,2016-05-21,2016-05-21
-1405139,772541,1,1,1,0,2018-03-31,2018-03-31
-1405138,771920,1,1,1,1,2017-09-24,2017-09-24
-1405138,771921,1,1,1,1,2017-09-24,2017-09-24
-1405138,771922,1,1,1,0,2017-09-24,2017-09-24
-1405138,771923,1,1,1,1,2017-09-24,2017-09-24
-1405138,771949,1,1,1,1,2017-09-24,2017-09-24
-1405138,771955,1,1,1,1,2017-09-24,2017-09-24
-1405138,772483,1,1,1,0,2019-07-06,2019-07-06
-1405138,772484,1,1,1,0,2018-09-02,2018-09-02
-1405138,772486,1,1,1,0,2016-05-20,2016-05-20
-1405137,771920,1,1,1,0,2017-09-24,2017-09-24
-1405137,771924,1,1,1,1,2017-09-24,2017-09-24
-1405137,771925,1,1,1,0,2017-09-24,2017-09-24
-1405137,771945,1,1,1,0,2017-09-24,2017-09-24
-1405137,771955,1,1,1,0,2017-09-24,2017-09-24
-1405137,772095,1,1,1,0,2019-04-29,2019-04-29
-1405137,772097,1,1,1,0,2019-04-29,2019-04-29
-1405137,772466,1,1,1,0,2018-04-29,2018-04-29
-1405137,772484,1,1,1,0,2016-05-20,2016-05-20
-1405137,772485,3,3,3,0,2019-05-04,2018-09-22
-1405137,772486,1,1,1,0,2016-05-20,2016-05-20
-1405137,772488,1,1,1,0,2018-10-21,2018-10-21
-1405136,771920,2,2,1,0,2017-09-24,2017-09-24
-1405136,771941,1,1,1,0,2017-09-24,2017-09-24
-1405136,771946,2,2,2,2,2017-09-24,2017-09-24
-1405136,771947,1,1,1,1,2017-09-24,2017-09-24
-1405136,771951,1,1,1,0,2017-09-24,2017-09-24
-1405136,772099,1,1,1,0,2019-04-29,2019-04-29
-1405136,772484,1,1,1,0,2016-05-20,2016-05-20
-1405136,772486,4,4,3,0,2018-09-08,2018-09-02
-1405135,771918,1,1,1,0,2017-09-24,2017-09-24
-1405135,771920,2,2,2,0,2017-09-24,2017-09-24
-1405135,771921,1,1,1,0,2017-09-24,2017-09-24
-1405135,771924,1,1,1,0,2017-09-24,2017-09-24
-1405135,771945,1,1,1,1,2017-09-24,2017-09-24
-1405135,771947,1,1,1,1,2017-09-24,2017-09-24
-1405135,771949,2,2,2,1,2017-09-24,2017-09-24
-1405135,771953,1,1,1,0,2017-09-24,2017-09-24
-1405135,771954,1,1,1,0,2017-09-24,2017-09-24
-1405135,771955,1,1,1,1,2017-09-24,2017-09-24
-1405135,771956,1,1,1,1,2017-09-24,2017-09-24
-1405135,771961,1,1,1,0,2017-09-24,2017-09-24
-1405135,772096,1,1,1,0,2019-04-29,2019-04-29
-1405135,772484,2,2,2,0,2018-09-08,2018-06-16
-1405135,772485,1,1,1,1,2018-04-29,2018-04-29
-1405135,772486,2,2,2,0,2019-05-28,2019-01-17
-1405135,772487,1,1,1,0,2018-09-02,2018-09-02
-1405135,772489,1,1,1,0,2017-07-09,2017-07-09
-1405135,772538,1,1,1,0,2017-11-13,2017-11-13
-1405135,772559,1,1,1,0,2017-09-23,2017-09-23
-1405134,771919,2,1,2,2,2017-09-24,2017-09-24
-1405134,771921,1,1,1,0,2017-09-24,2017-09-24
-1405134,771947,1,1,1,0,2017-09-24,2017-09-24
-1405134,771948,2,2,2,1,2017-09-24,2017-09-24
-1405134,771950,3,3,3,1,2017-09-24,2017-09-24
-1405134,771951,2,2,2,0,2017-09-24,2017-09-24
-1405134,771956,1,1,1,1,2017-09-24,2017-09-24
-1405134,772098,1,1,1,0,2019-04-29,2019-04-29
-1405134,772473,1,1,1,0,2018-04-28,2018-04-28
-1405134,772484,1,1,1,0,2018-04-29,2018-04-29
-1405134,772486,2,2,2,0,2018-09-02,2018-07-01
-1405134,772488,2,2,2,0,2018-07-26,2018-06-12
-1405134,772489,1,1,1,0,2016-07-16,2016-07-16
-1405134,772539,1,1,1,0,2018-03-31,2018-03-31
-1405133,771919,1,1,1,0,2017-09-24,2017-09-24
-1405133,771920,1,1,1,1,2017-09-24,2017-09-24
-1405133,771921,2,2,2,0,2017-09-24,2017-09-24
-1405133,771922,1,1,1,1,2017-09-24,2017-09-24
-1405133,771925,1,1,1,0,2017-09-24,2017-09-24
-1405133,771926,1,1,1,1,2017-09-24,2017-09-24
-1405133,771945,1,1,1,1,2017-09-24,2017-09-24
-1405133,771946,1,1,1,1,2017-09-24,2017-09-24
-1405133,771949,2,2,2,1,2017-09-24,2017-09-24
-1405133,771950,2,2,1,0,2017-09-24,2017-09-24
-1405133,771952,1,1,1,0,2017-09-24,2017-09-24
-1405133,771953,1,1,1,0,2017-09-24,2017-09-24
-1405133,772099,1,1,1,0,2019-04-29,2019-04-29
-1405133,772488,1,1,1,0,2016-05-20,2016-05-20
-1405132,771918,1,1,1,0,2017-09-24,2017-09-24
-1405132,771920,1,1,1,0,2017-09-24,2017-09-24
-1405132,771922,1,1,1,0,2017-09-24,2017-09-24
-1405132,771924,1,1,1,0,2017-09-24,2017-09-24
-1405132,771941,2,2,2,1,2017-09-24,2017-09-24
-1405132,771946,1,1,1,0,2017-09-24,2017-09-24
-1405132,771948,3,2,3,0,2017-09-24,2017-09-24
-1405132,771953,1,1,1,0,2017-09-24,2017-09-24
-1405132,771956,1,1,1,0,2017-09-24,2017-09-24
-1405132,771958,1,1,1,0,2017-09-24,2017-09-24
-1405132,772098,1,1,1,0,2019-04-29,2019-04-29
-1405132,772474,1,1,1,0,2018-04-29,2018-04-29
-1405132,772485,1,1,1,0,2019-05-28,2019-05-28
-1405132,772486,1,1,1,0,2018-04-29,2018-04-29
-1405132,772488,3,3,1,0,2018-04-29,2018-04-29
-1405132,772535,1,1,1,0,2017-09-23,2017-09-23
-1405132,772539,2,2,2,0,2018-03-31,2017-04-25
-1405132,773322,1,1,1,0,2018-08-15,2018-08-15
-1405131,771919,1,1,1,1,2017-09-24,2017-09-24
-1405131,771921,1,1,1,0,2017-09-24,2017-09-24
-1405131,771922,1,1,1,0,2017-09-24,2017-09-24
-1405131,771925,1,1,1,1,2017-09-24,2017-09-24
-1405131,771926,1,1,1,1,2017-09-24,2017-09-24
-1405131,771939,1,1,1,1,2017-09-24,2017-09-24
-1405131,771945,2,2,2,1,2017-09-24,2017-09-24
-1405131,771953,1,1,1,0,2017-09-24,2017-09-24
-1405131,771955,1,1,1,0,2017-09-24,2017-09-24
-1405131,772087,1,1,1,0,2019-04-29,2019-04-29
-1405131,772097,2,2,1,0,2019-04-29,2019-04-29
-1405131,772099,1,1,1,0,2019-05-22,2019-05-22
-1405131,772107,2,2,2,0,2019-04-29,2019-04-29
-1405131,772108,1,1,1,0,2019-04-29,2019-04-29
-1405131,772482,1,1,1,0,2018-07-31,2018-07-31
-1405131,772486,1,1,1,0,2017-09-07,2017-09-07
-1405131,772487,1,1,1,0,2016-05-20,2016-05-20
-1405131,772488,4,3,3,1,2019-05-28,2018-07-04
-1405131,772525,1,1,1,0,2016-05-21,2016-05-21
-1405131,772536,1,1,1,0,2017-09-23,2017-09-23
-1405130,771919,1,1,1,0,2017-09-24,2017-09-24
-1405130,771921,1,1,1,0,2017-09-24,2017-09-24
-1405130,771927,1,1,1,1,2017-09-24,2017-09-24
-1405130,771928,1,1,1,1,2017-09-24,2017-09-24
-1405130,771943,1,1,1,1,2017-09-24,2017-09-24
-1405130,771945,1,1,1,0,2017-09-24,2017-09-24
-1405130,771947,1,1,1,0,2017-09-24,2017-09-24
-1405130,771949,1,1,1,0,2017-09-24,2017-09-24
-1405130,771952,1,1,1,0,2017-09-24,2017-09-24
-1405130,772097,2,2,1,0,2019-04-29,2019-04-29
-1405130,772100,2,1,2,0,2019-04-29,2019-04-29
-1405130,772101,1,1,1,0,2019-04-29,2019-04-29
-1405130,772104,1,1,1,0,2019-04-29,2019-04-29
-1405130,772107,1,1,1,0,2019-04-29,2019-04-29
-1405130,772474,1,1,1,0,2018-09-05,2018-09-05
-1405130,772475,1,1,1,0,2018-04-29,2018-04-29
-1405130,772477,1,1,1,0,2018-04-29,2018-04-29
-1405130,772481,1,1,1,0,2018-04-28,2018-04-28
-1405130,772487,2,2,2,0,2018-08-18,2018-06-23
-1405130,772488,1,1,1,1,2018-04-30,2018-04-30
-1405130,772489,1,1,1,1,2018-04-30,2018-04-30
-1405130,772493,1,1,1,0,2016-05-20,2016-05-20
-1405129,771915,1,1,1,0,2017-09-24,2017-09-24
-1405129,771919,1,1,1,0,2017-09-24,2017-09-24
-1405129,771920,2,2,2,1,2017-09-24,2017-09-24
-1405129,771921,1,1,1,0,2017-09-24,2017-09-24
-1405129,771927,1,1,1,1,2017-09-24,2017-09-24
-1405129,771928,1,1,1,1,2017-09-24,2017-09-24
-1405129,771929,1,1,1,0,2017-09-24,2017-09-24
-1405129,771942,1,1,1,1,2017-09-24,2017-09-24
-1405129,771943,1,1,1,1,2017-09-24,2017-09-24
-1405129,771946,1,1,1,0,2017-09-24,2017-09-24
-1405129,772104,1,1,1,0,2019-04-29,2019-04-29
-1405129,772106,1,1,1,0,2019-04-29,2019-04-29
-1405129,772107,1,1,1,0,2019-04-29,2019-04-29
-1405129,772113,1,1,1,0,2019-04-29,2019-04-29
-1405129,772119,1,1,1,0,2019-04-29,2019-04-29
-1405129,772474,2,2,2,0,2019-04-27,2018-10-27
-1405129,772476,2,2,2,0,2019-07-06,2018-12-01
-1405129,772480,1,1,1,0,2018-04-28,2018-04-28
-1405129,772481,3,3,1,0,2016-05-20,2016-05-20
-1405129,772488,3,2,1,0,2016-05-20,2016-05-20
-1405128,771919,2,2,2,0,2017-09-24,2017-09-24
-1405128,771920,3,3,3,1,2017-09-24,2017-09-24
-1405128,771922,2,1,2,2,2017-09-24,2017-09-24
-1405128,771926,1,1,1,0,2017-09-24,2017-09-24
-1405128,771927,3,3,2,1,2017-09-24,2017-09-24
-1405128,771930,1,1,1,0,2017-09-24,2017-09-24
-1405128,771931,1,1,1,0,2017-09-24,2017-09-24
-1405128,771932,2,2,2,2,2017-09-24,2017-09-24
-1405128,771935,1,1,1,1,2017-09-24,2017-09-24
-1405128,771936,1,1,1,0,2017-09-24,2017-09-24
-1405128,771937,1,1,1,1,2017-09-24,2017-09-24
-1405128,771939,1,1,1,0,2017-09-24,2017-09-24
-1405128,771946,1,1,1,0,2017-09-24,2017-09-24
-1405128,771948,1,1,1,0,2017-09-24,2017-09-24
-1405128,771949,1,1,1,0,2017-09-24,2017-09-24
-1405128,772112,1,1,1,0,2019-04-29,2019-04-29
-1405128,772114,1,1,1,0,2019-04-29,2019-04-29
-1405128,772473,3,3,2,0,2018-09-05,2018-09-05
-1405128,772474,1,1,1,0,2018-09-05,2018-09-05
-1405128,772476,1,1,1,0,2017-09-07,2017-09-07
-1405128,772477,2,2,2,0,2019-05-28,2018-11-12
-1405128,772478,3,3,1,0,2018-04-28,2018-04-28
-1405128,772483,1,1,1,0,2018-04-28,2018-04-28
-1405128,772484,1,1,1,0,2018-09-05,2018-09-05
-1405128,772486,1,1,1,0,2018-04-28,2018-04-28
-1405128,772488,3,3,1,0,2016-10-02,2016-10-02
-1405128,772493,1,1,1,0,2018-08-26,2018-08-26
-1405128,772537,1,1,1,0,2017-12-01,2017-12-01
-1405127,771918,1,1,1,0,2017-09-24,2017-09-24
-1405127,771919,1,1,1,0,2017-09-24,2017-09-24
-1405127,771924,1,1,1,1,2017-09-24,2017-09-24
-1405127,771925,2,2,2,1,2017-09-24,2017-09-24
-1405127,771927,1,1,1,1,2017-09-24,2017-09-24
-1405127,771928,1,1,1,0,2017-09-24,2017-09-24
-1405127,771929,1,1,1,0,2017-09-24,2017-09-24
-1405127,771930,1,1,1,0,2017-09-24,2017-09-24
-1405127,771931,1,1,1,0,2017-09-24,2017-09-24
-1405127,771932,3,3,2,1,2017-09-24,2017-09-24
-1405127,771937,1,1,1,1,2017-09-24,2017-09-24
-1405127,772113,1,1,1,0,2019-04-29,2019-04-29
-1405127,772473,1,1,1,0,2018-07-07,2018-07-07
-1405127,772481,1,1,1,0,2018-04-28,2018-04-28
-1405127,772483,2,2,2,0,2019-05-04,2018-10-30
-1405127,772484,2,2,1,0,2018-04-28,2018-04-28
-1405127,772485,1,1,1,0,2018-04-28,2018-04-28
-1405127,772487,1,1,1,0,2019-05-19,2019-05-19
-1405127,772488,2,2,2,0,2018-04-29,2017-07-16
-1405127,772489,3,3,2,0,2018-05-14,2018-04-28
-1405126,771916,1,1,1,0,2017-09-24,2017-09-24
-1405126,771918,1,1,1,0,2017-09-24,2017-09-24
-1405126,771920,3,2,2,0,2017-09-24,2017-09-24
-1405126,771921,3,1,2,0,2017-09-24,2017-09-24
-1405126,771922,1,1,1,1,2017-09-24,2017-09-24
-1405126,771924,1,1,1,1,2017-09-24,2017-09-24
-1405126,771925,3,3,3,1,2017-09-24,2017-09-24
-1405126,771927,1,1,1,0,2017-09-24,2017-09-24
-1405126,771931,1,1,1,0,2017-09-24,2017-09-24
-1405126,772118,1,1,1,0,2019-04-29,2019-04-29
-1405126,772314,1,1,1,0,2018-07-05,2018-07-05
-1405126,772483,2,2,2,0,2018-04-28,2017-05-09
-1405126,772487,2,2,2,0,2018-09-08,2018-08-28
-1405126,774374,1,1,1,1,2019-05-14,2019-05-14
-1405125,771917,1,1,1,0,2017-09-24,2017-09-24
-1405125,771918,2,1,2,0,2017-09-24,2017-09-24
-1405125,771920,1,1,1,0,2017-09-24,2017-09-24
-1405125,771921,4,2,3,1,2017-09-24,2017-09-24
-1405125,771922,2,2,2,0,2017-09-24,2017-09-24
-1405125,771923,1,1,1,1,2017-09-24,2017-09-24
-1405125,771924,1,1,1,0,2017-09-24,2017-09-24
-1405125,771927,1,1,1,0,2017-09-24,2017-09-24
-1405125,772116,1,1,1,0,2019-04-29,2019-04-29
-1405125,772472,1,1,1,0,2019-05-04,2019-05-04
-1405125,772476,1,1,1,0,2018-07-12,2018-07-12
-1405125,772482,1,1,1,0,2016-05-20,2016-05-20
-1405125,772484,1,1,1,0,2018-04-28,2018-04-28
-1405125,772488,2,2,2,0,2018-04-29,2017-05-09
-1405125,772489,1,1,1,0,2019-05-28,2019-05-28
-1405125,772490,2,2,2,0,2018-09-02,2018-06-30
-1405124,771920,1,1,1,0,2017-09-24,2017-09-24
-1405124,771922,1,1,1,0,2017-09-24,2017-09-24
-1405124,771950,1,1,1,0,2017-09-24,2017-09-24
-1405124,771961,1,1,1,0,2019-05-19,2019-05-19
-1405124,772487,1,1,1,0,2018-04-29,2018-04-29
-1405124,772488,1,1,1,0,2018-09-02,2018-09-02
-1405123,771928,1,1,1,0,2017-09-24,2017-09-24
-1405123,772487,1,1,1,0,2017-07-09,2017-07-09
-1405123,772488,1,1,1,0,2016-07-16,2016-07-16
-1405123,772490,1,1,1,0,2018-09-08,2018-09-08
-1405123,772495,1,1,1,0,2019-07-14,2019-07-14
-1405123,772545,1,1,1,0,2016-05-20,2016-05-20
-1405122,771919,1,1,1,0,2017-09-24,2017-09-24
-1405122,771920,2,2,2,1,2017-09-24,2017-09-24
-1405122,772106,1,1,1,0,2019-04-29,2019-04-29
-1405122,772116,1,1,1,0,2019-04-29,2019-04-29
-1405122,772480,1,1,1,0,2019-05-04,2019-05-04
-1405122,772486,2,2,1,0,2018-09-05,2018-09-05
-1405122,772487,1,1,1,0,2018-09-05,2018-09-05
-1405122,772488,1,1,1,0,2019-07-13,2019-07-13
-1405121,772115,1,1,1,0,2019-04-29,2019-04-29
-1405121,772118,1,1,1,0,2019-04-29,2019-04-29
-1405121,772485,1,1,1,0,2016-05-21,2016-05-21
-1405121,772487,2,2,2,0,2018-09-02,2018-08-29
-1405121,772493,1,1,1,0,2018-09-22,2018-09-22
-1405121,772519,1,1,1,0,2018-07-04,2018-07-04
-1405121,772559,1,1,1,0,2018-11-04,2018-11-04
-1405120,771427,1,1,1,1,2018-09-28,2018-09-28
-1405120,771934,1,1,1,0,2019-05-19,2019-05-19
-1405120,772115,1,1,1,0,2019-04-29,2019-04-29
-1405120,772487,2,2,1,0,2018-09-02,2018-09-02
-1405120,772488,1,1,1,0,2018-09-02,2018-09-02
-1405120,772489,1,1,1,0,2018-09-22,2018-09-22
-1405120,772541,1,1,1,0,2018-03-31,2018-03-31
-1405119,771738,1,1,1,0,2016-05-27,2016-05-27
-1405119,772078,1,1,1,0,2019-04-29,2019-04-29
-1405119,772488,1,1,1,0,2018-09-08,2018-09-08
-1405119,772491,1,1,1,0,2018-04-29,2018-04-29
-1405119,772522,1,1,1,0,2017-09-23,2017-09-23
-1405119,772541,1,1,1,0,2019-07-08,2019-07-08
-1405118,771931,1,1,1,0,2019-05-19,2019-05-19
-1405118,772121,1,1,1,0,2019-04-29,2019-04-29
-1405118,772487,1,1,1,0,2018-04-28,2018-04-28
-1405118,772489,2,2,2,0,2019-06-22,2017-12-05
-1405118,772491,1,1,1,0,2017-09-07,2017-09-07
-1405117,772119,1,1,1,0,2019-04-29,2019-04-29
-1405117,772120,1,1,1,0,2019-04-29,2019-04-29
-1405117,772486,1,1,1,0,2016-05-20,2016-05-20
-1405117,772488,2,2,2,0,2018-04-29,2017-05-09
-1405117,772489,5,5,4,0,2018-09-08,2018-09-02
-1405117,772490,3,2,1,0,2018-09-05,2018-09-05
-1405117,772538,1,1,1,0,2018-03-31,2018-03-31
-1405116,771942,1,1,1,0,2019-05-19,2019-05-19
-1405116,772071,1,1,1,0,2019-04-29,2019-04-29
-1405116,772119,1,1,1,0,2019-04-29,2019-04-29
-1405116,772488,1,1,1,0,2019-05-04,2019-05-04
-1405116,772489,1,1,1,0,2016-05-20,2016-05-20
-1405116,772495,1,1,1,0,2019-05-28,2019-05-28
-1405115,771961,1,1,1,0,2019-07-09,2019-07-09
-1405115,771964,1,1,1,0,2019-07-09,2019-07-09
-1405115,772070,1,1,1,0,2019-04-29,2019-04-29
-1405115,772085,1,1,1,0,2019-07-15,2019-07-15
-1405115,772118,1,1,1,0,2019-04-29,2019-04-29
-1405115,772119,1,1,1,0,2019-04-29,2019-04-29
-1405115,772120,1,1,1,0,2019-04-29,2019-04-29
-1405114,772122,1,1,1,0,2019-04-29,2019-04-29
-1405114,772487,2,2,1,0,2018-09-05,2018-09-05
-1405114,772491,1,1,1,0,2019-04-06,2019-04-06
-1405113,770907,1,1,1,1,2018-11-17,2018-11-17
-1405113,771054,1,1,1,1,2019-05-19,2019-05-19
-1405113,772120,1,1,1,0,2019-04-29,2019-04-29
-1405113,772121,1,1,1,0,2019-04-29,2019-04-29
-1405113,772489,1,1,1,0,2019-06-21,2019-06-21
-1405113,772491,1,1,1,0,2018-09-02,2018-09-02
-1405113,772500,1,1,1,0,2018-08-26,2018-08-26
-1405112,771955,1,1,1,0,2019-07-09,2019-07-09
-1405112,772489,1,1,1,0,2017-05-28,2017-05-28
-1405112,772491,2,2,2,0,2019-07-06,2017-12-12
-1405112,772493,2,2,2,0,2018-04-30,2017-05-10
-1405112,772494,1,1,1,0,2018-09-02,2018-09-02
-1405112,772524,1,1,1,0,2017-09-23,2017-09-23
-1405111,771941,2,2,1,0,2017-05-07,2017-05-07
-1405111,772487,1,1,1,0,2018-09-29,2018-09-29
-1405111,772490,1,1,1,0,2017-05-28,2017-05-28
-1405111,772493,2,2,1,1,2018-04-30,2018-04-30
-1405110,771931,1,1,1,0,2019-07-09,2019-07-09
-1405110,771932,1,1,1,0,2019-07-09,2019-07-09
-1405110,772486,1,1,1,0,2018-09-02,2018-09-02
-1405110,772487,1,1,1,0,2018-09-02,2018-09-02
-1405110,772488,1,1,1,0,2019-05-04,2019-05-04
-1405110,772489,2,2,2,0,2018-08-26,2018-01-17
-1405110,772490,1,1,1,0,2018-04-29,2018-04-29
-1405110,772519,1,1,1,0,2017-09-23,2017-09-23
-1405109,771934,1,1,1,0,2019-07-09,2019-07-09
-1405108,772004,1,1,1,0,2018-09-06,2018-09-06
-1405108,772123,2,2,2,0,2019-04-29,2019-04-29
-1405108,772488,2,1,1,0,2018-04-28,2018-04-28
-1405108,772489,1,1,1,0,2018-08-26,2018-08-26
-1405108,772491,1,1,1,1,2018-04-29,2018-04-29
-1405108,772519,1,1,1,0,2017-09-23,2017-09-23
-1405108,774297,1,1,1,0,2019-04-28,2019-04-28
-1405107,772123,2,2,1,0,2019-04-29,2019-04-29
-1405107,772488,2,2,2,0,2018-04-29,2018-04-14
-1405107,772490,1,1,1,0,2018-04-28,2018-04-28
-1405107,772527,1,1,1,0,2017-09-23,2017-09-23
-1405107,772528,1,1,1,0,2017-09-23,2017-09-23
-1405106,771937,1,1,1,0,2017-05-07,2017-05-07
-1405106,772062,1,1,1,0,2019-04-29,2019-04-29
-1405106,772123,1,1,1,0,2019-04-29,2019-04-29
-1405106,772489,1,1,1,0,2018-04-01,2018-04-01
-1405106,772492,2,2,2,0,2018-04-28,2017-05-09
-1405106,772544,1,1,1,0,2016-05-20,2016-05-20
-1405105,771937,1,1,1,0,2016-09-11,2016-09-11
-1405105,771938,1,1,1,0,2017-05-07,2017-05-07
-1405105,772004,1,1,1,0,2018-09-06,2018-09-06
-1405105,772081,1,1,1,0,2019-04-29,2019-04-29
-1405105,772489,2,2,2,0,2018-09-08,2018-09-01
-1405105,772495,1,1,1,0,2018-04-28,2018-04-28
-1405105,772516,2,2,1,0,2018-08-26,2018-08-26
-1405104,771936,1,1,1,0,2017-05-07,2017-05-07
-1405104,772122,1,1,1,0,2019-04-29,2019-04-29
-1405104,772123,1,1,1,0,2019-04-29,2019-04-29
-1405104,772124,1,1,1,0,2019-04-29,2019-04-29
-1405104,772487,2,2,2,0,2018-09-02,2018-06-30
-1405104,772489,1,1,1,0,2018-04-28,2018-04-28
-1405104,772490,2,2,1,0,2018-04-28,2018-04-28
-1405104,772491,1,1,1,0,2016-05-20,2016-05-20
-1405103,772486,2,1,1,0,2018-04-28,2018-04-28
-1405103,772490,2,2,2,0,2019-05-18,2018-11-06
-1405103,772491,2,2,2,0,2018-03-31,2017-04-25
-1405103,772540,1,1,1,0,2018-09-08,2018-09-08
-1405103,772550,1,1,1,0,2016-05-20,2016-05-20
-1405102,772182,1,1,1,1,2019-05-23,2019-05-23
-1405102,772489,2,2,2,0,2018-04-29,2018-04-28
-1405102,772490,2,2,2,0,2019-03-31,2018-10-13
-1405102,772491,3,3,3,0,2019-04-18,2018-09-08
-1405102,772503,1,1,1,0,2018-09-08,2018-09-08
-1405102,772540,1,1,1,0,2018-07-22,2018-07-22
-1405102,772542,1,1,1,0,2018-09-08,2018-09-08
-1405102,772543,1,1,1,0,2018-09-08,2018-09-08
-1405101,772122,2,1,2,0,2019-04-29,2019-04-29
-1405101,772123,1,1,1,0,2019-04-29,2019-04-29
-1405101,772487,1,1,1,0,2018-04-29,2018-04-29
-1405101,772492,1,1,1,0,2019-05-28,2019-05-28
-1405101,772503,1,1,1,0,2018-04-01,2018-04-01
-1405101,772504,2,2,2,0,2018-09-08,2017-07-14
-1405101,772506,1,1,1,0,2018-07-04,2018-07-04
-1405101,772518,1,1,1,0,2016-05-30,2016-05-30
-1405101,772542,1,1,1,0,2016-07-16,2016-07-16
-1405101,772543,3,3,2,0,2019-03-30,2018-09-08
-1405101,772545,1,1,1,0,2018-07-22,2018-07-22
-1405101,772548,1,1,1,0,2016-05-20,2016-05-20
-1405100,772070,1,1,1,0,2019-04-29,2019-04-29
-1405100,772103,1,1,1,0,2019-04-29,2019-04-29
-1405100,772110,1,1,1,0,2019-04-29,2019-04-29
-1405100,772117,1,1,1,0,2019-04-29,2019-04-29
-1405100,772118,1,1,1,0,2019-04-29,2019-04-29
-1405100,772122,2,1,1,0,2019-04-29,2019-04-29
-1405100,772123,1,1,1,0,2019-04-29,2019-04-29
-1405100,772486,1,1,1,0,2019-03-30,2019-03-30
-1405100,772493,1,1,1,0,2016-05-21,2016-05-21
-1405100,772497,1,1,1,0,2018-04-29,2018-04-29
-1405100,772502,1,1,1,0,2017-11-18,2017-11-18
-1405100,772503,1,1,1,0,2018-04-01,2018-04-01
-1405100,772504,2,2,2,0,2018-04-28,2017-05-09
-1405100,772505,2,2,1,0,2016-05-20,2016-05-20
-1405100,772506,2,2,2,0,2018-09-19,2017-07-20
-1405100,772507,1,1,1,0,2019-05-28,2019-05-28
-1405100,772511,1,1,1,0,2018-09-22,2018-09-22
-1405100,772519,1,1,1,0,2018-06-24,2018-06-24
-1405100,772520,1,1,1,0,2018-04-30,2018-04-30
-1405100,772543,1,1,1,0,2018-09-08,2018-09-08
-1405099,772120,1,1,1,0,2019-04-29,2019-04-29
-1405099,772121,1,1,1,0,2019-04-29,2019-04-29
-1405099,772122,1,1,1,0,2019-04-29,2019-04-29
-1405099,772124,1,1,1,0,2019-04-29,2019-04-29
-1405099,772487,1,1,1,0,2018-04-28,2018-04-28
-1405099,772491,2,2,1,0,2019-06-16,2019-01-20
-1405099,772494,1,1,1,0,2016-05-20,2016-05-20
-1405099,772500,1,1,1,1,2019-06-29,2019-06-29
-1405099,772501,2,2,2,1,2018-04-30,2018-04-29
-1405099,772502,1,1,1,0,2018-04-28,2018-04-28
-1405099,772503,1,1,1,0,2018-04-29,2018-04-29
-1405099,772504,2,2,2,0,2018-06-29,2018-03-09
-1405099,772506,2,2,1,0,2018-04-28,2018-04-28
-1405099,772507,1,1,1,0,2018-08-26,2018-08-26
-1405099,772508,1,1,1,0,2018-08-26,2018-08-26
-1405099,772510,1,1,1,0,2016-05-20,2016-05-20
-1405099,772513,1,1,1,0,2018-08-26,2018-08-26
-1405099,772515,1,1,1,0,2018-09-08,2018-09-08
-1405099,772548,1,1,1,0,2018-05-24,2018-05-24
-1405098,770301,1,1,1,0,2018-04-28,2018-04-28
-1405098,772122,1,1,1,0,2019-04-29,2019-04-29
-1405098,772491,1,1,1,0,2018-04-30,2018-04-30
-1405098,772492,2,1,2,0,2016-05-20,2016-05-20
-1405098,772494,1,1,1,0,2018-09-08,2018-09-08
-1405098,772496,3,3,2,0,2018-04-28,2018-04-28
-1405098,772498,2,2,2,0,2018-09-05,2017-07-13
-1405098,772500,1,1,1,0,2018-09-05,2018-09-05
-1405098,772505,1,1,1,0,2016-05-20,2016-05-20
-1405098,772506,2,2,2,0,2018-07-04,2018-05-31
-1405098,772507,1,1,1,0,2017-09-07,2017-09-07
-1405098,772513,1,1,1,0,2019-05-04,2019-05-04
-1405098,772514,1,1,1,0,2019-05-28,2019-05-28
-1405098,772515,2,2,2,1,2018-09-02,2018-03-28
-1405098,772516,1,1,1,0,2018-04-28,2018-04-28
-1405098,772547,1,1,1,0,2016-05-20,2016-05-20
-1405098,772552,1,1,1,0,2016-05-20,2016-05-20
-1405098,772555,1,1,1,0,2016-05-20,2016-05-20
-1405097,771928,1,1,1,0,2019-05-19,2019-05-19
-1405097,772489,1,1,1,1,2017-08-05,2017-08-05
-1405097,772496,1,1,1,1,2018-08-04,2018-08-04
-1405097,772497,1,1,1,0,2018-09-05,2018-09-05
-1405097,772505,1,1,1,0,2016-05-20,2016-05-20
-1405097,772506,1,1,1,0,2018-07-07,2018-07-07
-1405097,772508,1,1,1,0,2018-04-28,2018-04-28
-1405097,772509,2,2,2,0,2019-07-06,2017-12-12
-1405097,772510,2,2,2,0,2018-04-29,2017-05-09
-1405097,772514,3,3,3,0,2018-09-08,2018-07-13
-1405097,772515,1,1,1,0,2019-05-18,2019-05-18
-1405097,772516,3,3,2,0,2019-07-06,2018-09-05
-1405097,772518,2,2,2,0,2019-05-28,2019-01-14
-1405097,772534,1,1,1,0,2017-09-23,2017-09-23
-1405096,771939,1,1,1,0,2017-05-07,2017-05-07
-1405096,772095,1,1,1,0,2019-04-29,2019-04-29
-1405096,772117,1,1,1,0,2019-04-29,2019-04-29
-1405096,772492,1,1,1,0,2016-05-20,2016-05-20
-1405096,772494,2,2,2,0,2018-09-02,2018-08-08
-1405096,772496,1,1,1,0,2018-09-02,2018-09-02
-1405096,772497,2,2,2,0,2018-09-05,2018-09-03
-1405096,772508,1,1,1,0,2018-07-14,2018-07-14
-1405096,772509,2,1,1,0,2016-05-20,2016-05-20
-1405096,772517,1,1,1,0,2018-09-02,2018-09-02
-1405096,772518,2,2,2,0,2018-04-30,2017-10-22
-1405096,772519,1,1,1,0,2018-09-08,2018-09-08
-1405096,772521,1,1,1,0,2018-09-08,2018-09-08
-1405096,772524,1,1,1,0,2018-10-06,2018-10-06
-1405096,772549,1,1,1,0,2016-05-20,2016-05-20
-1405095,772494,2,2,2,0,2017-11-18,2017-02-17
-1405095,772498,2,2,2,0,2018-09-05,2017-07-13
-1405095,772499,1,1,1,1,2018-07-07,2018-07-07
-1405095,772501,1,1,1,1,2018-07-29,2018-07-29
-1405095,772504,1,1,1,0,2016-05-20,2016-05-20
-1405095,772506,2,1,2,0,2018-09-08,2018-08-11
-1405095,772508,1,1,1,1,2019-06-23,2019-06-23
-1405095,772513,1,1,1,0,2016-10-02,2016-10-02
-1405095,772514,2,2,2,1,2018-08-18,2017-09-09
-1405095,772515,2,2,2,0,2018-04-28,2017-05-09
-1405095,772516,1,1,1,0,2016-05-20,2016-05-20
-1405095,772517,1,1,1,0,2018-04-28,2018-04-28
-1405095,772519,9,6,1,0,2018-09-08,2018-09-08
-1405095,772520,2,2,2,0,2018-09-08,2018-07-04
-1405095,772525,1,1,1,0,2019-05-04,2019-05-04
-1405095,772557,1,1,1,0,2016-05-20,2016-05-20
-1405094,771961,1,1,1,0,2019-05-19,2019-05-19
-1405094,772124,1,1,1,0,2019-04-29,2019-04-29
-1405094,772491,1,1,1,0,2018-09-02,2018-09-02
-1405094,772493,1,1,1,0,2018-09-02,2018-09-02
-1405094,772496,1,1,1,1,2019-06-21,2019-06-21
-1405094,772500,1,1,1,1,2017-05-28,2017-05-28
-1405094,772502,2,2,2,0,2016-05-20,2016-05-20
-1405094,772504,1,1,1,0,2019-04-27,2019-04-27
-1405094,772506,33,24,1,4,2018-09-08,2018-09-08
-1405094,772508,2,2,2,0,2019-06-29,2019-02-02
-1405094,772509,1,1,1,1,2018-07-13,2018-07-13
-1405094,772510,1,1,1,0,2019-06-29,2019-06-29
-1405094,772515,1,1,1,1,2017-10-22,2017-10-22
-1405094,772516,3,3,3,1,2018-04-28,2017-10-22
-1405094,772519,2,2,2,0,2019-06-23,2019-02-14
-1405094,772520,2,2,2,0,2019-05-28,2017-11-22
-1405094,772521,3,3,1,0,2018-09-05,2018-09-05
-1405094,772526,1,1,1,0,2018-09-22,2018-09-22
-1405093,772090,1,1,1,0,2019-04-29,2019-04-29
-1405093,772270,1,1,1,0,2018-03-27,2018-03-27
-1405093,772501,4,4,4,0,2018-09-22,2018-07-25
-1405093,772505,1,1,1,1,2019-05-04,2019-05-04
-1405093,772508,1,1,1,0,2018-09-08,2018-09-08
-1405093,772517,2,2,2,0,2017-10-31,2017-02-08
-1405093,772518,1,1,1,0,2018-04-29,2018-04-29
-1405093,772520,5,5,5,0,2019-05-28,2019-05-04
-1405093,772521,1,1,1,0,2019-07-13,2019-07-13
-1405092,771942,1,1,1,0,2017-05-07,2017-05-07
-1405092,772056,1,1,1,0,2019-04-29,2019-04-29
-1405092,772106,1,1,1,0,2019-04-29,2019-04-29
-1405092,772491,1,1,1,0,2019-05-28,2019-05-28
-1405092,772493,1,1,1,0,2019-06-29,2019-06-29
-1405092,772495,1,1,1,0,2016-05-20,2016-05-20
-1405092,772496,1,1,1,0,2016-05-20,2016-05-20
-1405092,772498,1,1,1,0,2016-05-20,2016-05-20
-1405092,772502,1,1,1,0,2018-09-22,2018-09-22
-1405092,772515,1,1,1,1,2018-09-22,2018-09-22
-1405092,772518,2,2,2,1,2018-09-22,2018-09-05
-1405092,772520,1,1,1,0,2018-09-02,2018-09-02
-1405092,772521,2,2,2,0,2018-09-19,2017-07-20
-1405091,770682,1,1,1,1,2018-06-07,2018-06-07
-1405091,772056,1,1,1,0,2019-04-29,2019-04-29
-1405091,772064,1,1,1,0,2019-04-29,2019-04-29
-1405091,772123,1,1,1,0,2019-04-29,2019-04-29
-1405091,772124,1,1,1,0,2019-04-29,2019-04-29
-1405091,772125,2,2,2,0,2019-04-29,2019-04-29
-1405091,772497,1,1,1,0,2018-07-13,2018-07-13
-1405091,772498,2,2,2,0,2017-05-28,2016-11-22
-1405091,772499,1,1,1,1,2018-07-22,2018-07-22
-1405091,772500,1,1,1,0,2018-04-29,2018-04-29
-1405091,772505,1,1,1,0,2019-07-13,2019-07-13
-1405091,772512,1,1,1,0,2018-09-22,2018-09-22
-1405091,772513,1,1,1,0,2018-07-13,2018-07-13
-1405091,772514,1,1,1,0,2018-08-04,2018-08-04
-1405091,772516,1,1,1,0,2019-07-06,2019-07-06
-1405091,772517,1,1,1,0,2018-06-14,2018-06-14
-1405091,772519,1,1,1,0,2018-04-28,2018-04-28
-1405090,772055,1,1,1,0,2019-04-29,2019-04-29
-1405090,772088,1,1,1,0,2019-04-29,2019-04-29
-1405090,772496,1,1,1,0,2018-10-06,2018-10-06
-1405090,772499,2,2,2,0,2017-05-28,2016-11-22
-1405090,772502,1,1,1,0,2018-10-06,2018-10-06
-1405090,772503,1,1,1,0,2018-04-29,2018-04-29
-1405090,772512,1,1,1,0,2018-09-22,2018-09-22
-1405090,772513,1,1,1,0,2018-08-26,2018-08-26
-1405090,772518,1,1,1,0,2019-04-27,2019-04-27
-1405090,772561,1,1,1,0,2016-05-20,2016-05-20
-1405089,772126,1,1,1,0,2019-04-29,2019-04-29
-1405089,772496,1,1,1,0,2019-07-07,2019-07-07
-1405089,772497,2,2,2,0,2019-05-28,2019-01-10
-1405089,772499,1,1,1,0,2019-05-04,2019-05-04
-1405089,772503,1,1,1,0,2016-05-20,2016-05-20
-1405089,772512,1,1,1,0,2019-05-26,2019-05-26
-1405089,772521,1,1,1,0,2018-09-08,2018-09-08
-1405089,772522,1,1,1,0,2018-10-06,2018-10-06
-1405088,772496,1,1,1,0,2017-11-18,2017-11-18
-1405088,772516,1,1,1,1,2018-08-18,2018-08-18
-1405088,772518,2,2,2,0,2019-06-23,2019-02-10
-1405087,771773,1,1,1,0,2019-05-16,2019-05-16
-1405087,772065,1,1,1,0,2019-04-29,2019-04-29
-1405087,772104,1,1,1,0,2019-04-29,2019-04-29
-1405087,772125,1,1,1,0,2019-04-29,2019-04-29
-1405087,772496,2,2,2,0,2018-07-29,2018-06-13
-1405087,772512,1,1,1,0,2018-07-04,2018-07-04
-1405087,772513,1,1,1,0,2018-03-18,2018-03-18
-1405087,772514,1,1,1,0,2019-02-09,2019-02-09
-1405087,772567,1,1,1,0,2016-05-20,2016-05-20
-1405086,772032,1,1,1,1,2017-06-15,2017-06-15
-1405086,772495,1,1,1,0,2018-08-04,2018-08-04
-1405086,772496,1,1,1,0,2018-08-04,2018-08-04
-1405086,772511,1,1,1,0,2018-07-01,2018-07-01
-1405086,772512,1,1,1,0,2018-09-22,2018-09-22
-1405086,772513,1,1,1,0,2018-03-18,2018-03-18
-1405086,772517,1,1,1,0,2018-09-08,2018-09-08
-1405086,772518,2,2,2,0,2018-09-08,2018-03-03
-1405086,772519,1,1,1,0,2018-04-29,2018-04-29
-1405086,772521,1,1,1,0,2019-02-09,2019-02-09
-1405085,772124,1,1,1,0,2019-04-29,2019-04-29
-1405085,772127,1,1,1,0,2019-04-29,2019-04-29
-1405085,772493,1,1,1,0,2018-09-02,2018-09-02
-1405085,772494,1,1,1,0,2018-09-02,2018-09-02
-1405085,772495,1,1,1,1,2017-07-17,2017-07-17
-1405085,772496,1,1,1,0,2018-04-29,2018-04-29
-1405085,772506,1,1,1,0,2018-08-26,2018-08-26
-1405085,772512,1,1,1,0,2018-06-30,2018-06-30
-1405085,772518,1,1,1,0,2018-04-29,2018-04-29
-1405084,772054,1,1,1,0,2019-04-29,2019-04-29
-1405084,772086,1,1,1,0,2019-04-29,2019-04-29
-1405084,772125,1,1,1,0,2019-04-29,2019-04-29
-1405084,772127,2,2,2,0,2019-04-29,2019-04-29
-1405084,772490,1,1,1,0,2018-09-02,2018-09-02
-1405084,772494,1,1,1,0,2018-09-08,2018-09-08
-1405084,772495,1,1,1,0,2018-08-26,2018-08-26
-1405084,772496,3,3,3,0,2019-05-28,2018-09-08
-1405084,772502,4,4,2,1,2018-07-13,2017-09-07
-1405084,772503,2,2,2,0,2019-05-04,2018-12-07
-1405084,772512,1,1,1,0,2018-06-14,2018-06-14
-1405084,772517,1,1,1,0,2019-06-06,2019-06-06
-1405084,772519,1,1,1,0,2016-05-21,2016-05-21
-1405084,772521,1,1,1,0,2018-10-06,2018-10-06
-1405083,772125,1,1,1,0,2019-04-29,2019-04-29
-1405083,772127,2,2,2,0,2019-04-29,2019-04-29
-1405083,772491,1,1,1,0,2018-09-02,2018-09-02
-1405083,772495,1,1,1,0,2018-09-02,2018-09-02
-1405083,772496,1,1,1,0,2018-08-18,2018-08-18
-1405083,772497,1,1,1,0,2018-08-18,2018-08-18
-1405083,772502,2,2,2,0,2018-09-08,2018-08-10
-1405083,772503,1,1,1,0,2018-06-14,2018-06-14
-1405083,772504,3,3,3,0,2018-09-22,2016-07-17
-1405083,772508,1,1,1,0,2016-07-17,2016-07-17
-1405083,772511,1,1,1,0,2018-06-14,2018-06-14
-1405083,772512,2,1,2,0,2018-08-04,2018-07-17
-1405083,772517,1,1,1,0,2018-10-06,2018-10-06
-1405082,772124,1,1,1,0,2019-04-29,2019-04-29
-1405082,772126,1,1,1,0,2019-04-29,2019-04-29
-1405082,772497,1,1,1,0,2016-05-20,2016-05-20
-1405082,772499,1,1,1,1,2018-04-29,2018-04-29
-1405082,772502,1,1,1,0,2018-07-13,2018-07-13
-1405082,772507,1,1,1,0,2017-06-23,2017-06-23
-1405082,772510,1,1,1,0,2019-07-03,2019-07-03
-1405082,772511,1,1,1,0,2019-02-09,2019-02-09
-1405082,772513,1,1,1,0,2018-07-29,2018-07-29
-1405082,772517,2,2,2,1,2019-05-28,2018-11-12
-1405082,772518,2,2,2,0,2019-05-28,2018-12-30
-1405081,772031,1,1,1,0,2017-06-15,2017-06-15
-1405081,772053,1,1,1,0,2019-04-29,2019-04-29
-1405081,772095,1,1,1,0,2019-04-29,2019-04-29
-1405081,772126,1,1,1,0,2019-04-29,2019-04-29
-1405081,772495,2,2,2,0,2018-10-06,2018-09-19
-1405081,772496,2,2,2,0,2019-06-29,2019-01-26
-1405081,772499,1,1,1,0,2018-04-29,2018-04-29
-1405081,772513,1,1,1,0,2019-06-29,2019-06-29
-1405081,773180,1,1,1,0,2018-09-27,2018-09-27
-1405080,771937,1,1,1,0,2017-05-07,2017-05-07
-1405080,772054,1,1,1,0,2019-04-29,2019-04-29
-1405080,772168,1,1,1,0,2019-04-28,2019-04-28
-1405080,772352,1,1,1,0,2019-05-10,2019-05-10
-1405080,772494,2,2,1,0,2018-09-02,2018-08-25
-1405080,772495,1,1,1,0,2018-09-02,2018-09-02
-1405080,772496,2,2,2,0,2018-09-02,2018-06-30
-1405080,772497,2,2,2,0,2019-06-29,2019-01-30
-1405080,772516,1,1,1,0,2016-05-20,2016-05-20
-1405080,772518,2,2,2,0,2019-02-09,2017-09-29
-1405080,772575,1,1,1,0,2018-03-31,2018-03-31
-1405080,773410,1,1,1,0,2018-07-28,2018-07-28
-1405079,772123,1,1,1,0,2019-04-29,2019-04-29
-1405079,772124,1,1,1,0,2019-04-29,2019-04-29
-1405079,772495,2,2,2,0,2018-09-02,2018-07-01
-1405079,772496,2,2,1,0,2018-04-28,2018-04-28
-1405079,772497,1,1,1,0,2018-04-29,2018-04-29
-1405079,772501,1,1,1,0,2018-07-07,2018-07-07
-1405079,772502,1,1,1,0,2018-09-08,2018-09-08
-1405079,772503,1,1,1,0,2018-04-29,2018-04-29
-1405079,772505,1,1,1,0,2018-10-06,2018-10-06
-1405079,772518,1,1,1,0,2016-05-20,2016-05-20
-1405079,772574,2,2,2,0,2018-09-08,2018-07-23
-1405079,772601,1,1,1,0,2018-11-04,2018-11-04
-1405078,771934,1,1,1,0,2017-05-07,2017-05-07
-1405078,772031,1,1,1,0,2017-06-15,2017-06-15
-1405078,772123,1,1,1,0,2019-04-29,2019-04-29
-1405078,772495,1,1,1,0,2018-07-29,2018-07-29
-1405078,772496,1,1,1,0,2016-05-21,2016-05-21
-1405078,772497,1,1,1,0,2018-04-29,2018-04-29
-1405078,772501,1,1,1,0,2017-06-23,2017-06-23
-1405078,772502,1,1,1,0,2018-09-08,2018-09-08
-1405078,772506,5,4,2,0,2018-09-22,2018-06-30
-1405078,772509,1,1,1,1,2018-07-22,2018-07-22
-1405078,772510,1,1,1,0,2018-09-22,2018-09-22
-1405078,772513,1,1,1,0,2019-06-23,2019-06-23
-1405078,772516,1,1,1,0,2018-04-28,2018-04-28
-1405078,772517,2,2,2,0,2018-08-06,2018-06-17
-1405078,772519,1,1,1,0,2016-05-20,2016-05-20
-1405078,772576,1,1,1,0,2018-09-08,2018-09-08
-1405077,772030,1,1,1,1,2017-06-15,2017-06-15
-1405077,772031,1,1,1,1,2017-06-15,2017-06-15
-1405077,772491,1,1,1,0,2018-06-30,2018-06-30
-1405077,772494,2,2,2,0,2018-09-02,2018-08-25
-1405077,772495,4,4,3,1,2018-09-02,2018-08-22
-1405077,772496,1,1,1,0,2019-07-07,2019-07-07
-1405077,772497,1,1,1,0,2018-07-07,2018-07-07
-1405077,772498,1,1,1,0,2018-09-02,2018-09-02
-1405077,772500,1,1,1,0,2019-07-26,2019-07-26
-1405077,772502,1,1,1,0,2018-09-08,2018-09-08
-1405077,772504,1,1,1,0,2018-10-06,2018-10-06
-1405077,772505,1,1,1,0,2016-05-20,2016-05-20
-1405077,772509,2,2,2,0,2018-10-06,2018-08-18
-1405077,772510,4,4,3,0,2019-06-29,2018-09-29
-1405077,772513,1,1,1,0,2018-09-22,2018-09-22
-1405077,772516,1,1,1,0,2016-05-20,2016-05-20
-1405077,772517,2,2,2,0,2018-10-06,2018-08-28
-1405077,772518,1,1,1,0,2019-06-01,2019-06-01
-1405077,772575,1,1,1,0,2018-09-08,2018-09-08
-1405077,772577,1,1,1,0,2018-03-31,2018-03-31
-1405077,773037,1,1,1,0,2018-09-06,2018-09-06
-1405076,772123,2,2,2,0,2019-04-29,2019-04-29
-1405076,772495,3,3,2,0,2018-09-02,2018-09-02
-1405076,772496,1,1,1,0,2019-06-29,2019-06-29
-1405076,772497,2,2,2,1,2018-09-02,2018-07-01
-1405076,772498,3,3,3,1,2019-07-07,2018-07-14
-1405076,772499,2,2,2,0,2018-04-29,2017-05-09
-1405076,772501,1,1,1,0,2018-04-29,2018-04-29
-1405076,772507,1,1,1,0,2017-06-23,2017-06-23
-1405076,772509,1,1,1,0,2018-06-30,2018-06-30
-1405076,772510,6,6,3,0,2018-10-06,2018-06-22
-1405076,772513,3,3,3,0,2019-06-23,2018-09-22
-1405076,772514,2,2,2,1,2019-05-04,2018-10-31
-1405076,772515,1,1,1,0,2018-08-06,2018-08-06
-1405076,772516,2,2,1,0,2018-09-22,2018-09-22
-1405076,772517,1,1,1,0,2018-10-06,2018-10-06
-1405076,772518,1,1,1,0,2019-03-03,2019-03-03
-1405075,772495,1,1,1,0,2018-08-18,2018-08-18
-1405075,772497,5,5,4,0,2019-07-15,2018-09-02
-1405075,772499,2,1,2,0,2018-09-02,2018-09-02
-1405075,772502,2,2,2,0,2019-05-26,2017-11-21
-1405075,772507,1,1,1,0,2016-05-20,2016-05-20
-1405075,772511,1,1,1,0,2018-09-08,2018-09-08
-1405075,772519,1,1,1,0,2018-07-23,2018-07-23
-1405075,772579,1,1,1,0,2018-03-31,2018-03-31
-1405074,772123,2,2,2,0,2019-04-29,2019-04-29
-1405074,772136,1,1,1,0,2019-05-08,2019-05-08
-1405074,772495,1,1,1,0,2016-05-20,2016-05-20
-1405074,772497,1,1,1,0,2018-09-02,2018-09-02
-1405074,772498,3,3,3,0,2019-03-31,2018-09-02
-1405074,772499,3,1,2,0,2018-04-29,2018-04-29
-1405074,772500,2,2,2,0,2018-09-22,2017-07-21
-1405074,772503,2,2,2,0,2019-07-20,2019-01-15
-1405074,772505,1,1,1,0,2018-04-29,2018-04-29
-1405074,772508,1,1,1,0,2018-09-22,2018-09-22
-1405074,772509,2,2,2,0,2019-05-04,2018-10-31
-1405074,772517,2,2,2,0,2018-04-29,2017-05-09
-1405074,772518,2,2,2,0,2019-04-06,2018-12-22
-1405073,772120,2,2,2,0,2019-04-29,2019-04-29
-1405073,772135,1,1,1,0,2019-05-08,2019-05-08
-1405073,772495,1,1,1,0,2018-07-14,2018-07-14
-1405073,772496,1,1,1,0,2017-07-09,2017-07-09
-1405073,772498,2,2,2,0,2018-09-22,2018-09-12
-1405073,772499,3,3,3,0,2018-07-14,2018-07-07
-1405073,772500,1,1,1,0,2018-08-18,2018-08-18
-1405073,772501,1,1,1,0,2018-08-18,2018-08-18
-1405073,772504,1,1,1,0,2018-04-29,2018-04-29
-1405073,772505,1,1,1,0,2018-06-30,2018-06-30
-1405073,772508,1,1,1,0,2018-05-12,2018-05-12
-1405073,772509,1,1,1,0,2019-06-29,2019-06-29
-1405073,772513,1,1,1,0,2018-09-08,2018-09-08
-1405073,772516,2,2,2,0,2018-09-22,2018-07-11
-1405073,772517,2,2,2,0,2019-05-28,2019-04-08
-1405073,772518,1,1,1,0,2018-04-29,2018-04-29
-1405073,772581,1,1,1,0,2018-03-31,2018-03-31
-1405073,772583,1,1,1,0,2016-05-20,2016-05-20
-1405072,771577,1,1,1,0,2017-04-14,2017-04-14
-1405072,771938,1,1,1,0,2017-05-07,2017-05-07
-1405072,771945,3,2,1,0,2017-05-07,2017-05-07
-1405072,772119,1,1,1,0,2019-04-29,2019-04-29
-1405072,772120,1,1,1,0,2019-04-29,2019-04-29
-1405072,772493,1,1,1,0,2018-04-28,2018-04-28
-1405072,772495,4,4,3,0,2018-09-02,2018-06-05
-1405072,772497,1,1,1,0,2016-05-20,2016-05-20
-1405072,772503,2,2,2,0,2019-04-10,2018-11-19
-1405072,772504,2,2,2,0,2018-07-14,2018-07-14
-1405072,772505,2,2,2,0,2018-09-02,2018-07-01
-1405072,772507,1,1,1,0,2019-07-06,2019-07-06
-1405072,772509,1,1,1,0,2019-06-29,2019-06-29
-1405072,772510,1,1,1,0,2018-09-08,2018-09-08
-1405072,772511,1,1,1,0,2018-05-12,2018-05-12
-1405072,772515,17,14,1,0,2018-09-08,2018-09-08
-1405072,772516,1,1,1,0,2017-10-22,2017-10-22
-1405072,772518,3,3,2,0,2018-10-06,2018-10-06
-1405072,772521,1,1,1,0,2018-09-22,2018-09-22
-1405071,772119,1,1,1,0,2019-04-29,2019-04-29
-1405071,772121,1,1,1,0,2019-04-29,2019-04-29
-1405071,772495,3,2,2,0,2018-04-28,2018-04-28
-1405071,772498,1,1,1,0,2019-07-12,2019-07-12
-1405071,772499,2,2,1,0,2018-09-08,2018-09-08
-1405071,772505,3,3,3,0,2018-09-02,2018-09-02
-1405071,772506,7,7,3,0,2019-02-18,2018-09-02
-1405071,772507,2,2,2,0,2019-07-26,2019-01-18
-1405071,772509,1,1,1,0,2018-09-08,2018-09-08
-1405071,772512,3,3,1,0,2019-05-28,2019-05-28
-1405071,772587,1,1,1,0,2017-11-04,2017-11-04
-1405071,772589,1,1,1,0,2018-03-31,2018-03-31
-1405070,772493,3,3,2,0,2018-09-06,2018-09-02
-1405070,772495,1,1,1,1,2018-07-13,2018-07-13
-1405070,772497,1,1,1,0,2018-10-21,2018-10-21
-1405070,772500,1,1,1,0,2016-05-20,2016-05-20
-1405070,772506,1,1,1,0,2019-05-04,2019-05-04
-1405070,772516,1,1,1,0,2018-04-29,2018-04-29
-1405070,772517,2,2,2,0,2018-04-29,2018-04-29
-1405070,772519,1,1,1,0,2019-05-28,2019-05-28
-1405070,772582,1,1,1,0,2019-04-06,2019-04-06
-1405069,771884,1,1,1,0,2019-07-08,2019-07-08
-1405069,772495,1,1,1,0,2018-07-13,2018-07-13
-1405069,772499,1,1,1,0,2018-09-08,2018-09-08
-1405069,772506,2,2,2,0,2018-07-14,2018-07-13
-1405069,772507,1,1,1,0,2018-04-29,2018-04-29
-1405069,772517,1,1,1,0,2018-09-08,2018-09-08
-1405069,772587,1,1,1,0,2017-11-04,2017-11-04
-1405068,772061,1,1,1,0,2019-04-29,2019-04-29
-1405068,772117,1,1,1,0,2019-04-29,2019-04-29
-1405068,772493,1,1,1,0,2018-08-26,2018-08-26
-1405068,772494,2,2,2,0,2018-07-13,2018-06-05
-1405068,772508,4,4,4,0,2019-07-15,2019-06-29
-1405068,772509,1,1,1,0,2019-06-29,2019-06-29
-1405068,772516,1,1,1,0,2019-05-18,2019-05-18
-1405068,772518,2,2,2,1,2018-10-06,2018-07-18
-1405068,772520,1,1,1,0,2018-10-06,2018-10-06
-1405067,772112,1,1,1,0,2019-04-29,2019-04-29
-1405067,772115,2,2,2,0,2019-04-29,2019-04-29
-1405067,772116,1,1,1,0,2019-04-29,2019-04-29
-1405067,772120,1,1,1,0,2019-04-29,2019-04-29
-1405067,772492,1,1,1,0,2018-04-28,2018-04-28
-1405067,772493,1,1,1,0,2018-04-29,2018-04-29
-1405067,772494,1,1,1,0,2016-05-21,2016-05-21
-1405067,772496,3,3,3,0,2018-07-29,2018-07-14
-1405067,772497,2,2,2,0,2018-04-28,2017-05-09
-1405067,772508,1,1,1,0,2019-06-29,2019-06-29
-1405067,772509,3,3,2,0,2019-06-29,2019-06-29
-1405067,772510,1,1,1,0,2018-04-29,2018-04-29
-1405067,772513,1,1,1,0,2018-07-07,2018-07-07
-1405067,772585,2,2,2,0,2017-11-04,2017-10-13
-1405066,772066,1,1,1,0,2019-04-29,2019-04-29
-1405066,772115,1,1,1,0,2019-04-29,2019-04-29
-1405066,772117,1,1,1,0,2019-04-29,2019-04-29
-1405066,772494,1,1,1,0,2016-05-20,2016-05-20
-1405066,772495,1,1,1,0,2017-09-21,2017-09-21
-1405066,772496,1,1,1,0,2017-09-21,2017-09-21
-1405066,772497,2,2,2,0,2018-04-28,2018-01-08
-1405066,772499,1,1,1,0,2018-09-08,2018-09-08
-1405066,772506,1,1,1,0,2018-04-29,2018-04-29
-1405066,772510,2,2,2,0,2019-06-01,2018-11-18
-1405066,772516,2,2,2,0,2019-05-28,2019-01-17
-1405066,772517,2,2,2,1,2019-07-13,2019-02-16
-1405066,772518,1,1,1,0,2018-09-22,2018-09-22
-1405066,772585,2,2,2,0,2017-06-23,2016-12-06
-1405066,772586,1,1,1,0,2019-07-08,2019-07-08
-1405065,772063,1,1,1,0,2019-04-29,2019-04-29
-1405065,772065,2,2,1,0,2019-04-29,2019-04-29
-1405065,772088,1,1,1,0,2019-04-29,2019-04-29
-1405065,772091,1,1,1,0,2019-04-29,2019-04-29
-1405065,772116,2,2,2,0,2019-04-29,2019-04-29
-1405065,772495,2,2,2,0,2018-10-06,2018-08-25
-1405065,772496,3,3,3,1,2018-07-14,2017-09-21
-1405065,772498,1,1,1,0,2017-09-21,2017-09-21
-1405065,772503,1,1,1,0,2017-09-21,2017-09-21
-1405065,772511,1,1,1,1,2019-06-29,2019-06-29
-1405065,772512,1,1,1,0,2018-04-29,2018-04-29
-1405065,772514,1,1,1,0,2018-09-08,2018-09-08
-1405065,772515,1,1,1,0,2018-09-08,2018-09-08
-1405065,772517,1,1,1,0,2018-10-06,2018-10-06
-1405065,772518,1,1,1,0,2018-09-22,2018-09-22
-1405065,772586,1,1,1,0,2019-07-08,2019-07-08
-1405065,772587,1,1,1,0,2018-08-04,2018-08-04
-1405065,772588,1,1,1,0,2017-10-21,2017-10-21
-1405065,772589,1,1,1,0,2016-10-02,2016-10-02
-1405064,772064,1,1,1,0,2019-04-29,2019-04-29
-1405064,772066,1,1,1,0,2019-04-29,2019-04-29
-1405064,772113,1,1,1,0,2019-04-29,2019-04-29
-1405064,772115,4,4,3,0,2019-04-29,2019-04-29
-1405064,772116,1,1,1,0,2019-04-29,2019-04-29
-1405064,772494,3,3,3,0,2018-09-08,2017-09-21
-1405064,772495,2,2,2,1,2019-07-12,2019-01-19
-1405064,772497,3,3,2,1,2017-09-21,2017-09-21
-1405064,772510,3,3,3,0,2019-07-15,2018-07-15
-1405064,772511,3,2,3,2,2019-07-26,2019-07-13
-1405064,772512,2,2,2,1,2019-07-13,2019-05-01
-1405064,772513,3,2,3,2,2019-07-14,2018-09-02
-1405064,772588,1,1,1,0,2019-07-08,2019-07-08
-1405064,772589,1,1,1,0,2019-07-08,2019-07-08
-1405063,772066,1,1,1,0,2019-04-29,2019-04-29
-1405063,772115,1,1,1,0,2019-04-29,2019-04-29
-1405063,772493,3,3,3,0,2018-09-08,2018-07-14
-1405063,772494,1,1,1,0,2017-09-21,2017-09-21
-1405063,772495,5,4,4,2,2018-08-18,2017-09-21
-1405063,772496,1,1,1,1,2017-09-21,2017-09-21
-1405063,772507,1,1,1,0,2016-06-27,2016-06-27
-1405063,772511,6,4,4,2,2019-07-26,2018-09-06
-1405063,772512,1,1,1,1,2018-09-08,2018-09-08
-1405063,772516,1,1,1,0,2018-05-12,2018-05-12
-1405063,772517,5,5,4,0,2018-10-06,2018-04-28
-1405063,772591,1,1,1,0,2019-06-28,2019-06-28
-1405063,772594,1,1,1,0,2017-09-22,2017-09-22
-1405063,772595,1,1,1,0,2017-11-18,2017-11-18
-1405062,772110,1,1,1,0,2019-04-29,2019-04-29
-1405062,772487,1,1,1,0,2016-07-17,2016-07-17
-1405062,772492,2,2,2,0,2018-09-08,2017-07-14
-1405062,772493,2,2,2,0,2018-04-28,2017-05-09
-1405062,772494,1,1,1,0,2017-09-21,2017-09-21
-1405062,772495,1,1,1,1,2017-09-21,2017-09-21
-1405062,772496,1,1,1,0,2019-07-12,2019-07-12
-1405062,772506,1,1,1,0,2018-09-08,2018-09-08
-1405062,772509,2,2,2,0,2018-09-08,2018-09-08
-1405062,772510,4,3,4,2,2019-06-29,2018-08-14
-1405062,772511,1,1,1,0,2018-04-29,2018-04-29
-1405062,772512,1,1,1,0,2018-04-29,2018-04-29
-1405062,772516,1,1,1,0,2018-07-14,2018-07-14
-1405062,772601,3,3,3,0,2018-10-06,2018-08-11
-1405062,774267,1,1,1,0,2018-11-02,2018-11-02
-1405061,772069,1,1,1,1,2019-04-29,2019-04-29
-1405061,772071,1,1,1,0,2019-04-29,2019-04-29
-1405061,772080,1,1,1,0,2019-04-29,2019-04-29
-1405061,772106,1,1,1,0,2019-04-29,2019-04-29
-1405061,772109,2,2,2,0,2019-04-29,2019-04-29
-1405061,772111,1,1,1,0,2019-04-29,2019-04-29
-1405061,772487,1,1,1,0,2016-07-17,2016-07-17
-1405061,772491,3,3,3,0,2016-10-12,2016-05-21
-1405061,772492,2,2,1,0,2016-05-20,2016-05-20
-1405061,772493,2,2,2,0,2018-09-08,2017-07-14
-1405061,772494,3,3,2,1,2017-09-21,2017-09-21
-1405061,772495,2,2,2,0,2018-08-26,2017-07-08
-1405061,772503,1,1,1,1,2017-07-22,2017-07-22
-1405061,772509,1,1,1,0,2018-07-20,2018-07-20
-1405061,772510,5,4,5,0,2018-09-08,2018-09-08
-1405061,772511,2,2,2,0,2019-06-29,2019-02-02
-1405061,772515,1,1,1,0,2018-04-29,2018-04-29
-1405061,772517,1,1,1,0,2018-10-06,2018-10-06
-1405061,772518,1,1,1,1,2018-04-28,2018-04-28
-1405061,772601,1,1,1,0,2018-10-06,2018-10-06
-1405061,772602,2,1,1,0,2018-10-06,2018-10-06
-1405060,772100,1,1,1,0,2019-04-29,2019-04-29
-1405060,772109,1,1,1,0,2019-04-29,2019-04-29
-1405060,772488,1,1,1,0,2016-07-17,2016-07-17
-1405060,772491,1,1,1,0,2018-04-29,2018-04-29
-1405060,772492,2,2,2,0,2018-04-29,2018-01-09
-1405060,772493,2,2,2,0,2017-09-21,2017-04-02
-1405060,772494,4,4,4,0,2017-09-21,2017-01-19
-1405060,772495,5,3,4,2,2017-09-21,2017-09-21
-1405060,772499,1,1,1,0,2018-04-28,2018-04-28
-1405060,772508,1,1,1,1,2018-09-02,2018-09-02
-1405060,772509,1,1,1,0,2018-09-02,2018-09-02
-1405060,772510,1,1,1,0,2018-04-29,2018-04-29
-1405060,772516,2,2,1,0,2018-04-28,2018-04-28
-1405060,772517,1,1,1,0,2018-07-20,2018-07-20
-1405060,772594,1,1,1,0,2018-10-06,2018-10-06
-1405060,772620,1,1,1,0,2018-10-06,2018-10-06
-1405059,772075,1,1,1,0,2019-04-29,2019-04-29
-1405059,772078,1,1,1,0,2019-04-29,2019-04-29
-1405059,772110,1,1,1,0,2019-04-29,2019-04-29
-1405059,772155,1,1,1,0,2019-05-25,2019-05-25
-1405059,772490,1,1,1,0,2016-05-20,2016-05-20
-1405059,772491,1,1,1,0,2018-04-28,2018-04-28
-1405059,772492,1,1,1,0,2016-10-02,2016-10-02
-1405059,772494,1,1,1,0,2016-05-20,2016-05-20
-1405059,772496,1,1,1,0,2017-09-21,2017-09-21
-1405059,772504,1,1,1,0,2019-05-04,2019-05-04
-1405059,772505,1,1,1,0,2016-05-20,2016-05-20
-1405059,772508,1,1,1,0,2018-09-02,2018-09-02
-1405059,772509,3,3,2,1,2018-09-02,2018-05-26
-1405059,772510,2,2,2,2,2018-09-02,2017-07-11
-1405059,772511,1,1,1,0,2018-09-08,2018-09-08
-1405059,772512,1,1,1,0,2018-04-29,2018-04-29
-1405059,772515,1,1,1,0,2018-09-19,2018-09-19
-1405059,772516,1,1,1,0,2018-04-29,2018-04-29
-1405059,772517,4,4,3,0,2019-02-09,2018-03-21
-1405059,772581,1,1,1,0,2019-06-08,2019-06-08
-1405058,772493,1,1,1,0,2017-09-21,2017-09-21
-1405058,772494,3,2,2,0,2016-05-20,2016-05-20
-1405058,772495,4,4,2,0,2016-05-20,2016-05-20
-1405058,772496,1,1,1,0,2016-05-20,2016-05-20
-1405058,772506,1,1,1,1,2018-07-27,2018-07-27
-1405058,772507,1,1,1,0,2018-04-28,2018-04-28
-1405058,772508,2,2,2,1,2018-10-31,2018-10-04
-1405058,772509,2,2,2,0,2019-06-29,2019-06-13
-1405058,772510,7,6,1,0,2018-09-22,2018-09-22
-1405058,772516,1,1,1,0,2018-04-28,2018-04-28
-1405058,772517,1,1,1,0,2016-05-20,2016-05-20
-1405058,772518,1,1,1,0,2018-09-08,2018-09-08
-1405058,772580,2,2,2,0,2018-09-08,2018-03-16
-1405058,772622,1,1,1,0,2018-10-06,2018-10-06
-1405057,772488,1,1,1,0,2018-08-26,2018-08-26
-1405057,772489,1,1,1,0,2016-05-20,2016-05-20
-1405057,772492,1,1,1,0,2017-09-21,2017-09-21
-1405057,772494,3,1,1,0,2016-05-20,2016-05-20
-1405057,772495,4,4,3,0,2019-04-03,2016-05-20
-1405057,772496,2,2,1,0,2016-05-20,2016-05-20
-1405057,772497,1,1,1,0,2018-04-28,2018-04-28
-1405057,772499,1,1,1,0,2016-05-20,2016-05-20
-1405057,772504,1,1,1,0,2018-09-02,2018-09-02
-1405057,772505,2,2,1,0,2018-09-08,2018-09-08
-1405057,772507,1,1,1,0,2018-08-04,2018-08-04
-1405057,772509,1,1,1,0,2019-02-18,2019-02-18
-1405057,772510,1,1,1,0,2019-05-23,2019-05-23
-1405057,772512,1,1,1,0,2018-09-08,2018-09-08
-1405057,772515,1,1,1,0,2018-09-02,2018-09-02
-1405057,772516,2,2,2,0,2019-06-01,2018-11-13
-1405057,772517,3,3,3,0,2018-10-06,2018-09-08
-1405056,772181,1,1,1,1,2019-04-27,2019-04-27
-1405056,772493,1,1,1,0,2016-05-20,2016-05-20
-1405056,772494,1,1,1,0,2016-05-20,2016-05-20
-1405056,772495,3,3,2,0,2016-05-20,2016-05-20
-1405056,772501,1,1,1,0,2016-05-20,2016-05-20
-1405056,772505,3,2,3,2,2019-07-07,2018-07-13
-1405056,772506,5,5,4,0,2018-09-08,2018-07-13
-1405056,772511,1,1,1,0,2018-09-08,2018-09-08
-1405056,772514,1,1,1,0,2018-04-28,2018-04-28
-1405056,772516,2,2,2,0,2019-05-04,2019-01-05
-1405056,772517,1,1,1,0,2016-05-20,2016-05-20
-1405056,772518,1,1,1,0,2018-07-21,2018-07-21
-1405056,772571,1,1,1,0,2018-03-25,2018-03-25
-1405056,773796,1,1,1,1,2018-07-03,2018-07-03
-1405055,770704,1,1,1,0,2019-07-24,2019-07-24
-1405055,772130,1,1,1,0,2019-04-29,2019-04-29
-1405055,772171,1,1,1,0,2019-02-14,2019-02-14
-1405055,772495,1,1,1,0,2016-05-20,2016-05-20
-1405055,772504,1,1,1,0,2018-08-04,2018-08-04
-1405055,772505,1,1,1,0,2018-09-08,2018-09-08
-1405055,772506,1,1,1,0,2019-07-15,2019-07-15
-1405055,772509,1,1,1,0,2018-08-18,2018-08-18
-1405055,772510,2,2,1,0,2019-05-23,2019-05-23
-1405055,772511,1,1,1,0,2019-05-23,2019-05-23
-1405055,772572,1,1,1,0,2018-10-21,2018-10-21
-1405055,772574,1,1,1,0,2018-03-31,2018-03-31
-1405054,772490,1,1,1,1,2018-06-10,2018-06-10
-1405054,772494,1,1,1,0,2019-07-13,2019-07-13
-1405054,772495,1,1,1,0,2016-05-20,2016-05-20
-1405054,772497,1,1,1,0,2017-09-22,2017-09-22
-1405054,772498,1,1,1,0,2017-09-22,2017-09-22
-1405054,772499,1,1,1,1,2018-05-26,2018-05-26
-1405054,772504,1,1,1,0,2018-04-28,2018-04-28
-1405054,772505,2,2,2,0,2018-04-28,2018-01-08
-1405054,772512,1,1,1,0,2018-04-29,2018-04-29
-1405054,772516,1,1,1,0,2018-09-08,2018-09-08
-1405054,774104,1,1,1,0,2017-04-18,2017-04-18
-1405053,772493,2,1,1,0,2018-05-26,2018-05-26
-1405053,772496,1,1,1,0,2018-04-29,2018-04-29
-1405053,772497,1,1,1,0,2017-09-22,2017-09-22
-1405053,772498,4,3,2,0,2018-09-08,2017-09-22
-1405053,772499,1,1,1,1,2017-09-22,2017-09-22
-1405053,772503,2,2,2,0,2018-09-05,2018-09-03
-1405053,772504,1,1,1,0,2018-09-08,2018-09-08
-1405053,772505,1,1,1,0,2018-09-02,2018-09-02
-1405053,772506,1,1,1,0,2019-07-20,2019-07-20
-1405053,772508,2,2,1,0,2019-02-23,2019-02-23
-1405053,772511,3,3,3,1,2019-07-12,2018-09-08
-1405053,772515,1,1,1,1,2018-08-12,2018-08-12
-1405053,772517,3,2,3,0,2019-05-18,2018-09-08
-1405053,772569,1,1,1,0,2018-10-21,2018-10-21
-1405053,772571,1,1,1,0,2018-03-25,2018-03-25
-1405052,770360,1,1,1,1,2019-03-10,2019-03-10
-1405052,772170,1,1,1,0,2018-12-07,2018-12-07
-1405052,772491,1,1,1,1,2019-06-29,2019-06-29
-1405052,772496,1,1,1,0,2017-09-22,2017-09-22
-1405052,772497,5,4,1,0,2017-09-22,2017-09-22
-1405052,772502,4,4,2,0,2018-09-05,2018-09-02
-1405052,772503,3,3,3,0,2018-09-08,2018-09-08
-1405052,772504,1,1,1,0,2017-09-21,2017-09-21
-1405052,772505,2,2,2,0,2018-09-08,2018-09-08
-1405052,772508,1,1,1,0,2018-09-08,2018-09-08
-1405052,772510,1,1,1,0,2018-04-28,2018-04-28
-1405052,772511,1,1,1,0,2019-07-12,2019-07-12
-1405052,772512,2,2,2,0,2019-07-12,2019-02-08
-1405052,772515,2,2,2,1,2019-05-04,2019-01-12
-1405052,772517,1,1,1,0,2018-04-29,2018-04-29
-1405052,772518,1,1,1,0,2018-07-21,2018-07-21
-1405052,772528,1,1,1,0,2016-05-20,2016-05-20
-1405052,772529,1,1,1,0,2016-05-20,2016-05-20
-1405052,772572,1,1,1,0,2016-05-20,2016-05-20
-1405052,772623,1,1,1,0,2018-10-06,2018-10-06
-1405052,772640,1,1,1,0,2018-10-06,2018-10-06
-1405052,773530,1,1,1,1,2019-06-24,2019-06-24
-1405051,772483,1,1,1,0,2017-09-21,2017-09-21
-1405051,772491,2,2,2,0,2018-04-28,2017-05-09
-1405051,772494,1,1,1,0,2017-09-22,2017-09-22
-1405051,772495,1,1,1,0,2016-05-20,2016-05-20
-1405051,772496,1,1,1,0,2018-07-13,2018-07-13
-1405051,772497,2,2,1,0,2017-09-22,2017-09-22
-1405051,772500,1,1,1,0,2019-05-28,2019-05-28
-1405051,772501,2,2,2,0,2019-07-20,2019-02-26
-1405051,772502,1,1,1,0,2018-09-08,2018-09-08
-1405051,772503,1,1,1,1,2018-07-07,2018-07-07
-1405051,772508,1,1,1,0,2019-02-09,2019-02-09
-1405051,772512,2,2,2,0,2019-07-06,2019-02-05
-1405051,772531,1,1,1,0,2016-05-20,2016-05-20
-1405051,774057,1,1,1,1,2017-08-10,2017-08-10
-1405050,772482,1,1,1,0,2017-09-21,2017-09-21
-1405050,772491,1,1,1,1,2017-09-21,2017-09-21
-1405050,772492,1,1,1,0,2018-07-13,2018-07-13
-1405050,772494,1,1,1,0,2018-10-06,2018-10-06
-1405050,772497,1,1,1,1,2019-06-29,2019-06-29
-1405050,772500,1,1,1,0,2018-04-29,2018-04-29
-1405050,772501,1,1,1,0,2018-08-26,2018-08-26
-1405050,772502,1,1,1,0,2018-08-04,2018-08-04
-1405050,772503,4,2,2,0,2018-09-08,2018-09-08
-1405050,772504,1,1,1,0,2018-09-02,2018-09-02
-1405050,772505,2,2,2,1,2019-05-19,2019-01-09
-1405050,772509,1,1,1,0,2019-05-28,2019-05-28
-1405050,772511,3,3,1,0,2019-05-28,2019-05-28
-1405050,772512,1,1,1,0,2018-07-07,2018-07-07
-1405050,772513,1,1,1,0,2019-07-06,2019-07-06
-1405050,772517,1,1,1,0,2018-04-29,2018-04-29
-1405050,772518,1,1,1,0,2018-04-28,2018-04-28
-1405050,772521,24,8,1,0,2018-10-06,2018-10-06
-1405050,772526,1,1,1,0,2018-06-06,2018-06-06
-1405050,772527,2,2,2,0,2019-04-06,2018-06-29
-1405050,772528,2,2,1,0,2018-10-06,2018-10-06
-1405050,772530,2,2,2,0,2017-09-22,2017-03-28
-1405050,772550,1,1,1,0,2018-10-06,2018-10-06
-1405050,772571,1,1,1,0,2017-09-22,2017-09-22
-1405049,772484,1,1,1,0,2017-09-21,2017-09-21
-1405049,772492,2,2,2,1,2018-04-28,2018-01-08
-1405049,772498,1,1,1,0,2016-05-20,2016-05-20
-1405049,772499,1,1,1,0,2018-04-28,2018-04-28
-1405049,772500,1,1,1,0,2018-09-02,2018-09-02
-1405049,772501,3,3,3,0,2018-09-02,2018-06-29
-1405049,772502,1,1,1,0,2018-09-08,2018-09-08
-1405049,772503,1,1,1,0,2018-09-22,2018-09-22
-1405049,772506,2,2,2,0,2018-09-02,2017-07-11
-1405049,772512,1,1,1,0,2019-04-16,2019-04-16
-1405049,772513,2,2,2,0,2018-08-22,2018-08-20
-1405049,772515,1,1,1,0,2018-04-28,2018-04-28
-1405049,772516,1,1,1,0,2018-04-28,2018-04-28
-1405049,772517,1,1,1,0,2018-04-28,2018-04-28
-1405049,772527,1,1,1,0,2017-06-23,2017-06-23
-1405049,772535,1,1,1,0,2017-09-22,2017-09-22
-1405049,772536,2,1,1,0,2017-09-22,2017-09-22
-1405049,772537,1,1,1,0,2016-05-21,2016-05-21
-1405048,772484,1,1,1,0,2017-09-21,2017-09-21
-1405048,772489,1,1,1,0,2018-04-29,2018-04-29
-1405048,772494,1,1,1,0,2019-07-07,2019-07-07
-1405048,772497,2,2,1,0,2017-09-21,2017-09-21
-1405048,772499,1,1,1,0,2016-05-20,2016-05-20
-1405048,772500,4,4,2,0,2018-09-08,2018-09-08
-1405048,772502,2,2,2,0,2018-09-08,2018-09-05
-1405048,772503,1,1,1,0,2018-09-02,2018-09-02
-1405048,772508,1,1,1,0,2018-09-08,2018-09-08
-1405048,772509,1,1,1,0,2019-05-28,2019-05-28
-1405048,772512,1,1,1,0,2018-09-08,2018-09-08
-1405048,772514,1,1,1,0,2018-09-08,2018-09-08
-1405048,772529,1,1,1,0,2018-09-08,2018-09-08
-1405048,772534,1,1,1,0,2017-09-22,2017-09-22
-1405048,772535,1,1,1,0,2017-09-22,2017-09-22
-1405048,772568,1,1,1,0,2017-09-22,2017-09-22
-1405047,772487,1,1,1,0,2018-04-29,2018-04-29
-1405047,772491,2,2,1,0,2018-04-28,2018-04-28
-1405047,772492,1,1,1,0,2018-04-28,2018-04-28
-1405047,772496,3,3,1,0,2018-10-06,2018-10-06
-1405047,772497,2,2,2,0,2018-10-06,2018-07-17
-1405047,772499,1,1,1,0,2016-05-20,2016-05-20
-1405047,772500,3,3,3,1,2019-06-29,2018-09-08
-1405047,772501,1,1,1,1,2018-09-08,2018-09-08
-1405047,772505,2,2,2,1,2018-09-08,2018-09-08
-1405047,772507,2,2,1,0,2019-05-28,2019-05-28
-1405047,772508,1,1,1,0,2019-05-28,2019-05-28
-1405047,772512,2,2,1,0,2018-08-18,2018-08-18
-1405047,772514,1,1,1,0,2018-04-28,2018-04-28
-1405047,772516,1,1,1,0,2018-04-28,2018-04-28
-1405047,772517,4,4,2,0,2019-05-18,2018-04-28
-1405047,772518,1,1,1,0,2018-09-08,2018-09-08
-1405047,772528,1,1,1,0,2018-04-28,2018-04-28
-1405047,772531,1,1,1,0,2017-09-22,2017-09-22
-1405047,772535,1,1,1,0,2017-09-22,2017-09-22
-1405047,772537,1,1,1,0,2017-09-22,2017-09-22
-1405047,772540,1,1,1,0,2017-09-22,2017-09-22
-1405047,772573,1,1,1,0,2016-10-02,2016-10-02
-1405047,772586,1,1,1,0,2016-05-21,2016-05-21
-1405047,772614,1,1,1,0,2018-10-06,2018-10-06
-1405046,770699,1,1,1,1,2019-03-27,2019-03-27
-1405046,772492,1,1,1,0,2018-04-29,2018-04-29
-1405046,772493,1,1,1,0,2018-04-29,2018-04-29
-1405046,772494,1,1,1,0,2018-04-28,2018-04-28
-1405046,772495,1,1,1,1,2018-04-28,2018-04-28
-1405046,772497,2,2,2,0,2016-05-20,2016-03-29
-1405046,772498,2,2,1,1,2018-04-28,2018-04-28
-1405046,772499,2,2,2,0,2018-09-08,2017-07-14
-1405046,772500,2,2,1,1,2019-02-09,2018-06-23
-1405046,772501,1,1,1,0,2018-09-08,2018-09-08
-1405046,772502,1,1,1,0,2016-05-20,2016-05-20
-1405046,772503,1,1,1,0,2018-04-28,2018-04-28
-1405046,772504,2,2,2,0,2018-09-02,2017-06-28
-1405046,772505,2,2,2,0,2018-09-02,2018-08-08
-1405046,772506,2,2,2,0,2019-05-28,2019-01-17
-1405046,772507,4,4,3,0,2019-05-28,2019-01-17
-1405046,772513,4,4,2,0,2018-09-05,2018-09-05
-1405046,772517,1,1,1,0,2018-09-08,2018-09-08
-1405046,772523,1,1,1,0,2016-05-21,2016-05-21
-1405046,772524,1,1,1,0,2017-09-22,2017-09-22
-1405046,772526,1,1,1,0,2018-06-10,2018-06-10
-1405046,772539,2,2,2,0,2018-06-06,2018-01-28
-1405046,772540,1,1,1,0,2018-06-10,2018-06-10
-1405046,772541,1,1,1,0,2017-09-22,2017-09-22
-1405046,772544,1,1,1,0,2016-05-21,2016-05-21
-1405046,772552,1,1,1,0,2018-06-06,2018-06-06
-1405045,772485,2,2,1,0,2018-04-29,2018-04-29
-1405045,772495,1,1,1,0,2018-04-29,2018-04-29
-1405045,772497,1,1,1,0,2018-09-02,2018-09-02
-1405045,772498,1,1,1,0,2016-05-20,2016-05-20
-1405045,772499,4,4,4,1,2018-09-08,2018-02-11
-1405045,772500,2,2,2,0,2018-09-08,2018-07-25
-1405045,772503,2,2,2,0,2019-04-06,2018-10-17
-1405045,772504,1,1,1,0,2018-07-07,2018-07-07
-1405045,772505,1,1,1,0,2018-04-28,2018-04-28
-1405045,772506,1,1,1,1,2019-07-13,2019-07-13
-1405045,772507,2,2,2,0,2018-04-28,2018-01-08
-1405045,772508,1,1,1,0,2018-04-28,2018-04-28
-1405045,772513,3,3,2,0,2018-09-05,2018-09-05
-1405045,772514,3,3,3,0,2019-07-14,2019-06-29
-1405045,772516,2,2,2,0,2018-04-28,2017-10-21
-1405045,772522,1,1,1,0,2018-09-22,2018-09-22
-1405045,772523,2,2,2,0,2016-05-20,2016-05-20
-1405045,772525,1,1,1,0,2018-06-10,2018-06-10
-1405045,772543,1,1,1,0,2016-10-02,2016-10-02
-1405045,772544,2,2,2,0,2016-10-02,2016-10-02
-1405045,772545,2,2,2,0,2018-09-08,2018-07-25
-1405045,772546,2,2,2,0,2018-09-08,2017-07-14
-1405045,772550,1,1,1,0,2018-06-06,2018-06-06
-1405044,769868,1,1,1,1,2019-05-24,2019-05-24
-1405044,772488,1,1,1,0,2018-08-26,2018-08-26
-1405044,772496,2,2,1,0,2018-09-22,2018-07-11
-1405044,772497,1,1,1,0,2016-10-02,2016-10-02
-1405044,772498,3,3,3,0,2018-08-26,2016-05-20
-1405044,772499,3,3,3,0,2019-05-28,2017-11-04
-1405044,772501,1,1,1,1,2016-05-20,2016-05-20
-1405044,772504,1,1,1,0,2016-05-20,2016-05-20
-1405044,772505,1,1,1,1,2018-04-29,2018-04-29
-1405044,772506,2,2,2,0,2019-05-28,2019-05-21
-1405044,772507,4,4,4,0,2019-05-28,2018-09-05
-1405044,772508,3,3,3,0,2019-05-28,2018-08-18
-1405044,772509,1,1,1,1,2018-08-18,2018-08-18
-1405044,772513,2,2,2,0,2018-09-05,2018-08-09
-1405044,772515,1,1,1,0,2018-08-18,2018-08-18
-1405044,772523,1,1,1,0,2018-05-12,2018-05-12
-1405044,772547,2,2,2,0,2017-09-22,2017-03-28
-1405044,772551,1,1,1,0,2016-05-21,2016-05-21
-1405044,772552,1,1,1,0,2016-05-20,2016-05-20
-1405044,772569,1,1,1,0,2016-05-20,2016-05-20
-1405044,772571,1,1,1,0,2018-10-21,2018-10-21
-1405044,773803,1,1,1,0,2018-08-22,2018-08-22
-1405043,772200,3,3,1,0,2019-07-10,2019-07-10
-1405043,772204,1,1,1,0,2019-07-10,2019-07-10
-1405043,772206,1,1,1,0,2019-07-10,2019-07-10
-1405043,772431,1,1,1,1,2018-07-21,2018-07-21
-1405043,772484,1,1,1,0,2018-04-29,2018-04-29
-1405043,772495,2,2,2,0,2018-09-22,2017-07-21
-1405043,772497,1,1,1,0,2018-09-02,2018-09-02
-1405043,772498,3,3,3,0,2016-05-21,2016-05-20
-1405043,772501,1,1,1,0,2019-05-28,2019-05-28
-1405043,772505,4,4,4,1,2019-05-28,2019-01-03
-1405043,772506,2,2,2,0,2018-04-28,2018-01-08
-1405043,772507,7,5,5,0,2018-09-02,2018-04-28
-1405043,772508,2,2,2,1,2018-09-08,2018-08-28
-1405043,772510,1,1,1,1,2018-08-02,2018-08-02
-1405043,772516,2,2,2,0,2018-07-13,2017-06-16
-1405043,772518,1,1,1,1,2017-11-04,2017-11-04
-1405043,772522,1,1,1,0,2018-09-22,2018-09-22
-1405043,772523,2,1,2,0,2018-09-22,2017-07-21
-1405043,772548,2,2,2,0,2017-09-22,2017-01-20
-1405043,772551,1,1,1,0,2018-05-26,2018-05-26
-1405043,772552,1,1,1,0,2017-09-22,2017-09-22
-1405043,772571,1,1,1,0,2016-05-20,2016-05-20
-1405042,772201,2,1,1,0,2019-07-10,2019-07-10
-1405042,772203,1,1,1,1,2019-07-10,2019-07-10
-1405042,772206,3,3,1,1,2019-07-10,2019-07-10
-1405042,772207,1,1,1,0,2019-07-10,2019-07-10
-1405042,772495,2,2,2,0,2016-05-21,2016-05-21
-1405042,772496,3,3,2,0,2018-09-22,2016-05-21
-1405042,772501,1,1,1,0,2019-07-14,2019-07-14
-1405042,772502,4,4,3,0,2018-10-06,2018-03-30
-1405042,772503,2,2,2,1,2018-10-06,2018-03-30
-1405042,772504,2,2,2,2,2017-09-21,2017-09-21
-1405042,772505,2,2,2,0,2017-09-21,2017-01-19
-1405042,772506,3,3,3,0,2018-08-18,2017-09-21
-1405042,772507,3,3,3,3,2018-09-02,2018-07-22
-1405042,772508,2,2,2,0,2018-03-25,2017-04-22
-1405042,772509,1,1,1,1,2018-08-18,2018-08-18
-1405042,772510,5,5,4,0,2018-09-02,2018-04-28
-1405042,772514,1,1,1,0,2018-08-18,2018-08-18
-1405042,772523,1,1,1,0,2016-05-20,2016-05-20
-1405042,772524,1,1,1,0,2018-09-22,2018-09-22
-1405042,772547,1,1,1,0,2018-10-06,2018-10-06
-1405042,772548,1,1,1,0,2018-03-25,2018-03-25
-1405042,772551,1,1,1,0,2016-05-21,2016-05-21
-1405042,772570,1,1,1,0,2016-05-20,2016-05-20
-1405042,774503,1,1,1,0,2019-05-17,2019-05-17
-1405041,772496,1,1,1,0,2016-05-21,2016-05-21
-1405041,772499,12,7,2,0,2018-10-06,2018-10-06
-1405041,772500,1,1,1,0,2016-05-21,2016-05-21
-1405041,772502,1,1,1,0,2017-09-21,2017-09-21
-1405041,772503,4,4,2,1,2019-07-07,2018-10-06
-1405041,772504,1,1,1,0,2017-09-21,2017-09-21
-1405041,772506,2,2,2,0,2017-09-21,2017-09-21
-1405041,772507,3,2,3,0,2018-09-08,2017-09-21
-1405041,772508,4,3,4,0,2018-09-08,2017-07-11
-1405041,772509,3,2,3,0,2018-09-08,2018-08-18
-1405041,772510,4,4,4,0,2018-10-21,2016-05-20
-1405041,772512,1,1,1,0,2016-05-21,2016-05-21
-1405041,772513,1,1,1,0,2017-09-21,2017-09-21
-1405041,772515,1,1,1,0,2016-05-20,2016-05-20
-1405041,772516,1,1,1,0,2016-05-20,2016-05-20
-1405041,772517,1,1,1,0,2018-04-28,2018-04-28
-1405041,772519,2,2,1,0,2018-04-28,2018-04-28
-1405041,772520,2,2,1,0,2018-10-06,2018-09-29
-1405041,772521,1,1,1,1,2017-09-22,2017-09-22
-1405041,772524,1,1,1,0,2016-05-20,2016-05-20
-1405041,772550,1,1,1,0,2017-06-23,2017-06-23
-1405041,772552,1,1,1,0,2016-05-21,2016-05-21
-1405041,772557,1,1,1,0,2018-05-22,2018-05-22
-1405041,772568,2,2,2,0,2017-09-22,2017-01-28
-1405041,772570,4,2,3,0,2016-10-02,2016-05-20
-1405041,772571,1,1,1,0,2016-05-20,2016-05-20
-1405040,772200,2,2,1,2,2019-07-10,2019-07-10
-1405040,772202,1,1,1,1,2019-07-10,2019-07-10
-1405040,772206,1,1,1,1,2019-07-10,2019-07-10
-1405040,772482,1,1,1,0,2018-04-29,2018-04-29
-1405040,772497,1,1,1,1,2018-07-22,2018-07-22
-1405040,772499,1,1,1,0,2016-05-21,2016-05-21
-1405040,772504,1,1,1,1,2017-09-21,2017-09-21
-1405040,772506,1,1,1,0,2018-09-22,2018-09-22
-1405040,772507,2,2,2,0,2018-09-22,2017-07-21
-1405040,772508,1,1,1,0,2016-04-24,2016-04-24
-1405040,772509,4,3,3,0,2018-09-02,2017-09-22
-1405040,772510,4,4,3,0,2018-09-08,2017-07-04
-1405040,772511,3,3,3,2,2019-07-07,2018-09-22
-1405040,772512,2,2,2,0,2018-09-08,2018-07-04
-1405040,772513,3,3,2,0,2016-05-20,2016-05-20
-1405040,772514,1,1,1,0,2018-09-08,2018-09-08
-1405040,772515,2,2,2,0,2018-09-08,2018-09-08
-1405040,772520,2,2,2,0,2016-05-20,2016-05-20
-1405040,772521,1,1,1,0,2019-02-18,2019-02-18
-1405040,772524,1,1,1,0,2016-05-20,2016-05-20
-1405040,772555,1,1,1,0,2018-09-08,2018-09-08
-1405040,772557,1,1,1,0,2018-06-10,2018-06-10
-1405040,772559,1,1,1,0,2016-10-02,2016-10-02
-1405040,772560,1,1,1,0,2017-09-22,2017-09-22
-1405040,772562,1,1,1,0,2017-09-22,2017-09-22
-1405040,772569,1,1,1,0,2018-09-08,2018-09-08
-1405039,772033,1,1,1,0,2019-07-21,2019-07-21
-1405039,772199,1,1,1,1,2019-07-10,2019-07-10
-1405039,772200,2,2,1,2,2019-07-10,2019-07-10
-1405039,772201,1,1,1,1,2019-07-10,2019-07-10
-1405039,772203,3,3,1,2,2019-07-10,2019-07-10
-1405039,772204,2,2,1,1,2019-07-10,2019-07-10
-1405039,772205,1,1,1,0,2019-07-10,2019-07-10
-1405039,772206,1,1,1,0,2019-07-10,2019-07-10
-1405039,772495,1,1,1,1,2019-06-29,2019-06-29
-1405039,772497,1,1,1,0,2019-05-19,2019-05-19
-1405039,772498,1,1,1,0,2018-09-22,2018-09-22
-1405039,772504,1,1,1,1,2019-07-13,2019-07-13
-1405039,772506,1,1,1,1,2016-05-20,2016-05-20
-1405039,772507,1,1,1,0,2018-09-02,2018-09-02
-1405039,772508,1,1,1,0,2017-09-21,2017-09-21
-1405039,772509,11,8,7,4,2019-07-07,2018-08-25
-1405039,772510,3,3,3,1,2018-04-28,2017-09-21
-1405039,772511,6,5,5,2,2019-07-07,2018-06-23
-1405039,772512,4,4,4,1,2019-06-21,2018-07-03
-1405039,772513,2,2,2,0,2018-09-08,2018-07-03
-1405039,772518,1,1,1,0,2016-05-20,2016-05-20
-1405039,772520,1,1,1,0,2018-04-28,2018-04-28
-1405039,772557,1,1,1,0,2018-09-08,2018-09-08
-1405039,772560,1,1,1,0,2017-09-22,2017-09-22
-1405039,772568,1,1,1,0,2018-09-08,2018-09-08
-1405039,772572,1,1,1,0,2018-09-08,2018-09-08
-1405039,772630,1,1,1,0,2018-10-06,2018-10-06
-1405039,773972,1,1,1,1,2019-05-14,2019-05-14
-1405038,771149,1,1,1,1,2017-09-28,2017-09-28
-1405038,772201,1,1,1,1,2019-07-10,2019-07-10
-1405038,772493,1,1,1,0,2018-09-22,2018-09-22
-1405038,772497,2,2,2,1,2018-09-22,2018-09-12
-1405038,772498,1,1,1,0,2018-08-26,2018-08-26
-1405038,772499,1,1,1,0,2016-07-17,2016-07-17
-1405038,772505,2,1,2,0,2018-08-26,2018-03-09
-1405038,772506,1,1,1,1,2017-09-21,2017-09-21
-1405038,772508,1,1,1,0,2018-08-18,2018-08-18
-1405038,772509,2,2,2,1,2018-04-28,2018-01-08
-1405038,772510,3,3,2,0,2018-09-02,2018-04-28
-1405038,772511,6,2,4,1,2018-09-02,2017-09-21
-1405038,772512,2,2,2,0,2018-09-22,2017-07-21
-1405038,772513,4,4,4,0,2018-09-08,2017-05-09
-1405038,772514,2,2,2,0,2018-09-08,2018-03-16
-1405038,772515,2,2,2,0,2018-09-08,2018-09-08
-1405038,772559,1,1,1,0,2017-09-22,2017-09-22
-1405038,772563,3,1,1,0,2016-05-21,2016-05-21
-1405038,772566,2,2,1,0,2016-10-02,2016-10-02
-1405038,772567,1,1,1,0,2016-05-20,2016-05-20
-1405037,772198,1,1,1,0,2019-07-19,2019-07-19
-1405037,772491,1,1,1,0,2016-05-20,2016-05-20
-1405037,772496,1,1,1,0,2018-08-26,2018-08-26
-1405037,772497,1,1,1,0,2018-10-06,2018-10-06
-1405037,772498,2,2,2,0,2019-07-02,2019-01-28
-1405037,772499,1,1,1,0,2018-09-22,2018-09-22
-1405037,772500,3,3,2,1,2018-09-22,2018-08-26
-1405037,772501,1,1,1,0,2018-09-22,2018-09-22
-1405037,772502,3,3,1,0,2018-09-22,2018-09-22
-1405037,772503,1,1,1,0,2017-09-21,2017-09-21
-1405037,772505,1,1,1,1,2017-09-21,2017-09-21
-1405037,772507,1,1,1,0,2018-09-21,2018-09-21
-1405037,772508,1,1,1,1,2018-08-18,2018-08-18
-1405037,772510,2,2,2,1,2017-09-21,2017-01-19
-1405037,772511,3,1,3,1,2018-09-08,2018-09-08
-1405037,772513,1,1,1,0,2017-09-21,2017-09-21
-1405037,772514,2,2,2,0,2018-10-06,2018-03-30
-1405037,772516,1,1,1,0,2018-09-22,2018-09-22
-1405037,772517,1,1,1,0,2018-09-08,2018-09-08
-1405037,772559,1,1,1,0,2017-09-22,2017-09-22
-1405037,772564,1,1,1,0,2017-09-22,2017-09-22
-1405037,773346,1,1,1,0,2018-06-13,2018-06-13
-1405036,772421,1,1,1,0,2018-09-20,2018-09-20
-1405036,772487,1,1,1,0,2018-04-22,2018-04-22
-1405036,772492,1,1,1,0,2018-09-22,2018-09-22
-1405036,772496,1,1,1,0,2016-05-20,2016-05-20
-1405036,772497,1,1,1,0,2019-07-02,2019-07-02
-1405036,772499,2,2,2,0,2018-09-22,2018-07-28
-1405036,772500,1,1,1,0,2018-09-22,2018-09-22
-1405036,772506,1,1,1,0,2018-08-26,2018-08-26
-1405036,772507,2,2,2,1,2018-08-26,2018-08-08
-1405036,772508,2,2,2,0,2018-04-28,2018-01-08
-1405036,772510,1,1,1,0,2016-05-21,2016-05-21
-1405036,772511,1,1,1,0,2018-09-08,2018-09-08
-1405036,772512,2,2,2,0,2018-08-26,2017-07-08
-1405036,772513,4,4,4,0,2018-09-08,2018-01-08
-1405036,772514,2,2,2,0,2018-09-08,2018-09-08
-1405036,772518,1,1,1,0,2018-09-08,2018-09-08
-1405036,772521,1,1,1,0,2018-10-06,2018-10-06
-1405036,772564,1,1,1,0,2017-06-23,2017-06-23
-1405036,772632,1,1,1,0,2018-08-23,2018-08-23
-1405035,772035,1,1,1,0,2019-06-03,2019-06-03
-1405035,772496,1,1,1,0,2016-05-20,2016-05-20
-1405035,772498,1,1,1,0,2018-09-22,2018-09-22
-1405035,772500,4,4,2,2,2019-05-19,2018-08-26
-1405035,772501,3,3,3,1,2018-07-04,2016-05-20
-1405035,772502,1,1,1,0,2018-08-26,2018-08-26
-1405035,772512,1,1,1,0,2018-04-28,2018-04-28
-1405035,772514,1,1,1,0,2018-09-08,2018-09-08
-1405035,772545,1,1,1,0,2016-05-20,2016-05-20
-1405034,772493,1,1,1,0,2018-07-22,2018-07-22
-1405034,772495,1,1,1,1,2016-05-20,2016-05-20
-1405034,772496,1,1,1,0,2018-09-22,2018-09-22
-1405034,772498,1,1,1,0,2018-09-22,2018-09-22
-1405034,772499,1,1,1,0,2018-07-07,2018-07-07
-1405034,772504,1,1,1,0,2018-09-08,2018-09-08
-1405034,772505,1,1,1,1,2017-09-21,2017-09-21
-1405034,772511,2,1,1,0,2016-05-20,2016-05-20
-1405034,772512,2,2,2,0,2018-09-08,2017-07-14
-1405034,772513,3,2,2,0,2018-04-28,2018-04-28
-1405034,772514,1,1,1,0,2018-04-29,2018-04-29
-1405034,772515,1,1,1,0,2018-04-29,2018-04-29
-1405034,772523,1,1,1,0,2018-09-08,2018-09-08
-1405034,772565,1,1,1,0,2019-02-18,2019-02-18
-1405033,772495,1,1,1,0,2016-05-20,2016-05-20
-1405033,772496,1,1,1,0,2016-05-20,2016-05-20
-1405033,772504,1,1,1,0,2018-08-26,2018-08-26
-1405033,772514,1,1,1,0,2018-09-08,2018-09-08
-1405033,772515,1,1,1,0,2018-09-08,2018-09-08
-1405033,772516,1,1,1,0,2016-05-20,2016-05-20
-1405033,772517,1,1,1,1,2018-07-21,2018-07-21
-1405033,772519,1,1,1,0,2018-09-22,2018-09-22
-1405032,772204,1,1,1,0,2019-04-28,2019-04-28
-1405032,772498,1,1,1,0,2016-05-20,2016-05-20
-1405032,772499,1,1,1,1,2019-07-14,2019-07-14
-1405032,772501,1,1,1,1,2019-07-13,2019-07-13
-1405032,772502,1,1,1,0,2018-08-26,2018-08-26
-1405032,772514,2,2,2,0,2018-09-08,2018-06-23
-1405032,772515,1,1,1,0,2018-10-06,2018-10-06
-1405032,772517,2,2,2,0,2018-09-22,2017-07-21
-1405032,772524,1,1,1,0,2018-09-22,2018-09-22
-1405032,772532,1,1,1,0,2018-09-22,2018-09-22
-1405031,772493,1,1,1,0,2016-05-20,2016-05-20
-1405031,772511,2,2,1,0,2018-08-26,2018-08-26
-1405031,772514,2,2,1,0,2016-05-20,2016-05-20
-1405031,772515,2,2,2,0,2018-10-06,2017-07-28
-1405031,772516,1,1,1,0,2018-09-22,2018-09-22
-1405031,772519,1,1,1,0,2016-05-20,2016-05-20
-1405031,772532,1,1,1,0,2018-09-22,2018-09-22
-1405031,772533,2,2,1,0,2018-09-22,2018-09-22
-1405031,772534,1,1,1,0,2018-09-22,2018-09-22
-1405031,772578,1,1,1,0,2016-08-02,2016-08-02
-1405031,774239,1,1,1,0,2019-05-18,2019-05-18
-1405030,772462,3,3,1,0,2016-05-20,2016-05-20
-1405030,772493,1,1,1,0,2018-09-22,2018-09-22
-1405030,772511,1,1,1,0,2018-08-26,2018-08-26
-1405030,772514,1,1,1,0,2016-05-20,2016-05-20
-1405030,772517,1,1,1,0,2018-09-22,2018-09-22
-1405030,772523,1,1,1,0,2017-04-16,2017-04-16
-1405030,772532,1,1,1,0,2018-09-22,2018-09-22
-1405030,772533,1,1,1,1,2018-09-22,2018-09-22
-1405029,772492,1,1,1,0,2016-05-20,2016-05-20
-1405029,772511,1,1,1,0,2018-08-26,2018-08-26
-1405029,772518,1,1,1,0,2018-09-22,2018-09-22
-1405029,772538,1,1,1,0,2019-03-03,2019-03-03
-1405028,772505,1,1,1,0,2016-05-20,2016-05-20
-1405028,772510,1,1,1,0,2018-08-26,2018-08-26
-1405028,772513,1,1,1,0,2018-10-06,2018-10-06
-1405028,772528,1,1,1,0,2018-04-01,2018-04-01
-1405028,772529,2,2,1,0,2018-09-22,2018-06-27
-1405028,772533,1,1,1,0,2018-09-22,2018-09-22
-1405028,772534,1,1,1,0,2018-09-22,2018-09-22
-1405027,772514,1,1,1,0,2016-05-20,2016-05-20
-1405027,772518,1,1,1,0,2018-09-22,2018-09-22
-1405027,772519,1,1,1,0,2018-09-22,2018-09-22
-1405027,772528,1,1,1,0,2018-04-01,2018-04-01
-1405027,772533,1,1,1,0,2018-09-22,2018-09-22
-1405026,772513,1,1,1,0,2016-05-20,2016-05-20
-1405026,772520,1,1,1,0,2018-09-22,2018-09-22
-1405026,772522,1,1,1,0,2018-09-22,2018-09-22
-1405026,772579,1,1,1,0,2018-05-01,2018-05-01
-1405025,772463,1,1,1,0,2018-07-15,2018-07-15
-1405025,772514,1,1,1,0,2018-04-29,2018-04-29
-1405025,772515,1,1,1,0,2018-10-06,2018-10-06
-1405025,772522,1,1,1,0,2018-09-08,2018-09-08
-1405025,772526,1,1,1,0,2018-09-22,2018-09-22
-1405025,772530,1,1,1,0,2018-04-01,2018-04-01
-1405025,773443,1,1,1,1,2019-05-15,2019-05-15
-1405024,772527,1,1,1,0,2018-09-22,2018-09-22
-1405024,772530,1,1,1,0,2018-04-01,2018-04-01
-1405023,772522,1,1,1,0,2018-09-22,2018-09-22
-1405021,772512,1,1,1,0,2018-08-26,2018-08-26
-1405021,772514,1,1,1,0,2018-10-06,2018-10-06
-1405021,772520,1,1,1,0,2018-04-01,2018-04-01
-1405017,772510,1,1,1,0,2018-08-26,2018-08-26
-1405017,772518,1,1,1,0,2016-05-20,2016-05-20
-1405016,772511,2,2,2,1,2019-07-26,2019-02-09
-1405016,772512,1,1,1,0,2017-06-23,2017-06-23
-1405016,772514,1,1,1,0,2019-02-18,2019-02-18
-1405015,772956,1,1,1,1,2018-02-21,2018-02-21
-1405014,772514,1,1,1,0,2016-05-20,2016-05-20
-1405013,772511,1,1,1,0,2018-09-05,2018-09-05
-1405013,772512,1,1,1,1,2019-07-20,2019-07-20
-1405013,772513,1,1,1,0,2018-05-12,2018-05-12
-1405013,772514,1,1,1,0,2018-08-26,2018-08-26
-1405012,771613,1,1,1,0,2016-04-15,2016-04-15
-1405012,772513,1,1,1,0,2018-09-05,2018-09-05
-1405012,772515,1,1,1,0,2018-04-29,2018-04-29
-1405012,772526,1,1,1,0,2019-05-04,2019-05-04
-1405011,772505,1,1,1,0,2019-05-27,2019-05-27
-1405011,772508,1,1,1,0,2018-04-29,2018-04-29
-1405011,772513,1,1,1,0,2018-08-26,2018-08-26
-1405010,774527,1,1,1,1,2017-04-15,2017-04-15
-1405009,772552,1,1,1,0,2016-10-24,2016-10-24
-1405008,771575,1,1,1,1,2016-04-13,2016-04-13
-1405008,772506,1,1,1,0,2017-09-21,2017-09-21
-1405007,772504,1,1,1,0,2016-05-20,2016-05-20
-1405007,772509,1,1,1,1,2018-09-08,2018-09-08
-1405006,772507,1,1,1,0,2018-07-13,2018-07-13
-1405006,772509,2,2,1,0,2018-09-08,2018-09-08
-1405006,772510,1,1,1,1,2016-05-20,2016-05-20
-1405005,772015,1,1,1,1,2019-06-01,2019-06-01
-1405005,772510,1,1,1,0,2017-09-21,2017-09-21
-1405005,772571,1,1,1,0,2018-09-02,2018-09-02
-1405004,772510,6,6,1,0,2018-09-05,2018-09-05
-1405003,772510,1,1,1,1,2019-06-29,2019-06-29
-1405002,772210,1,1,1,0,2019-06-06,2019-06-06
-1405002,772510,1,1,1,0,2017-09-21,2017-09-21
-1404982,773856,1,1,1,1,2017-09-21,2017-09-21
-1404975,771788,1,1,1,0,2019-05-03,2019-05-03
-1404971,772166,1,1,1,0,2019-04-28,2019-04-28
-1404958,770635,1,1,1,1,2018-06-24,2018-06-24
-1404952,773159,1,1,1,0,2019-05-31,2019-05-31
-1404949,771583,1,1,1,1,2019-05-15,2019-05-15
-1404948,769985,1,1,1,0,2019-04-28,2019-04-28
-1404947,771845,1,1,1,0,2018-05-19,2018-05-19
-1404941,773521,1,1,1,0,2018-07-07,2018-07-07
-1404932,772855,1,1,1,1,2019-05-07,2019-05-07
-1404927,770886,1,1,1,0,2019-04-28,2019-04-28
-1404926,771228,1,1,1,1,2017-04-15,2017-04-15
-1404923,772396,1,1,1,0,2018-04-28,2018-04-28
-1404922,770008,1,1,1,0,2019-04-29,2019-04-29
-1404922,772394,1,1,1,0,2018-04-28,2018-04-28
-1404921,773136,1,1,1,0,2019-05-10,2019-05-10
-1404908,770370,1,1,1,0,2018-06-28,2018-06-28
-1404906,771962,1,1,1,0,2018-11-01,2018-11-01
-1404902,774311,1,1,1,0,2017-07-25,2017-07-25
-1404890,772791,1,1,1,0,2018-07-14,2018-07-14
-1404887,770610,1,1,1,0,2019-04-28,2019-04-28
-1404887,771617,1,1,1,0,2019-05-16,2019-05-16
-1404885,770078,1,1,1,0,2018-05-23,2018-05-23
-1404880,773828,1,1,1,0,2017-08-06,2017-08-06
-1404877,771702,1,1,1,1,2016-08-04,2016-08-04
-1404870,772738,1,1,1,0,2017-08-28,2017-08-28
-1404866,771388,1,1,1,0,2018-07-28,2018-07-28
-1404866,773652,1,1,1,0,2018-10-05,2018-10-05
-1404865,771404,1,1,1,0,2019-06-19,2019-06-19
-1404863,771518,1,1,1,0,2017-06-13,2017-06-13
-1404863,773097,1,1,1,1,2017-04-15,2017-04-15
-1404855,771918,1,1,1,1,2019-06-04,2019-06-04
-1404850,770260,1,1,1,0,2017-10-27,2017-10-27
-1404849,772062,1,1,1,1,2018-09-22,2018-09-22
-1404842,774185,1,1,1,0,2018-05-02,2018-05-02
-1404840,773056,1,1,1,0,2018-12-02,2018-12-02
-1404839,774546,1,1,1,0,2018-10-15,2018-10-15
-1404831,772531,1,1,1,0,2019-06-06,2019-06-06
-1404830,772823,1,1,1,0,2018-07-01,2018-07-01
-1404829,771233,1,1,1,1,2016-05-22,2016-05-22
-1404829,772488,1,1,1,0,2019-07-24,2019-07-24
-1404826,774048,1,1,1,0,2018-07-25,2018-07-25
-1404815,773140,1,1,1,1,2019-03-20,2019-03-20
-1404792,771981,1,1,1,0,2018-10-28,2018-10-28
-1404787,771379,1,1,1,0,2018-11-12,2018-11-12
-1404776,769994,1,1,1,0,2019-06-21,2019-06-21
-1404776,770054,1,1,1,0,2018-04-07,2018-04-07
-1404769,771222,1,1,1,0,2019-01-23,2019-01-23
-1404769,771967,1,1,1,1,2017-04-15,2017-04-15
-1404767,772629,1,1,1,0,2019-07-01,2019-07-01
-1404766,769942,1,1,1,1,2019-04-03,2019-04-03
-1404766,771983,1,1,1,1,2016-05-20,2016-05-20
-1404763,770407,1,1,1,0,2019-04-10,2019-04-10
-1404762,772468,1,1,1,1,2018-10-05,2018-10-05
-1404756,773604,1,1,1,1,2019-05-15,2019-05-15
-1404755,771587,1,1,1,1,2017-10-01,2017-10-01
-1404752,772132,1,1,1,1,2019-06-25,2019-06-25
-1404752,774321,1,1,1,0,2018-09-11,2018-09-11
-1404751,772119,1,1,1,0,2019-06-25,2019-06-25
-1404751,772120,1,1,1,0,2019-06-25,2019-06-25
-1404751,772123,1,1,1,0,2019-06-25,2019-06-25
-1404751,772125,1,1,1,1,2019-06-25,2019-06-25
-1404751,772457,1,1,1,0,2019-02-26,2019-02-26
-1404750,772119,2,2,1,0,2019-06-25,2019-06-25
-1404750,772120,1,1,1,0,2019-06-25,2019-06-25
-1404750,772122,1,1,1,0,2019-06-25,2019-06-25
-1404750,772124,2,2,1,0,2019-06-25,2019-06-25
-1404750,772127,1,1,1,0,2019-06-25,2019-06-25
-1404750,772132,1,1,1,1,2019-06-25,2019-06-25
-1404749,772118,1,1,1,0,2019-06-25,2019-06-25
-1404749,772120,2,2,2,0,2019-06-25,2019-06-25
-1404749,772122,1,1,1,0,2019-06-25,2019-06-25
-1404749,772124,1,1,1,0,2019-06-25,2019-06-25
-1404749,772133,1,1,1,0,2019-06-25,2019-06-25
-1404748,772116,1,1,1,0,2019-06-25,2019-06-25
-1404748,772119,1,1,1,0,2019-06-25,2019-06-25
-1404748,772120,1,1,1,0,2019-06-25,2019-06-25
-1404748,772121,2,2,2,0,2019-06-25,2019-06-25
-1404748,772126,2,2,2,0,2019-06-25,2019-06-25
-1404747,772115,1,1,1,0,2019-06-25,2019-06-25
-1404747,772118,1,1,1,0,2019-06-25,2019-06-25
-1404747,772119,2,2,2,0,2019-06-25,2019-06-25
-1404747,772121,1,1,1,0,2019-06-25,2019-06-25
-1404747,772124,1,1,1,0,2019-06-25,2019-06-25
-1404747,772125,1,1,1,0,2019-06-25,2019-06-25
-1404747,772128,1,1,1,0,2019-06-25,2019-06-25
-1404747,772129,1,1,1,0,2019-06-25,2019-06-25
-1404747,772130,1,1,1,0,2019-06-25,2019-06-25
-1404747,772132,1,1,1,0,2019-06-25,2019-06-25
-1404746,772117,1,1,1,0,2019-06-25,2019-06-25
-1404746,772118,1,1,1,0,2019-06-25,2019-06-25
-1404746,772119,1,1,1,0,2019-06-25,2019-06-25
-1404746,772125,1,1,1,0,2019-06-25,2019-06-25
-1404746,772128,1,1,1,0,2019-06-25,2019-06-25
-1404746,772131,1,1,1,0,2019-06-25,2019-06-25
-1404745,772118,1,1,1,0,2019-06-25,2019-06-25
-1404745,772119,1,1,1,0,2019-06-25,2019-06-25
-1404745,772133,1,1,1,0,2019-06-25,2019-06-25
-1404744,771820,1,1,1,1,2016-05-18,2016-05-18
-1404744,772128,1,1,1,0,2019-06-25,2019-06-25
-1404743,772123,1,1,1,0,2019-06-25,2019-06-25
-1404743,772130,1,1,1,0,2019-06-25,2019-06-25
-1404742,772119,1,1,1,0,2019-06-25,2019-06-25
-1404742,772126,1,1,1,0,2019-06-25,2019-06-25
-1404741,772127,1,1,1,0,2019-06-25,2019-06-25
-1404741,772129,1,1,1,0,2019-06-25,2019-06-25
-1404740,772121,1,1,1,0,2019-06-25,2019-06-25
-1404740,772125,1,1,1,0,2019-06-25,2019-06-25
-1404739,772127,1,1,1,0,2019-06-25,2019-06-25
-1404737,771819,1,1,1,0,2016-05-19,2016-05-19
-1404737,771820,1,1,1,0,2016-05-19,2016-05-19
-1404737,771821,1,1,1,0,2016-05-19,2016-05-19
-1404737,771822,1,1,1,0,2016-05-19,2016-05-19
-1404737,771823,1,1,1,1,2016-05-18,2016-05-18
-1404737,773717,1,1,1,1,2018-08-18,2018-08-18
-1404732,771825,1,1,1,0,2016-05-18,2016-05-18
-1404730,770671,1,1,1,0,2018-11-16,2018-11-16
-1404718,770362,1,1,1,1,2019-05-10,2019-05-10
-1404715,771355,1,1,1,1,2017-10-09,2017-10-09
-1404706,771869,1,1,1,1,2018-08-11,2018-08-11
-1404704,772100,1,1,1,0,2019-06-26,2019-06-26
-1404703,770092,1,1,1,0,2019-06-19,2019-06-19
-1404703,773348,1,1,1,1,2019-05-14,2019-05-14
-1404700,774207,1,1,1,0,2019-06-05,2019-06-05
-1404698,772100,1,1,1,0,2019-07-03,2019-07-03
-1404695,769906,1,1,1,0,2017-09-03,2017-09-03
-1404695,774105,1,1,1,0,2019-06-06,2019-06-06
-1404694,771791,1,1,1,0,2017-12-23,2017-12-23
-1404694,772097,1,1,1,0,2019-06-27,2019-06-27
-1404693,773681,1,1,1,0,2019-06-03,2019-06-03
-1404685,771012,1,1,1,1,2016-08-04,2016-08-04
-1404678,773352,1,1,1,0,2018-09-08,2018-09-08
-1404677,773086,1,1,1,0,2018-11-01,2018-11-01
-1404670,771150,1,1,1,0,2019-06-06,2019-06-06
-1404669,772009,1,1,1,1,2019-06-01,2019-06-01
-1404669,773132,1,1,1,0,2018-07-28,2018-07-28
-1404651,773151,1,1,1,1,2019-06-03,2019-06-03
-1404646,772729,1,1,1,0,2019-06-04,2019-06-04
-1404644,771868,1,1,1,1,2018-07-05,2018-07-05
-1404641,774398,1,1,1,0,2019-04-29,2019-04-29
-1404638,770922,1,1,1,0,2018-07-09,2018-07-09
-1404631,772036,1,1,1,1,2019-07-14,2019-07-14
-1404630,772037,1,1,1,1,2019-07-14,2019-07-14
-1404630,772038,1,1,1,1,2019-07-14,2019-07-14
-1404630,774204,1,1,1,0,2018-05-09,2018-05-09
-1404629,772036,2,2,1,1,2019-07-14,2019-07-14
-1404629,772037,2,2,1,2,2019-07-14,2019-07-14
-1404628,772036,1,1,1,0,2019-07-14,2019-07-14
-1404628,772037,1,1,1,0,2019-07-14,2019-07-14
-1404628,772038,1,1,1,0,2019-07-14,2019-07-14
-1404628,773255,1,1,1,0,2018-07-29,2018-07-29
-1404627,772036,1,1,1,1,2019-07-14,2019-07-14
-1404625,771849,1,1,1,1,2019-06-04,2019-06-04
-1404618,773475,1,1,1,1,2017-04-15,2017-04-15
-1404616,772651,1,1,1,0,2019-04-26,2019-04-26
-1404613,770025,1,1,1,1,2019-05-14,2019-05-14
-1404606,770579,1,1,1,1,2019-04-18,2019-04-18
-1404606,770718,1,1,1,1,2019-04-03,2019-04-03
-1404606,772256,1,1,1,0,2018-08-23,2018-08-23
-1404604,772927,1,1,1,1,2019-03-27,2019-03-27
-1404579,770344,1,1,1,0,2019-06-05,2019-06-05
-1404571,771302,1,1,1,1,2019-03-27,2019-03-27
-1404568,771881,1,1,1,0,2018-09-28,2018-09-28
-1404568,774270,1,1,1,1,2019-06-12,2019-06-12
-1404565,773990,1,1,1,1,2019-03-22,2019-03-22
-1404551,770653,1,1,1,0,2019-04-19,2019-04-19
-1404545,773660,1,1,1,0,2019-05-04,2019-05-04
-1404543,774264,1,1,1,1,2019-03-11,2019-03-11
-1404542,771489,1,1,1,1,2016-06-24,2016-06-24
-1404538,772084,1,1,1,1,2018-07-13,2018-07-13
-1404533,773634,1,1,1,0,2018-04-11,2018-04-11
-1404524,773305,1,1,1,0,2018-04-23,2018-04-23
-1404522,771265,1,1,1,0,2019-07-08,2019-07-08
-1404520,774100,1,1,1,1,2018-04-28,2018-04-28
-1404512,771701,1,1,1,0,2016-05-20,2016-05-20
-1404510,773740,1,1,1,1,2019-03-20,2019-03-20
-1404507,773399,1,1,1,1,2017-04-18,2017-04-18
-1404506,772309,1,1,1,1,2017-04-15,2017-04-15
-1404505,771787,1,1,1,1,2017-05-10,2017-05-10
-1404504,771706,1,1,1,0,2019-07-08,2019-07-08
-1404504,773695,1,1,1,0,2019-06-08,2019-06-08
-1404498,771079,1,1,1,0,2018-06-14,2018-06-14
-1404490,773253,1,1,1,1,2017-04-17,2017-04-17
-1404488,770232,1,1,1,1,2017-06-09,2017-06-09
-1404482,771867,1,1,1,1,2019-05-14,2019-05-14
-1404482,772540,1,1,1,0,2018-09-28,2018-09-28
-1404470,774490,1,1,1,1,2017-04-18,2017-04-18
-1404468,772919,1,1,1,1,2019-06-27,2019-06-27
-1404454,774130,1,1,1,1,2018-11-16,2018-11-16
-1404433,773367,1,1,1,1,2017-08-13,2017-08-13
-1404432,770942,1,1,1,0,2017-06-08,2017-06-08
-1404427,772655,1,1,1,0,2018-07-14,2018-07-14
-1404426,774143,1,1,1,0,2017-09-08,2017-09-08
-1404423,771755,1,1,1,0,2018-06-13,2018-06-13
-1404422,773233,1,1,1,0,2018-07-28,2018-07-28
-1404419,772893,1,1,1,0,2018-07-16,2018-07-16
-1404416,774148,1,1,1,0,2018-07-02,2018-07-02
-1404414,771637,1,1,1,0,2018-05-19,2018-05-19
-1404411,770211,1,1,1,0,2016-03-15,2016-03-15
-1404411,773877,1,1,1,1,2019-05-15,2019-05-15
-1404407,770553,1,1,1,1,2019-05-23,2019-05-23
-1404407,771129,1,1,1,1,2017-05-26,2017-05-26
-1404403,772018,1,1,1,0,2019-05-06,2019-05-06
-1404403,773276,1,1,1,0,2019-07-21,2019-07-21
-1404399,772548,1,1,1,1,2019-05-15,2019-05-15
-1404398,772594,1,1,1,0,2019-05-06,2019-05-06
-1404395,774201,1,1,1,0,2018-11-11,2018-11-11
-1404393,774533,1,1,1,0,2019-03-27,2019-03-27
-1404382,773173,1,1,1,0,2019-06-10,2019-06-10
-1404381,770809,1,1,1,0,2019-04-21,2019-04-21
-1404376,772071,1,1,1,1,2018-07-13,2018-07-13
-1404374,773351,1,1,1,0,2019-03-06,2019-03-06
-1404368,770459,1,1,1,0,2018-06-29,2018-06-29
-1404365,772346,1,1,1,0,2018-07-05,2018-07-05
-1404362,773461,1,1,1,1,2019-06-04,2019-06-04
-1404359,772359,1,1,1,0,2019-04-29,2019-04-29
-1404356,772701,1,1,1,1,2017-09-21,2017-09-21
-1404356,773977,1,1,1,1,2019-05-16,2019-05-16
-1404355,772895,1,1,1,1,2017-09-21,2017-09-21
-1404350,771292,1,1,1,0,2018-10-20,2018-10-20
-1404345,771400,1,1,1,0,2018-07-16,2018-07-16
-1404333,773327,1,1,1,1,2019-05-18,2019-05-18
-1404330,771231,1,1,1,0,2018-06-04,2018-06-04
-1404325,772014,1,1,1,0,2019-07-08,2019-07-08
-1404322,773567,1,1,1,0,2019-07-02,2019-07-02
-1404320,772013,1,1,1,1,2019-05-15,2019-05-15
-1404317,774261,1,1,1,1,2019-05-15,2019-05-15
-1404308,770006,1,1,1,0,2019-03-28,2019-03-28
-1404308,774090,1,1,1,0,2019-05-23,2019-05-23
-1404306,772196,1,1,1,0,2019-06-11,2019-06-11
-1404299,773972,1,1,1,0,2019-06-07,2019-06-07
-1404293,773108,1,1,1,0,2019-06-21,2019-06-21
-1404288,773203,1,1,1,0,2018-05-07,2018-05-07
-1404284,773095,1,1,1,1,2019-05-21,2019-05-21
-1404281,772160,1,1,1,0,2019-07-12,2019-07-12
-1404276,772140,1,1,1,0,2019-05-07,2019-05-07
-1404275,772041,1,1,1,0,2017-08-12,2017-08-12
-1404273,770124,1,1,1,0,2018-06-10,2018-06-10
-1404269,771367,1,1,1,1,2019-04-17,2019-04-17
-1404263,774510,1,1,1,0,2019-06-20,2019-06-20
-1404262,771429,1,1,1,0,2018-06-29,2018-06-29
-1404261,774551,1,1,1,1,2019-03-14,2019-03-14
-1404241,770693,1,1,1,1,2016-06-14,2016-06-14
-1404232,771563,1,1,1,1,2017-10-29,2017-10-29
-1404228,770725,1,1,1,0,2018-10-28,2018-10-28
-1404228,772720,1,1,1,1,2018-07-18,2018-07-18
-1404226,770563,1,1,1,0,2019-05-17,2019-05-17
-1404224,770971,1,1,1,0,2019-01-31,2019-01-31
-1404218,770636,1,1,1,0,2019-07-24,2019-07-24
-1404217,774334,1,1,1,0,2018-07-28,2018-07-28
-1404211,770894,1,1,1,0,2019-03-19,2019-03-19
-1404207,770331,1,1,1,1,2018-10-03,2018-10-03
-1404198,772590,1,1,1,0,2018-09-28,2018-09-28
-1404195,774470,1,1,1,1,2019-05-14,2019-05-14
-1404194,773735,1,1,1,0,2019-07-02,2019-07-02
-1404187,770014,1,1,1,0,2019-06-17,2019-06-17
-1404185,771729,1,1,1,0,2018-04-27,2018-04-27
-1404184,773316,1,1,1,1,2018-07-16,2018-07-16
-1404183,774321,1,1,1,0,2019-05-29,2019-05-29
-1404181,771146,1,1,1,0,2018-07-14,2018-07-14
-1404177,773253,1,1,1,1,2018-10-05,2018-10-05
-1404173,771456,1,1,1,1,2019-02-21,2019-02-21
-1404172,771387,1,1,1,0,2019-05-16,2019-05-16
-1404168,771527,1,1,1,0,2019-05-29,2019-05-29
-1404168,773274,1,1,1,0,2017-04-14,2017-04-14
-1404167,770865,1,1,1,0,2019-04-15,2019-04-15
-1404157,770452,1,1,1,0,2019-04-21,2019-04-21
-1404156,769915,1,1,1,1,2017-04-15,2017-04-15
-1404131,774301,1,1,1,0,2017-04-15,2017-04-15
-1404130,773131,1,1,1,1,2017-10-23,2017-10-23
-1404123,772891,1,1,1,1,2019-01-27,2019-01-27
-1404122,772415,1,1,1,0,2018-05-23,2018-05-23
-1404118,771791,1,1,1,1,2018-07-13,2018-07-13
-1404116,770960,1,1,1,0,2019-04-24,2019-04-24
-1404116,773701,1,1,1,0,2017-08-11,2017-08-11
-1404111,772800,1,1,1,0,2019-04-28,2019-04-28
-1404107,771576,1,1,1,1,2019-02-03,2019-02-03
-1404107,771842,1,1,1,1,2019-06-04,2019-06-04
-1404102,773082,1,1,1,1,2018-09-16,2018-09-16
-1404102,773669,1,1,1,1,2018-05-06,2018-05-06
-1404094,770685,1,1,1,1,2016-04-13,2016-04-13
-1404094,771793,1,1,1,1,2017-08-18,2017-08-18
-1404089,772302,1,1,1,1,2018-07-13,2018-07-13
-1404085,773102,1,1,1,0,2018-06-13,2018-06-13
-1404082,773242,1,1,1,1,2017-04-18,2017-04-18
-1404071,771959,1,1,1,1,2019-05-31,2019-05-31
-1404064,770852,1,1,1,1,2016-08-04,2016-08-04
-1404059,770235,1,1,1,0,2019-06-17,2019-06-17
-1404059,770820,1,1,1,0,2016-03-15,2016-03-15
-1404059,771601,1,1,1,0,2017-04-18,2017-04-18
-1404056,774359,1,1,1,1,2017-08-28,2017-08-28
-1404054,773760,1,1,1,0,2018-07-14,2018-07-14
-1404053,770080,1,1,1,0,2016-09-04,2016-09-04
-1404053,773663,1,1,1,0,2016-02-28,2016-02-28
-1404049,770566,1,1,1,1,2018-09-16,2018-09-16
-1404047,774107,1,1,1,0,2018-08-13,2018-08-13
-1404033,770018,1,1,1,0,2018-06-13,2018-06-13
-1404029,772030,1,1,1,1,2017-04-15,2017-04-15
-1404022,772635,1,1,1,1,2019-05-15,2019-05-15
-1404021,772188,1,1,1,0,2018-06-13,2018-06-13
-1404011,770017,1,1,1,1,2019-05-19,2019-05-19
-1404008,774326,1,1,1,0,2018-05-12,2018-05-12
-1403993,774200,1,1,1,1,2017-10-17,2017-10-17
-1403988,771201,1,1,1,1,2018-07-03,2018-07-03
-1403981,771402,1,1,1,0,2018-06-13,2018-06-13
-1403979,769919,1,1,1,0,2019-05-04,2019-05-04
-1403962,772409,1,1,1,0,2019-01-03,2019-01-03
-1403962,772702,1,1,1,0,2019-04-28,2019-04-28
-1403954,772757,1,1,1,1,2018-10-20,2018-10-20
-1403940,773230,1,1,1,0,2019-04-06,2019-04-06
-1403933,772043,1,1,1,0,2017-09-11,2017-09-11
-1403931,770122,1,1,1,0,2018-09-30,2018-09-30
-1403928,771661,1,1,1,1,2017-05-21,2017-05-21
-1403924,774410,1,1,1,0,2018-09-13,2018-09-13
-1403923,771591,1,1,1,0,2019-05-23,2019-05-23
-1403921,773763,1,1,1,1,2018-09-02,2018-09-02
-1403918,772646,1,1,1,0,2018-05-23,2018-05-23
-1403915,772214,1,1,1,0,2018-07-14,2018-07-14
-1403911,772398,1,1,1,0,2019-05-29,2019-05-29
-1403909,774314,1,1,1,0,2018-10-03,2018-10-03
-1403907,773768,1,1,1,1,2019-05-16,2019-05-16
-1403901,770646,1,1,1,0,2019-06-08,2019-06-08
-1403896,770168,1,1,1,0,2018-06-13,2018-06-13
-1403895,770078,1,1,1,0,2019-04-10,2019-04-10
-1403894,770127,1,1,1,0,2019-04-22,2019-04-22
-1403894,770600,1,1,1,1,2016-04-13,2016-04-13
-1403894,773040,1,1,1,1,2018-10-22,2018-10-22
-1403890,772159,1,1,1,0,2018-09-16,2018-09-16
-1403880,773508,1,1,1,0,2018-06-13,2018-06-13
-1403874,770106,1,1,1,1,2018-04-28,2018-04-28
-1403872,774011,1,1,1,0,2019-06-15,2019-06-15
-1403869,772003,1,1,1,0,2018-11-02,2018-11-02
-1403869,774202,1,1,1,1,2019-05-03,2019-05-03
-1403862,770434,1,1,1,0,2017-08-17,2017-08-17
-1403858,770219,1,1,1,1,2018-05-06,2018-05-06
-1403852,772542,1,1,1,0,2017-01-22,2017-01-22
-1403852,772946,1,1,1,1,2018-07-16,2018-07-16
-1403851,771528,1,1,1,0,2019-06-06,2019-06-06
-1403847,771963,1,1,1,1,2018-07-29,2018-07-29
-1403847,772531,1,1,1,0,2019-05-21,2019-05-21
-1403839,771888,1,1,1,0,2017-11-25,2017-11-25
-1403830,772364,1,1,1,0,2019-05-29,2019-05-29
-1403829,772780,1,1,1,0,2016-05-18,2016-05-18
-1403819,770184,1,1,1,0,2019-05-01,2019-05-01
-1403819,770580,1,1,1,0,2019-06-17,2019-06-17
-1403819,774322,1,1,1,1,2017-06-09,2017-06-09
-1403815,773468,1,1,1,0,2016-03-29,2016-03-29
-1403807,771679,1,1,1,0,2019-07-15,2019-07-15
-1403806,771541,1,1,1,0,2018-06-07,2018-06-07
-1403803,770055,1,1,1,0,2019-05-26,2019-05-26
-1403793,773003,1,1,1,0,2019-05-24,2019-05-24
-1403791,771629,1,1,1,0,2018-04-28,2018-04-28
-1403781,769934,1,1,1,0,2019-04-30,2019-04-30
-1403775,770668,1,1,1,0,2019-07-17,2019-07-17
-1403770,770005,1,1,1,1,2019-03-19,2019-03-19
-1403747,773865,1,1,1,0,2019-06-06,2019-06-06
-1403735,771115,1,1,1,1,2019-02-01,2019-02-01
-1403733,771708,1,1,1,0,2017-04-14,2017-04-14
-1403731,771749,1,1,1,0,2019-04-18,2019-04-18
-1403728,772208,1,1,1,0,2017-08-11,2017-08-11
-1403728,773066,1,1,1,0,2019-04-28,2019-04-28
-1403720,771802,1,1,1,1,2018-11-01,2018-11-01
-1403719,771246,1,1,1,0,2018-10-06,2018-10-06
-1403719,773443,1,1,1,1,2019-04-27,2019-04-27
-1403717,773716,1,1,1,0,2018-08-16,2018-08-16
-1403717,774530,1,1,1,0,2019-04-23,2019-04-23
-1403703,772590,1,1,1,0,2019-02-26,2019-02-26
-1403699,770095,1,1,1,0,2019-04-13,2019-04-13
-1403698,770998,1,1,1,0,2018-06-29,2018-06-29
-1403692,772330,1,1,1,0,2017-04-18,2017-04-18
-1403691,773410,1,1,1,1,2018-11-16,2018-11-16
-1403679,773699,1,1,1,0,2018-06-04,2018-06-04
-1403674,770322,1,1,1,0,2019-05-26,2019-05-26
-1403674,770917,1,1,1,1,2017-09-21,2017-09-21
-1403669,772933,1,1,1,0,2019-05-07,2019-05-07
-1403660,773096,1,1,1,0,2019-06-05,2019-06-05
-1403659,773510,1,1,1,1,2017-04-15,2017-04-15
-1403655,774100,1,1,1,0,2017-09-15,2017-09-15
-1403649,773194,1,1,1,0,2018-04-11,2018-04-11
-1403645,773672,1,1,1,1,2018-07-16,2018-07-16
-1403641,772765,1,1,1,0,2018-05-10,2018-05-10
-1403635,773617,1,1,1,0,2019-04-27,2019-04-27
-1403632,771583,1,1,1,0,2019-04-21,2019-04-21
-1403628,772206,1,1,1,1,2018-08-15,2018-08-15
-1403622,773488,1,1,1,0,2018-06-25,2018-06-25
-1403619,772013,1,1,1,1,2019-06-12,2019-06-12
-1403618,771661,1,1,1,1,2018-04-28,2018-04-28
-1403615,772303,1,1,1,0,2019-04-28,2019-04-28
-1403615,773650,1,1,1,0,2019-04-26,2019-04-26
-1403612,774219,1,1,1,0,2017-05-26,2017-05-26
-1403610,770393,1,1,1,0,2018-07-14,2018-07-14
-1403610,770968,1,1,1,0,2019-04-29,2019-04-29
-1403610,772505,1,1,1,0,2018-02-21,2018-02-21
-1403610,774426,1,1,1,1,2016-08-04,2016-08-04
-1403609,772412,1,1,1,0,2018-06-01,2018-06-01
-1403599,771206,1,1,1,0,2019-02-26,2019-02-26
-1403596,770997,1,1,1,1,2018-11-25,2018-11-25
-1403585,773520,1,1,1,0,2018-07-09,2018-07-09
-1403581,771325,1,1,1,0,2017-05-26,2017-05-26
-1403581,771932,1,1,1,0,2017-04-14,2017-04-14
-1403581,774445,1,1,1,0,2019-07-06,2019-07-06
-1403580,769961,1,1,1,1,2018-12-12,2018-12-12
-1403539,771828,1,1,1,0,2019-05-09,2019-05-09
-1403538,770956,1,1,1,0,2018-08-14,2018-08-14
-1403537,772366,1,1,1,1,2016-08-04,2016-08-04
-1403522,771386,1,1,1,1,2016-05-20,2016-05-20
-1403515,772961,1,1,1,0,2019-06-06,2019-06-06
-1403511,773847,1,1,1,1,2018-10-21,2018-10-21
-1403508,774243,1,1,1,0,2018-09-06,2018-09-06
-1403504,772160,1,1,1,1,2019-04-10,2019-04-10
-1403503,770978,1,1,1,1,2019-04-28,2019-04-28
-1403500,774013,1,1,1,0,2018-07-08,2018-07-08
-1403499,770390,1,1,1,1,2019-04-14,2019-04-14
-1403496,771114,1,1,1,1,2019-05-22,2019-05-22
-1403494,770986,1,1,1,0,2018-04-28,2018-04-28
-1403494,774142,1,1,1,0,2019-04-28,2019-04-28
-1403492,770521,1,1,1,1,2019-05-18,2019-05-18
-1403492,772651,1,1,1,0,2017-08-14,2017-08-14
-1403488,771336,1,1,1,0,2019-06-09,2019-06-09
-1403487,773691,1,1,1,0,2019-07-08,2019-07-08
-1403482,772363,1,1,1,0,2018-08-12,2018-08-12
-1403477,773543,1,1,1,0,2019-04-26,2019-04-26
-1403476,773049,1,1,1,0,2018-04-28,2018-04-28
-1403468,771285,1,1,1,0,2018-10-19,2018-10-19
-1403464,770843,1,1,1,0,2019-06-04,2019-06-04
-1403464,774409,1,1,1,1,2017-04-15,2017-04-15
-1403452,771132,1,1,1,0,2019-06-06,2019-06-06
-1403448,770538,1,1,1,0,2019-06-06,2019-06-06
-1403434,771417,1,1,1,1,2018-08-04,2018-08-04
-1403433,770037,1,1,1,1,2019-03-04,2019-03-04
-1403433,772171,1,1,1,0,2018-07-10,2018-07-10
-1403433,773581,1,1,1,0,2017-08-28,2017-08-28
-1403431,770254,1,1,1,0,2018-10-30,2018-10-30
-1403431,771911,1,1,1,1,2018-07-22,2018-07-22
-1403428,772957,1,1,1,0,2018-08-13,2018-08-13
-1403413,771152,1,1,1,0,2017-04-15,2017-04-15
-1403410,774175,1,1,1,1,2017-09-21,2017-09-21
-1403402,770384,1,1,1,0,2019-06-17,2019-06-17
-1403394,773779,1,1,1,1,2019-05-10,2019-05-10
-1403390,773498,1,1,1,1,2019-01-15,2019-01-15
-1403383,770890,1,1,1,0,2019-07-20,2019-07-20
-1403382,771012,1,1,1,0,2019-05-28,2019-05-28
-1403382,771539,1,1,1,0,2019-05-04,2019-05-04
-1403377,771647,1,1,1,0,2019-06-10,2019-06-10
-1403374,772262,1,1,1,0,2019-06-05,2019-06-05
-1403371,772189,1,1,1,0,2019-05-20,2019-05-20
-1403355,773763,1,1,1,1,2018-09-29,2018-09-29
-1403353,772753,1,1,1,1,2019-04-28,2019-04-28
-1403350,770551,1,1,1,1,2018-05-23,2018-05-23
-1403350,773056,1,1,1,0,2018-04-28,2018-04-28
-1403346,769862,1,1,1,1,2018-07-13,2018-07-13
-1403344,772552,1,1,1,0,2019-05-07,2019-05-07
-1403332,771098,1,1,1,0,2017-10-06,2017-10-06
-1403321,772196,1,1,1,1,2019-03-19,2019-03-19
-1403319,771404,1,1,1,0,2019-06-08,2019-06-08
-1403312,770386,1,1,1,1,2017-04-15,2017-04-15
-1403301,770550,1,1,1,0,2017-04-15,2017-04-15
-1403298,771931,1,1,1,1,2019-03-27,2019-03-27
-1403297,772767,1,1,1,1,2019-05-03,2019-05-03
-1403296,773543,1,1,1,1,2018-07-13,2018-07-13
-1403294,774481,1,1,1,0,2019-05-03,2019-05-03
-1403286,774112,1,1,1,1,2019-02-26,2019-02-26
-1403283,774356,1,1,1,1,2018-09-02,2018-09-02
-1403271,774347,1,1,1,1,2019-03-29,2019-03-29
-1403263,772294,1,1,1,0,2018-05-05,2018-05-05
-1403257,769887,1,1,1,1,2018-05-23,2018-05-23
-1403256,773030,1,1,1,0,2018-10-01,2018-10-01
-1403244,774006,1,1,1,0,2017-08-13,2017-08-13
-1403242,772361,1,1,1,0,2017-08-16,2017-08-16
-1403242,773943,1,1,1,1,2016-07-29,2016-07-29
-1403239,770668,1,1,1,0,2019-07-09,2019-07-09
-1403238,771634,1,1,1,1,2017-04-14,2017-04-14
-1403237,771711,1,1,1,0,2019-05-28,2019-05-28
-1403230,772011,1,1,1,0,2017-06-30,2017-06-30
-1403227,771904,1,1,1,1,2017-05-25,2017-05-25
-1403225,770598,1,1,1,0,2017-09-04,2017-09-04
-1403224,770702,1,1,1,0,2019-07-14,2019-07-14
-1403218,771427,1,1,1,1,2019-04-27,2019-04-27
-1403217,772384,1,1,1,0,2017-04-15,2017-04-15
-1403215,773129,1,1,1,1,2019-05-21,2019-05-21
-1403209,770485,1,1,1,0,2018-10-10,2018-10-10
-1403209,771737,1,1,1,1,2017-09-25,2017-09-25
-1403202,771534,1,1,1,0,2018-06-24,2018-06-24
-1403201,770882,1,1,1,1,2019-06-06,2019-06-06
-1403199,773780,1,1,1,0,2019-06-20,2019-06-20
-1403195,771680,1,1,1,1,2017-06-12,2017-06-12
-1403190,772413,1,1,1,0,2017-05-26,2017-05-26
-1403184,770715,1,1,1,0,2018-08-14,2018-08-14
-1403173,773137,1,1,1,1,2017-04-15,2017-04-15
-1403165,770750,1,1,1,0,2019-04-26,2019-04-26
-1403165,770860,1,1,1,0,2019-06-09,2019-06-09
-1403161,774448,1,1,1,0,2017-08-26,2017-08-26
-1403157,770390,1,1,1,1,2019-02-09,2019-02-09
-1403156,772668,1,1,1,0,2018-07-17,2018-07-17
-1403150,773019,1,1,1,1,2018-07-13,2018-07-13
-1403145,772401,1,1,1,0,2019-06-26,2019-06-26
-1403138,770223,1,1,1,0,2019-06-09,2019-06-09
-1403135,771270,1,1,1,1,2018-06-30,2018-06-30
-1403133,770889,1,1,1,1,2018-07-18,2018-07-18
-1403133,772928,1,1,1,0,2017-08-11,2017-08-11
-1403131,773225,1,1,1,1,2018-07-19,2018-07-19
-1403130,771088,1,1,1,0,2019-07-24,2019-07-24
-1403130,771240,1,1,1,1,2019-04-28,2019-04-28
-1403129,774230,1,1,1,1,2019-01-07,2019-01-07
-1403126,771351,1,1,1,0,2019-04-26,2019-04-26
-1403125,773708,1,1,1,1,2019-02-23,2019-02-23
-1403123,774373,1,1,1,0,2019-06-25,2019-06-25
-1403108,772433,1,1,1,1,2019-05-15,2019-05-15
-1403105,771974,1,1,1,1,2017-04-16,2017-04-16
-1403104,770160,1,1,1,1,2019-04-03,2019-04-03
-1403101,771798,1,1,1,0,2017-07-01,2017-07-01
-1403092,774218,1,1,1,0,2019-05-15,2019-05-15
-1403089,770529,1,1,1,1,2017-09-27,2017-09-27
-1403089,773476,1,1,1,0,2017-09-04,2017-09-04
-1403086,773315,1,1,1,0,2019-03-05,2019-03-05
-1403084,774466,1,1,1,0,2018-11-27,2018-11-27
-1403083,770081,1,1,1,0,2018-04-08,2018-04-08
-1403082,771025,1,1,1,0,2019-05-19,2019-05-19
-1403079,772751,1,1,1,1,2017-08-30,2017-08-30
-1403073,770893,1,1,1,0,2018-05-07,2018-05-07
-1403073,773428,1,1,1,1,2018-11-25,2018-11-25
-1403072,771862,1,1,1,0,2018-06-04,2018-06-04
-1403066,774543,1,1,1,1,2019-06-06,2019-06-06
-1403061,770131,1,1,1,0,2018-09-08,2018-09-08
-1403060,770819,1,1,1,0,2018-10-04,2018-10-04
-1403060,773583,1,1,1,0,2018-10-12,2018-10-12
-1403059,770531,1,1,1,0,2019-04-24,2019-04-24
-1403054,772734,1,1,1,1,2019-05-25,2019-05-25
-1403053,773867,1,1,1,0,2018-06-07,2018-06-07
-1403050,770958,1,1,1,0,2019-05-25,2019-05-25
-1403048,773608,1,1,1,0,2018-04-30,2018-04-30
-1403041,773236,1,1,1,1,2019-06-21,2019-06-21
-1403040,772499,1,1,1,0,2019-05-15,2019-05-15
-1403039,771932,1,1,1,0,2018-09-29,2018-09-29
-1403038,774408,1,1,1,0,2019-07-08,2019-07-08
-1403036,770306,1,1,1,0,2017-09-13,2017-09-13
-1403034,772245,1,1,1,0,2018-05-23,2018-05-23
-1403027,770062,1,1,1,1,2019-05-21,2019-05-21
-1403022,771795,1,1,1,0,2017-04-18,2017-04-18
-1403016,773307,1,1,1,1,2019-04-21,2019-04-21
-1403014,772582,1,1,1,0,2018-09-29,2018-09-29
-1403002,773972,1,1,1,0,2018-07-28,2018-07-28
-1403000,771150,1,1,1,0,2019-06-24,2019-06-24
-1402994,771979,1,1,1,0,2019-05-04,2019-05-04
-1402966,772041,1,1,1,1,2016-04-13,2016-04-13
-1402965,774389,1,1,1,1,2018-09-08,2018-09-08
-1402964,769973,1,1,1,1,2018-06-02,2018-06-02
-1402964,772484,1,1,1,1,2018-07-03,2018-07-03
-1402958,770132,1,1,1,1,2017-10-22,2017-10-22
-1402953,773734,1,1,1,0,2018-07-07,2018-07-07
-1402945,772453,1,1,1,0,2019-04-03,2019-04-03
-1402939,772475,1,1,1,1,2019-03-20,2019-03-20
-1402936,773420,1,1,1,0,2019-02-03,2019-02-03
-1402929,773170,1,1,1,0,2019-05-31,2019-05-31
-1402925,771744,1,1,1,1,2016-06-24,2016-06-24
-1402923,771235,1,1,1,0,2018-06-26,2018-06-26
-1402916,771836,1,1,1,0,2017-04-18,2017-04-18
-1402911,771642,1,1,1,1,2019-02-03,2019-02-03
-1402910,774274,1,1,1,1,2019-04-03,2019-04-03
-1402905,770979,1,1,1,1,2017-04-16,2017-04-16
-1402905,771244,1,1,1,0,2018-06-13,2018-06-13
-1402905,773633,1,1,1,0,2018-09-05,2018-09-05
-1402892,771189,1,1,1,0,2019-04-27,2019-04-27
-1402890,774324,1,1,1,1,2019-04-03,2019-04-03
-1402865,773978,1,1,1,1,2019-06-29,2019-06-29
-1402857,770817,1,1,1,0,2019-04-28,2019-04-28
-1402854,773741,1,1,1,0,2017-05-16,2017-05-16
-1402850,774147,1,1,1,0,2018-06-11,2018-06-11
-1402848,771001,1,1,1,0,2018-07-28,2018-07-28
-1402848,774394,1,1,1,0,2017-10-14,2017-10-14
-1402842,772100,1,1,1,1,2017-04-15,2017-04-15
-1402838,771975,1,1,1,0,2018-07-28,2018-07-28
-1402835,771815,1,1,1,0,2019-05-04,2019-05-04
-1402835,774119,1,1,1,0,2019-07-08,2019-07-08
-1402832,771392,1,1,1,0,2019-05-29,2019-05-29
-1402828,770783,1,1,1,0,2019-06-04,2019-06-04
-1402805,770296,1,1,1,0,2019-04-27,2019-04-27
-1402803,770431,1,1,1,0,2019-05-09,2019-05-09
-1402802,769907,1,1,1,0,2018-08-15,2018-08-15
-1402796,773836,1,1,1,1,2019-02-03,2019-02-03
-1402776,773319,1,1,1,0,2019-07-08,2019-07-08
-1402771,769942,1,1,1,0,2017-10-22,2017-10-22
-1402770,770896,1,1,1,1,2017-10-22,2017-10-22
-1402767,772674,1,1,1,1,2019-05-01,2019-05-01
-1402757,770545,1,1,1,1,2019-05-15,2019-05-15
-1402757,774025,1,1,1,0,2019-04-24,2019-04-24
-1402744,774529,1,1,1,1,2019-04-27,2019-04-27
-1402743,770847,1,1,1,0,2018-07-25,2018-07-25
-1402741,770389,1,1,1,0,2019-06-05,2019-06-05
-1402740,773634,1,1,1,1,2019-07-16,2019-07-16
-1402739,771931,1,1,1,0,2019-04-08,2019-04-08
-1402738,773850,1,1,1,0,2018-07-08,2018-07-08
-1402736,772549,1,1,1,0,2018-10-01,2018-10-01
-1402736,772982,1,1,1,1,2019-05-24,2019-05-24
-1402723,770459,1,1,1,0,2018-05-23,2018-05-23
-1402723,771039,1,1,1,0,2017-08-27,2017-08-27
-1402723,771370,1,1,1,0,2018-07-07,2018-07-07
-1402722,771282,1,1,1,1,2017-10-15,2017-10-15
-1402722,772001,1,1,1,0,2019-04-21,2019-04-21
-1402720,773299,1,1,1,1,2019-04-14,2019-04-14
-1402718,770737,1,1,1,0,2018-06-01,2018-06-01
-1402717,774273,1,1,1,1,2017-08-29,2017-08-29
-1402715,773289,1,1,1,1,2018-11-23,2018-11-23
-1402711,772522,1,1,1,0,2018-07-28,2018-07-28
-1402707,770846,1,1,1,1,2017-04-15,2017-04-15
-1402706,774291,1,1,1,0,2019-04-30,2019-04-30
-1402687,770559,1,1,1,0,2018-07-28,2018-07-28
-1402687,772502,1,1,1,0,2017-09-04,2017-09-04
-1402686,772725,1,1,1,1,2017-08-22,2017-08-22
-1402681,770924,1,1,1,0,2019-05-24,2019-05-24
-1402680,773319,1,1,1,0,2017-04-17,2017-04-17
-1402678,771983,1,1,1,0,2019-01-09,2019-01-09
-1402664,772293,1,1,1,1,2018-06-01,2018-06-01
-1402655,772364,1,1,1,0,2017-05-07,2017-05-07
-1402650,772745,1,1,1,0,2019-07-02,2019-07-02
-1402642,771076,1,1,1,1,2019-02-03,2019-02-03
-1402640,770445,1,1,1,0,2019-04-27,2019-04-27
-1402637,772261,1,1,1,0,2019-04-20,2019-04-20
-1402636,770714,1,1,1,0,2019-05-03,2019-05-03
-1402630,769911,1,1,1,0,2018-06-13,2018-06-13
-1402630,770284,1,1,1,0,2018-09-06,2018-09-06
-1402629,772384,1,1,1,1,2019-05-14,2019-05-14
-1402629,773361,1,1,1,0,2018-07-09,2018-07-09
-1402620,771133,1,1,1,0,2019-05-04,2019-05-04
-1402610,772736,1,1,1,0,2018-05-19,2018-05-19
-1402607,770467,1,1,1,0,2018-07-28,2018-07-28
-1402606,771536,1,1,1,1,2018-07-03,2018-07-03
-1402603,769927,1,1,1,0,2018-04-12,2018-04-12
-1402603,770324,1,1,1,0,2018-07-16,2018-07-16
-1402599,772849,1,1,1,0,2018-04-28,2018-04-28
-1402598,770680,1,1,1,1,2017-11-02,2017-11-02
-1402587,770408,1,1,1,0,2019-04-26,2019-04-26
-1402585,772760,1,1,1,1,2019-04-24,2019-04-24
-1402582,771762,1,1,1,0,2019-04-21,2019-04-21
-1402582,773051,1,1,1,1,2018-04-14,2018-04-14
-1402580,770347,1,1,1,0,2019-04-29,2019-04-29
-1402568,770424,1,1,1,1,2017-09-28,2017-09-28
-1402565,773816,1,1,1,0,2019-06-05,2019-06-05
-1402564,773109,1,1,1,0,2016-03-15,2016-03-15
-1402560,772678,1,1,1,1,2018-10-04,2018-10-04
-1402550,769875,1,1,1,0,2018-06-30,2018-06-30
-1402530,770765,1,1,1,1,2017-10-15,2017-10-15
-1402524,771118,1,1,1,0,2019-07-21,2019-07-21
-1402518,771910,1,1,1,1,2018-09-08,2018-09-08
-1402513,774165,1,1,1,0,2018-04-28,2018-04-28
-1402507,771352,1,1,1,0,2017-04-15,2017-04-15
-1402498,772195,1,1,1,0,2018-04-30,2018-04-30
-1402494,770370,1,1,1,1,2018-10-23,2018-10-23
-1402484,772633,1,1,1,0,2017-08-04,2017-08-04
-1402480,773212,1,1,1,1,2019-04-03,2019-04-03
-1402472,774315,1,1,1,1,2018-09-08,2018-09-08
-1402469,772981,1,1,1,0,2019-06-06,2019-06-06
-1402468,772230,1,1,1,0,2019-03-04,2019-03-04
-1402465,771749,1,1,1,1,2019-04-14,2019-04-14
-1402464,774497,1,1,1,0,2017-04-14,2017-04-14
-1402460,772065,1,1,1,1,2018-11-04,2018-11-04
-1402460,774530,1,1,1,1,2017-10-27,2017-10-27
-1402459,771625,1,1,1,0,2019-07-08,2019-07-08
-1402459,774468,1,1,1,0,2017-09-11,2017-09-11
-1402454,770888,1,1,1,0,2019-04-28,2019-04-28
-1402454,772045,1,1,1,0,2017-04-16,2017-04-16
